time_ms,latent,correlation_with_log_rt,model_version
-1000.0,z1,0.0251430106205536,no_prior
-996.0911865234376,z1,0.0369137522705056,no_prior
-992.1824340820312,z1,0.0373435287322325,no_prior
-988.2736206054688,z1,0.0352502703472467,no_prior
-984.3648071289062,z1,0.0335599102581257,no_prior
-980.4560546875,z1,0.0322446963458324,no_prior
-976.5472412109376,z1,0.03099384856038,no_prior
-972.638427734375,z1,0.0293783801759219,no_prior
-968.7296142578124,z1,0.0272962491505151,no_prior
-964.8208618164062,z1,0.0254028087399308,no_prior
-960.9120483398438,z1,0.0239352652852691,no_prior
-957.0032348632812,z1,0.022836128148457,no_prior
-953.094482421875,z1,0.0213903363026227,no_prior
-949.1856689453124,z1,0.0191125235339018,no_prior
-945.27685546875,z1,0.0166005674786425,no_prior
-941.3681030273438,z1,0.0144551690692812,no_prior
-937.4592895507812,z1,0.0130721732558312,no_prior
-933.5504760742188,z1,0.0121400211773952,no_prior
-929.6417236328124,z1,0.0109179850687118,no_prior
-925.73291015625,z1,0.0090641757510509,no_prior
-921.8240966796876,z1,0.0067695913958931,no_prior
-917.915283203125,z1,0.0045618432038993,no_prior
-914.0065307617188,z1,0.002150187715782,no_prior
-910.0977172851562,z1,-0.0010634205064271,no_prior
-906.1889038085938,z1,-0.0049486588157821,no_prior
-902.2801513671876,z1,-0.0094642534276448,no_prior
-898.371337890625,z1,-0.0136035176905543,no_prior
-894.4625244140625,z1,-0.0166342385380331,no_prior
-890.5537719726562,z1,-0.0193672272370849,no_prior
-886.6449584960938,z1,-0.0226678274997506,no_prior
-882.7361450195312,z1,-0.0266279250749261,no_prior
-878.8273315429688,z1,-0.0312260446457285,no_prior
-874.9185791015625,z1,-0.0361061533956528,no_prior
-871.009765625,z1,-0.0404295032754831,no_prior
-867.1009521484375,z1,-0.0437121652665998,no_prior
-863.1921997070312,z1,-0.0456421232140029,no_prior
-859.2833862304688,z1,-0.0463548944667606,no_prior
-855.3745727539062,z1,-0.0461221941610731,no_prior
-851.4658203125,z1,-0.0451478725428926,no_prior
-847.5570068359375,z1,-0.0438981478127447,no_prior
-843.648193359375,z1,-0.0434588173554184,no_prior
-839.7394409179688,z1,-0.0437509087347744,no_prior
-835.8306274414062,z1,-0.0443200058849014,no_prior
-831.9218139648438,z1,-0.0452973205499688,no_prior
-828.0130004882812,z1,-0.0469492695140338,no_prior
-824.104248046875,z1,-0.0493681160893468,no_prior
-820.1954345703125,z1,-0.0522508031613939,no_prior
-816.28662109375,z1,-0.054701600626856,no_prior
-812.3778686523438,z1,-0.0566308765157151,no_prior
-808.4690551757812,z1,-0.0589269166977984,no_prior
-804.5602416992188,z1,-0.061528903011772,no_prior
-800.6514892578125,z1,-0.0646368448935106,no_prior
-796.74267578125,z1,-0.0677709118258937,no_prior
-792.8338623046875,z1,-0.0705673218328356,no_prior
-788.9251098632812,z1,-0.0732305784101906,no_prior
-785.0162963867188,z1,-0.076254347491604,no_prior
-781.1074829101562,z1,-0.0798759217090465,no_prior
-777.1986694335938,z1,-0.0844149868879268,no_prior
-773.2899169921875,z1,-0.0893363303276152,no_prior
-769.381103515625,z1,-0.0938414955746981,no_prior
-765.4722900390625,z1,-0.0976820515736603,no_prior
-761.5635375976562,z1,-0.1001440552426928,no_prior
-757.6547241210938,z1,-0.1007495996547998,no_prior
-753.7459106445312,z1,-0.0997872454785377,no_prior
-749.837158203125,z1,-0.0978707503328323,no_prior
-745.9283447265625,z1,-0.096703699844238,no_prior
-742.01953125,z1,-0.0976537068696074,no_prior
-738.1107788085938,z1,-0.1004095230623399,no_prior
-734.2019653320312,z1,-0.103712164104932,no_prior
-730.2931518554688,z1,-0.105987262075489,no_prior
-726.3843383789062,z1,-0.1064932900417496,no_prior
-722.4755859375,z1,-0.1054301332175601,no_prior
-718.5667724609375,z1,-0.1037985176595442,no_prior
-714.657958984375,z1,-0.1030179428958089,no_prior
-710.7492065429688,z1,-0.1038833757978909,no_prior
-706.8403930664062,z1,-0.1055643040163701,no_prior
-702.9315795898438,z1,-0.106295613736687,no_prior
-699.0228271484375,z1,-0.1046018249750216,no_prior
-695.114013671875,z1,-0.1009535241066406,no_prior
-691.2052001953125,z1,-0.0969042892492821,no_prior
-687.29638671875,z1,-0.0936575328416955,no_prior
-683.3876342773438,z1,-0.0919781766206296,no_prior
-679.4788208007812,z1,-0.0916194882145465,no_prior
-675.5700073242188,z1,-0.0924321484353905,no_prior
-671.6612548828125,z1,-0.0944567239732205,no_prior
-667.75244140625,z1,-0.0966152119300872,no_prior
-663.8436279296875,z1,-0.0977803771109614,no_prior
-659.9348754882812,z1,-0.0979254472690636,no_prior
-656.0260620117188,z1,-0.0972269494473653,no_prior
-652.1172485351562,z1,-0.0953746800229631,no_prior
-648.20849609375,z1,-0.0931321461096036,no_prior
-644.2996826171875,z1,-0.0919337248933759,no_prior
-640.390869140625,z1,-0.0925842806886292,no_prior
-636.4820556640625,z1,-0.0944377105041227,no_prior
-632.5733032226562,z1,-0.0963596975409791,no_prior
-628.6644897460938,z1,-0.0976471918203637,no_prior
-624.7556762695312,z1,-0.0975853533049415,no_prior
-620.846923828125,z1,-0.095617567773369,no_prior
-616.9381103515625,z1,-0.0926412920263898,no_prior
-613.029296875,z1,-0.0905164837864041,no_prior
-609.1205444335938,z1,-0.08990462204868,no_prior
-605.2117309570312,z1,-0.0898498531022868,no_prior
-601.3029174804688,z1,-0.0890723911310611,no_prior
-597.3941650390625,z1,-0.087019373150917,no_prior
-593.4853515625,z1,-0.0832479177333281,no_prior
-589.5765380859375,z1,-0.0780850889561706,no_prior
-585.667724609375,z1,-0.072131674289324,no_prior
-581.7589721679688,z1,-0.0665825769665477,no_prior
-577.8501586914062,z1,-0.0630406678319995,no_prior
-573.9413452148438,z1,-0.0616490087177815,no_prior
-570.0325927734375,z1,-0.0610926930304557,no_prior
-566.123779296875,z1,-0.060887763871977,no_prior
-562.2149658203125,z1,-0.0605401937413058,no_prior
-558.3062133789062,z1,-0.0593897144724883,no_prior
-554.3973999023438,z1,-0.0575755456703732,no_prior
-550.4885864257812,z1,-0.0555149632406124,no_prior
-546.579833984375,z1,-0.0531310393724177,no_prior
-542.6710205078125,z1,-0.050788941988322,no_prior
-538.76220703125,z1,-0.0484445136789597,no_prior
-534.8533935546875,z1,-0.0451054372360946,no_prior
-530.9446411132812,z1,-0.040387118320288,no_prior
-527.0358276367188,z1,-0.0349459620561874,no_prior
-523.1270141601562,z1,-0.0296225438052795,no_prior
-519.21826171875,z1,-0.025326125317765,no_prior
-515.3094482421875,z1,-0.0221368508740444,no_prior
-511.4006652832031,z1,-0.0194306583480112,no_prior
-507.4918518066406,z1,-0.0163668053174809,no_prior
-503.58306884765625,z1,-0.0125770703201411,no_prior
-499.67425537109375,z1,-0.0088437729773692,no_prior
-495.7654724121094,z1,-0.0058740322596089,no_prior
-491.856689453125,z1,-0.0034869795460492,no_prior
-487.9478759765625,z1,-0.0013182950384935,no_prior
-484.0390930175781,z1,0.0010189659219409,no_prior
-480.1302795410156,z1,0.0035779262611879,no_prior
-476.2214965820313,z1,0.0058839259233554,no_prior
-472.3127136230469,z1,0.0077012576411374,no_prior
-468.4039001464844,z1,0.0092586417319299,no_prior
-464.4951171875,z1,0.0110629144828589,no_prior
-460.5863342285156,z1,0.0133981493409315,no_prior
-456.6775207519531,z1,0.0161183523424921,no_prior
-452.7687377929687,z1,0.0184876632894646,no_prior
-448.85992431640625,z1,0.0203310275439101,no_prior
-444.9511413574219,z1,0.0222647992383326,no_prior
-441.0423583984375,z1,0.0249854823675286,no_prior
-437.133544921875,z1,0.0285298964172451,no_prior
-433.2247619628906,z1,0.0330361759988188,no_prior
-429.3159484863281,z1,0.0387485334978179,no_prior
-425.40716552734375,z1,0.0455333203552861,no_prior
-421.4983825683594,z1,0.0522463028936897,no_prior
-417.5895690917969,z1,0.0578485784967208,no_prior
-413.6807861328125,z1,0.0621698688694684,no_prior
-409.77197265625,z1,0.0654815190541959,no_prior
-405.8631896972656,z1,0.0675848343141699,no_prior
-401.9544067382813,z1,0.0681016985109827,no_prior
-398.0455932617187,z1,0.0670467941249835,no_prior
-394.1368103027344,z1,0.0654908443957511,no_prior
-390.22802734375,z1,0.0643174389321101,no_prior
-386.3192138671875,z1,0.063763903210436,no_prior
-382.4104309082031,z1,0.0642382557933608,no_prior
-378.5016174316406,z1,0.0659301105350634,no_prior
-374.59283447265625,z1,0.0685757777467779,no_prior
-370.6840515136719,z1,0.0715644341610779,no_prior
-366.7752380371094,z1,0.0744758665425832,no_prior
-362.866455078125,z1,0.0770528955435382,no_prior
-358.9576416015625,z1,0.0796742881544038,no_prior
-355.0488586425781,z1,0.0824268520222343,no_prior
-351.14007568359375,z1,0.0851371723286368,no_prior
-347.23126220703125,z1,0.087586548852043,no_prior
-343.3224792480469,z1,0.0898243964526609,no_prior
-339.4136657714844,z1,0.0919541625927498,no_prior
-335.5048828125,z1,0.0940759525865544,no_prior
-331.5960998535156,z1,0.0959022928178682,no_prior
-327.6872863769531,z1,0.0972427264960951,no_prior
-323.77850341796875,z1,0.0982542000196044,no_prior
-319.8697204589844,z1,0.09897862674247,no_prior
-315.9609069824219,z1,0.0994741663049318,no_prior
-312.0521240234375,z1,0.0998094931934787,no_prior
-308.143310546875,z1,0.0997160086410888,no_prior
-304.2345275878906,z1,0.0993670275990232,no_prior
-300.32574462890625,z1,0.0994935051281719,no_prior
-296.41693115234375,z1,0.1006361180885127,no_prior
-292.5081481933594,z1,0.1026475286251925,no_prior
-288.5993347167969,z1,0.1049282403044002,no_prior
-284.6905517578125,z1,0.1067989323129746,no_prior
-280.7817687988281,z1,0.1080096346094422,no_prior
-276.8729553222656,z1,0.1086726993333245,no_prior
-272.96417236328125,z1,0.109327513415188,no_prior
-269.0553894042969,z1,0.110316295706826,no_prior
-265.1465759277344,z1,0.1115733390241822,no_prior
-261.23779296875,z1,0.1130673107155741,no_prior
-257.3289794921875,z1,0.1144730265142497,no_prior
-253.42019653320312,z1,0.1154243320420415,no_prior
-249.5113983154297,z1,0.1159703845646182,no_prior
-245.60260009765625,z1,0.1162001062789005,no_prior
-241.69381713867188,z1,0.1161913667489797,no_prior
-237.78501892089844,z1,0.1158100948748228,no_prior
-233.876220703125,z1,0.1150709416325392,no_prior
-229.96742248535156,z1,0.1139382953154385,no_prior
-226.0586395263672,z1,0.1126483057696188,no_prior
-222.14984130859375,z1,0.111474530678812,no_prior
-218.2410430908203,z1,0.1106246139731483,no_prior
-214.33224487304688,z1,0.1100633883541899,no_prior
-210.42344665527344,z1,0.1092721293902923,no_prior
-206.51466369628903,z1,0.1077654117402709,no_prior
-202.6058654785156,z1,0.1055895292267589,no_prior
-198.6970672607422,z1,0.1031606367837018,no_prior
-194.78826904296875,z1,0.1008128582057304,no_prior
-190.8794860839844,z1,0.0986523086363931,no_prior
-186.97068786621097,z1,0.0968515262274278,no_prior
-183.0618896484375,z1,0.0955012269013724,no_prior
-179.15309143066406,z1,0.0944667570498659,no_prior
-175.24429321289062,z1,0.0936876493458592,no_prior
-171.33551025390625,z1,0.0931899073079179,no_prior
-167.4267120361328,z1,0.0934128680237554,no_prior
-163.51791381835938,z1,0.094737032678951,no_prior
-159.60911560058594,z1,0.0970673655704522,no_prior
-155.70033264160156,z1,0.1000136592914593,no_prior
-151.79153442382812,z1,0.1033093025904395,no_prior
-147.8827362060547,z1,0.106709613121274,no_prior
-143.97393798828125,z1,0.109706609958905,no_prior
-140.0651397705078,z1,0.1119981747850284,no_prior
-136.15635681152344,z1,0.1135572850094025,no_prior
-132.24755859375,z1,0.1141152460330602,no_prior
-128.33876037597656,z1,0.1133299406823784,no_prior
-124.42996978759766,z1,0.111044462161974,no_prior
-120.52117156982422,z1,0.1072406872247716,no_prior
-116.61238098144533,z1,0.1027511117404657,no_prior
-112.70358276367188,z1,0.0992348744568761,no_prior
-108.79478454589844,z1,0.0977993289955792,no_prior
-104.88599395751952,z1,0.0984787510833218,no_prior
-100.9771957397461,z1,0.100597312906222,no_prior
-97.0684051513672,z1,0.1029612192464706,no_prior
-93.15960693359376,z1,0.1046163493527847,no_prior
-89.25081634521484,z1,0.1050796632482972,no_prior
-85.3420181274414,z1,0.1042922958609021,no_prior
-81.4332275390625,z1,0.10259674313589,no_prior
-77.52442932128906,z1,0.1002288180881801,no_prior
-73.61563873291016,z1,0.0974880631799307,no_prior
-69.70684051513672,z1,0.0953149929156578,no_prior
-65.79804229736328,z1,0.0944900880511874,no_prior
-61.889251708984375,z1,0.0952091401769925,no_prior
-57.9804573059082,z1,0.0967296671338395,no_prior
-54.07166290283203,z1,0.0980138528043501,no_prior
-50.162864685058594,z1,0.0986331675657012,no_prior
-46.25407028198242,z1,0.0988996254331204,no_prior
-42.34527587890625,z1,0.0987594051679209,no_prior
-38.43648147583008,z1,0.0978615633068056,no_prior
-34.527687072753906,z1,0.0962681960065182,no_prior
-30.618892669677734,z1,0.0938544222523486,no_prior
-26.71009826660156,z1,0.0909081638741124,no_prior
-22.80130386352539,z1,0.0883684610823645,no_prior
-18.892507553100582,z1,0.0870984386285412,no_prior
-14.983713150024414,z1,0.0874402684905743,no_prior
-11.074918746948242,z1,0.0895080889906242,no_prior
-7.166123867034912,z1,0.0926724129022821,no_prior
-3.257328987121582,z1,0.0956480942954187,no_prior
0.6514657735824585,z1,0.0974834751380007,no_prior
4.560260772705078,z1,0.0978182504159759,no_prior
8.46905517578125,z1,0.0970809340106795,no_prior
12.377850532531738,z1,0.0964021153697131,no_prior
16.286645889282227,z1,0.0966435050131078,no_prior
20.1954402923584,z1,0.0982481037520043,no_prior
24.10423469543457,z1,0.1009620539793739,no_prior
28.013029098510746,z1,0.1042277706469683,no_prior
31.92182350158691,z1,0.107131126670772,no_prior
35.83061981201172,z1,0.10847656240543,no_prior
39.73941421508789,z1,0.1075178395237938,no_prior
43.64820861816406,z1,0.1043094799510187,no_prior
47.557003021240234,z1,0.0996787905239791,no_prior
51.465797424316406,z1,0.0948210887336819,no_prior
55.37459182739258,z1,0.0911172224933562,no_prior
59.28338623046875,z1,0.0895285757104035,no_prior
63.19218063354492,z1,0.0900050042140457,no_prior
67.1009750366211,z1,0.0915531514264553,no_prior
71.00977325439453,z1,0.0924937418477137,no_prior
74.91856384277344,z1,0.0916060825953245,no_prior
78.82736206054688,z1,0.0889972224703492,no_prior
82.73615264892578,z1,0.0857744622318125,no_prior
86.64495086669922,z1,0.0830485954451085,no_prior
90.55374908447266,z1,0.0812094044802829,no_prior
94.46253967285156,z1,0.0801330823557279,no_prior
98.371337890625,z1,0.0791113846997429,no_prior
102.2801284790039,z1,0.0771403794565984,no_prior
106.18892669677734,z1,0.0738580260217012,no_prior
110.09771728515624,z1,0.0694789081078221,no_prior
114.00651550292967,z1,0.0651007149142845,no_prior
117.9153060913086,z1,0.0621794992556138,no_prior
121.82410430908205,z1,0.0612770342986329,no_prior
125.73290252685548,z1,0.0615927969127295,no_prior
129.64169311523438,z1,0.0619924707321958,no_prior
133.5504913330078,z1,0.0619433779715628,no_prior
137.45928955078125,z1,0.0614711225396565,no_prior
141.36807250976562,z1,0.0606502018679817,no_prior
145.27687072753906,z1,0.0594385677951396,no_prior
149.1856689453125,z1,0.0580467271696555,no_prior
153.09446716308594,z1,0.056943322588215,no_prior
157.0032501220703,z1,0.0561805988219097,no_prior
160.91204833984375,z1,0.055351064113465,no_prior
164.8208465576172,z1,0.0540640148258599,no_prior
168.72964477539062,z1,0.0523403050890644,no_prior
172.63844299316406,z1,0.0504054477129944,no_prior
176.54722595214844,z1,0.0486742738283953,no_prior
180.45602416992188,z1,0.0476553446701867,no_prior
184.3648223876953,z1,0.0474861168957485,no_prior
188.27362060546875,z1,0.0479256719482247,no_prior
192.18240356445312,z1,0.0484771372666391,no_prior
196.09120178222656,z1,0.0487055523042052,no_prior
200.0,z1,0.0480539918947441,no_prior
-1000.0,z2,-0.0111776816920269,no_prior
-996.0911865234376,z2,-0.012684008541697,no_prior
-992.1824340820312,z2,-0.0139036909103267,no_prior
-988.2736206054688,z2,-0.0151922425328308,no_prior
-984.3648071289062,z2,-0.0163743888668052,no_prior
-980.4560546875,z2,-0.0172670155323583,no_prior
-976.5472412109376,z2,-0.0178007097204782,no_prior
-972.638427734375,z2,-0.0179663901021487,no_prior
-968.7296142578124,z2,-0.0180184953748038,no_prior
-964.8208618164062,z2,-0.0183414969111121,no_prior
-960.9120483398438,z2,-0.0191963417665538,no_prior
-957.0032348632812,z2,-0.0205656342589391,no_prior
-953.094482421875,z2,-0.0222326159212653,no_prior
-949.1856689453124,z2,-0.0241106361273413,no_prior
-945.27685546875,z2,-0.0262789841309689,no_prior
-941.3681030273438,z2,-0.0287275052415111,no_prior
-937.4592895507812,z2,-0.0315406219225817,no_prior
-933.5504760742188,z2,-0.0348793775460449,no_prior
-929.6417236328124,z2,-0.0385790727374042,no_prior
-925.73291015625,z2,-0.0420341669117477,no_prior
-921.8240966796876,z2,-0.0445874456188339,no_prior
-917.915283203125,z2,-0.0457996670501414,no_prior
-914.0065307617188,z2,-0.0455139372977206,no_prior
-910.0977172851562,z2,-0.0440204812924539,no_prior
-906.1889038085938,z2,-0.0419207608141699,no_prior
-902.2801513671876,z2,-0.0397388229365422,no_prior
-898.371337890625,z2,-0.0378188778259001,no_prior
-894.4625244140625,z2,-0.0364920366600273,no_prior
-890.5537719726562,z2,-0.0359550444470584,no_prior
-886.6449584960938,z2,-0.0363946026614124,no_prior
-882.7361450195312,z2,-0.0379368074010311,no_prior
-878.8273315429688,z2,-0.0402224946689656,no_prior
-874.9185791015625,z2,-0.0426998612964615,no_prior
-871.009765625,z2,-0.0449406504429488,no_prior
-867.1009521484375,z2,-0.0465879965722367,no_prior
-863.1921997070312,z2,-0.0475361091194494,no_prior
-859.2833862304688,z2,-0.0481225486102928,no_prior
-855.3745727539062,z2,-0.0490337656297038,no_prior
-851.4658203125,z2,-0.0507808902439424,no_prior
-847.5570068359375,z2,-0.0536959476534854,no_prior
-843.648193359375,z2,-0.0579127089732344,no_prior
-839.7394409179688,z2,-0.0631244719200037,no_prior
-835.8306274414062,z2,-0.0685186622536731,no_prior
-831.9218139648438,z2,-0.0733029646252708,no_prior
-828.0130004882812,z2,-0.0769070276177183,no_prior
-824.104248046875,z2,-0.0793113793937259,no_prior
-820.1954345703125,z2,-0.0806966021357696,no_prior
-816.28662109375,z2,-0.0813739071870015,no_prior
-812.3778686523438,z2,-0.0817619283150323,no_prior
-808.4690551757812,z2,-0.082215273411523,no_prior
-804.5602416992188,z2,-0.0825713798367096,no_prior
-800.6514892578125,z2,-0.0823470573397117,no_prior
-796.74267578125,z2,-0.0812757467432795,no_prior
-792.8338623046875,z2,-0.079422005289042,no_prior
-788.9251098632812,z2,-0.0771882348786546,no_prior
-785.0162963867188,z2,-0.075117230545891,no_prior
-781.1074829101562,z2,-0.0734941036308155,no_prior
-777.1986694335938,z2,-0.0726686440559931,no_prior
-773.2899169921875,z2,-0.0731270247762958,no_prior
-769.381103515625,z2,-0.0748962473716538,no_prior
-765.4722900390625,z2,-0.0776037088810914,no_prior
-761.5635375976562,z2,-0.0809329025165468,no_prior
-757.6547241210938,z2,-0.0843952591003046,no_prior
-753.7459106445312,z2,-0.0877168082277914,no_prior
-749.837158203125,z2,-0.0912375300663621,no_prior
-745.9283447265625,z2,-0.0953099852291591,no_prior
-742.01953125,z2,-0.1001513588187424,no_prior
-738.1107788085938,z2,-0.105678271137619,no_prior
-734.2019653320312,z2,-0.1112485518849692,no_prior
-730.2931518554688,z2,-0.1160859459170752,no_prior
-726.3843383789062,z2,-0.1194674184431707,no_prior
-722.4755859375,z2,-0.1208597567254267,no_prior
-718.5667724609375,z2,-0.1201801503644735,no_prior
-714.657958984375,z2,-0.1178901874661374,no_prior
-710.7492065429688,z2,-0.1149993180914072,no_prior
-706.8403930664062,z2,-0.1125608080102024,no_prior
-702.9315795898438,z2,-0.1111394759408792,no_prior
-699.0228271484375,z2,-0.1108807807014471,no_prior
-695.114013671875,z2,-0.1114276289276002,no_prior
-691.2052001953125,z2,-0.1121711777464407,no_prior
-687.29638671875,z2,-0.1126638345082584,no_prior
-683.3876342773438,z2,-0.1127143824745301,no_prior
-679.4788208007812,z2,-0.1123002360162001,no_prior
-675.5700073242188,z2,-0.1115820504789063,no_prior
-671.6612548828125,z2,-0.1109994541984569,no_prior
-667.75244140625,z2,-0.1106340935670968,no_prior
-663.8436279296875,z2,-0.1103556976871855,no_prior
-659.9348754882812,z2,-0.1102938345257198,no_prior
-656.0260620117188,z2,-0.1107928767962544,no_prior
-652.1172485351562,z2,-0.1121054072506872,no_prior
-648.20849609375,z2,-0.1142099397851184,no_prior
-644.2996826171875,z2,-0.1171553723884041,no_prior
-640.390869140625,z2,-0.1208386655350653,no_prior
-636.4820556640625,z2,-0.1248052589788346,no_prior
-632.5733032226562,z2,-0.1283748101418738,no_prior
-628.6644897460938,z2,-0.1310511947423975,no_prior
-624.7556762695312,z2,-0.1328179296892616,no_prior
-620.846923828125,z2,-0.1337520855594823,no_prior
-616.9381103515625,z2,-0.1338683571673068,no_prior
-613.029296875,z2,-0.1333429211325717,no_prior
-609.1205444335938,z2,-0.1325867138825801,no_prior
-605.2117309570312,z2,-0.1320221854231454,no_prior
-601.3029174804688,z2,-0.1316445268232364,no_prior
-597.3941650390625,z2,-0.1312564315195031,no_prior
-593.4853515625,z2,-0.1310544063419003,no_prior
-589.5765380859375,z2,-0.1315202644027003,no_prior
-585.667724609375,z2,-0.1330301319613469,no_prior
-581.7589721679688,z2,-0.1354688312827495,no_prior
-577.8501586914062,z2,-0.1383884820692444,no_prior
-573.9413452148438,z2,-0.1412126902816857,no_prior
-570.0325927734375,z2,-0.1434881021863798,no_prior
-566.123779296875,z2,-0.1450062298496229,no_prior
-562.2149658203125,z2,-0.1459418004418766,no_prior
-558.3062133789062,z2,-0.1465845321139689,no_prior
-554.3973999023438,z2,-0.1472680458045542,no_prior
-550.4885864257812,z2,-0.1483703913240073,no_prior
-546.579833984375,z2,-0.1499495702592526,no_prior
-542.6710205078125,z2,-0.1517317938065435,no_prior
-538.76220703125,z2,-0.1530189904827183,no_prior
-534.8533935546875,z2,-0.1531498253666522,no_prior
-530.9446411132812,z2,-0.1520090814096282,no_prior
-527.0358276367188,z2,-0.1500962044114629,no_prior
-523.1270141601562,z2,-0.148163412002006,no_prior
-519.21826171875,z2,-0.1468145843659996,no_prior
-515.3094482421875,z2,-0.146294199281441,no_prior
-511.4006652832031,z2,-0.1462851016868133,no_prior
-507.4918518066406,z2,-0.1460976706768146,no_prior
-503.58306884765625,z2,-0.1449501445811742,no_prior
-499.67425537109375,z2,-0.1426566565192464,no_prior
-495.7654724121094,z2,-0.1396525200741203,no_prior
-491.856689453125,z2,-0.1364772526008438,no_prior
-487.9478759765625,z2,-0.1334808733828054,no_prior
-484.0390930175781,z2,-0.1310216229067517,no_prior
-480.1302795410156,z2,-0.1293357337299219,no_prior
-476.2214965820313,z2,-0.1283189134178669,no_prior
-472.3127136230469,z2,-0.1275276314037651,no_prior
-468.4039001464844,z2,-0.1264743010686827,no_prior
-464.4951171875,z2,-0.1251884920321794,no_prior
-460.5863342285156,z2,-0.1241497400778858,no_prior
-456.6775207519531,z2,-0.1238213453033756,no_prior
-452.7687377929687,z2,-0.124274143857601,no_prior
-448.85992431640625,z2,-0.1251847422550719,no_prior
-444.9511413574219,z2,-0.1259288359581516,no_prior
-441.0423583984375,z2,-0.1258385267370712,no_prior
-437.133544921875,z2,-0.1244694895954895,no_prior
-433.2247619628906,z2,-0.1217788697721288,no_prior
-429.3159484863281,z2,-0.1181502756424196,no_prior
-425.40716552734375,z2,-0.1141448625528017,no_prior
-421.4983825683594,z2,-0.1103419181057503,no_prior
-417.5895690917969,z2,-0.1073737542898652,no_prior
-413.6807861328125,z2,-0.1056114682720176,no_prior
-409.77197265625,z2,-0.1048788050362528,no_prior
-405.8631896972656,z2,-0.1045340752676148,no_prior
-401.9544067382813,z2,-0.1038280136178702,no_prior
-398.0455932617187,z2,-0.1019399688351693,no_prior
-394.1368103027344,z2,-0.0982464208159056,no_prior
-390.22802734375,z2,-0.0927618748840694,no_prior
-386.3192138671875,z2,-0.0860904103831017,no_prior
-382.4104309082031,z2,-0.0791017325988117,no_prior
-378.5016174316406,z2,-0.0724731262892412,no_prior
-374.59283447265625,z2,-0.066462593568946,no_prior
-370.6840515136719,z2,-0.060779154688351,no_prior
-366.7752380371094,z2,-0.0548694177412117,no_prior
-362.866455078125,z2,-0.0482529531360723,no_prior
-358.9576416015625,z2,-0.0407599687761294,no_prior
-355.0488586425781,z2,-0.0325779913531029,no_prior
-351.14007568359375,z2,-0.0243030009419517,no_prior
-347.23126220703125,z2,-0.01677363768669,no_prior
-343.3224792480469,z2,-0.0107469517000398,no_prior
-339.4136657714844,z2,-0.0064788567122744,no_prior
-335.5048828125,z2,-0.0036989564724322,no_prior
-331.5960998535156,z2,-0.0018774917676532,no_prior
-327.6872863769531,z2,-0.0004834064799905,no_prior
-323.77850341796875,z2,0.0008562015774923,no_prior
-319.8697204589844,z2,0.0023409851891106,no_prior
-315.9609069824219,z2,0.0039815689559297,no_prior
-312.0521240234375,z2,0.0057144601823239,no_prior
-308.143310546875,z2,0.0076200768411922,no_prior
-304.2345275878906,z2,0.0099689328548577,no_prior
-300.32574462890625,z2,0.0129891403240182,no_prior
-296.41693115234375,z2,0.0167059753282473,no_prior
-292.5081481933594,z2,0.020995472684944,no_prior
-288.5993347167969,z2,0.0256805415289253,no_prior
-284.6905517578125,z2,0.0306322675976335,no_prior
-280.7817687988281,z2,0.0356017312888761,no_prior
-276.8729553222656,z2,0.0402588519530006,no_prior
-272.96417236328125,z2,0.0442825087710536,no_prior
-269.0553894042969,z2,0.0474692734702673,no_prior
-265.1465759277344,z2,0.0497382053676295,no_prior
-261.23779296875,z2,0.0509351358692586,no_prior
-257.3289794921875,z2,0.0511670368886682,no_prior
-253.42019653320312,z2,0.0506734339485111,no_prior
-249.5113983154297,z2,0.0496935869322067,no_prior
-245.60260009765625,z2,0.0486636486368455,no_prior
-241.69381713867188,z2,0.0480537921494184,no_prior
-237.78501892089844,z2,0.0479902917061322,no_prior
-233.876220703125,z2,0.0482984368379883,no_prior
-229.96742248535156,z2,0.0486830962933793,no_prior
-226.0586395263672,z2,0.0489507197733574,no_prior
-222.14984130859375,z2,0.0490515262803781,no_prior
-218.2410430908203,z2,0.0488792065100821,no_prior
-214.33224487304688,z2,0.0483687014189184,no_prior
-210.42344665527344,z2,0.0477074965359465,no_prior
-206.51466369628903,z2,0.0472516957107793,no_prior
-202.6058654785156,z2,0.0472345014106698,no_prior
-198.6970672607422,z2,0.0476800268788809,no_prior
-194.78826904296875,z2,0.0486304947911522,no_prior
-190.8794860839844,z2,0.0502931928115196,no_prior
-186.97068786621097,z2,0.0528121092983799,no_prior
-183.0618896484375,z2,0.0560880905883026,no_prior
-179.15309143066406,z2,0.0598497449868073,no_prior
-175.24429321289062,z2,0.0637356469857383,no_prior
-171.33551025390625,z2,0.0674344451849566,no_prior
-167.4267120361328,z2,0.0707857091434788,no_prior
-163.51791381835938,z2,0.0738689898676391,no_prior
-159.60911560058594,z2,0.0768672718563099,no_prior
-155.70033264160156,z2,0.0798546910157056,no_prior
-151.79153442382812,z2,0.0827613067255734,no_prior
-147.8827362060547,z2,0.0854559643678733,no_prior
-143.97393798828125,z2,0.0878547225645818,no_prior
-140.0651397705078,z2,0.0897317017183407,no_prior
-136.15635681152344,z2,0.0908209448881074,no_prior
-132.24755859375,z2,0.091117530458984,no_prior
-128.33876037597656,z2,0.0909047715603203,no_prior
-124.42996978759766,z2,0.0906663110541811,no_prior
-120.52117156982422,z2,0.0909111804058686,no_prior
-116.61238098144533,z2,0.0919060312977045,no_prior
-112.70358276367188,z2,0.0937546783462098,no_prior
-108.79478454589844,z2,0.0965820666109364,no_prior
-104.88599395751952,z2,0.1002868037834181,no_prior
-100.9771957397461,z2,0.1046155248799388,no_prior
-97.0684051513672,z2,0.1090942064643295,no_prior
-93.15960693359376,z2,0.1129313453844012,no_prior
-89.25081634521484,z2,0.1156765714807861,no_prior
-85.3420181274414,z2,0.117423951511772,no_prior
-81.4332275390625,z2,0.1185964964151185,no_prior
-77.52442932128906,z2,0.1198627431442237,no_prior
-73.61563873291016,z2,0.1221329830019764,no_prior
-69.70684051513672,z2,0.1262362006691091,no_prior
-65.79804229736328,z2,0.1323400732648587,no_prior
-61.889251708984375,z2,0.1397105387037887,no_prior
-57.9804573059082,z2,0.1469301405072986,no_prior
-54.07166290283203,z2,0.1523220264381314,no_prior
-50.162864685058594,z2,0.1547635838535255,no_prior
-46.25407028198242,z2,0.1541465733252937,no_prior
-42.34527587890625,z2,0.1511950134542448,no_prior
-38.43648147583008,z2,0.1470406967921713,no_prior
-34.527687072753906,z2,0.1428910370794975,no_prior
-30.618892669677734,z2,0.1395809132423455,no_prior
-26.71009826660156,z2,0.137406944631427,no_prior
-22.80130386352539,z2,0.1363480785047486,no_prior
-18.892507553100582,z2,0.1363011112391238,no_prior
-14.983713150024414,z2,0.1371340064457972,no_prior
-11.074918746948242,z2,0.1385798560343332,no_prior
-7.166123867034912,z2,0.1403557635724282,no_prior
-3.257328987121582,z2,0.1420393808137185,no_prior
0.6514657735824585,z2,0.143187902890591,no_prior
4.560260772705078,z2,0.1436689235899646,no_prior
8.46905517578125,z2,0.1435523700564129,no_prior
12.377850532531738,z2,0.1430283496323057,no_prior
16.286645889282227,z2,0.142538595697348,no_prior
20.1954402923584,z2,0.1425340908172112,no_prior
24.10423469543457,z2,0.1432419319227085,no_prior
28.013029098510746,z2,0.1443193522015432,no_prior
31.92182350158691,z2,0.144685235699436,no_prior
35.83061981201172,z2,0.1432660810775094,no_prior
39.73941421508789,z2,0.1396916492649101,no_prior
43.64820861816406,z2,0.1343718351676305,no_prior
47.557003021240234,z2,0.1283630115324481,no_prior
51.465797424316406,z2,0.1229124333059761,no_prior
55.37459182739258,z2,0.1191169898121402,no_prior
59.28338623046875,z2,0.1174082189920848,no_prior
63.19218063354492,z2,0.1172424892128948,no_prior
67.1009750366211,z2,0.1174953428567082,no_prior
71.00977325439453,z2,0.1172251414007449,no_prior
74.91856384277344,z2,0.1160268424422619,no_prior
78.82736206054688,z2,0.1141883014911675,no_prior
82.73615264892578,z2,0.1124823676403001,no_prior
86.64495086669922,z2,0.1115655036839861,no_prior
90.55374908447266,z2,0.1116110222281299,no_prior
94.46253967285156,z2,0.1123259047635246,no_prior
98.371337890625,z2,0.1131565208110593,no_prior
102.2801284790039,z2,0.1136016049603624,no_prior
106.18892669677734,z2,0.11325275304447,no_prior
110.09771728515624,z2,0.1122225065385585,no_prior
114.00651550292967,z2,0.1109196155589969,no_prior
117.9153060913086,z2,0.1095911259039555,no_prior
121.82410430908205,z2,0.1082537210349446,no_prior
125.73290252685548,z2,0.106702336311519,no_prior
129.64169311523438,z2,0.1045917455362767,no_prior
133.5504913330078,z2,0.1017518764585058,no_prior
137.45928955078125,z2,0.0983314846195328,no_prior
141.36807250976562,z2,0.0947489033404052,no_prior
145.27687072753906,z2,0.0914375036248177,no_prior
149.1856689453125,z2,0.0886626123721546,no_prior
153.09446716308594,z2,0.0864221388024677,no_prior
157.0032501220703,z2,0.0847099933534925,no_prior
160.91204833984375,z2,0.0835351193027481,no_prior
164.8208465576172,z2,0.0827972003708917,no_prior
168.72964477539062,z2,0.0824714494317848,no_prior
172.63844299316406,z2,0.0826073906408513,no_prior
176.54722595214844,z2,0.0831642248941832,no_prior
180.45602416992188,z2,0.0839984721238142,no_prior
184.3648223876953,z2,0.0847395474673627,no_prior
188.27362060546875,z2,0.0846316286033137,no_prior
192.18240356445312,z2,0.0831445249563854,no_prior
196.09120178222656,z2,0.0803443410669737,no_prior
200.0,z2,0.0766858672312821,no_prior
-1000.0,z3,-0.0189524630904424,no_prior
-996.0911865234376,z3,-0.0240967734040593,no_prior
-992.1824340820312,z3,-0.0283154019587815,no_prior
-988.2736206054688,z3,-0.031507284597761,no_prior
-984.3648071289062,z3,-0.0336885449753479,no_prior
-980.4560546875,z3,-0.0348764465609967,no_prior
-976.5472412109376,z3,-0.0350207763508642,no_prior
-972.638427734375,z3,-0.0342125808253825,no_prior
-968.7296142578124,z3,-0.0327189227102373,no_prior
-964.8208618164062,z3,-0.0308985435354906,no_prior
-960.9120483398438,z3,-0.0290384604329365,no_prior
-957.0032348632812,z3,-0.0275107733004869,no_prior
-953.094482421875,z3,-0.0267078838348653,no_prior
-949.1856689453124,z3,-0.0268200410524684,no_prior
-945.27685546875,z3,-0.0279878641277496,no_prior
-941.3681030273438,z3,-0.0302824436707252,no_prior
-937.4592895507812,z3,-0.033545053214406,no_prior
-933.5504760742188,z3,-0.0372245351863147,no_prior
-929.6417236328124,z3,-0.0406894037869422,no_prior
-925.73291015625,z3,-0.0436642388963549,no_prior
-921.8240966796876,z3,-0.0461245683378924,no_prior
-917.915283203125,z3,-0.0480840868094825,no_prior
-914.0065307617188,z3,-0.0496400381383562,no_prior
-910.0977172851562,z3,-0.0507563610816011,no_prior
-906.1889038085938,z3,-0.0513416792795748,no_prior
-902.2801513671876,z3,-0.0514343470218804,no_prior
-898.371337890625,z3,-0.0514937299376061,no_prior
-894.4625244140625,z3,-0.0519765915843833,no_prior
-890.5537719726562,z3,-0.0527514872405503,no_prior
-886.6449584960938,z3,-0.0531348235813353,no_prior
-882.7361450195312,z3,-0.0523842085732039,no_prior
-878.8273315429688,z3,-0.0503007780099198,no_prior
-874.9185791015625,z3,-0.0470643740851052,no_prior
-871.009765625,z3,-0.0430558768615109,no_prior
-867.1009521484375,z3,-0.0390746223265048,no_prior
-863.1921997070312,z3,-0.0361782910170982,no_prior
-859.2833862304688,z3,-0.0352243199439664,no_prior
-855.3745727539062,z3,-0.0363616223158555,no_prior
-851.4658203125,z3,-0.0392751866359884,no_prior
-847.5570068359375,z3,-0.0434186711580887,no_prior
-843.648193359375,z3,-0.0480570010457133,no_prior
-839.7394409179688,z3,-0.0525924268074559,no_prior
-835.8306274414062,z3,-0.0568981527661534,no_prior
-831.9218139648438,z3,-0.0611984380630613,no_prior
-828.0130004882812,z3,-0.0655134669099362,no_prior
-824.104248046875,z3,-0.0696791461233059,no_prior
-820.1954345703125,z3,-0.0736224303194406,no_prior
-816.28662109375,z3,-0.0773816746622753,no_prior
-812.3778686523438,z3,-0.0805685836909945,no_prior
-808.4690551757812,z3,-0.0823614628080686,no_prior
-804.5602416992188,z3,-0.082461318925032,no_prior
-800.6514892578125,z3,-0.081043595026298,no_prior
-796.74267578125,z3,-0.0788431942100081,no_prior
-792.8338623046875,z3,-0.0769057918920332,no_prior
-788.9251098632812,z3,-0.0758545518550413,no_prior
-785.0162963867188,z3,-0.0758040336821835,no_prior
-781.1074829101562,z3,-0.0767426272854842,no_prior
-777.1986694335938,z3,-0.0783750382453165,no_prior
-773.2899169921875,z3,-0.0799554073458425,no_prior
-769.381103515625,z3,-0.0809813793485551,no_prior
-765.4722900390625,z3,-0.0815832568213144,no_prior
-761.5635375976562,z3,-0.0822008631214731,no_prior
-757.6547241210938,z3,-0.0834373203949196,no_prior
-753.7459106445312,z3,-0.0859721050383329,no_prior
-749.837158203125,z3,-0.0900624444540106,no_prior
-745.9283447265625,z3,-0.0953005672004612,no_prior
-742.01953125,z3,-0.1007356798221832,no_prior
-738.1107788085938,z3,-0.1053716309489016,no_prior
-734.2019653320312,z3,-0.1087119709794718,no_prior
-730.2931518554688,z3,-0.1107706555477368,no_prior
-726.3843383789062,z3,-0.1119021526500083,no_prior
-722.4755859375,z3,-0.1126005804886472,no_prior
-718.5667724609375,z3,-0.1133981706835478,no_prior
-714.657958984375,z3,-0.1146196150555948,no_prior
-710.7492065429688,z3,-0.11589721005366,no_prior
-706.8403930664062,z3,-0.1163753126225679,no_prior
-702.9315795898438,z3,-0.1155342573914416,no_prior
-699.0228271484375,z3,-0.1135026264470885,no_prior
-695.114013671875,z3,-0.1111346487588773,no_prior
-691.2052001953125,z3,-0.1096319321738047,no_prior
-687.29638671875,z3,-0.1097585151889201,no_prior
-683.3876342773438,z3,-0.1116130688043978,no_prior
-679.4788208007812,z3,-0.1148986373882698,no_prior
-675.5700073242188,z3,-0.1189249166524891,no_prior
-671.6612548828125,z3,-0.1229919158764574,no_prior
-667.75244140625,z3,-0.1269635226139639,no_prior
-663.8436279296875,z3,-0.1313157779907452,no_prior
-659.9348754882812,z3,-0.1364959949073709,no_prior
-656.0260620117188,z3,-0.1425538467968865,no_prior
-652.1172485351562,z3,-0.1489874131966735,no_prior
-648.20849609375,z3,-0.1545523841147231,no_prior
-644.2996826171875,z3,-0.157933129566557,no_prior
-640.390869140625,z3,-0.1587757146967239,no_prior
-636.4820556640625,z3,-0.1577083272092524,no_prior
-632.5733032226562,z3,-0.1557824717301839,no_prior
-628.6644897460938,z3,-0.153855089375634,no_prior
-624.7556762695312,z3,-0.1524419851137582,no_prior
-620.846923828125,z3,-0.1517095737630074,no_prior
-616.9381103515625,z3,-0.151403065431657,no_prior
-613.029296875,z3,-0.1509782418633525,no_prior
-609.1205444335938,z3,-0.1499993059087586,no_prior
-605.2117309570312,z3,-0.148285448135309,no_prior
-601.3029174804688,z3,-0.1461208343508012,no_prior
-597.3941650390625,z3,-0.144250848249843,no_prior
-593.4853515625,z3,-0.1434009784482961,no_prior
-589.5765380859375,z3,-0.1439871315356359,no_prior
-585.667724609375,z3,-0.1462617405234867,no_prior
-581.7589721679688,z3,-0.1501338910517896,no_prior
-577.8501586914062,z3,-0.1548746616746537,no_prior
-573.9413452148438,z3,-0.1596707617227438,no_prior
-570.0325927734375,z3,-0.1638945461432984,no_prior
-566.123779296875,z3,-0.1672060738150672,no_prior
-562.2149658203125,z3,-0.1695055603122597,no_prior
-558.3062133789062,z3,-0.1708095054153828,no_prior
-554.3973999023438,z3,-0.1710914799223483,no_prior
-550.4885864257812,z3,-0.1702157324344248,no_prior
-546.579833984375,z3,-0.1682388351260539,no_prior
-542.6710205078125,z3,-0.1654711660844027,no_prior
-538.76220703125,z3,-0.1622164917661187,no_prior
-534.8533935546875,z3,-0.1588878927877147,no_prior
-530.9446411132812,z3,-0.1560525580281997,no_prior
-527.0358276367188,z3,-0.1540503201945746,no_prior
-523.1270141601562,z3,-0.152773467779832,no_prior
-519.21826171875,z3,-0.1515883512414865,no_prior
-515.3094482421875,z3,-0.1499735367829623,no_prior
-511.4006652832031,z3,-0.1478540882784058,no_prior
-507.4918518066406,z3,-0.1455529653817238,no_prior
-503.58306884765625,z3,-0.1434051732330056,no_prior
-499.67425537109375,z3,-0.1414158060637223,no_prior
-495.7654724121094,z3,-0.139600976524174,no_prior
-491.856689453125,z3,-0.1381984804535636,no_prior
-487.9478759765625,z3,-0.1373561952463604,no_prior
-484.0390930175781,z3,-0.1369129389765775,no_prior
-480.1302795410156,z3,-0.1366334429528964,no_prior
-476.2214965820313,z3,-0.1363240702814909,no_prior
-472.3127136230469,z3,-0.1358725232256317,no_prior
-468.4039001464844,z3,-0.1351318635357897,no_prior
-464.4951171875,z3,-0.1339662127302489,no_prior
-460.5863342285156,z3,-0.1323911448865104,no_prior
-456.6775207519531,z3,-0.1305494336872908,no_prior
-452.7687377929687,z3,-0.1285735516627573,no_prior
-448.85992431640625,z3,-0.1265216665703271,no_prior
-444.9511413574219,z3,-0.1243152260735886,no_prior
-441.0423583984375,z3,-0.1217157075234556,no_prior
-437.133544921875,z3,-0.1183324175450559,no_prior
-433.2247619628906,z3,-0.1137637669734506,no_prior
-429.3159484863281,z3,-0.1078885427276243,no_prior
-425.40716552734375,z3,-0.1010606835761802,no_prior
-421.4983825683594,z3,-0.0941372500210267,no_prior
-417.5895690917969,z3,-0.0884059129051298,no_prior
-413.6807861328125,z3,-0.0850075714159531,no_prior
-409.77197265625,z3,-0.0843622914777551,no_prior
-405.8631896972656,z3,-0.0859398088967744,no_prior
-401.9544067382813,z3,-0.0883266472832598,no_prior
-398.0455932617187,z3,-0.0899407183371287,no_prior
-394.1368103027344,z3,-0.0897466497574509,no_prior
-390.22802734375,z3,-0.0872802864918315,no_prior
-386.3192138671875,z3,-0.0825923832668125,no_prior
-382.4104309082031,z3,-0.0762054569947744,no_prior
-378.5016174316406,z3,-0.0687499434995013,no_prior
-374.59283447265625,z3,-0.0608124728467767,no_prior
-370.6840515136719,z3,-0.0529681049220789,no_prior
-366.7752380371094,z3,-0.0455620112097106,no_prior
-362.866455078125,z3,-0.0385429610781551,no_prior
-358.9576416015625,z3,-0.0317624686328428,no_prior
-355.0488586425781,z3,-0.0251538207471032,no_prior
-351.14007568359375,z3,-0.0187593293567648,no_prior
-347.23126220703125,z3,-0.0128047036903154,no_prior
-343.3224792480469,z3,-0.0077128835803068,no_prior
-339.4136657714844,z3,-0.0039763072344093,no_prior
-335.5048828125,z3,-0.0020263240760643,no_prior
-331.5960998535156,z3,-0.0018814957919334,no_prior
-327.6872863769531,z3,-0.0030624154690375,no_prior
-323.77850341796875,z3,-0.0047930704035189,no_prior
-319.8697204589844,z3,-0.006227781663028,no_prior
-315.9609069824219,z3,-0.0066777251289598,no_prior
-312.0521240234375,z3,-0.0056077937926768,no_prior
-308.143310546875,z3,-0.0027758624366085,no_prior
-304.2345275878906,z3,0.0016387588687129,no_prior
-300.32574462890625,z3,0.007130385722275,no_prior
-296.41693115234375,z3,0.0133473254707666,no_prior
-292.5081481933594,z3,0.0202268478735115,no_prior
-288.5993347167969,z3,0.0277884212792902,no_prior
-284.6905517578125,z3,0.0359275046737893,no_prior
-280.7817687988281,z3,0.0442683598935144,no_prior
-276.8729553222656,z3,0.0519869879991639,no_prior
-272.96417236328125,z3,0.0580712423235285,no_prior
-269.0553894042969,z3,0.0619446174004598,no_prior
-265.1465759277344,z3,0.0636310500692117,no_prior
-261.23779296875,z3,0.063731567973871,no_prior
-257.3289794921875,z3,0.0629763994963221,no_prior
-253.42019653320312,z3,0.0619701365985454,no_prior
-249.5113983154297,z3,0.0611595005597798,no_prior
-245.60260009765625,z3,0.0606980025570305,no_prior
-241.69381713867188,z3,0.0603452987001504,no_prior
-237.78501892089844,z3,0.0597719627441285,no_prior
-233.876220703125,z3,0.0587926304781343,no_prior
-229.96742248535156,z3,0.0576059847494304,no_prior
-226.0586395263672,z3,0.0566899545724707,no_prior
-222.14984130859375,z3,0.0563981967181788,no_prior
-218.2410430908203,z3,0.0566754272801963,no_prior
-214.33224487304688,z3,0.0572452921552803,no_prior
-210.42344665527344,z3,0.0578506754539284,no_prior
-206.51466369628903,z3,0.0581535350275128,no_prior
-202.6058654785156,z3,0.0579575189290427,no_prior
-198.6970672607422,z3,0.0575277001461041,no_prior
-194.78826904296875,z3,0.0574593905537683,no_prior
-190.8794860839844,z3,0.0582779320033613,no_prior
-186.97068786621097,z3,0.0601807350048942,no_prior
-183.0618896484375,z3,0.0628830348738094,no_prior
-179.15309143066406,z3,0.0656890381118927,no_prior
-175.24429321289062,z3,0.0678824970603092,no_prior
-171.33551025390625,z3,0.0691693871442062,no_prior
-167.4267120361328,z3,0.0698242102830264,no_prior
-163.51791381835938,z3,0.0705221597910543,no_prior
-159.60911560058594,z3,0.0717582908227432,no_prior
-155.70033264160156,z3,0.0734989165646985,no_prior
-151.79153442382812,z3,0.0753125895954902,no_prior
-147.8827362060547,z3,0.0765738007619392,no_prior
-143.97393798828125,z3,0.0767072538355419,no_prior
-140.0651397705078,z3,0.075491778875373,no_prior
-136.15635681152344,z3,0.0732675434571872,no_prior
-132.24755859375,z3,0.0709077807834426,no_prior
-128.33876037597656,z3,0.0694496196936134,no_prior
-124.42996978759766,z3,0.0696624593424517,no_prior
-120.52117156982422,z3,0.0717428987416711,no_prior
-116.61238098144533,z3,0.0751955818185961,no_prior
-112.70358276367188,z3,0.0790089421418479,no_prior
-108.79478454589844,z3,0.0822184486802855,no_prior
-104.88599395751952,z3,0.0844876940634301,no_prior
-100.9771957397461,z3,0.0858909039415226,no_prior
-97.0684051513672,z3,0.0867209713957364,no_prior
-93.15960693359376,z3,0.0873493961983828,no_prior
-89.25081634521484,z3,0.0879568126135285,no_prior
-85.3420181274414,z3,0.0886403134767039,no_prior
-81.4332275390625,z3,0.0894792770145243,no_prior
-77.52442932128906,z3,0.0905582814945298,no_prior
-73.61563873291016,z3,0.0918843077700739,no_prior
-69.70684051513672,z3,0.0932147503391214,no_prior
-65.79804229736328,z3,0.0943159870021596,no_prior
-61.889251708984375,z3,0.095085733341898,no_prior
-57.9804573059082,z3,0.0954909191446787,no_prior
-54.07166290283203,z3,0.0957666055463493,no_prior
-50.162864685058594,z3,0.0962255256252392,no_prior
-46.25407028198242,z3,0.0967959031045192,no_prior
-42.34527587890625,z3,0.0972031960560746,no_prior
-38.43648147583008,z3,0.097362194150496,no_prior
-34.527687072753906,z3,0.0973568412678769,no_prior
-30.618892669677734,z3,0.097645980987823,no_prior
-26.71009826660156,z3,0.0987928877761545,no_prior
-22.80130386352539,z3,0.1011261171386996,no_prior
-18.892507553100582,z3,0.1045934603755681,no_prior
-14.983713150024414,z3,0.1086719631006444,no_prior
-11.074918746948242,z3,0.1124439978756793,no_prior
-7.166123867034912,z3,0.1149655261302131,no_prior
-3.257328987121582,z3,0.1157720453382666,no_prior
0.6514657735824585,z3,0.1151804394701318,no_prior
4.560260772705078,z3,0.1141343578282127,no_prior
8.46905517578125,z3,0.1135808878021949,no_prior
12.377850532531738,z3,0.1140741373650293,no_prior
16.286645889282227,z3,0.115697235771494,no_prior
20.1954402923584,z3,0.1179798669558085,no_prior
24.10423469543457,z3,0.1199940695891102,no_prior
28.013029098510746,z3,0.1207681512567184,no_prior
31.92182350158691,z3,0.1197577982962473,no_prior
35.83061981201172,z3,0.1169640676744454,no_prior
39.73941421508789,z3,0.1131990742140119,no_prior
43.64820861816406,z3,0.1096971366799484,no_prior
47.557003021240234,z3,0.1074877131359101,no_prior
51.465797424316406,z3,0.106908906031133,no_prior
55.37459182739258,z3,0.1073237126413957,no_prior
59.28338623046875,z3,0.1076367596995022,no_prior
63.19218063354492,z3,0.106947584430259,no_prior
67.1009750366211,z3,0.1049907802939516,no_prior
71.00977325439453,z3,0.1020725912095601,no_prior
74.91856384277344,z3,0.0987067908111344,no_prior
78.82736206054688,z3,0.0953062124631556,no_prior
82.73615264892578,z3,0.0920058227607405,no_prior
86.64495086669922,z3,0.0888438157257999,no_prior
90.55374908447266,z3,0.0859104166347055,no_prior
94.46253967285156,z3,0.0832872143593003,no_prior
98.371337890625,z3,0.0812076978289799,no_prior
102.2801284790039,z3,0.0801254394172567,no_prior
106.18892669677734,z3,0.0804781287523398,no_prior
110.09771728515624,z3,0.0822221213233012,no_prior
114.00651550292967,z3,0.0846852730135298,no_prior
117.9153060913086,z3,0.0869058464529187,no_prior
121.82410430908205,z3,0.0881330708324349,no_prior
125.73290252685548,z3,0.0881315278546668,no_prior
129.64169311523438,z3,0.087027454037095,no_prior
133.5504913330078,z3,0.0852414181445678,no_prior
137.45928955078125,z3,0.0835256466189038,no_prior
141.36807250976562,z3,0.0825924681096699,no_prior
145.27687072753906,z3,0.0826351009235635,no_prior
149.1856689453125,z3,0.083121463952446,no_prior
153.09446716308594,z3,0.0831812674363061,no_prior
157.0032501220703,z3,0.0821619822764028,no_prior
160.91204833984375,z3,0.0798317173373084,no_prior
164.8208465576172,z3,0.0763971182382542,no_prior
168.72964477539062,z3,0.0724890690408005,no_prior
172.63844299316406,z3,0.0689685737645807,no_prior
176.54722595214844,z3,0.066509744645146,no_prior
180.45602416992188,z3,0.0651458638710892,no_prior
184.3648223876953,z3,0.064143811671395,no_prior
188.27362060546875,z3,0.0625630635581563,no_prior
192.18240356445312,z3,0.0598996006789211,no_prior
196.09120178222656,z3,0.0561906958145643,no_prior
200.0,z3,0.0521039306319028,no_prior
-1000.0,z4,-0.0069132417005898,no_prior
-996.0911865234376,z4,-0.011944791106831,no_prior
-992.1824340820312,z4,-0.0168433381453519,no_prior
-988.2736206054688,z4,-0.0212493899527885,no_prior
-984.3648071289062,z4,-0.0254624797898483,no_prior
-980.4560546875,z4,-0.0293380201433679,no_prior
-976.5472412109376,z4,-0.0324763725928843,no_prior
-972.638427734375,z4,-0.034838450611891,no_prior
-968.7296142578124,z4,-0.0367963646040238,no_prior
-964.8208618164062,z4,-0.0381315293390867,no_prior
-960.9120483398438,z4,-0.0379775188335804,no_prior
-957.0032348632812,z4,-0.0357784377664623,no_prior
-953.094482421875,z4,-0.031859102910232,no_prior
-949.1856689453124,z4,-0.0269316526225932,no_prior
-945.27685546875,z4,-0.022029536992024,no_prior
-941.3681030273438,z4,-0.0187460306003458,no_prior
-937.4592895507812,z4,-0.0179913079716887,no_prior
-933.5504760742188,z4,-0.0193519750465766,no_prior
-929.6417236328124,z4,-0.0218770198096759,no_prior
-925.73291015625,z4,-0.0246084226044757,no_prior
-921.8240966796876,z4,-0.0270622224121147,no_prior
-917.915283203125,z4,-0.0293110930410651,no_prior
-914.0065307617188,z4,-0.0318105859203722,no_prior
-910.0977172851562,z4,-0.0344480013021785,no_prior
-906.1889038085938,z4,-0.0366369622796724,no_prior
-902.2801513671876,z4,-0.0378527799040548,no_prior
-898.371337890625,z4,-0.0377853559450599,no_prior
-894.4625244140625,z4,-0.0366794203765895,no_prior
-890.5537719726562,z4,-0.034925336908707,no_prior
-886.6449584960938,z4,-0.0326430687764917,no_prior
-882.7361450195312,z4,-0.0296122622163015,no_prior
-878.8273315429688,z4,-0.0259570612497274,no_prior
-874.9185791015625,z4,-0.0220316390213836,no_prior
-871.009765625,z4,-0.0178459421490052,no_prior
-867.1009521484375,z4,-0.0134526793004683,no_prior
-863.1921997070312,z4,-0.0091707020141698,no_prior
-859.2833862304688,z4,-0.0058258880030333,no_prior
-855.3745727539062,z4,-0.0040418220697957,no_prior
-851.4658203125,z4,-0.0041444529117075,no_prior
-847.5570068359375,z4,-0.0060167024562623,no_prior
-843.648193359375,z4,-0.0090694964775182,no_prior
-839.7394409179688,z4,-0.012471727544433,no_prior
-835.8306274414062,z4,-0.0159654572982546,no_prior
-831.9218139648438,z4,-0.0196283446078464,no_prior
-828.0130004882812,z4,-0.0228917724512063,no_prior
-824.104248046875,z4,-0.0250357624321763,no_prior
-820.1954345703125,z4,-0.0263655052273416,no_prior
-816.28662109375,z4,-0.0279403452856078,no_prior
-812.3778686523438,z4,-0.0301323920991536,no_prior
-808.4690551757812,z4,-0.0325197994421206,no_prior
-804.5602416992188,z4,-0.0346141318110343,no_prior
-800.6514892578125,z4,-0.0360440035548198,no_prior
-796.74267578125,z4,-0.0364077715073532,no_prior
-792.8338623046875,z4,-0.0355848083844785,no_prior
-788.9251098632812,z4,-0.0337724590105082,no_prior
-785.0162963867188,z4,-0.0311255134092968,no_prior
-781.1074829101562,z4,-0.0278764125898061,no_prior
-777.1986694335938,z4,-0.0242709373149334,no_prior
-773.2899169921875,z4,-0.0203577116385785,no_prior
-769.381103515625,z4,-0.0161356498569035,no_prior
-765.4722900390625,z4,-0.0121113971635299,no_prior
-761.5635375976562,z4,-0.0087704889335177,no_prior
-757.6547241210938,z4,-0.0067978314096237,no_prior
-753.7459106445312,z4,-0.0068375910479169,no_prior
-749.837158203125,z4,-0.008743402207028,no_prior
-745.9283447265625,z4,-0.0119961310707319,no_prior
-742.01953125,z4,-0.0156494131238656,no_prior
-738.1107788085938,z4,-0.0185455200041468,no_prior
-734.2019653320312,z4,-0.0203972768866744,no_prior
-730.2931518554688,z4,-0.0217494860794779,no_prior
-726.3843383789062,z4,-0.0232579862885191,no_prior
-722.4755859375,z4,-0.0252781516416843,no_prior
-718.5667724609375,z4,-0.0277200774845815,no_prior
-714.657958984375,z4,-0.0302697901658282,no_prior
-710.7492065429688,z4,-0.0325017532484777,no_prior
-706.8403930664062,z4,-0.0340398347567314,no_prior
-702.9315795898438,z4,-0.0348659318132208,no_prior
-699.0228271484375,z4,-0.0352126314067664,no_prior
-695.114013671875,z4,-0.0356570794448826,no_prior
-691.2052001953125,z4,-0.0365016297150289,no_prior
-687.29638671875,z4,-0.0376894404997383,no_prior
-683.3876342773438,z4,-0.0392159601435647,no_prior
-679.4788208007812,z4,-0.0408656770292839,no_prior
-675.5700073242188,z4,-0.0422973794922625,no_prior
-671.6612548828125,z4,-0.0431655222653938,no_prior
-667.75244140625,z4,-0.0436182404843437,no_prior
-663.8436279296875,z4,-0.0443270478200747,no_prior
-659.9348754882812,z4,-0.0457342134337047,no_prior
-656.0260620117188,z4,-0.0480324261438448,no_prior
-652.1172485351562,z4,-0.0511980652406982,no_prior
-648.20849609375,z4,-0.0548725728317282,no_prior
-644.2996826171875,z4,-0.0582792915707228,no_prior
-640.390869140625,z4,-0.0606550240144011,no_prior
-636.4820556640625,z4,-0.0613595407450695,no_prior
-632.5733032226562,z4,-0.0605598854091909,no_prior
-628.6644897460938,z4,-0.0591258959408224,no_prior
-624.7556762695312,z4,-0.0578328275973592,no_prior
-620.846923828125,z4,-0.0571510688546085,no_prior
-616.9381103515625,z4,-0.0571433214370534,no_prior
-613.029296875,z4,-0.0576353294663802,no_prior
-609.1205444335938,z4,-0.0582889083932061,no_prior
-605.2117309570312,z4,-0.0587921128855776,no_prior
-601.3029174804688,z4,-0.0591228283764763,no_prior
-597.3941650390625,z4,-0.0598643506808356,no_prior
-593.4853515625,z4,-0.0614085048433758,no_prior
-589.5765380859375,z4,-0.0637438808354747,no_prior
-585.667724609375,z4,-0.066531334962391,no_prior
-581.7589721679688,z4,-0.06959632415865,no_prior
-577.8501586914062,z4,-0.0726926634880205,no_prior
-573.9413452148438,z4,-0.0756374326291431,no_prior
-570.0325927734375,z4,-0.0784353072358096,no_prior
-566.123779296875,z4,-0.0812809657177542,no_prior
-562.2149658203125,z4,-0.0841385680121058,no_prior
-558.3062133789062,z4,-0.0868735115418224,no_prior
-554.3973999023438,z4,-0.0894877405786451,no_prior
-550.4885864257812,z4,-0.0917722645456831,no_prior
-546.579833984375,z4,-0.0934317979352801,no_prior
-542.6710205078125,z4,-0.094453168950502,no_prior
-538.76220703125,z4,-0.0951069895786372,no_prior
-534.8533935546875,z4,-0.0957194260691155,no_prior
-530.9446411132812,z4,-0.0968905139405583,no_prior
-527.0358276367188,z4,-0.0990794804284573,no_prior
-523.1270141601562,z4,-0.1021287898562565,no_prior
-519.21826171875,z4,-0.1054449187181074,no_prior
-515.3094482421875,z4,-0.1083818111521402,no_prior
-511.4006652832031,z4,-0.110632151489449,no_prior
-507.4918518066406,z4,-0.1122346507575955,no_prior
-503.58306884765625,z4,-0.1134682962775956,no_prior
-499.67425537109375,z4,-0.1143085184759264,no_prior
-495.7654724121094,z4,-0.1144768958351731,no_prior
-491.856689453125,z4,-0.1139489963536167,no_prior
-487.9478759765625,z4,-0.1128725048224192,no_prior
-484.0390930175781,z4,-0.1112516873045188,no_prior
-480.1302795410156,z4,-0.109071622177525,no_prior
-476.2214965820313,z4,-0.1067639984188248,no_prior
-472.3127136230469,z4,-0.1050020927863953,no_prior
-468.4039001464844,z4,-0.1042078165650149,no_prior
-464.4951171875,z4,-0.104274257663261,no_prior
-460.5863342285156,z4,-0.1046999697952177,no_prior
-456.6775207519531,z4,-0.104906104661522,no_prior
-452.7687377929687,z4,-0.1046129325038208,no_prior
-448.85992431640625,z4,-0.1037783030394653,no_prior
-444.9511413574219,z4,-0.1028333567325864,no_prior
-441.0423583984375,z4,-0.1027697464834209,no_prior
-437.133544921875,z4,-0.1042686177456406,no_prior
-433.2247619628906,z4,-0.1069975745636728,no_prior
-429.3159484863281,z4,-0.1101018716596425,no_prior
-425.40716552734375,z4,-0.1126866170728934,no_prior
-421.4983825683594,z4,-0.1139549866400363,no_prior
-417.5895690917969,z4,-0.1134117329190109,no_prior
-413.6807861328125,z4,-0.1114522468801498,no_prior
-409.77197265625,z4,-0.1090127115566761,no_prior
-405.8631896972656,z4,-0.1069067134096948,no_prior
-401.9544067382813,z4,-0.1054386899447684,no_prior
-398.0455932617187,z4,-0.1049056142403409,no_prior
-394.1368103027344,z4,-0.105541932429007,no_prior
-390.22802734375,z4,-0.1069154448946048,no_prior
-386.3192138671875,z4,-0.1080459583620323,no_prior
-382.4104309082031,z4,-0.1078929511654185,no_prior
-378.5016174316406,z4,-0.1060360838919706,no_prior
-374.59283447265625,z4,-0.1025901158663257,no_prior
-370.6840515136719,z4,-0.0980990183187909,no_prior
-366.7752380371094,z4,-0.0932627532157958,no_prior
-362.866455078125,z4,-0.0887082038946534,no_prior
-358.9576416015625,z4,-0.0845586535103338,no_prior
-355.0488586425781,z4,-0.0807103840410147,no_prior
-351.14007568359375,z4,-0.0767296538968193,no_prior
-347.23126220703125,z4,-0.0720028615972683,no_prior
-343.3224792480469,z4,-0.0662973652664417,no_prior
-339.4136657714844,z4,-0.0601227917230833,no_prior
-335.5048828125,z4,-0.0543787339091695,no_prior
-331.5960998535156,z4,-0.0499565401031623,no_prior
-327.6872863769531,z4,-0.0476537753147516,no_prior
-323.77850341796875,z4,-0.0476430175643966,no_prior
-319.8697204589844,z4,-0.0493745980525744,no_prior
-315.9609069824219,z4,-0.0518437870781683,no_prior
-312.0521240234375,z4,-0.0539821564572194,no_prior
-308.143310546875,z4,-0.0551679308626729,no_prior
-304.2345275878906,z4,-0.0553132484021624,no_prior
-300.32574462890625,z4,-0.0546975295435102,no_prior
-296.41693115234375,z4,-0.0538864175895621,no_prior
-292.5081481933594,z4,-0.0531990117739955,no_prior
-288.5993347167969,z4,-0.0521989914048047,no_prior
-284.6905517578125,z4,-0.0501292882855254,no_prior
-280.7817687988281,z4,-0.0463970518803607,no_prior
-276.8729553222656,z4,-0.0411743845445762,no_prior
-272.96417236328125,z4,-0.0354097053632456,no_prior
-269.0553894042969,z4,-0.0301371391045316,no_prior
-265.1465759277344,z4,-0.0260523512406927,no_prior
-261.23779296875,z4,-0.0233075913054379,no_prior
-257.3289794921875,z4,-0.0220987377437433,no_prior
-253.42019653320312,z4,-0.022475805606318,no_prior
-249.5113983154297,z4,-0.023690213074153,no_prior
-245.60260009765625,z4,-0.0248561021785095,no_prior
-241.69381713867188,z4,-0.0253188004056242,no_prior
-237.78501892089844,z4,-0.0247916153907305,no_prior
-233.876220703125,z4,-0.0236260693352788,no_prior
-229.96742248535156,z4,-0.0225710014448183,no_prior
-226.0586395263672,z4,-0.0219695519403861,no_prior
-222.14984130859375,z4,-0.021667927027632,no_prior
-218.2410430908203,z4,-0.0211820656073508,no_prior
-214.33224487304688,z4,-0.0197409566187422,no_prior
-210.42344665527344,z4,-0.016848952497595,no_prior
-206.51466369628903,z4,-0.0127806037414839,no_prior
-202.6058654785156,z4,-0.008460856147794,no_prior
-198.6970672607422,z4,-0.0049171018113349,no_prior
-194.78826904296875,z4,-0.0026755120160061,no_prior
-190.8794860839844,z4,-0.0017246850126925,no_prior
-186.97068786621097,z4,-0.0014477999960816,no_prior
-183.0618896484375,z4,-0.0009369719022689,no_prior
-179.15309143066406,z4,0.0005211865162508,no_prior
-175.24429321289062,z4,0.0029408242539304,no_prior
-171.33551025390625,z4,0.0054295086378132,no_prior
-167.4267120361328,z4,0.0069423796470881,no_prior
-163.51791381835938,z4,0.0068189586294943,no_prior
-159.60911560058594,z4,0.0050955382272333,no_prior
-155.70033264160156,z4,0.002451985871461,no_prior
-151.79153442382812,z4,-0.0002975934413707,no_prior
-147.8827362060547,z4,-0.0025242248248232,no_prior
-143.97393798828125,z4,-0.0040883210142912,no_prior
-140.0651397705078,z4,-0.0052444285917253,no_prior
-136.15635681152344,z4,-0.0063917178411391,no_prior
-132.24755859375,z4,-0.0075860306413519,no_prior
-128.33876037597656,z4,-0.0080367753966706,no_prior
-124.42996978759766,z4,-0.0065832601494915,no_prior
-120.52117156982422,z4,-0.0025922280721785,no_prior
-116.61238098144533,z4,0.0037134305420839,no_prior
-112.70358276367188,z4,0.0110659471208108,no_prior
-108.79478454589844,z4,0.0174378330731297,no_prior
-104.88599395751952,z4,0.0213330972409625,no_prior
-100.9771957397461,z4,0.0223058356666772,no_prior
-97.0684051513672,z4,0.0208508306808095,no_prior
-93.15960693359376,z4,0.0183870321157967,no_prior
-89.25081634521484,z4,0.0163751559236235,no_prior
-85.3420181274414,z4,0.0156363707724631,no_prior
-81.4332275390625,z4,0.0164125441888231,no_prior
-77.52442932128906,z4,0.0182876612510934,no_prior
-73.61563873291016,z4,0.020189691227672,no_prior
-69.70684051513672,z4,0.0209142543482471,no_prior
-65.79804229736328,z4,0.01995614981036,no_prior
-61.889251708984375,z4,0.0179236577741604,no_prior
-57.9804573059082,z4,0.0158478751611756,no_prior
-54.07166290283203,z4,0.0150702487186083,no_prior
-50.162864685058594,z4,0.0168747305662592,no_prior
-46.25407028198242,z4,0.0212735216467641,no_prior
-42.34527587890625,z4,0.0269999317882397,no_prior
-38.43648147583008,z4,0.0328250622176574,no_prior
-34.527687072753906,z4,0.0380024333560099,no_prior
-30.618892669677734,z4,0.0424304577166153,no_prior
-26.71009826660156,z4,0.0464186435679004,no_prior
-22.80130386352539,z4,0.0498787714580813,no_prior
-18.892507553100582,z4,0.0523222384770018,no_prior
-14.983713150024414,z4,0.0536105281715519,no_prior
-11.074918746948242,z4,0.0541008069801164,no_prior
-7.166123867034912,z4,0.0540131000914801,no_prior
-3.257328987121582,z4,0.0535327574857411,no_prior
0.6514657735824585,z4,0.0527758259431236,no_prior
4.560260772705078,z4,0.0516268512469847,no_prior
8.46905517578125,z4,0.0500197840323218,no_prior
12.377850532531738,z4,0.0480380309498517,no_prior
16.286645889282227,z4,0.045576354797377,no_prior
20.1954402923584,z4,0.0425030304102274,no_prior
24.10423469543457,z4,0.0389112090401955,no_prior
28.013029098510746,z4,0.0352911508653873,no_prior
31.92182350158691,z4,0.032405858829012,no_prior
35.83061981201172,z4,0.0307503431702094,no_prior
39.73941421508789,z4,0.0305905473441971,no_prior
43.64820861816406,z4,0.0320332517049904,no_prior
47.557003021240234,z4,0.0348318522188211,no_prior
51.465797424316406,z4,0.0381838746270592,no_prior
55.37459182739258,z4,0.0407599095818419,no_prior
59.28338623046875,z4,0.04152639474586,no_prior
63.19218063354492,z4,0.0403786366216097,no_prior
67.1009750366211,z4,0.0381522750882326,no_prior
71.00977325439453,z4,0.0359556567160086,no_prior
74.91856384277344,z4,0.034526177016554,no_prior
78.82736206054688,z4,0.0337529688831709,no_prior
82.73615264892578,z4,0.0326114702845555,no_prior
86.64495086669922,z4,0.030063504744879,no_prior
90.55374908447266,z4,0.0257977281829553,no_prior
94.46253967285156,z4,0.0201621806856217,no_prior
98.371337890625,z4,0.0141037285053006,no_prior
102.2801284790039,z4,0.008753178739918,no_prior
106.18892669677734,z4,0.005481533890039,no_prior
110.09771728515624,z4,0.0051041396706906,no_prior
114.00651550292967,z4,0.007276496159945,no_prior
117.9153060913086,z4,0.0110212679892741,no_prior
121.82410430908205,z4,0.0154251144908119,no_prior
125.73290252685548,z4,0.0196701973282103,no_prior
129.64169311523438,z4,0.0231039250801672,no_prior
133.5504913330078,z4,0.0252768498428592,no_prior
137.45928955078125,z4,0.0263263996496017,no_prior
141.36807250976562,z4,0.0268991033351895,no_prior
145.27687072753906,z4,0.0275054557098816,no_prior
149.1856689453125,z4,0.0283003734766418,no_prior
153.09446716308594,z4,0.0293988115615572,no_prior
157.0032501220703,z4,0.0308807228796316,no_prior
160.91204833984375,z4,0.032377356391364,no_prior
164.8208465576172,z4,0.0332031435070249,no_prior
168.72964477539062,z4,0.0328329130814584,no_prior
172.63844299316406,z4,0.0313620768762316,no_prior
176.54722595214844,z4,0.0293242692613678,no_prior
180.45602416992188,z4,0.027019293100707,no_prior
184.3648223876953,z4,0.024332003842349,no_prior
188.27362060546875,z4,0.0209805435498362,no_prior
192.18240356445312,z4,0.0171148406958622,no_prior
196.09120178222656,z4,0.013132938071127,no_prior
200.0,z4,0.0092879665884497,no_prior
-1000.0,z5,0.0041903278558906,no_prior
-996.0911865234376,z5,0.0032024187458496,no_prior
-992.1824340820312,z5,0.0019788437559636,no_prior
-988.2736206054688,z5,0.0002324385240131,no_prior
-984.3648071289062,z5,-0.0021065149288267,no_prior
-980.4560546875,z5,-0.0049107304255849,no_prior
-976.5472412109376,z5,-0.0078447972401618,no_prior
-972.638427734375,z5,-0.0105122073458373,no_prior
-968.7296142578124,z5,-0.0124940144548749,no_prior
-964.8208618164062,z5,-0.0134822338527293,no_prior
-960.9120483398438,z5,-0.0134798243159339,no_prior
-957.0032348632812,z5,-0.0129121656236724,no_prior
-953.094482421875,z5,-0.0123750311081758,no_prior
-949.1856689453124,z5,-0.0124092531708778,no_prior
-945.27685546875,z5,-0.0133033199624891,no_prior
-941.3681030273438,z5,-0.0150817160366795,no_prior
-937.4592895507812,z5,-0.017719944737951,no_prior
-933.5504760742188,z5,-0.0211047855095833,no_prior
-929.6417236328124,z5,-0.0249320540732611,no_prior
-925.73291015625,z5,-0.0287827825172909,no_prior
-921.8240966796876,z5,-0.0322931787047485,no_prior
-917.915283203125,z5,-0.0352785551931983,no_prior
-914.0065307617188,z5,-0.0376793613541494,no_prior
-910.0977172851562,z5,-0.0396031592815548,no_prior
-906.1889038085938,z5,-0.0412405232802686,no_prior
-902.2801513671876,z5,-0.0426448263548948,no_prior
-898.371337890625,z5,-0.0437778271082148,no_prior
-894.4625244140625,z5,-0.0445793636888202,no_prior
-890.5537719726562,z5,-0.0450338068783478,no_prior
-886.6449584960938,z5,-0.0451648835330087,no_prior
-882.7361450195312,z5,-0.0451246205029618,no_prior
-878.8273315429688,z5,-0.0449891116381911,no_prior
-874.9185791015625,z5,-0.0446048604570614,no_prior
-871.009765625,z5,-0.0438383746871291,no_prior
-867.1009521484375,z5,-0.042820218415727,no_prior
-863.1921997070312,z5,-0.0421671199866908,no_prior
-859.2833862304688,z5,-0.0425488482697055,no_prior
-855.3745727539062,z5,-0.0444915248281417,no_prior
-851.4658203125,z5,-0.0482624660640986,no_prior
-847.5570068359375,z5,-0.0537284793999942,no_prior
-843.648193359375,z5,-0.0601487231832076,no_prior
-839.7394409179688,z5,-0.0665169809562193,no_prior
-835.8306274414062,z5,-0.0719447974245385,no_prior
-831.9218139648438,z5,-0.0759804234403019,no_prior
-828.0130004882812,z5,-0.078828899558571,no_prior
-824.104248046875,z5,-0.0809562675490669,no_prior
-820.1954345703125,z5,-0.0827290133817836,no_prior
-816.28662109375,z5,-0.0843045506034788,no_prior
-812.3778686523438,z5,-0.0855682785346187,no_prior
-808.4690551757812,z5,-0.0861797098167585,no_prior
-804.5602416992188,z5,-0.086002737517787,no_prior
-800.6514892578125,z5,-0.0852201894150216,no_prior
-796.74267578125,z5,-0.0842935025840464,no_prior
-792.8338623046875,z5,-0.0836387692070832,no_prior
-788.9251098632812,z5,-0.0833710112264282,no_prior
-785.0162963867188,z5,-0.0831879552378642,no_prior
-781.1074829101562,z5,-0.0827082506984162,no_prior
-777.1986694335938,z5,-0.0817060644038814,no_prior
-773.2899169921875,z5,-0.080290826269196,no_prior
-769.381103515625,z5,-0.0790323388524689,no_prior
-765.4722900390625,z5,-0.0787392706686431,no_prior
-761.5635375976562,z5,-0.0802228127056343,no_prior
-757.6547241210938,z5,-0.0839464768756514,no_prior
-753.7459106445312,z5,-0.0896622336258842,no_prior
-749.837158203125,z5,-0.0964530130118898,no_prior
-745.9283447265625,z5,-0.1029158341512165,no_prior
-742.01953125,z5,-0.1077277118224944,no_prior
-738.1107788085938,z5,-0.1102252651434586,no_prior
-734.2019653320312,z5,-0.1106233622687182,no_prior
-730.2931518554688,z5,-0.1099729854200674,no_prior
-726.3843383789062,z5,-0.1092896578169196,no_prior
-722.4755859375,z5,-0.1089568845860252,no_prior
-718.5667724609375,z5,-0.1088268189190671,no_prior
-714.657958984375,z5,-0.1086327146150082,no_prior
-710.7492065429688,z5,-0.108140777511928,no_prior
-706.8403930664062,z5,-0.1072121673629226,no_prior
-702.9315795898438,z5,-0.1059757873434599,no_prior
-699.0228271484375,z5,-0.1050180839398202,no_prior
-695.114013671875,z5,-0.1051455632367768,no_prior
-691.2052001953125,z5,-0.1068472122912367,no_prior
-687.29638671875,z5,-0.1099496052504507,no_prior
-683.3876342773438,z5,-0.113623233382682,no_prior
-679.4788208007812,z5,-0.1168043744850694,no_prior
-675.5700073242188,z5,-0.118682626279553,no_prior
-671.6612548828125,z5,-0.1191319563976744,no_prior
-667.75244140625,z5,-0.1186787834833106,no_prior
-663.8436279296875,z5,-0.1179957227462847,no_prior
-659.9348754882812,z5,-0.1176180530441683,no_prior
-656.0260620117188,z5,-0.1177717393574305,no_prior
-652.1172485351562,z5,-0.118280658935352,no_prior
-648.20849609375,z5,-0.1186544934788772,no_prior
-644.2996826171875,z5,-0.1184634657682647,no_prior
-640.390869140625,z5,-0.1174550903437367,no_prior
-636.4820556640625,z5,-0.1156354068314083,no_prior
-632.5733032226562,z5,-0.1134691776148208,no_prior
-628.6644897460938,z5,-0.1117242527103261,no_prior
-624.7556762695312,z5,-0.1107923205418839,no_prior
-620.846923828125,z5,-0.1105944207682132,no_prior
-616.9381103515625,z5,-0.1107250200199315,no_prior
-613.029296875,z5,-0.1107162993894062,no_prior
-609.1205444335938,z5,-0.1103077138665857,no_prior
-605.2117309570312,z5,-0.1093680616344782,no_prior
-601.3029174804688,z5,-0.1080480765628229,no_prior
-597.3941650390625,z5,-0.1069071979745979,no_prior
-593.4853515625,z5,-0.1065996974772791,no_prior
-589.5765380859375,z5,-0.107445467100489,no_prior
-585.667724609375,z5,-0.1093554489473776,no_prior
-581.7589721679688,z5,-0.1118498217446448,no_prior
-577.8501586914062,z5,-0.1141680410378761,no_prior
-573.9413452148438,z5,-0.1156583450477817,no_prior
-570.0325927734375,z5,-0.1161898911595769,no_prior
-566.123779296875,z5,-0.1159859574590472,no_prior
-562.2149658203125,z5,-0.1154664928348164,no_prior
-558.3062133789062,z5,-0.115013509127655,no_prior
-554.3973999023438,z5,-0.114725942161699,no_prior
-550.4885864257812,z5,-0.1143007557736099,no_prior
-546.579833984375,z5,-0.1133058545227213,no_prior
-542.6710205078125,z5,-0.1114204854572787,no_prior
-538.76220703125,z5,-0.1087120921470333,no_prior
-534.8533935546875,z5,-0.105758737538252,no_prior
-530.9446411132812,z5,-0.1033683747917474,no_prior
-527.0358276367188,z5,-0.1022444192808872,no_prior
-523.1270141601562,z5,-0.1026731669502528,no_prior
-519.21826171875,z5,-0.1042346800607966,no_prior
-515.3094482421875,z5,-0.1059529042893917,no_prior
-511.4006652832031,z5,-0.1068716378348373,no_prior
-507.4918518066406,z5,-0.1066133161334426,no_prior
-503.58306884765625,z5,-0.1053722582222859,no_prior
-499.67425537109375,z5,-0.1035775345477818,no_prior
-495.7654724121094,z5,-0.101774787566359,no_prior
-491.856689453125,z5,-0.1002232374064507,no_prior
-487.9478759765625,z5,-0.0985704903233013,no_prior
-484.0390930175781,z5,-0.0963054083763912,no_prior
-480.1302795410156,z5,-0.0932801225633911,no_prior
-476.2214965820313,z5,-0.0897480801312898,no_prior
-472.3127136230469,z5,-0.0861776608829285,no_prior
-468.4039001464844,z5,-0.083044905541725,no_prior
-464.4951171875,z5,-0.080774629366373,no_prior
-460.5863342285156,z5,-0.0794584918103073,no_prior
-456.6775207519531,z5,-0.0787319530245602,no_prior
-452.7687377929687,z5,-0.0779493637975651,no_prior
-448.85992431640625,z5,-0.0764971373951434,no_prior
-444.9511413574219,z5,-0.0740746027687726,no_prior
-441.0423583984375,z5,-0.0708399485474097,no_prior
-437.133544921875,z5,-0.0672314879634165,no_prior
-433.2247619628906,z5,-0.0637480401472805,no_prior
-429.3159484863281,z5,-0.0606730838739421,no_prior
-425.40716552734375,z5,-0.058072819786664,no_prior
-421.4983825683594,z5,-0.0557806112944232,no_prior
-417.5895690917969,z5,-0.0536429573922919,no_prior
-413.6807861328125,z5,-0.0517743938263816,no_prior
-409.77197265625,z5,-0.0504698976709035,no_prior
-405.8631896972656,z5,-0.0498500313370985,no_prior
-401.9544067382813,z5,-0.0496805112419947,no_prior
-398.0455932617187,z5,-0.0494118741510577,no_prior
-394.1368103027344,z5,-0.0483292856527256,no_prior
-390.22802734375,z5,-0.0457917204237066,no_prior
-386.3192138671875,z5,-0.0414935994421096,no_prior
-382.4104309082031,z5,-0.0356890508860886,no_prior
-378.5016174316406,z5,-0.0290885376644283,no_prior
-374.59283447265625,z5,-0.0224993962941033,no_prior
-370.6840515136719,z5,-0.0164868848527877,no_prior
-366.7752380371094,z5,-0.0111168631940839,no_prior
-362.866455078125,z5,-0.0059059744511887,no_prior
-358.9576416015625,z5,-0.0002419689208587,no_prior
-355.0488586425781,z5,0.0062868745968701,no_prior
-351.14007568359375,z5,0.0136903685058126,no_prior
-347.23126220703125,z5,0.0215631205434431,no_prior
-343.3224792480469,z5,0.0291832172828587,no_prior
-339.4136657714844,z5,0.0356866455335679,no_prior
-335.5048828125,z5,0.040303178060867,no_prior
-331.5960998535156,z5,0.0426990947454192,no_prior
-327.6872863769531,z5,0.0430538217402324,no_prior
-323.77850341796875,z5,0.0419892820880481,no_prior
-319.8697204589844,z5,0.0403478898161535,no_prior
-315.9609069824219,z5,0.0389184782587627,no_prior
-312.0521240234375,z5,0.0382439318590853,no_prior
-308.143310546875,z5,0.0386071015046394,no_prior
-304.2345275878906,z5,0.0400352252982783,no_prior
-300.32574462890625,z5,0.0424339169995227,no_prior
-296.41693115234375,z5,0.0456710949835983,no_prior
-292.5081481933594,z5,0.04953785749639,no_prior
-288.5993347167969,z5,0.0536901293361505,no_prior
-284.6905517578125,z5,0.0577065949129919,no_prior
-280.7817687988281,z5,0.0612167509258277,no_prior
-276.8729553222656,z5,0.0640544034180716,no_prior
-272.96417236328125,z5,0.0661352521066115,no_prior
-269.0553894042969,z5,0.067366476753871,no_prior
-265.1465759277344,z5,0.0676741982218589,no_prior
-261.23779296875,z5,0.0669989614828791,no_prior
-257.3289794921875,z5,0.0654511257150966,no_prior
-253.42019653320312,z5,0.063537276514469,no_prior
-249.5113983154297,z5,0.0619291888252537,no_prior
-245.60260009765625,z5,0.0611348293687117,no_prior
-241.69381713867188,z5,0.0612153987817596,no_prior
-237.78501892089844,z5,0.0618363325802897,no_prior
-233.876220703125,z5,0.0625300200620352,no_prior
-229.96742248535156,z5,0.0630751151913854,no_prior
-226.0586395263672,z5,0.0635728588829384,no_prior
-222.14984130859375,z5,0.0643700697681429,no_prior
-218.2410430908203,z5,0.0658421441715842,no_prior
-214.33224487304688,z5,0.0680969775059803,no_prior
-210.42344665527344,z5,0.0708403205385305,no_prior
-206.51466369628903,z5,0.0735525150085958,no_prior
-202.6058654785156,z5,0.075770373570747,no_prior
-198.6970672607422,z5,0.0773467629263912,no_prior
-194.78826904296875,z5,0.0784463492974746,no_prior
-190.8794860839844,z5,0.0794297361618944,no_prior
-186.97068786621097,z5,0.0806734243675822,no_prior
-183.0618896484375,z5,0.0823745640052329,no_prior
-179.15309143066406,z5,0.0844162661955054,no_prior
-175.24429321289062,z5,0.0864152598105085,no_prior
-171.33551025390625,z5,0.0879377132321672,no_prior
-167.4267120361328,z5,0.088829021837392,no_prior
-163.51791381835938,z5,0.0892644689357699,no_prior
-159.60911560058594,z5,0.0894874557977239,no_prior
-155.70033264160156,z5,0.0895904943036117,no_prior
-151.79153442382812,z5,0.0895446941811458,no_prior
-147.8827362060547,z5,0.0892499170025118,no_prior
-143.97393798828125,z5,0.0884908998465387,no_prior
-140.0651397705078,z5,0.087180617953497,no_prior
-136.15635681152344,z5,0.0856927318028322,no_prior
-132.24755859375,z5,0.0848355162268935,no_prior
-128.33876037597656,z5,0.0854778475113901,no_prior
-124.42996978759766,z5,0.0882030292557379,no_prior
-120.52117156982422,z5,0.0930123818204379,no_prior
-116.61238098144533,z5,0.0991990533743861,no_prior
-112.70358276367188,z5,0.1055776567953565,no_prior
-108.79478454589844,z5,0.1108626992021226,no_prior
-104.88599395751952,z5,0.1140703296538508,no_prior
-100.9771957397461,z5,0.11482868124166,no_prior
-97.0684051513672,z5,0.1135811317341218,no_prior
-93.15960693359376,z5,0.1113217003774071,no_prior
-89.25081634521484,z5,0.1090776429959317,no_prior
-85.3420181274414,z5,0.1076231164620122,no_prior
-81.4332275390625,z5,0.1072299445151233,no_prior
-77.52442932128906,z5,0.1076824270225036,no_prior
-73.61563873291016,z5,0.1085234412882035,no_prior
-69.70684051513672,z5,0.1094423651286401,no_prior
-65.79804229736328,z5,0.1104602212521287,no_prior
-61.889251708984375,z5,0.1117536635810067,no_prior
-57.9804573059082,z5,0.1135663943901554,no_prior
-54.07166290283203,z5,0.1161731720476568,no_prior
-50.162864685058594,z5,0.1195350730407957,no_prior
-46.25407028198242,z5,0.1231604421893266,no_prior
-42.34527587890625,z5,0.1264622819864552,no_prior
-38.43648147583008,z5,0.1292010371286852,no_prior
-34.527687072753906,z5,0.131559119730953,no_prior
-30.618892669677734,z5,0.1337932800004417,no_prior
-26.71009826660156,z5,0.1360611596177861,no_prior
-22.80130386352539,z5,0.1384811130893918,no_prior
-18.892507553100582,z5,0.1409813114904692,no_prior
-14.983713150024414,z5,0.1430881867631386,no_prior
-11.074918746948242,z5,0.1441419453614168,no_prior
-7.166123867034912,z5,0.1436198341518539,no_prior
-3.257328987121582,z5,0.1414841610653959,no_prior
0.6514657735824585,z5,0.1382604668680708,no_prior
4.560260772705078,z5,0.1347755916491371,no_prior
8.46905517578125,z5,0.1317391143961642,no_prior
12.377850532531738,z5,0.1294001958331311,no_prior
16.286645889282227,z5,0.1274854163188993,no_prior
20.1954402923584,z5,0.1255055974796993,no_prior
24.10423469543457,z5,0.1230180572299632,no_prior
28.013029098510746,z5,0.1198096015254676,no_prior
31.92182350158691,z5,0.1161408306771986,no_prior
35.83061981201172,z5,0.1128327669819915,no_prior
39.73941421508789,z5,0.1108152392479874,no_prior
43.64820861816406,z5,0.1105555667731412,no_prior
47.557003021240234,z5,0.1117457326337631,no_prior
51.465797424316406,z5,0.1134021167548634,no_prior
55.37459182739258,z5,0.1143816322185606,no_prior
59.28338623046875,z5,0.1138754026360554,no_prior
63.19218063354492,z5,0.1116208096726122,no_prior
67.1009750366211,z5,0.1079430548941917,no_prior
71.00977325439453,z5,0.1036778039206491,no_prior
74.91856384277344,z5,0.0997092210218061,no_prior
78.82736206054688,z5,0.0963460286293719,no_prior
82.73615264892578,z5,0.0931828801057522,no_prior
86.64495086669922,z5,0.0895382785653944,no_prior
90.55374908447266,z5,0.0849401184158927,no_prior
94.46253967285156,z5,0.0793454474721812,no_prior
98.371337890625,z5,0.073305049059775,no_prior
102.2801284790039,z5,0.0680159057502117,no_prior
106.18892669677734,z5,0.0648535590499932,no_prior
110.09771728515624,z5,0.0646370066187824,no_prior
114.00651550292967,z5,0.0670892163142243,no_prior
117.9153060913086,z5,0.0709476071196034,no_prior
121.82410430908205,z5,0.0745466090603264,no_prior
125.73290252685548,z5,0.0764714557433895,no_prior
129.64169311523438,z5,0.0762604877309645,no_prior
133.5504913330078,z5,0.0746230764077663,no_prior
137.45928955078125,z5,0.0728551004972909,no_prior
141.36807250976562,z5,0.0720139618517045,no_prior
145.27687072753906,z5,0.0723459324263052,no_prior
149.1856689453125,z5,0.0733378768948475,no_prior
153.09446716308594,z5,0.0740876213334441,no_prior
157.0032501220703,z5,0.0737426440902176,no_prior
160.91204833984375,z5,0.0720975356798067,no_prior
164.8208465576172,z5,0.0698115170642073,no_prior
168.72964477539062,z5,0.0678645510478514,no_prior
172.63844299316406,z5,0.0668282111969034,no_prior
176.54722595214844,z5,0.0664311545357359,no_prior
180.45602416992188,z5,0.065740985145141,no_prior
184.3648223876953,z5,0.0637945688529039,no_prior
188.27362060546875,z5,0.0600257215887125,no_prior
192.18240356445312,z5,0.0544524548679196,no_prior
196.09120178222656,z5,0.0480085440633638,no_prior
200.0,z5,0.0421288493776908,no_prior
-1000.0,z1,0.0262410107629048,cpp_prior
-996.0911865234376,z1,0.038630511049225,cpp_prior
-992.1824340820312,z1,0.0386153106271617,cpp_prior
-988.2736206054688,z1,0.036000040597406,cpp_prior
-984.3648071289062,z1,0.0338899793840338,cpp_prior
-980.4560546875,z1,0.032208121443406,cpp_prior
-976.5472412109376,z1,0.0306468588916054,cpp_prior
-972.638427734375,z1,0.0287939225401861,cpp_prior
-968.7296142578124,z1,0.0265200156655474,cpp_prior
-964.8208618164062,z1,0.0244888953305915,cpp_prior
-960.9120483398438,z1,0.0229942106316534,cpp_prior
-957.0032348632812,z1,0.0220761645861701,cpp_prior
-953.094482421875,z1,0.0210375243711881,cpp_prior
-949.1856689453124,z1,0.0193201767275055,cpp_prior
-945.27685546875,z1,0.0174601519285952,cpp_prior
-941.3681030273438,z1,0.0158987016225104,cpp_prior
-937.4592895507812,z1,0.0149574606254906,cpp_prior
-933.5504760742188,z1,0.014331432442115,cpp_prior
-929.6417236328124,z1,0.0132696771188179,cpp_prior
-925.73291015625,z1,0.0114683402030578,cpp_prior
-921.8240966796876,z1,0.0092034580147128,cpp_prior
-917.915283203125,z1,0.0070669516541011,cpp_prior
-914.0065307617188,z1,0.0046310877723385,cpp_prior
-910.0977172851562,z1,0.0012218029630411,cpp_prior
-906.1889038085938,z1,-0.0029556509131713,cpp_prior
-902.2801513671876,z1,-0.0077938360186409,cpp_prior
-898.371337890625,z1,-0.0122115180639433,cpp_prior
-894.4625244140625,z1,-0.0153957249970867,cpp_prior
-890.5537719726562,z1,-0.0181748771200453,cpp_prior
-886.6449584960938,z1,-0.0214258626583874,cpp_prior
-882.7361450195312,z1,-0.0251930856960209,cpp_prior
-878.8273315429688,z1,-0.0294773035658751,cpp_prior
-874.9185791015625,z1,-0.0339690586402899,cpp_prior
-871.009765625,z1,-0.0378177960872269,cpp_prior
-867.1009521484375,z1,-0.0405637131775571,cpp_prior
-863.1921997070312,z1,-0.0419601893165524,cpp_prior
-859.2833862304688,z1,-0.0422724199958938,cpp_prior
-855.3745727539062,z1,-0.0418534147223127,cpp_prior
-851.4658203125,z1,-0.0409041253844852,cpp_prior
-847.5570068359375,z1,-0.0398163835648611,cpp_prior
-843.648193359375,z1,-0.0395513911612811,cpp_prior
-839.7394409179688,z1,-0.0398506213137099,cpp_prior
-835.8306274414062,z1,-0.0402042163174769,cpp_prior
-831.9218139648438,z1,-0.0408898284912466,cpp_prior
-828.0130004882812,z1,-0.042279970461984,cpp_prior
-824.104248046875,z1,-0.0444686458260345,cpp_prior
-820.1954345703125,z1,-0.0471521142357858,cpp_prior
-816.28662109375,z1,-0.0494506608221939,cpp_prior
-812.3778686523438,z1,-0.0513470505338201,cpp_prior
-808.4690551757812,z1,-0.0537648063767817,cpp_prior
-804.5602416992188,z1,-0.0565346963621642,cpp_prior
-800.6514892578125,z1,-0.0598110665726219,cpp_prior
-796.74267578125,z1,-0.0630641678751449,cpp_prior
-792.8338623046875,z1,-0.065916845225889,cpp_prior
-788.9251098632812,z1,-0.0685898531036918,cpp_prior
-785.0162963867188,z1,-0.0715862613555725,cpp_prior
-781.1074829101562,z1,-0.0751723883065376,cpp_prior
-777.1986694335938,z1,-0.0797011564611619,cpp_prior
-773.2899169921875,z1,-0.0845951789360604,cpp_prior
-769.381103515625,z1,-0.0889902276166772,cpp_prior
-765.4722900390625,z1,-0.0926093853883906,cpp_prior
-761.5635375976562,z1,-0.0947388245445317,cpp_prior
-757.6547241210938,z1,-0.094965306567104,cpp_prior
-753.7459106445312,z1,-0.0936989302668096,cpp_prior
-749.837158203125,z1,-0.0915494817190046,cpp_prior
-745.9283447265625,z1,-0.0901692078588403,cpp_prior
-742.01953125,z1,-0.0908674525141654,cpp_prior
-738.1107788085938,z1,-0.0933416484784861,cpp_prior
-734.2019653320312,z1,-0.0963844584023037,cpp_prior
-730.2931518554688,z1,-0.0983614173799628,cpp_prior
-726.3843383789062,z1,-0.0985164724113084,cpp_prior
-722.4755859375,z1,-0.0971247142572951,cpp_prior
-718.5667724609375,z1,-0.0953220935153167,cpp_prior
-714.657958984375,z1,-0.0945892610265083,cpp_prior
-710.7492065429688,z1,-0.0956401138492474,cpp_prior
-706.8403930664062,z1,-0.0975059124865932,cpp_prior
-702.9315795898438,z1,-0.098378872748166,cpp_prior
-699.0228271484375,z1,-0.0967243836920905,cpp_prior
-695.114013671875,z1,-0.0930737146919562,cpp_prior
-691.2052001953125,z1,-0.0890764280316977,cpp_prior
-687.29638671875,z1,-0.0859780505624663,cpp_prior
-683.3876342773438,z1,-0.0845436299553602,cpp_prior
-679.4788208007812,z1,-0.0844961853788079,cpp_prior
-675.5700073242188,z1,-0.0856085897860684,cpp_prior
-671.6612548828125,z1,-0.0878887225119127,cpp_prior
-667.75244140625,z1,-0.0902787393436703,cpp_prior
-663.8436279296875,z1,-0.0917031685585434,cpp_prior
-659.9348754882812,z1,-0.0921520754823232,cpp_prior
-656.0260620117188,z1,-0.0917559377167025,cpp_prior
-652.1172485351562,z1,-0.0901336978413486,cpp_prior
-648.20849609375,z1,-0.0880049799415392,cpp_prior
-644.2996826171875,z1,-0.0868120708974536,cpp_prior
-640.390869140625,z1,-0.0873805577052479,cpp_prior
-636.4820556640625,z1,-0.0890189599314592,cpp_prior
-632.5733032226562,z1,-0.090619971046101,cpp_prior
-628.6644897460938,z1,-0.0915507747315772,cpp_prior
-624.7556762695312,z1,-0.0910708942797088,cpp_prior
-620.846923828125,z1,-0.088681072545958,cpp_prior
-616.9381103515625,z1,-0.0853808255978194,cpp_prior
-613.029296875,z1,-0.0830792542896895,cpp_prior
-609.1205444335938,z1,-0.0824189948880387,cpp_prior
-605.2117309570312,z1,-0.0823831270576713,cpp_prior
-601.3029174804688,z1,-0.0816726642725937,cpp_prior
-597.3941650390625,z1,-0.0797217766189468,cpp_prior
-593.4853515625,z1,-0.0760884426559548,cpp_prior
-589.5765380859375,z1,-0.0710835842783727,cpp_prior
-585.667724609375,z1,-0.0652400023141968,cpp_prior
-581.7589721679688,z1,-0.059747291268874,cpp_prior
-577.8501586914062,z1,-0.0562629061488621,cpp_prior
-573.9413452148438,z1,-0.054915949638286,cpp_prior
-570.0325927734375,z1,-0.0543615423429966,cpp_prior
-566.123779296875,z1,-0.0541349857347531,cpp_prior
-562.2149658203125,z1,-0.0537123762319884,cpp_prior
-558.3062133789062,z1,-0.0524250698196891,cpp_prior
-554.3973999023438,z1,-0.0504938309633948,cpp_prior
-550.4885864257812,z1,-0.0483864160041651,cpp_prior
-546.579833984375,z1,-0.0459193536268669,cpp_prior
-542.6710205078125,z1,-0.0434189449335635,cpp_prior
-538.76220703125,z1,-0.0408774434139242,cpp_prior
-534.8533935546875,z1,-0.0373627460893273,cpp_prior
-530.9446411132812,z1,-0.032580236215729,cpp_prior
-527.0358276367188,z1,-0.0272251316520512,cpp_prior
-523.1270141601562,z1,-0.0221289127678104,cpp_prior
-519.21826171875,z1,-0.0181252282414337,cpp_prior
-515.3094482421875,z1,-0.0152052807806967,cpp_prior
-511.4006652832031,z1,-0.0127067493542599,cpp_prior
-507.4918518066406,z1,-0.0098008682542604,cpp_prior
-503.58306884765625,z1,-0.0061487628619412,cpp_prior
-499.67425537109375,z1,-0.0025721806454354,cpp_prior
-495.7654724121094,z1,0.0002293301450118,cpp_prior
-491.856689453125,z1,0.0024655087545125,cpp_prior
-487.9478759765625,z1,0.0045076427112031,cpp_prior
-484.0390930175781,z1,0.0067658561052949,cpp_prior
-480.1302795410156,z1,0.0093234097609306,cpp_prior
-476.2214965820313,z1,0.0116976267344099,cpp_prior
-472.3127136230469,z1,0.013574760821349,cpp_prior
-468.4039001464844,z1,0.0150811360453944,cpp_prior
-464.4951171875,z1,0.0167509582232014,cpp_prior
-460.5863342285156,z1,0.0189510497269119,cpp_prior
-456.6775207519531,z1,0.0216204936351468,cpp_prior
-452.7687377929687,z1,0.0240281031460298,cpp_prior
-448.85992431640625,z1,0.025953661526676,cpp_prior
-444.9511413574219,z1,0.0279992148068107,cpp_prior
-441.0423583984375,z1,0.0308252492314781,cpp_prior
-437.133544921875,z1,0.0343839449738548,cpp_prior
-433.2247619628906,z1,0.03878422066015,cpp_prior
-429.3159484863281,z1,0.0443304643173744,cpp_prior
-425.40716552734375,z1,0.0509457925609171,cpp_prior
-421.4983825683594,z1,0.0574777422567952,cpp_prior
-417.5895690917969,z1,0.0628802594850496,cpp_prior
-413.6807861328125,z1,0.0669998217251707,cpp_prior
-409.77197265625,z1,0.070153583757117,cpp_prior
-405.8631896972656,z1,0.0721399060080384,cpp_prior
-401.9544067382813,z1,0.0725376650137209,cpp_prior
-398.0455932617187,z1,0.0712783032077122,cpp_prior
-394.1368103027344,z1,0.0694003626031572,cpp_prior
-390.22802734375,z1,0.0678119155741959,cpp_prior
-386.3192138671875,z1,0.0667859370464026,cpp_prior
-382.4104309082031,z1,0.0668226957972077,cpp_prior
-378.5016174316406,z1,0.0681820163761795,cpp_prior
-374.59283447265625,z1,0.0706114676993232,cpp_prior
-370.6840515136719,z1,0.0734258110880072,cpp_prior
-366.7752380371094,z1,0.0761157820745181,cpp_prior
-362.866455078125,z1,0.0783921981075975,cpp_prior
-358.9576416015625,z1,0.0806705374729268,cpp_prior
-355.0488586425781,z1,0.0830150336613954,cpp_prior
-351.14007568359375,z1,0.0852611314069786,cpp_prior
-347.23126220703125,z1,0.08727295156288,cpp_prior
-343.3224792480469,z1,0.0891939437109812,cpp_prior
-339.4136657714844,z1,0.0911520532341685,cpp_prior
-335.5048828125,z1,0.0932012251433355,cpp_prior
-331.5960998535156,z1,0.0949732853471241,cpp_prior
-327.6872863769531,z1,0.0961873382907672,cpp_prior
-323.77850341796875,z1,0.0969718494508088,cpp_prior
-319.8697204589844,z1,0.0974176985220548,cpp_prior
-315.9609069824219,z1,0.0976484739229435,cpp_prior
-312.0521240234375,z1,0.0977725509143594,cpp_prior
-308.143310546875,z1,0.0975018392919087,cpp_prior
-304.2345275878906,z1,0.0969678838166062,cpp_prior
-300.32574462890625,z1,0.0969011201108255,cpp_prior
-296.41693115234375,z1,0.0978355218600174,cpp_prior
-292.5081481933594,z1,0.0996216845862421,cpp_prior
-288.5993347167969,z1,0.1016945342350982,cpp_prior
-284.6905517578125,z1,0.1034276630784667,cpp_prior
-280.7817687988281,z1,0.1046347316236366,cpp_prior
-276.8729553222656,z1,0.1054039783991027,cpp_prior
-272.96417236328125,z1,0.1061624111433259,cpp_prior
-269.0553894042969,z1,0.1071662090576533,cpp_prior
-265.1465759277344,z1,0.1083255220646605,cpp_prior
-261.23779296875,z1,0.1096662322143753,cpp_prior
-257.3289794921875,z1,0.1109063248030845,cpp_prior
-253.42019653320312,z1,0.1116445577091307,cpp_prior
-249.5113983154297,z1,0.1119500892960388,cpp_prior
-245.60260009765625,z1,0.1119696773152223,cpp_prior
-241.69381713867188,z1,0.1118233300464303,cpp_prior
-237.78501892089844,z1,0.1113815415994373,cpp_prior
-233.876220703125,z1,0.1106368935996244,cpp_prior
-229.96742248535156,z1,0.1094984038537804,cpp_prior
-226.0586395263672,z1,0.1082126821639442,cpp_prior
-222.14984130859375,z1,0.1070832094298237,cpp_prior
-218.2410430908203,z1,0.106331186661562,cpp_prior
-214.33224487304688,z1,0.1059317432954656,cpp_prior
-210.42344665527344,z1,0.1053872668415989,cpp_prior
-206.51466369628903,z1,0.1041806655674176,cpp_prior
-202.6058654785156,z1,0.1022680964273058,cpp_prior
-198.6970672607422,z1,0.1000093511446021,cpp_prior
-194.78826904296875,z1,0.0977351256988636,cpp_prior
-190.8794860839844,z1,0.0955488246149261,cpp_prior
-186.97068786621097,z1,0.0936283592002253,cpp_prior
-183.0618896484375,z1,0.0920950003398801,cpp_prior
-179.15309143066406,z1,0.0908357846420736,cpp_prior
-175.24429321289062,z1,0.0898076655466739,cpp_prior
-171.33551025390625,z1,0.0890314114293653,cpp_prior
-167.4267120361328,z1,0.0889575254726227,cpp_prior
-163.51791381835938,z1,0.0899958079026724,cpp_prior
-159.60911560058594,z1,0.0920640316711635,cpp_prior
-155.70033264160156,z1,0.0947904512461398,cpp_prior
-151.79153442382812,z1,0.0978812871807171,cpp_prior
-147.8827362060547,z1,0.1010429068617003,cpp_prior
-143.97393798828125,z1,0.1037349875202896,cpp_prior
-140.0651397705078,z1,0.1056699198349565,cpp_prior
-136.15635681152344,z1,0.1068511866272018,cpp_prior
-132.24755859375,z1,0.1070323462126763,cpp_prior
-128.33876037597656,z1,0.105917317672533,cpp_prior
-124.42996978759766,z1,0.1034472769468986,cpp_prior
-120.52117156982422,z1,0.0996709880625967,cpp_prior
-116.61238098144533,z1,0.0954264827592041,cpp_prior
-112.70358276367188,z1,0.0922838405797067,cpp_prior
-108.79478454589844,z1,0.0911825810438985,cpp_prior
-104.88599395751952,z1,0.0920196680531861,cpp_prior
-100.9771957397461,z1,0.0940490881656419,cpp_prior
-97.0684051513672,z1,0.0960539277216371,cpp_prior
-93.15960693359376,z1,0.0971470725092722,cpp_prior
-89.25081634521484,z1,0.0969861859260237,cpp_prior
-85.3420181274414,z1,0.0956512519367582,cpp_prior
-81.4332275390625,z1,0.0935610578072237,cpp_prior
-77.52442932128906,z1,0.0909266885828799,cpp_prior
-73.61563873291016,z1,0.0879406059949967,cpp_prior
-69.70684051513672,z1,0.0853944014798422,cpp_prior
-65.79804229736328,z1,0.0839843906088061,cpp_prior
-61.889251708984375,z1,0.0839823219926885,cpp_prior
-57.9804573059082,z1,0.0847865442667336,cpp_prior
-54.07166290283203,z1,0.0855092033846374,cpp_prior
-50.162864685058594,z1,0.0858538107983541,cpp_prior
-46.25407028198242,z1,0.0861626747665174,cpp_prior
-42.34527587890625,z1,0.0862981011278559,cpp_prior
-38.43648147583008,z1,0.0858022481049624,cpp_prior
-34.527687072753906,z1,0.0846649074203052,cpp_prior
-30.618892669677734,z1,0.082694821945756,cpp_prior
-26.71009826660156,z1,0.0801597952082777,cpp_prior
-22.80130386352539,z1,0.0780112703578461,cpp_prior
-18.892507553100582,z1,0.0770865607558732,cpp_prior
-14.983713150024414,z1,0.0776814010463584,cpp_prior
-11.074918746948242,z1,0.0799134551654179,cpp_prior
-7.166123867034912,z1,0.0831372810922936,cpp_prior
-3.257328987121582,z1,0.0860378901398328,cpp_prior
0.6514657735824585,z1,0.0876965692601609,cpp_prior
4.560260772705078,z1,0.0878271246523727,cpp_prior
8.46905517578125,z1,0.0869353861780928,cpp_prior
12.377850532531738,z1,0.0861907152816715,cpp_prior
16.286645889282227,z1,0.0863850272637775,cpp_prior
20.1954402923584,z1,0.0878506670819778,cpp_prior
24.10423469543457,z1,0.0902953853677475,cpp_prior
28.013029098510746,z1,0.0931953723110151,cpp_prior
31.92182350158691,z1,0.0957503601534538,cpp_prior
35.83061981201172,z1,0.0968602419476008,cpp_prior
39.73941421508789,z1,0.0958510765074939,cpp_prior
43.64820861816406,z1,0.092836996942607,cpp_prior
47.557003021240234,z1,0.0886567301382237,cpp_prior
51.465797424316406,z1,0.0844348965481941,cpp_prior
55.37459182739258,z1,0.0813785400756978,cpp_prior
59.28338623046875,z1,0.0803028232362132,cpp_prior
63.19218063354492,z1,0.081100869692158,cpp_prior
67.1009750366211,z1,0.082781894490648,cpp_prior
71.00977325439453,z1,0.0837019643034966,cpp_prior
74.91856384277344,z1,0.0827217209922486,cpp_prior
78.82736206054688,z1,0.0800184147872988,cpp_prior
82.73615264892578,z1,0.0766679267482925,cpp_prior
86.64495086669922,z1,0.0736816794792317,cpp_prior
90.55374908447266,z1,0.0713736238772499,cpp_prior
94.46253967285156,z1,0.069656579153641,cpp_prior
98.371337890625,z1,0.0679470069195212,cpp_prior
102.2801284790039,z1,0.0654050308400876,cpp_prior
106.18892669677734,z1,0.06183975514634,cpp_prior
110.09771728515624,z1,0.0575088970462483,cpp_prior
114.00651550292967,z1,0.0534116606690193,cpp_prior
117.9153060913086,z1,0.0508917427996728,cpp_prior
121.82410430908205,z1,0.0504556223706522,cpp_prior
125.73290252685548,z1,0.0512532984976995,cpp_prior
129.64169311523438,z1,0.0520781372130517,cpp_prior
133.5504913330078,z1,0.0523701127045666,cpp_prior
137.45928955078125,z1,0.0522407914612916,cpp_prior
141.36807250976562,z1,0.0518493057894566,cpp_prior
145.27687072753906,z1,0.0511370155770403,cpp_prior
149.1856689453125,z1,0.050229541781035,cpp_prior
153.09446716308594,z1,0.0495291590652241,cpp_prior
157.0032501220703,z1,0.0490739477478363,cpp_prior
160.91204833984375,z1,0.0484407423336006,cpp_prior
164.8208465576172,z1,0.0472351622705912,cpp_prior
168.72964477539062,z1,0.0455043179915095,cpp_prior
172.63844299316406,z1,0.043511187161527,cpp_prior
176.54722595214844,z1,0.0416824489637646,cpp_prior
180.45602416992188,z1,0.0405250459553976,cpp_prior
184.3648223876953,z1,0.0401438597189036,cpp_prior
188.27362060546875,z1,0.040270038996454,cpp_prior
192.18240356445312,z1,0.0404416439525772,cpp_prior
196.09120178222656,z1,0.040307673152866,cpp_prior
200.0,z1,0.0393992685370827,cpp_prior
-1000.0,z2,-0.0108817186779194,cpp_prior
-996.0911865234376,z2,-0.0123041320879857,cpp_prior
-992.1824340820312,z2,-0.0134612726676302,cpp_prior
-988.2736206054688,z2,-0.014702336483564,cpp_prior
-984.3648071289062,z2,-0.0158672389617827,cpp_prior
-980.4560546875,z2,-0.0167852750544868,cpp_prior
-976.5472412109376,z2,-0.0173811071793433,cpp_prior
-972.638427734375,z2,-0.0176328230963699,cpp_prior
-968.7296142578124,z2,-0.0177733579033388,cpp_prior
-964.8208618164062,z2,-0.0181649220923339,cpp_prior
-960.9120483398438,z2,-0.0190483998913264,cpp_prior
-957.0032348632812,z2,-0.0204016662385237,cpp_prior
-953.094482421875,z2,-0.0220216502189119,cpp_prior
-949.1856689453124,z2,-0.0238407480230363,cpp_prior
-945.27685546875,z2,-0.0259602928073919,cpp_prior
-941.3681030273438,z2,-0.0283751877303349,cpp_prior
-937.4592895507812,z2,-0.0311677355196241,cpp_prior
-933.5504760742188,z2,-0.0345069324651415,cpp_prior
-929.6417236328124,z2,-0.0382381599402257,cpp_prior
-925.73291015625,z2,-0.0417524972947785,cpp_prior
-921.8240966796876,z2,-0.0443796982047618,cpp_prior
-917.915283203125,z2,-0.0456837288599183,cpp_prior
-914.0065307617188,z2,-0.0455095969295803,cpp_prior
-910.0977172851562,z2,-0.0441443893997683,cpp_prior
-906.1889038085938,z2,-0.0421869543028848,cpp_prior
-902.2801513671876,z2,-0.0401500566692163,cpp_prior
-898.371337890625,z2,-0.0383518131889676,cpp_prior
-894.4625244140625,z2,-0.0371075434008685,cpp_prior
-890.5537719726562,z2,-0.0366211001457926,cpp_prior
-886.6449584960938,z2,-0.0370876715193162,cpp_prior
-882.7361450195312,z2,-0.0386396351642398,cpp_prior
-878.8273315429688,z2,-0.0409246967758796,cpp_prior
-874.9185791015625,z2,-0.0433896075495123,cpp_prior
-871.009765625,z2,-0.0456036262596394,cpp_prior
-867.1009521484375,z2,-0.0472190508100258,cpp_prior
-863.1921997070312,z2,-0.04814256201164,cpp_prior
-859.2833862304688,z2,-0.0487176107873335,cpp_prior
-855.3745727539062,z2,-0.0496305651770312,cpp_prior
-851.4658203125,z2,-0.051399887129382,cpp_prior
-847.5570068359375,z2,-0.0543622024186668,cpp_prior
-843.648193359375,z2,-0.0586426578333054,cpp_prior
-839.7394409179688,z2,-0.0639226261535612,cpp_prior
-835.8306274414062,z2,-0.0693774866718287,cpp_prior
-831.9218139648438,z2,-0.0742023539817588,cpp_prior
-828.0130004882812,z2,-0.0778316533688299,cpp_prior
-824.104248046875,z2,-0.0802609403529012,cpp_prior
-820.1954345703125,z2,-0.0816826943331489,cpp_prior
-816.28662109375,z2,-0.0824091031269282,cpp_prior
-812.3778686523438,z2,-0.0828572839252438,cpp_prior
-808.4690551757812,z2,-0.0833638223552255,cpp_prior
-804.5602416992188,z2,-0.0837681419333565,cpp_prior
-800.6514892578125,z2,-0.0836063418668059,cpp_prior
-796.74267578125,z2,-0.0826153257296196,cpp_prior
-792.8338623046875,z2,-0.080838868947617,cpp_prior
-788.9251098632812,z2,-0.0786562231793602,cpp_prior
-785.0162963867188,z2,-0.0766071296092494,cpp_prior
-781.1074829101562,z2,-0.0749777608427663,cpp_prior
-777.1986694335938,z2,-0.0741153181209815,cpp_prior
-773.2899169921875,z2,-0.0745070035555646,cpp_prior
-769.381103515625,z2,-0.0761986519635986,cpp_prior
-765.4722900390625,z2,-0.0788456102336958,cpp_prior
-761.5635375976562,z2,-0.0821453369896405,cpp_prior
-757.6547241210938,z2,-0.0856192664162859,cpp_prior
-753.7459106445312,z2,-0.0889828435845511,cpp_prior
-749.837158203125,z2,-0.0925492156043347,cpp_prior
-745.9283447265625,z2,-0.0966529120918408,cpp_prior
-742.01953125,z2,-0.101513090472014,cpp_prior
-738.1107788085938,z2,-0.1070414746403287,cpp_prior
-734.2019653320312,z2,-0.1125859842430964,cpp_prior
-730.2931518554688,z2,-0.1173854958279616,cpp_prior
-726.3843383789062,z2,-0.1207455290625988,cpp_prior
-722.4755859375,z2,-0.1221532024613891,cpp_prior
-718.5667724609375,z2,-0.1215141492573449,cpp_prior
-714.657958984375,z2,-0.1192710721985031,cpp_prior
-710.7492065429688,z2,-0.1164182248076534,cpp_prior
-706.8403930664062,z2,-0.1139992454296588,cpp_prior
-702.9315795898438,z2,-0.1125782594394449,cpp_prior
-699.0228271484375,z2,-0.1123114962546249,cpp_prior
-695.114013671875,z2,-0.1128568184985638,cpp_prior
-691.2052001953125,z2,-0.1136236680436407,cpp_prior
-687.29638671875,z2,-0.1141741926601884,cpp_prior
-683.3876342773438,z2,-0.1142963495510621,cpp_prior
-679.4788208007812,z2,-0.1139339260365878,cpp_prior
-675.5700073242188,z2,-0.1132336352390433,cpp_prior
-671.6612548828125,z2,-0.1126329227986951,cpp_prior
-667.75244140625,z2,-0.1122313934212446,cpp_prior
-663.8436279296875,z2,-0.1119142286788221,cpp_prior
-659.9348754882812,z2,-0.1118218932168655,cpp_prior
-656.0260620117188,z2,-0.1122976182290955,cpp_prior
-652.1172485351562,z2,-0.1135742683345239,cpp_prior
-648.20849609375,z2,-0.1156252011140093,cpp_prior
-644.2996826171875,z2,-0.1184985755264534,cpp_prior
-640.390869140625,z2,-0.122094746413068,cpp_prior
-636.4820556640625,z2,-0.1259670501791691,cpp_prior
-632.5733032226562,z2,-0.1294480537077787,cpp_prior
-628.6644897460938,z2,-0.132055099469284,cpp_prior
-624.7556762695312,z2,-0.1337818006405606,cpp_prior
-620.846923828125,z2,-0.1346964037659978,cpp_prior
-616.9381103515625,z2,-0.1348047754413639,cpp_prior
-613.029296875,z2,-0.1342721313570539,cpp_prior
-609.1205444335938,z2,-0.1335020991308717,cpp_prior
-605.2117309570312,z2,-0.1329244073268355,cpp_prior
-601.3029174804688,z2,-0.1325361471170925,cpp_prior
-597.3941650390625,z2,-0.1321387495782814,cpp_prior
-593.4853515625,z2,-0.1319225053695011,cpp_prior
-589.5765380859375,z2,-0.1323667453106775,cpp_prior
-585.667724609375,z2,-0.1338364336338912,cpp_prior
-581.7589721679688,z2,-0.136206348259823,cpp_prior
-577.8501586914062,z2,-0.1390321642471562,cpp_prior
-573.9413452148438,z2,-0.1417559277310549,cpp_prior
-570.0325927734375,z2,-0.1439404789407329,cpp_prior
-566.123779296875,z2,-0.1453928240351282,cpp_prior
-562.2149658203125,z2,-0.1463032892022097,cpp_prior
-558.3062133789062,z2,-0.1469580166854434,cpp_prior
-554.3973999023438,z2,-0.1476598897894963,cpp_prior
-550.4885864257812,z2,-0.1487588959008549,cpp_prior
-546.579833984375,z2,-0.1503078040512789,cpp_prior
-542.6710205078125,z2,-0.1520324227624654,cpp_prior
-538.76220703125,z2,-0.1532574361197526,cpp_prior
-534.8533935546875,z2,-0.1533479951185456,cpp_prior
-530.9446411132812,z2,-0.1521900737541532,cpp_prior
-527.0358276367188,z2,-0.1502803127254376,cpp_prior
-523.1270141601562,z2,-0.1483661733265133,cpp_prior
-519.21826171875,z2,-0.1470527152168617,cpp_prior
-515.3094482421875,z2,-0.1465691601932717,cpp_prior
-511.4006652832031,z2,-0.1465800811614607,cpp_prior
-507.4918518066406,z2,-0.1464011005208457,cpp_prior
-503.58306884765625,z2,-0.1452763800780964,cpp_prior
-499.67425537109375,z2,-0.1430186691688916,cpp_prior
-495.7654724121094,z2,-0.1400514180028597,cpp_prior
-491.856689453125,z2,-0.1369097855891611,cpp_prior
-487.9478759765625,z2,-0.1339355166797385,cpp_prior
-484.0390930175781,z2,-0.1314603862850716,cpp_prior
-480.1302795410156,z2,-0.1297005331384554,cpp_prior
-476.2214965820313,z2,-0.128563491147203,cpp_prior
-472.3127136230469,z2,-0.1276386508010663,cpp_prior
-468.4039001464844,z2,-0.1264638324103502,cpp_prior
-464.4951171875,z2,-0.1250877535951255,cpp_prior
-460.5863342285156,z2,-0.1239832485382215,cpp_prior
-456.6775207519531,z2,-0.1235921407638304,cpp_prior
-452.7687377929687,z2,-0.1239714001139975,cpp_prior
-448.85992431640625,z2,-0.1247925362341232,cpp_prior
-444.9511413574219,z2,-0.1254394726089195,cpp_prior
-441.0423583984375,z2,-0.1252625284780201,cpp_prior
-437.133544921875,z2,-0.1238391306279851,cpp_prior
-433.2247619628906,z2,-0.1211426524390961,cpp_prior
-429.3159484863281,z2,-0.1175496763426195,cpp_prior
-425.40716552734375,z2,-0.1136002866173269,cpp_prior
-421.4983825683594,z2,-0.1098511789148552,cpp_prior
-417.5895690917969,z2,-0.1069020883231317,cpp_prior
-413.6807861328125,z2,-0.1051011740499379,cpp_prior
-409.77197265625,z2,-0.10428650358387,cpp_prior
-405.8631896972656,z2,-0.1038515799365132,cpp_prior
-401.9544067382813,z2,-0.1030798933315479,cpp_prior
-398.0455932617187,z2,-0.1011741252172044,cpp_prior
-394.1368103027344,z2,-0.0975202093595432,cpp_prior
-390.22802734375,z2,-0.0921186649778971,cpp_prior
-386.3192138671875,z2,-0.0855313269883354,cpp_prior
-382.4104309082031,z2,-0.0785875481117072,cpp_prior
-378.5016174316406,z2,-0.0719545229605768,cpp_prior
-374.59283447265625,z2,-0.0659101466793949,cpp_prior
-370.6840515136719,z2,-0.0601887534617443,cpp_prior
-366.7752380371094,z2,-0.0542549740420759,cpp_prior
-362.866455078125,z2,-0.0476312810463186,cpp_prior
-358.9576416015625,z2,-0.0401304117866306,cpp_prior
-355.0488586425781,z2,-0.0319203055695182,cpp_prior
-351.14007568359375,z2,-0.0235912292002307,cpp_prior
-347.23126220703125,z2,-0.0159823805388723,cpp_prior
-343.3224792480469,z2,-0.00984717854267,cpp_prior
-339.4136657714844,z2,-0.0054414250266441,cpp_prior
-335.5048828125,z2,-0.0025098815569839,cpp_prior
-331.5960998535156,z2,-0.0005516554480987,cpp_prior
-327.6872863769531,z2,0.0009393013557312,cpp_prior
-323.77850341796875,z2,0.002327899803024,cpp_prior
-319.8697204589844,z2,0.0038172888791662,cpp_prior
-315.9609069824219,z2,0.0054269466358599,cpp_prior
-312.0521240234375,z2,0.0071122040991204,cpp_prior
-308.143310546875,z2,0.0089714220887629,cpp_prior
-304.2345275878906,z2,0.0112788024028388,cpp_prior
-300.32574462890625,z2,0.0142524400447972,cpp_prior
-296.41693115234375,z2,0.017918230728614,cpp_prior
-292.5081481933594,z2,0.0221541975069979,cpp_prior
-288.5993347167969,z2,0.0267839797159501,cpp_prior
-284.6905517578125,z2,0.0316739453846095,cpp_prior
-280.7817687988281,z2,0.0365759849218915,cpp_prior
-276.8729553222656,z2,0.0411809445469976,cpp_prior
-272.96417236328125,z2,0.0451909171971466,cpp_prior
-269.0553894042969,z2,0.0484013604365243,cpp_prior
-265.1465759277344,z2,0.050714441660698,cpp_prior
-261.23779296875,z2,0.0519635878525269,cpp_prior
-257.3289794921875,z2,0.0522336598778397,cpp_prior
-253.42019653320312,z2,0.0517512170306819,cpp_prior
-249.5113983154297,z2,0.0507651709657654,cpp_prior
-245.60260009765625,z2,0.0497285477313042,cpp_prior
-241.69381713867188,z2,0.0491183383270532,cpp_prior
-237.78501892089844,z2,0.0490653116253661,cpp_prior
-233.876220703125,z2,0.0493968682829153,cpp_prior
-229.96742248535156,z2,0.0498090927450929,cpp_prior
-226.0586395263672,z2,0.0500986151577732,cpp_prior
-222.14984130859375,z2,0.0502194154393031,cpp_prior
-218.2410430908203,z2,0.05008139961351,cpp_prior
-214.33224487304688,z2,0.0496337451192458,cpp_prior
-210.42344665527344,z2,0.049058529544663,cpp_prior
-206.51466369628903,z2,0.0486960510576557,cpp_prior
-202.6058654785156,z2,0.0487588372906297,cpp_prior
-198.6970672607422,z2,0.0492536756695496,cpp_prior
-194.78826904296875,z2,0.0502162745203158,cpp_prior
-190.8794860839844,z2,0.0518528687500266,cpp_prior
-186.97068786621097,z2,0.054314934020307,cpp_prior
-183.0618896484375,z2,0.057518267038774,cpp_prior
-179.15309143066406,z2,0.0612094421717585,cpp_prior
-175.24429321289062,z2,0.0650405839663217,cpp_prior
-171.33551025390625,z2,0.0687031657790639,cpp_prior
-167.4267120361328,z2,0.0720235219969957,cpp_prior
-163.51791381835938,z2,0.0750687205233873,cpp_prior
-159.60911560058594,z2,0.0780233871926652,cpp_prior
-155.70033264160156,z2,0.0809585725328059,cpp_prior
-151.79153442382812,z2,0.0838004886727912,cpp_prior
-147.8827362060547,z2,0.0864305416298216,cpp_prior
-143.97393798828125,z2,0.0887766374614823,cpp_prior
-140.0651397705078,z2,0.0906182560604957,cpp_prior
-136.15635681152344,z2,0.0916908861928187,cpp_prior
-132.24755859375,z2,0.0919869510244922,cpp_prior
-128.33876037597656,z2,0.0917939233147288,cpp_prior
-124.42996978759766,z2,0.0915945125553615,cpp_prior
-120.52117156982422,z2,0.0918998447744708,cpp_prior
-116.61238098144533,z2,0.0929796934727887,cpp_prior
-112.70358276367188,z2,0.0949254816420223,cpp_prior
-108.79478454589844,z2,0.0978355333934045,cpp_prior
-104.88599395751952,z2,0.1015782031669782,cpp_prior
-100.9771957397461,z2,0.1058797791879949,cpp_prior
-97.0684051513672,z2,0.1102723470644917,cpp_prior
-93.15960693359376,z2,0.1140023499225902,cpp_prior
-89.25081634521484,z2,0.1166501172592949,cpp_prior
-85.3420181274414,z2,0.118318213672071,cpp_prior
-81.4332275390625,z2,0.1194263308130689,cpp_prior
-77.52442932128906,z2,0.1206365442704927,cpp_prior
-73.61563873291016,z2,0.1228442833552322,cpp_prior
-69.70684051513672,z2,0.1268616794840846,cpp_prior
-65.79804229736328,z2,0.1328548037027789,cpp_prior
-61.889251708984375,z2,0.1401099622206725,cpp_prior
-57.9804573059082,z2,0.1472406125013915,cpp_prior
-54.07166290283203,z2,0.1526071838426983,cpp_prior
-50.162864685058594,z2,0.15511766442535,cpp_prior
-46.25407028198242,z2,0.1546685094324623,cpp_prior
-42.34527587890625,z2,0.1519462385790933,cpp_prior
-38.43648147583008,z2,0.1480233602551438,cpp_prior
-34.527687072753906,z2,0.1440628257084208,cpp_prior
-30.618892669677734,z2,0.1408940696563909,cpp_prior
-26.71009826660156,z2,0.1388256925690397,cpp_prior
-22.80130386352539,z2,0.1378394504854112,cpp_prior
-18.892507553100582,z2,0.1378337663108688,cpp_prior
-14.983713150024414,z2,0.1386838909092505,cpp_prior
-11.074918746948242,z2,0.1401238748616423,cpp_prior
-7.166123867034912,z2,0.1418688185225242,cpp_prior
-3.257328987121582,z2,0.1435032457189013,cpp_prior
0.6514657735824585,z2,0.144591101160608,cpp_prior
4.560260772705078,z2,0.1449984895587435,cpp_prior
8.46905517578125,z2,0.1447997062181344,cpp_prior
12.377850532531738,z2,0.1441868971446313,cpp_prior
16.286645889282227,z2,0.1435958685388799,cpp_prior
20.1954402923584,z2,0.1434756275264775,cpp_prior
24.10423469543457,z2,0.144052485908795,cpp_prior
28.013029098510746,z2,0.1449944593852648,cpp_prior
31.92182350158691,z2,0.1452561871106441,cpp_prior
35.83061981201172,z2,0.1438062902175943,cpp_prior
39.73941421508789,z2,0.1402918759138358,cpp_prior
43.64820861816406,z2,0.1351084592847865,cpp_prior
47.557003021240234,z2,0.1292650847028893,cpp_prior
51.465797424316406,z2,0.1239518969260721,cpp_prior
55.37459182739258,z2,0.1202234803866855,cpp_prior
59.28338623046875,z2,0.1185021555204638,cpp_prior
63.19218063354492,z2,0.1182696320478426,cpp_prior
67.1009750366211,z2,0.1184426170098972,cpp_prior
71.00977325439453,z2,0.1181042616952325,cpp_prior
74.91856384277344,z2,0.1168527586189043,cpp_prior
78.82736206054688,z2,0.1149638020083625,cpp_prior
82.73615264892578,z2,0.1131862855316956,cpp_prior
86.64495086669922,z2,0.1121521551360112,cpp_prior
90.55374908447266,z2,0.1120251984665316,cpp_prior
94.46253967285156,z2,0.1125277228671028,cpp_prior
98.371337890625,z2,0.1131420678258746,cpp_prior
102.2801284790039,z2,0.1134053271949221,cpp_prior
106.18892669677734,z2,0.1129448140693886,cpp_prior
110.09771728515624,z2,0.1118798931455378,cpp_prior
114.00651550292967,z2,0.110602699352328,cpp_prior
117.9153060913086,z2,0.1093325770158645,cpp_prior
121.82410430908205,z2,0.1080585963114404,cpp_prior
125.73290252685548,z2,0.106568314873567,cpp_prior
129.64169311523438,z2,0.1045210364366244,cpp_prior
133.5504913330078,z2,0.1017504600937592,cpp_prior
137.45928955078125,z2,0.0984059184312862,cpp_prior
141.36807250976562,z2,0.094911690243137,cpp_prior
145.27687072753906,z2,0.091702574298102,cpp_prior
149.1856689453125,z2,0.0890292699375279,cpp_prior
153.09446716308594,z2,0.0868735551983558,cpp_prior
157.0032501220703,z2,0.0852086925246035,cpp_prior
160.91204833984375,z2,0.0840385895590683,cpp_prior
164.8208465576172,z2,0.0832846368888922,cpp_prior
168.72964477539062,z2,0.0829439568900523,cpp_prior
172.63844299316406,z2,0.0830671803050419,cpp_prior
176.54722595214844,z2,0.0836081905109789,cpp_prior
180.45602416992188,z2,0.0844100561348669,cpp_prior
184.3648223876953,z2,0.0850814424861698,cpp_prior
188.27362060546875,z2,0.0848745163454073,cpp_prior
192.18240356445312,z2,0.0832743801075779,cpp_prior
196.09120178222656,z2,0.080365658470304,cpp_prior
200.0,z2,0.076622876766071,cpp_prior
-1000.0,z3,-0.0183553014884225,cpp_prior
-996.0911865234376,z3,-0.0233838821983208,cpp_prior
-992.1824340820312,z3,-0.0276312452493988,cpp_prior
-988.2736206054688,z3,-0.0309550143921811,cpp_prior
-984.3648071289062,z3,-0.0333357351671098,cpp_prior
-980.4560546875,z3,-0.0347623774272583,cpp_prior
-976.5472412109376,z3,-0.0351590178375677,cpp_prior
-972.638427734375,z3,-0.0345929351147589,cpp_prior
-968.7296142578124,z3,-0.0333112233277597,cpp_prior
-964.8208618164062,z3,-0.0316403367273318,cpp_prior
-960.9120483398438,z3,-0.0298252313948926,cpp_prior
-957.0032348632812,z3,-0.0282286907073937,cpp_prior
-953.094482421875,z3,-0.0272675070454124,cpp_prior
-949.1856689453124,z3,-0.0271639220976356,cpp_prior
-945.27685546875,z3,-0.0281031674130935,cpp_prior
-941.3681030273438,z3,-0.0302090147847929,cpp_prior
-937.4592895507812,z3,-0.0333645641846075,cpp_prior
-933.5504760742188,z3,-0.0370194852465105,cpp_prior
-929.6417236328124,z3,-0.040518684589324,cpp_prior
-925.73291015625,z3,-0.0435542593917543,cpp_prior
-921.8240966796876,z3,-0.046075820964308,cpp_prior
-917.915283203125,z3,-0.0480934935473947,cpp_prior
-914.0065307617188,z3,-0.0497110410384711,cpp_prior
-910.0977172851562,z3,-0.0508957624303454,cpp_prior
-906.1889038085938,z3,-0.0515566907616012,cpp_prior
-902.2801513671876,z3,-0.0517118278771583,cpp_prior
-898.371337890625,z3,-0.051793238845137,cpp_prior
-894.4625244140625,z3,-0.0522557654946361,cpp_prior
-890.5537719726562,z3,-0.0529791729467817,cpp_prior
-886.6449584960938,z3,-0.0532958754533694,cpp_prior
-882.7361450195312,z3,-0.0524705923459356,cpp_prior
-878.8273315429688,z3,-0.0502998518191394,cpp_prior
-874.9185791015625,z3,-0.0469624618506565,cpp_prior
-871.009765625,z3,-0.0428433720215217,cpp_prior
-867.1009521484375,z3,-0.0387486485825697,cpp_prior
-863.1921997070312,z3,-0.0357484162762729,cpp_prior
-859.2833862304688,z3,-0.0347216636928807,cpp_prior
-855.3745727539062,z3,-0.0358372892754061,cpp_prior
-851.4658203125,z3,-0.0388005233492964,cpp_prior
-847.5570068359375,z3,-0.0430696773766583,cpp_prior
-843.648193359375,z3,-0.0478724173593936,cpp_prior
-839.7394409179688,z3,-0.0525496995535356,cpp_prior
-835.8306274414062,z3,-0.0569370273495154,cpp_prior
-831.9218139648438,z3,-0.0612547511239197,cpp_prior
-828.0130004882812,z3,-0.0655344422736182,cpp_prior
-824.104248046875,z3,-0.0696236571326473,cpp_prior
-820.1954345703125,z3,-0.0734752488248501,cpp_prior
-816.28662109375,z3,-0.0771756714349948,cpp_prior
-812.3778686523438,z3,-0.0803524245719198,cpp_prior
-808.4690551757812,z3,-0.082160724669663,cpp_prior
-804.5602416992188,z3,-0.0822852014285504,cpp_prior
-800.6514892578125,z3,-0.0808956274401082,cpp_prior
-796.74267578125,z3,-0.07871402778321,cpp_prior
-792.8338623046875,z3,-0.0767675218090346,cpp_prior
-788.9251098632812,z3,-0.0756728173721495,cpp_prior
-785.0162963867188,z3,-0.075527408077584,cpp_prior
-781.1074829101562,z3,-0.0763151550555736,cpp_prior
-777.1986694335938,z3,-0.0777538805760404,cpp_prior
-773.2899169921875,z3,-0.0791162307401677,cpp_prior
-769.381103515625,z3,-0.0799173329915174,cpp_prior
-765.4722900390625,z3,-0.0803252361417613,cpp_prior
-761.5635375976562,z3,-0.0808275064375205,cpp_prior
-757.6547241210938,z3,-0.0820523814519116,cpp_prior
-753.7459106445312,z3,-0.0846702882754585,cpp_prior
-749.837158203125,z3,-0.0889041353627633,cpp_prior
-745.9283447265625,z3,-0.0942871589563375,cpp_prior
-742.01953125,z3,-0.099792302053025,cpp_prior
-738.1107788085938,z3,-0.1043611205729563,cpp_prior
-734.2019653320312,z3,-0.1075214743077471,cpp_prior
-730.2931518554688,z3,-0.1093887804577036,cpp_prior
-726.3843383789062,z3,-0.1103985931092369,cpp_prior
-722.4755859375,z3,-0.1110588181595616,cpp_prior
-718.5667724609375,z3,-0.1118691177889468,cpp_prior
-714.657958984375,z3,-0.1131211897614174,cpp_prior
-710.7492065429688,z3,-0.1144417867328113,cpp_prior
-706.8403930664062,z3,-0.1149732465918844,cpp_prior
-702.9315795898438,z3,-0.1141956446758617,cpp_prior
-699.0228271484375,z3,-0.1122562007018434,cpp_prior
-695.114013671875,z3,-0.1100256533321491,cpp_prior
-691.2052001953125,z3,-0.108688915271242,cpp_prior
-687.29638671875,z3,-0.1089732027032557,cpp_prior
-683.3876342773438,z3,-0.1109531197028604,cpp_prior
-679.4788208007812,z3,-0.1143157164826078,cpp_prior
-675.5700073242188,z3,-0.1183620675227791,cpp_prior
-671.6612548828125,z3,-0.1223818121201043,cpp_prior
-667.75244140625,z3,-0.1262414003633567,cpp_prior
-663.8436279296875,z3,-0.1304474152573348,cpp_prior
-659.9348754882812,z3,-0.1354853100610501,cpp_prior
-656.0260620117188,z3,-0.141446692816948,cpp_prior
-652.1172485351562,z3,-0.1478502537679482,cpp_prior
-648.20849609375,z3,-0.1534244942397269,cpp_prior
-644.2996826171875,z3,-0.1568016685427866,cpp_prior
-640.390869140625,z3,-0.1575970616080071,cpp_prior
-636.4820556640625,z3,-0.1564376546021373,cpp_prior
-632.5733032226562,z3,-0.1543924311657934,cpp_prior
-628.6644897460938,z3,-0.1523581343950615,cpp_prior
-624.7556762695312,z3,-0.1508975666640178,cpp_prior
-620.846923828125,z3,-0.1501861267484675,cpp_prior
-616.9381103515625,z3,-0.1499387806458136,cpp_prior
-613.029296875,z3,-0.1495890587416091,cpp_prior
-609.1205444335938,z3,-0.1486909533379512,cpp_prior
-605.2117309570312,z3,-0.1470577936833002,cpp_prior
-601.3029174804688,z3,-0.144957510513201,cpp_prior
-597.3941650390625,z3,-0.1431427824456677,cpp_prior
-593.4853515625,z3,-0.1423757798130741,cpp_prior
-589.5765380859375,z3,-0.1430780027028508,cpp_prior
-585.667724609375,z3,-0.1454688472339073,cpp_prior
-581.7589721679688,z3,-0.1494228421513012,cpp_prior
-577.8501586914062,z3,-0.1541840305695181,cpp_prior
-573.9413452148438,z3,-0.1589594388628409,cpp_prior
-570.0325927734375,z3,-0.1631554779628554,cpp_prior
-566.123779296875,z3,-0.1664483933185268,cpp_prior
-562.2149658203125,z3,-0.1687460124063793,cpp_prior
-558.3062133789062,z3,-0.1700685520651792,cpp_prior
-554.3973999023438,z3,-0.1704030775239425,cpp_prior
-550.4885864257812,z3,-0.1696098497203444,cpp_prior
-546.579833984375,z3,-0.167717938296348,cpp_prior
-542.6710205078125,z3,-0.1650038744208638,cpp_prior
-538.76220703125,z3,-0.1617612717101161,cpp_prior
-534.8533935546875,z3,-0.158434262808414,cpp_prior
-530.9446411132812,z3,-0.1556412442059208,cpp_prior
-527.0358276367188,z3,-0.1537588970065847,cpp_prior
-523.1270141601562,z3,-0.1526728676340213,cpp_prior
-519.21826171875,z3,-0.1517196251429796,cpp_prior
-515.3094482421875,z3,-0.1503357298427648,cpp_prior
-511.4006652832031,z3,-0.1484075762451538,cpp_prior
-507.4918518066406,z3,-0.146241850164816,cpp_prior
-503.58306884765625,z3,-0.1441766278913347,cpp_prior
-499.67425537109375,z3,-0.1422322175560319,cpp_prior
-495.7654724121094,z3,-0.1404448033247848,cpp_prior
-491.856689453125,z3,-0.1390683586125095,cpp_prior
-487.9478759765625,z3,-0.1382347551664116,cpp_prior
-484.0390930175781,z3,-0.1377471400469525,cpp_prior
-480.1302795410156,z3,-0.1373541078028148,cpp_prior
-476.2214965820313,z3,-0.1368887997599511,cpp_prior
-472.3127136230469,z3,-0.1362899614308616,cpp_prior
-468.4039001464844,z3,-0.1354627474246862,cpp_prior
-464.4951171875,z3,-0.1343017121920744,cpp_prior
-460.5863342285156,z3,-0.1328079815396362,cpp_prior
-456.6775207519531,z3,-0.1310724204424404,cpp_prior
-452.7687377929687,z3,-0.1291716267293766,cpp_prior
-448.85992431640625,z3,-0.1271382377166597,cpp_prior
-444.9511413574219,z3,-0.1249029963437459,cpp_prior
-441.0423583984375,z3,-0.1222694897419017,cpp_prior
-437.133544921875,z3,-0.1189035836130619,cpp_prior
-433.2247619628906,z3,-0.1144509044306663,cpp_prior
-429.3159484863281,z3,-0.1088065026780956,cpp_prior
-425.40716552734375,z3,-0.1022800004087589,cpp_prior
-421.4983825683594,z3,-0.0956373058128973,cpp_prior
-417.5895690917969,z3,-0.0900873435125398,cpp_prior
-413.6807861328125,z3,-0.0867519693164858,cpp_prior
-409.77197265625,z3,-0.0860792140906577,cpp_prior
-405.8631896972656,z3,-0.0875779951292266,cpp_prior
-401.9544067382813,z3,-0.089871980209021,cpp_prior
-398.0455932617187,z3,-0.0914108703499142,cpp_prior
-394.1368103027344,z3,-0.0911835046307406,cpp_prior
-390.22802734375,z3,-0.088722544213275,cpp_prior
-386.3192138671875,z3,-0.0840500344757683,cpp_prior
-382.4104309082031,z3,-0.0776641192904872,cpp_prior
-378.5016174316406,z3,-0.0701960771172828,cpp_prior
-374.59283447265625,z3,-0.0622443154745921,cpp_prior
-370.6840515136719,z3,-0.0543895556537078,cpp_prior
-366.7752380371094,z3,-0.046983512975366,cpp_prior
-362.866455078125,z3,-0.0399765075716347,cpp_prior
-358.9576416015625,z3,-0.0332021967184678,cpp_prior
-355.0488586425781,z3,-0.0265689700074652,cpp_prior
-351.14007568359375,z3,-0.0201042909309836,cpp_prior
-347.23126220703125,z3,-0.0140268509955634,cpp_prior
-343.3224792480469,z3,-0.0087605204224659,cpp_prior
-339.4136657714844,z3,-0.0048139783180628,cpp_prior
-335.5048828125,z3,-0.0026603969422625,cpp_prior
-331.5960998535156,z3,-0.002369175710158,cpp_prior
-327.6872863769531,z3,-0.0034988018023357,cpp_prior
-323.77850341796875,z3,-0.0052846895865702,cpp_prior
-319.8697204589844,z3,-0.0068632658961443,cpp_prior
-315.9609069824219,z3,-0.0075014208404544,cpp_prior
-312.0521240234375,z3,-0.0066168092010832,cpp_prior
-308.143310546875,z3,-0.0039388263878787,cpp_prior
-304.2345275878906,z3,0.0003565768421392,cpp_prior
-300.32574462890625,z3,0.0057556196048423,cpp_prior
-296.41693115234375,z3,0.0118927221588259,cpp_prior
-292.5081481933594,z3,0.0187002898544059,cpp_prior
-288.5993347167969,z3,0.0262086142241712,cpp_prior
-284.6905517578125,z3,0.0343230863934025,cpp_prior
-280.7817687988281,z3,0.0426741004394757,cpp_prior
-276.8729553222656,z3,0.0504342424631884,cpp_prior
-272.96417236328125,z3,0.0565739051633199,cpp_prior
-269.0553894042969,z3,0.0605015183827657,cpp_prior
-265.1465759277344,z3,0.0622193100783741,cpp_prior
-261.23779296875,z3,0.0623077432490997,cpp_prior
-257.3289794921875,z3,0.0614865798053148,cpp_prior
-253.42019653320312,z3,0.0603645484004093,cpp_prior
-249.5113983154297,z3,0.0594255400485908,cpp_prior
-245.60260009765625,z3,0.0588719995439927,cpp_prior
-241.69381713867188,z3,0.0585001385184888,cpp_prior
-237.78501892089844,z3,0.0579855234018188,cpp_prior
-233.876220703125,z3,0.0571113911451332,cpp_prior
-229.96742248535156,z3,0.0560365307934378,cpp_prior
-226.0586395263672,z3,0.0552116642914972,cpp_prior
-222.14984130859375,z3,0.0549899051100057,cpp_prior
-218.2410430908203,z3,0.055339164357139,cpp_prior
-214.33224487304688,z3,0.0560219270474421,cpp_prior
-210.42344665527344,z3,0.0568069670192563,cpp_prior
-206.51466369628903,z3,0.0573430887844231,cpp_prior
-202.6058654785156,z3,0.0573874364388085,cpp_prior
-198.6970672607422,z3,0.0571505465759511,cpp_prior
-194.78826904296875,z3,0.057201806104503,cpp_prior
-190.8794860839844,z3,0.0580677483191411,cpp_prior
-186.97068786621097,z3,0.059968886979241,cpp_prior
-183.0618896484375,z3,0.0626532169341742,cpp_prior
-179.15309143066406,z3,0.0654552731352743,cpp_prior
-175.24429321289062,z3,0.0676718051014674,cpp_prior
-171.33551025390625,z3,0.0689869381749046,cpp_prior
-167.4267120361328,z3,0.0696374553859814,cpp_prior
-163.51791381835938,z3,0.0702731147169374,cpp_prior
-159.60911560058594,z3,0.0713855386638169,cpp_prior
-155.70033264160156,z3,0.0729545567854051,cpp_prior
-151.79153442382812,z3,0.0745789864721938,cpp_prior
-147.8827362060547,z3,0.0756629315202886,cpp_prior
-143.97393798828125,z3,0.0756359105529431,cpp_prior
-140.0651397705078,z3,0.0742733800303294,cpp_prior
-136.15635681152344,z3,0.0719265568757459,cpp_prior
-132.24755859375,z3,0.0694939836384641,cpp_prior
-128.33876037597656,z3,0.0680497025462626,cpp_prior
-124.42996978759766,z3,0.0684026912502631,cpp_prior
-120.52117156982422,z3,0.0707668024114331,cpp_prior
-116.61238098144533,z3,0.0746080880241474,cpp_prior
-112.70358276367188,z3,0.0788335606212119,cpp_prior
-108.79478454589844,z3,0.0823844849407681,cpp_prior
-104.88599395751952,z3,0.0848370522302117,cpp_prior
-100.9771957397461,z3,0.0862242558713846,cpp_prior
-97.0684051513672,z3,0.0868665411260974,cpp_prior
-93.15960693359376,z3,0.0872160724927734,cpp_prior
-89.25081634521484,z3,0.0875535359715714,cpp_prior
-85.3420181274414,z3,0.088053203380322,cpp_prior
-81.4332275390625,z3,0.0888193959602061,cpp_prior
-77.52442932128906,z3,0.0899081667355581,cpp_prior
-73.61563873291016,z3,0.091271919816957,cpp_prior
-69.70684051513672,z3,0.0926132971066674,cpp_prior
-65.79804229736328,z3,0.0936657360938846,cpp_prior
-61.889251708984375,z3,0.0943376506959355,cpp_prior
-57.9804573059082,z3,0.0946413546707464,cpp_prior
-54.07166290283203,z3,0.094869748315061,cpp_prior
-50.162864685058594,z3,0.095383519407918,cpp_prior
-46.25407028198242,z3,0.096113254427005,cpp_prior
-42.34527587890625,z3,0.0967535299667677,cpp_prior
-38.43648147583008,z3,0.097190014485928,cpp_prior
-34.527687072753906,z3,0.0974880067043753,cpp_prior
-30.618892669677734,z3,0.0980706034100695,cpp_prior
-26.71009826660156,z3,0.0994638783713052,cpp_prior
-22.80130386352539,z3,0.1019735422111142,cpp_prior
-18.892507553100582,z3,0.1055432650330341,cpp_prior
-14.983713150024414,z3,0.1096526391139447,cpp_prior
-11.074918746948242,z3,0.1133814908333636,cpp_prior
-7.166123867034912,z3,0.1157872122545106,cpp_prior
-3.257328987121582,z3,0.1164215951165936,cpp_prior
0.6514657735824585,z3,0.1156325845031614,cpp_prior
4.560260772705078,z3,0.1143864182028558,cpp_prior
8.46905517578125,z3,0.1136435749273261,cpp_prior
12.377850532531738,z3,0.1139658882729364,cpp_prior
16.286645889282227,z3,0.1154176440968196,cpp_prior
20.1954402923584,z3,0.1174997529496476,cpp_prior
24.10423469543457,z3,0.1192663458135125,cpp_prior
28.013029098510746,z3,0.1197579913051719,cpp_prior
31.92182350158691,z3,0.1184853014778551,cpp_prior
35.83061981201172,z3,0.1155416002560718,cpp_prior
39.73941421508789,z3,0.1118001336827283,cpp_prior
43.64820861816406,z3,0.1084924077853247,cpp_prior
47.557003021240234,z3,0.1065831184256075,cpp_prior
51.465797424316406,z3,0.1063149921995449,cpp_prior
55.37459182739258,z3,0.1069634647126259,cpp_prior
59.28338623046875,z3,0.1073764927189761,cpp_prior
63.19218063354492,z3,0.1066420645127526,cpp_prior
67.1009750366211,z3,0.1045350162491606,cpp_prior
71.00977325439453,z3,0.1014380134861446,cpp_prior
74.91856384277344,z3,0.0979405617110317,cpp_prior
78.82736206054688,z3,0.0944748613258321,cpp_prior
82.73615264892578,z3,0.0911231570461864,cpp_prior
86.64495086669922,z3,0.0878442339422864,cpp_prior
90.55374908447266,z3,0.0846866925106123,cpp_prior
94.46253967285156,z3,0.0817382407591362,cpp_prior
98.371337890625,z3,0.0792815868180449,cpp_prior
102.2801284790039,z3,0.0778563012667206,cpp_prior
106.18892669677734,z3,0.0780068338549613,cpp_prior
110.09771728515624,z3,0.0797578080198533,cpp_prior
114.00651550292967,z3,0.0824168114708857,cpp_prior
117.9153060913086,z3,0.0849379640111664,cpp_prior
121.82410430908205,z3,0.0864796563906568,cpp_prior
125.73290252685548,z3,0.0867463732701808,cpp_prior
129.64169311523438,z3,0.085835058172743,cpp_prior
133.5504913330078,z3,0.0841591239639303,cpp_prior
137.45928955078125,z3,0.0824984258984003,cpp_prior
141.36807250976562,z3,0.0816172096594461,cpp_prior
145.27687072753906,z3,0.0817423876393651,cpp_prior
149.1856689453125,z3,0.0823391168508884,cpp_prior
153.09446716308594,z3,0.0825141998673854,cpp_prior
157.0032501220703,z3,0.0815985704443974,cpp_prior
160.91204833984375,z3,0.0793526707017001,cpp_prior
164.8208465576172,z3,0.075980195975392,cpp_prior
168.72964477539062,z3,0.0721142416498528,cpp_prior
172.63844299316406,z3,0.0686137273617403,cpp_prior
176.54722595214844,z3,0.06614314773076,cpp_prior
180.45602416992188,z3,0.0647199470855398,cpp_prior
184.3648223876953,z3,0.0635940979168642,cpp_prior
188.27362060546875,z3,0.0618146566180989,cpp_prior
192.18240356445312,z3,0.058895301833868,cpp_prior
196.09120178222656,z3,0.0549241506405728,cpp_prior
200.0,z3,0.0506190555336953,cpp_prior
-1000.0,z4,-0.0053842363365972,cpp_prior
-996.0911865234376,z4,-0.0098673549419387,cpp_prior
-992.1824340820312,z4,-0.0143766555878956,cpp_prior
-988.2736206054688,z4,-0.0185389966561593,cpp_prior
-984.3648071289062,z4,-0.022607206739334,cpp_prior
-980.4560546875,z4,-0.0264375240621139,cpp_prior
-976.5472412109376,z4,-0.029634774326265,cpp_prior
-972.638427734375,z4,-0.0321270182882359,cpp_prior
-968.7296142578124,z4,-0.0342568484320569,cpp_prior
-964.8208618164062,z4,-0.0357718707786008,cpp_prior
-960.9120483398438,z4,-0.035823805895488,cpp_prior
-957.0032348632812,z4,-0.0338861006931573,cpp_prior
-953.094482421875,z4,-0.0302749911468454,cpp_prior
-949.1856689453124,z4,-0.0256978156276546,cpp_prior
-945.27685546875,z4,-0.0211506973152988,cpp_prior
-941.3681030273438,z4,-0.0181750577289811,cpp_prior
-937.4592895507812,z4,-0.0176554197901441,cpp_prior
-933.5504760742188,z4,-0.0192230002945322,cpp_prior
-929.6417236328124,z4,-0.0219599714108736,cpp_prior
-925.73291015625,z4,-0.024897128193123,cpp_prior
-921.8240966796876,z4,-0.0275215081505817,cpp_prior
-917.915283203125,z4,-0.0298777077995763,cpp_prior
-914.0065307617188,z4,-0.032407026706372,cpp_prior
-910.0977172851562,z4,-0.0350236538183712,cpp_prior
-906.1889038085938,z4,-0.0371937301205159,cpp_prior
-902.2801513671876,z4,-0.0384333216439931,cpp_prior
-898.371337890625,z4,-0.0384503774862682,cpp_prior
-894.4625244140625,z4,-0.037482087478632,cpp_prior
-890.5537719726562,z4,-0.0359009532403748,cpp_prior
-886.6449584960938,z4,-0.0338442241390984,cpp_prior
-882.7361450195312,z4,-0.0311212170996043,cpp_prior
-878.8273315429688,z4,-0.0278334965669732,cpp_prior
-874.9185791015625,z4,-0.0242936370684045,cpp_prior
-871.009765625,z4,-0.020495074217888,cpp_prior
-867.1009521484375,z4,-0.0164765821357799,cpp_prior
-863.1921997070312,z4,-0.0125490104236913,cpp_prior
-859.2833862304688,z4,-0.0095255955684489,cpp_prior
-855.3745727539062,z4,-0.0080483070725128,cpp_prior
-851.4658203125,z4,-0.008442892929363,cpp_prior
-847.5570068359375,z4,-0.0106094516055454,cpp_prior
-843.648193359375,z4,-0.0139848554051487,cpp_prior
-839.7394409179688,z4,-0.0177047362330449,cpp_prior
-835.8306274414062,z4,-0.0214249359390367,cpp_prior
-831.9218139648438,z4,-0.0251630063830023,cpp_prior
-828.0130004882812,z4,-0.0284030859178375,cpp_prior
-824.104248046875,z4,-0.0305203701415282,cpp_prior
-820.1954345703125,z4,-0.031863065445412,cpp_prior
-816.28662109375,z4,-0.0334482935486948,cpp_prior
-812.3778686523438,z4,-0.0356130570229,cpp_prior
-808.4690551757812,z4,-0.037940906162806,cpp_prior
-804.5602416992188,z4,-0.0399633788495654,cpp_prior
-800.6514892578125,z4,-0.0413318015486134,cpp_prior
-796.74267578125,z4,-0.0416538985997632,cpp_prior
-792.8338623046875,z4,-0.0408425938482193,cpp_prior
-788.9251098632812,z4,-0.0391218317614161,cpp_prior
-785.0162963867188,z4,-0.0366143637335181,cpp_prior
-781.1074829101562,z4,-0.033487218548185,cpp_prior
-777.1986694335938,z4,-0.0299778339085082,cpp_prior
-773.2899169921875,z4,-0.0261875634799396,cpp_prior
-769.381103515625,z4,-0.0221687225163988,cpp_prior
-765.4722900390625,z4,-0.0184259181009177,cpp_prior
-761.5635375976562,z4,-0.0154496172969413,cpp_prior
-757.6547241210938,z4,-0.0138732332854882,cpp_prior
-753.7459106445312,z4,-0.0142953137663315,cpp_prior
-749.837158203125,z4,-0.0165455668619961,cpp_prior
-745.9283447265625,z4,-0.0200582763171357,cpp_prior
-742.01953125,z4,-0.0238620865732773,cpp_prior
-738.1107788085938,z4,-0.0268329254539284,cpp_prior
-734.2019653320312,z4,-0.0286924945458017,cpp_prior
-730.2931518554688,z4,-0.0299888210103536,cpp_prior
-726.3843383789062,z4,-0.0314087838032379,cpp_prior
-722.4755859375,z4,-0.0332893562051247,cpp_prior
-718.5667724609375,z4,-0.0355296363693159,cpp_prior
-714.657958984375,z4,-0.0378345937595027,cpp_prior
-710.7492065429688,z4,-0.039820718418827,cpp_prior
-706.8403930664062,z4,-0.0411490347429522,cpp_prior
-702.9315795898438,z4,-0.041850063908229,cpp_prior
-699.0228271484375,z4,-0.0421959014495461,cpp_prior
-695.114013671875,z4,-0.0427488390206735,cpp_prior
-691.2052001953125,z4,-0.04376235933134,cpp_prior
-687.29638671875,z4,-0.0451249791747894,cpp_prior
-683.3876342773438,z4,-0.0467532970535357,cpp_prior
-679.4788208007812,z4,-0.048391276945843,cpp_prior
-675.5700073242188,z4,-0.0496762529682533,cpp_prior
-671.6612548828125,z4,-0.0503206631625376,cpp_prior
-667.75244140625,z4,-0.0505229460939004,cpp_prior
-663.8436279296875,z4,-0.0509491093862485,cpp_prior
-659.9348754882812,z4,-0.0520419148955111,cpp_prior
-656.0260620117188,z4,-0.0539965013627216,cpp_prior
-652.1172485351562,z4,-0.0568211933608138,cpp_prior
-648.20849609375,z4,-0.0601841532249843,cpp_prior
-644.2996826171875,z4,-0.0633568731680881,cpp_prior
-640.390869140625,z4,-0.0656213112250877,cpp_prior
-636.4820556640625,z4,-0.066341909287819,cpp_prior
-632.5733032226562,z4,-0.0656310782902808,cpp_prior
-628.6644897460938,z4,-0.0643022892447277,cpp_prior
-624.7556762695312,z4,-0.0630756406536317,cpp_prior
-620.846923828125,z4,-0.0623838470242313,cpp_prior
-616.9381103515625,z4,-0.0622913573764984,cpp_prior
-613.029296875,z4,-0.0626746008672276,cpp_prior
-609.1205444335938,z4,-0.063248580249091,cpp_prior
-605.2117309570312,z4,-0.0637052705104873,cpp_prior
-601.3029174804688,z4,-0.0639989852456667,cpp_prior
-597.3941650390625,z4,-0.0646703647334963,cpp_prior
-593.4853515625,z4,-0.0661261246328105,cpp_prior
-589.5765380859375,z4,-0.0683942981083068,cpp_prior
-585.667724609375,z4,-0.0711385913183521,cpp_prior
-581.7589721679688,z4,-0.0741314389006301,cpp_prior
-577.8501586914062,z4,-0.0770771314728088,cpp_prior
-573.9413452148438,z4,-0.0797872005343339,cpp_prior
-570.0325927734375,z4,-0.0822759707201936,cpp_prior
-566.123779296875,z4,-0.0847890390754193,cpp_prior
-562.2149658203125,z4,-0.0873378242329036,cpp_prior
-558.3062133789062,z4,-0.0898091147152761,cpp_prior
-554.3973999023438,z4,-0.09224046783047,cpp_prior
-550.4885864257812,z4,-0.0944388189414886,cpp_prior
-546.579833984375,z4,-0.0960708541371191,cpp_prior
-542.6710205078125,z4,-0.0970595589493323,cpp_prior
-538.76220703125,z4,-0.097621366174028,cpp_prior
-534.8533935546875,z4,-0.0980546564237977,cpp_prior
-530.9446411132812,z4,-0.0989865819877099,cpp_prior
-527.0358276367188,z4,-0.100939142925121,cpp_prior
-523.1270141601562,z4,-0.1038258646942236,cpp_prior
-519.21826171875,z4,-0.1070960825970584,cpp_prior
-515.3094482421875,z4,-0.1100731937132642,cpp_prior
-511.4006652832031,z4,-0.1123397171539389,cpp_prior
-507.4918518066406,z4,-0.1138648942501499,cpp_prior
-503.58306884765625,z4,-0.1149214576421196,cpp_prior
-499.67425537109375,z4,-0.1155485439534064,cpp_prior
-495.7654724121094,z4,-0.11554530566645,cpp_prior
-491.856689453125,z4,-0.1148893951652609,cpp_prior
-487.9478759765625,z4,-0.1136566225768338,cpp_prior
-484.0390930175781,z4,-0.111818749299218,cpp_prior
-480.1302795410156,z4,-0.1093791450355858,cpp_prior
-476.2214965820313,z4,-0.106777331073348,cpp_prior
-472.3127136230469,z4,-0.104681865858439,cpp_prior
-468.4039001464844,z4,-0.1035446043278815,cpp_prior
-464.4951171875,z4,-0.1033221715759376,cpp_prior
-460.5863342285156,z4,-0.1035683029986232,cpp_prior
-456.6775207519531,z4,-0.1037171551685022,cpp_prior
-452.7687377929687,z4,-0.1034576371574359,cpp_prior
-448.85992431640625,z4,-0.1026775955845273,cpp_prior
-444.9511413574219,z4,-0.1017208396553217,cpp_prior
-441.0423583984375,z4,-0.1015016940774067,cpp_prior
-437.133544921875,z4,-0.1026929414329147,cpp_prior
-433.2247619628906,z4,-0.1050249035849334,cpp_prior
-429.3159484863281,z4,-0.1077554360461743,cpp_prior
-425.40716552734375,z4,-0.1100756792149442,cpp_prior
-421.4983825683594,z4,-0.1112111993232918,cpp_prior
-417.5895690917969,z4,-0.1106515432562243,cpp_prior
-413.6807861328125,z4,-0.1087368884846289,cpp_prior
-409.77197265625,z4,-0.1063159178525583,cpp_prior
-405.8631896972656,z4,-0.1041636536387673,cpp_prior
-401.9544067382813,z4,-0.1025972620893391,cpp_prior
-398.0455932617187,z4,-0.1018815275276596,cpp_prior
-394.1368103027344,z4,-0.1022041605020014,cpp_prior
-390.22802734375,z4,-0.1031537397943016,cpp_prior
-386.3192138671875,z4,-0.1038039763332848,cpp_prior
-382.4104309082031,z4,-0.1031782870253035,cpp_prior
-378.5016174316406,z4,-0.1009418124950222,cpp_prior
-374.59283447265625,z4,-0.0972434759361042,cpp_prior
-370.6840515136719,z4,-0.0926063723897613,cpp_prior
-366.7752380371094,z4,-0.0876840791121812,cpp_prior
-362.866455078125,z4,-0.0830005641755878,cpp_prior
-358.9576416015625,z4,-0.0786024901271441,cpp_prior
-355.0488586425781,z4,-0.0743843263620664,cpp_prior
-351.14007568359375,z4,-0.069979992924209,cpp_prior
-347.23126220703125,z4,-0.0648703847578564,cpp_prior
-343.3224792480469,z4,-0.0588673821760283,cpp_prior
-339.4136657714844,z4,-0.0524696393887808,cpp_prior
-335.5048828125,z4,-0.0465640898001136,cpp_prior
-331.5960998535156,z4,-0.0420271617353336,cpp_prior
-327.6872863769531,z4,-0.0396239884548141,cpp_prior
-323.77850341796875,z4,-0.0395054879113591,cpp_prior
-319.8697204589844,z4,-0.0411379664229469,cpp_prior
-315.9609069824219,z4,-0.0435159886994507,cpp_prior
-312.0521240234375,z4,-0.0455817240488591,cpp_prior
-308.143310546875,z4,-0.046733479670654,cpp_prior
-304.2345275878906,z4,-0.0468827231355111,cpp_prior
-300.32574462890625,z4,-0.0462765788915196,cpp_prior
-296.41693115234375,z4,-0.0454268832583907,cpp_prior
-292.5081481933594,z4,-0.0446359836114696,cpp_prior
-288.5993347167969,z4,-0.043524398870045,cpp_prior
-284.6905517578125,z4,-0.0414136332875833,cpp_prior
-280.7817687988281,z4,-0.0377723159945027,cpp_prior
-276.8729553222656,z4,-0.0327605328083238,cpp_prior
-272.96417236328125,z4,-0.0272688283576598,cpp_prior
-269.0553894042969,z4,-0.0222503248782001,cpp_prior
-265.1465759277344,z4,-0.0183515541131694,cpp_prior
-261.23779296875,z4,-0.015751751001195,cpp_prior
-257.3289794921875,z4,-0.0146724805842531,cpp_prior
-253.42019653320312,z4,-0.0151611985060081,cpp_prior
-249.5113983154297,z4,-0.0164617487424471,cpp_prior
-245.60260009765625,z4,-0.0176496469091178,cpp_prior
-241.69381713867188,z4,-0.0180450599334459,cpp_prior
-237.78501892089844,z4,-0.0173996165819532,cpp_prior
-233.876220703125,z4,-0.0161196736824538,cpp_prior
-229.96742248535156,z4,-0.0149867711981717,cpp_prior
-226.0586395263672,z4,-0.0143334181417846,cpp_prior
-222.14984130859375,z4,-0.0139901546000358,cpp_prior
-218.2410430908203,z4,-0.0134605564558639,cpp_prior
-214.33224487304688,z4,-0.0119834075879165,cpp_prior
-210.42344665527344,z4,-0.00907283239437,cpp_prior
-206.51466369628903,z4,-0.0050079993820074,cpp_prior
-202.6058654785156,z4,-0.0007140464810741,cpp_prior
-198.6970672607422,z4,0.002812193673304,cpp_prior
-194.78826904296875,z4,0.0050730663691798,cpp_prior
-190.8794860839844,z4,0.0060879727934156,cpp_prior
-186.97068786621097,z4,0.0064654034203453,cpp_prior
-183.0618896484375,z4,0.0070881350056288,cpp_prior
-179.15309143066406,z4,0.0086274578289971,cpp_prior
-175.24429321289062,z4,0.0110788981249238,cpp_prior
-171.33551025390625,z4,0.0135768858645966,cpp_prior
-167.4267120361328,z4,0.0151281852145607,cpp_prior
-163.51791381835938,z4,0.0151087668990536,cpp_prior
-159.60911560058594,z4,0.0135530387430959,cpp_prior
-155.70033264160156,z4,0.0111049344769186,cpp_prior
-151.79153442382812,z4,0.0085333633968034,cpp_prior
-147.8827362060547,z4,0.0064328328210771,cpp_prior
-143.97393798828125,z4,0.0049237434102066,cpp_prior
-140.0651397705078,z4,0.0037676729220081,cpp_prior
-136.15635681152344,z4,0.0026353822540138,cpp_prior
-132.24755859375,z4,0.0015434358795861,cpp_prior
-128.33876037597656,z4,0.0012690242191243,cpp_prior
-124.42996978759766,z4,0.0029164591767357,cpp_prior
-120.52117156982422,z4,0.0070700809864084,cpp_prior
-116.61238098144533,z4,0.0134715811836021,cpp_prior
-112.70358276367188,z4,0.0208775428366534,cpp_prior
-108.79478454589844,z4,0.0273299946299081,cpp_prior
-104.88599395751952,z4,0.0313410728373107,cpp_prior
-100.9771957397461,z4,0.0324509606290853,cpp_prior
-97.0684051513672,z4,0.0311232864345694,cpp_prior
-93.15960693359376,z4,0.0287219208959627,cpp_prior
-89.25081634521484,z4,0.0266804253658315,cpp_prior
-85.3420181274414,z4,0.0258420927104124,cpp_prior
-81.4332275390625,z4,0.0264864424979063,cpp_prior
-77.52442932128906,z4,0.0282268945492784,cpp_prior
-73.61563873291016,z4,0.0300487330068518,cpp_prior
-69.70684051513672,z4,0.0308492259417055,cpp_prior
-65.79804229736328,z4,0.0301883604318942,cpp_prior
-61.889251708984375,z4,0.0286325542989656,cpp_prior
-57.9804573059082,z4,0.0270965243410062,cpp_prior
-54.07166290283203,z4,0.02677624039623,cpp_prior
-50.162864685058594,z4,0.0288138648209543,cpp_prior
-46.25407028198242,z4,0.0331861466029844,cpp_prior
-42.34527587890625,z4,0.0386963721300335,cpp_prior
-38.43648147583008,z4,0.0442114135732668,cpp_prior
-34.527687072753906,z4,0.0491103835040085,cpp_prior
-30.618892669677734,z4,0.0533417308740751,cpp_prior
-26.71009826660156,z4,0.0571801726728966,cpp_prior
-22.80130386352539,z4,0.0605404315473547,cpp_prior
-18.892507553100582,z4,0.0629498904451883,cpp_prior
-14.983713150024414,z4,0.0642496552134909,cpp_prior
-11.074918746948242,z4,0.0647581274844644,cpp_prior
-7.166123867034912,z4,0.0646613255372502,cpp_prior
-3.257328987121582,z4,0.0640931293575168,cpp_prior
0.6514657735824585,z4,0.0631461566645815,cpp_prior
4.560260772705078,z4,0.0617444937861557,cpp_prior
8.46905517578125,z4,0.0598839851228181,cpp_prior
12.377850532531738,z4,0.0576976549731818,cpp_prior
16.286645889282227,z4,0.0550944122882018,cpp_prior
20.1954402923584,z4,0.0519263147532544,cpp_prior
24.10423469543457,z4,0.048277533945652,cpp_prior
28.013029098510746,z4,0.044598050121883,cpp_prior
31.92182350158691,z4,0.0415854431184787,cpp_prior
35.83061981201172,z4,0.0397323333904581,cpp_prior
39.73941421508789,z4,0.0393402977568405,cpp_prior
43.64820861816406,z4,0.0405412946427069,cpp_prior
47.557003021240234,z4,0.0431023598939768,cpp_prior
51.465797424316406,z4,0.046224400017969,cpp_prior
55.37459182739258,z4,0.0486104425630283,cpp_prior
59.28338623046875,z4,0.0492731518578633,cpp_prior
63.19218063354492,z4,0.0480881214255461,cpp_prior
67.1009750366211,z4,0.0458113091595838,cpp_prior
71.00977325439453,z4,0.0434959519429871,cpp_prior
74.91856384277344,z4,0.041876584053517,cpp_prior
78.82736206054688,z4,0.0408840718733896,cpp_prior
82.73615264892578,z4,0.0395637670445785,cpp_prior
86.64495086669922,z4,0.0369180892456135,cpp_prior
90.55374908447266,z4,0.0325972496088488,cpp_prior
94.46253967285156,z4,0.0268805774389554,cpp_prior
98.371337890625,z4,0.0206693021712786,cpp_prior
102.2801284790039,z4,0.0151064975730468,cpp_prior
106.18892669677734,z4,0.0115876275402238,cpp_prior
110.09771728515624,z4,0.0109721661555648,cpp_prior
114.00651550292967,z4,0.0129639407146358,cpp_prior
117.9153060913086,z4,0.0166051425882068,cpp_prior
121.82410430908205,z4,0.0209410388016264,cpp_prior
125.73290252685548,z4,0.0250866078160348,cpp_prior
129.64169311523438,z4,0.0283381742299712,cpp_prior
133.5504913330078,z4,0.0302674583568524,cpp_prior
137.45928955078125,z4,0.0310845386244511,cpp_prior
141.36807250976562,z4,0.0314798214358872,cpp_prior
145.27687072753906,z4,0.0319674998087641,cpp_prior
149.1856689453125,z4,0.0326932747779479,cpp_prior
153.09446716308594,z4,0.033730728629078,cpp_prior
157.0032501220703,z4,0.0351080525163315,cpp_prior
160.91204833984375,z4,0.0364588316305478,cpp_prior
164.8208465576172,z4,0.0371662749030454,cpp_prior
168.72964477539062,z4,0.0367981469339633,cpp_prior
172.63844299316406,z4,0.0354755206037452,cpp_prior
176.54722595214844,z4,0.033642255011772,cpp_prior
180.45602416992188,z4,0.0314964243587632,cpp_prior
184.3648223876953,z4,0.0288656944295793,cpp_prior
188.27362060546875,z4,0.025433538810937,cpp_prior
192.18240356445312,z4,0.0213366175261258,cpp_prior
196.09120178222656,z4,0.0170364909315428,cpp_prior
200.0,z4,0.012902166724364,cpp_prior
-1000.0,z5,0.0043907965571112,cpp_prior
-996.0911865234376,z5,0.003490547754171,cpp_prior
-992.1824340820312,z5,0.0023529651835219,cpp_prior
-988.2736206054688,z5,0.000677624024804,cpp_prior
-984.3648071289062,z5,-0.0016106223588961,cpp_prior
-980.4560546875,z5,-0.0043829128006627,cpp_prior
-976.5472412109376,z5,-0.0073024244644793,cpp_prior
-972.638427734375,z5,-0.0099770632262171,cpp_prior
-968.7296142578124,z5,-0.0119923656202098,cpp_prior
-964.8208618164062,z5,-0.0130295410704929,cpp_prior
-960.9120483398438,z5,-0.0130813182640186,cpp_prior
-957.0032348632812,z5,-0.0125624344622635,cpp_prior
-953.094482421875,z5,-0.0120600023151052,cpp_prior
-949.1856689453124,z5,-0.0120997906480932,cpp_prior
-945.27685546875,z5,-0.0129735025927453,cpp_prior
-941.3681030273438,z5,-0.0147211174361434,cpp_prior
-937.4592895507812,z5,-0.0173193987313563,cpp_prior
-933.5504760742188,z5,-0.0206584477240117,cpp_prior
-929.6417236328124,z5,-0.0244405935537015,cpp_prior
-925.73291015625,z5,-0.0282541522168643,cpp_prior
-921.8240966796876,z5,-0.0317414460613643,cpp_prior
-917.915283203125,z5,-0.0347187975940729,cpp_prior
-914.0065307617188,z5,-0.0371144592521811,cpp_prior
-910.0977172851562,z5,-0.0390430969715665,cpp_prior
-906.1889038085938,z5,-0.0407090486558239,cpp_prior
-902.2801513671876,z5,-0.0421608377416387,cpp_prior
-898.371337890625,z5,-0.0433458852250059,cpp_prior
-894.4625244140625,z5,-0.0442068894116139,cpp_prior
-890.5537719726562,z5,-0.0447380664072741,cpp_prior
-886.6449584960938,z5,-0.0449618217332711,cpp_prior
-882.7361450195312,z5,-0.0450222700587051,cpp_prior
-878.8273315429688,z5,-0.0449760259417712,cpp_prior
-874.9185791015625,z5,-0.0446533352260024,cpp_prior
-871.009765625,z5,-0.0439139279784015,cpp_prior
-867.1009521484375,z5,-0.04288724765977,cpp_prior
-863.1921997070312,z5,-0.0421895919475321,cpp_prior
-859.2833862304688,z5,-0.0424990537056962,cpp_prior
-855.3745727539062,z5,-0.0443581191691703,cpp_prior
-851.4658203125,z5,-0.0480453211705293,cpp_prior
-847.5570068359375,z5,-0.0534509474897244,cpp_prior
-843.648193359375,z5,-0.0598578614318112,cpp_prior
-839.7394409179688,z5,-0.0662491450873957,cpp_prior
-835.8306274414062,z5,-0.0717069701186351,cpp_prior
-831.9218139648438,z5,-0.0757648918073392,cpp_prior
-828.0130004882812,z5,-0.0786240210547184,cpp_prior
-824.104248046875,z5,-0.0807612978000611,cpp_prior
-820.1954345703125,z5,-0.0825492819016766,cpp_prior
-816.28662109375,z5,-0.0841363695104978,cpp_prior
-812.3778686523438,z5,-0.085408335734317,cpp_prior
-808.4690551757812,z5,-0.0860381262658116,cpp_prior
-804.5602416992188,z5,-0.0858940286506324,cpp_prior
-800.6514892578125,z5,-0.0851493077386316,cpp_prior
-796.74267578125,z5,-0.0842450630117831,cpp_prior
-792.8338623046875,z5,-0.0835947729645422,cpp_prior
-788.9251098632812,z5,-0.0833237061727015,cpp_prior
-785.0162963867188,z5,-0.0831460582747499,cpp_prior
-781.1074829101562,z5,-0.0826866564433991,cpp_prior
-777.1986694335938,z5,-0.0817201104976007,cpp_prior
-773.2899169921875,z5,-0.0803524749758209,cpp_prior
-769.381103515625,z5,-0.0791317553428514,cpp_prior
-765.4722900390625,z5,-0.078842330468773,cpp_prior
-761.5635375976562,z5,-0.0802751468951052,cpp_prior
-757.6547241210938,z5,-0.0838898252996562,cpp_prior
-753.7459106445312,z5,-0.0894664849448728,cpp_prior
-749.837158203125,z5,-0.0961433559502502,cpp_prior
-745.9283447265625,z5,-0.1025724944195439,cpp_prior
-742.01953125,z5,-0.1074451623015973,cpp_prior
-738.1107788085938,z5,-0.1100561535880294,cpp_prior
-734.2019653320312,z5,-0.1105633447106708,cpp_prior
-730.2931518554688,z5,-0.1099791726906269,cpp_prior
-726.3843383789062,z5,-0.109299751156688,cpp_prior
-722.4755859375,z5,-0.1089084611097485,cpp_prior
-718.5667724609375,z5,-0.1086847527331872,cpp_prior
-714.657958984375,z5,-0.1084051723516614,cpp_prior
-710.7492065429688,z5,-0.1078624040851105,cpp_prior
-706.8403930664062,z5,-0.106913125300864,cpp_prior
-702.9315795898438,z5,-0.1056694683177034,cpp_prior
-699.0228271484375,z5,-0.1047110134974944,cpp_prior
-695.114013671875,z5,-0.104829323867666,cpp_prior
-691.2052001953125,z5,-0.1065018761411613,cpp_prior
-687.29638671875,z5,-0.1095601727807079,cpp_prior
-683.3876342773438,z5,-0.1131926311016474,cpp_prior
-679.4788208007812,z5,-0.1163491828594586,cpp_prior
-675.5700073242188,z5,-0.1182350990411973,cpp_prior
-671.6612548828125,z5,-0.1187288087837808,cpp_prior
-667.75244140625,z5,-0.1183254185984252,cpp_prior
-663.8436279296875,z5,-0.1176651819847659,cpp_prior
-659.9348754882812,z5,-0.1172730700196722,cpp_prior
-656.0260620117188,z5,-0.1173872517944784,cpp_prior
-652.1172485351562,z5,-0.1178513284833128,cpp_prior
-648.20849609375,z5,-0.1181942817069684,cpp_prior
-644.2996826171875,z5,-0.1180024254950624,cpp_prior
-640.390869140625,z5,-0.1170246209418456,cpp_prior
-636.4820556640625,z5,-0.1152498040614754,cpp_prior
-632.5733032226562,z5,-0.1131221493838011,cpp_prior
-628.6644897460938,z5,-0.1113820891943603,cpp_prior
-624.7556762695312,z5,-0.1104090854332422,cpp_prior
-620.846923828125,z5,-0.1101267166025459,cpp_prior
-616.9381103515625,z5,-0.1101663748409284,cpp_prior
-613.029296875,z5,-0.1101066918006328,cpp_prior
-609.1205444335938,z5,-0.1096914005655509,cpp_prior
-605.2117309570312,z5,-0.1087716339034728,cpp_prior
-601.3029174804688,z5,-0.1074703602388379,cpp_prior
-597.3941650390625,z5,-0.1063267034120635,cpp_prior
-593.4853515625,z5,-0.1059891032108444,cpp_prior
-589.5765380859375,z5,-0.1067817641197391,cpp_prior
-585.667724609375,z5,-0.1086176155212708,cpp_prior
-581.7589721679688,z5,-0.1110309783069789,cpp_prior
-577.8501586914062,z5,-0.1132846551084328,cpp_prior
-573.9413452148438,z5,-0.1147428379858346,cpp_prior
-570.0325927734375,z5,-0.1152634440366378,cpp_prior
-566.123779296875,z5,-0.1150546656529769,cpp_prior
-562.2149658203125,z5,-0.1145223391874885,cpp_prior
-558.3062133789062,z5,-0.1140440117372824,cpp_prior
-554.3973999023438,z5,-0.1137339444894103,cpp_prior
-550.4885864257812,z5,-0.1133127030021669,cpp_prior
-546.579833984375,z5,-0.1123590568979962,cpp_prior
-542.6710205078125,z5,-0.1105371357119661,cpp_prior
-538.76220703125,z5,-0.1078807868316431,cpp_prior
-534.8533935546875,z5,-0.1049352797447609,cpp_prior
-530.9446411132812,z5,-0.1024961520949579,cpp_prior
-527.0358276367188,z5,-0.1012871262986421,cpp_prior
-523.1270141601562,z5,-0.1016265056582299,cpp_prior
-519.21826171875,z5,-0.1031364824187466,cpp_prior
-515.3094482421875,z5,-0.1048573152037476,cpp_prior
-511.4006652832031,z5,-0.1058188820650703,cpp_prior
-507.4918518066406,z5,-0.1056166501997964,cpp_prior
-503.58306884765625,z5,-0.1044163785041959,cpp_prior
-499.67425537109375,z5,-0.1026416802110923,cpp_prior
-495.7654724121094,z5,-0.1008524894147171,cpp_prior
-491.856689453125,z5,-0.0993186435292519,cpp_prior
-487.9478759765625,z5,-0.0976870013047307,cpp_prior
-484.0390930175781,z5,-0.0954466477876873,cpp_prior
-480.1302795410156,z5,-0.092446182037751,cpp_prior
-476.2214965820313,z5,-0.0889307863730271,cpp_prior
-472.3127136230469,z5,-0.0853557524617759,cpp_prior
-468.4039001464844,z5,-0.0821856528985002,cpp_prior
-464.4951171875,z5,-0.0798588895228894,cpp_prior
-460.5863342285156,z5,-0.0784903308312148,cpp_prior
-456.6775207519531,z5,-0.0777359386621887,cpp_prior
-452.7687377929687,z5,-0.0769675868400299,cpp_prior
-448.85992431640625,z5,-0.0755649236395593,cpp_prior
-444.9511413574219,z5,-0.0732017443246861,cpp_prior
-441.0423583984375,z5,-0.0700042106754879,cpp_prior
-437.133544921875,z5,-0.0663926457538307,cpp_prior
-433.2247619628906,z5,-0.0628741142446824,cpp_prior
-429.3159484863281,z5,-0.0597600819097127,cpp_prior
-425.40716552734375,z5,-0.0571347672560737,cpp_prior
-421.4983825683594,z5,-0.0548426694135337,cpp_prior
-417.5895690917969,z5,-0.0527314654706381,cpp_prior
-413.6807861328125,z5,-0.0508949835006989,cpp_prior
-409.77197265625,z5,-0.0496024395627164,cpp_prior
-405.8631896972656,z5,-0.0489655993832338,cpp_prior
-401.9544067382813,z5,-0.0487621194035035,cpp_prior
-398.0455932617187,z5,-0.0484610940740418,cpp_prior
-394.1368103027344,z5,-0.0473655354458915,cpp_prior
-390.22802734375,z5,-0.0448554325789764,cpp_prior
-386.3192138671875,z5,-0.0406264188966161,cpp_prior
-382.4104309082031,z5,-0.0349088548769386,cpp_prior
-378.5016174316406,z5,-0.0283896177843702,cpp_prior
-374.59283447265625,z5,-0.021862284427044,cpp_prior
-370.6840515136719,z5,-0.0158919646854666,cpp_prior
-366.7752380371094,z5,-0.0105467972624944,cpp_prior
-362.866455078125,z5,-0.0053578241780841,cpp_prior
-358.9576416015625,z5,0.0002678620189359,cpp_prior
-355.0488586425781,z5,0.0067354056368495,cpp_prior
-351.14007568359375,z5,0.0140583010624968,cpp_prior
-347.23126220703125,z5,0.0218466712719051,cpp_prior
-343.3224792480469,z5,0.0294068883663111,cpp_prior
-339.4136657714844,z5,0.035898997802601,cpp_prior
-335.5048828125,z5,0.0405610138121053,cpp_prior
-331.5960998535156,z5,0.0430468970585131,cpp_prior
-327.6872863769531,z5,0.0435210088558051,cpp_prior
-323.77850341796875,z5,0.0425834170842534,cpp_prior
-319.8697204589844,z5,0.0410453826754456,cpp_prior
-315.9609069824219,z5,0.039675699333712,cpp_prior
-312.0521240234375,z5,0.0390107466937395,cpp_prior
-308.143310546875,z5,0.0393341573649541,cpp_prior
-304.2345275878906,z5,0.0406887548939274,cpp_prior
-300.32574462890625,z5,0.0429968585099493,cpp_prior
-296.41693115234375,z5,0.0461398277218823,cpp_prior
-292.5081481933594,z5,0.0499169485253134,cpp_prior
-288.5993347167969,z5,0.0539947014322106,cpp_prior
-284.6905517578125,z5,0.0579505136065235,cpp_prior
-280.7817687988281,z5,0.0614085917992911,cpp_prior
-276.8729553222656,z5,0.0642029567848263,cpp_prior
-272.96417236328125,z5,0.0662553822944121,cpp_prior
-269.0553894042969,z5,0.0674752867567101,cpp_prior
-265.1465759277344,z5,0.0677863469162301,cpp_prior
-261.23779296875,z5,0.0671260920784756,cpp_prior
-257.3289794921875,z5,0.0655973610003172,cpp_prior
-253.42019653320312,z5,0.0636911924307907,cpp_prior
-249.5113983154297,z5,0.0620687514541404,cpp_prior
-245.60260009765625,z5,0.0612472731072045,cpp_prior
-241.69381713867188,z5,0.0613066639070516,cpp_prior
-237.78501892089844,z5,0.0619196694747779,cpp_prior
-233.876220703125,z5,0.0626098936736258,cpp_prior
-229.96742248535156,z5,0.0631449839657247,cpp_prior
-226.0586395263672,z5,0.0636241873763864,cpp_prior
-222.14984130859375,z5,0.0643938932381047,cpp_prior
-218.2410430908203,z5,0.065826524396557,cpp_prior
-214.33224487304688,z5,0.0680388873346325,cpp_prior
-210.42344665527344,z5,0.0707523701868538,cpp_prior
-206.51466369628903,z5,0.0734579394629614,cpp_prior
-202.6058654785156,z5,0.0756940329780279,cpp_prior
-198.6970672607422,z5,0.0773065393955965,cpp_prior
-194.78826904296875,z5,0.078445918454779,cpp_prior
-190.8794860839844,z5,0.0794567798508911,cpp_prior
-186.97068786621097,z5,0.0807131898687941,cpp_prior
-183.0618896484375,z5,0.0824139967550269,cpp_prior
-179.15309143066406,z5,0.0844478381735231,cpp_prior
-175.24429321289062,z5,0.0864416033887269,cpp_prior
-171.33551025390625,z5,0.087968892862721,cpp_prior
-167.4267120361328,z5,0.088877691167795,cpp_prior
-163.51791381835938,z5,0.089340489276219,cpp_prior
-159.60911560058594,z5,0.0895918458628085,cpp_prior
-155.70033264160156,z5,0.0897147703471277,cpp_prior
-151.79153442382812,z5,0.0896854153408509,cpp_prior
-147.8827362060547,z5,0.0894103519121901,cpp_prior
-143.97393798828125,z5,0.0886711435247668,cpp_prior
-140.0651397705078,z5,0.0873756151234564,cpp_prior
-136.15635681152344,z5,0.0858857513464255,cpp_prior
-132.24755859375,z5,0.0849899640271541,cpp_prior
-128.33876037597656,z5,0.0855418834103926,cpp_prior
-124.42996978759766,z5,0.0881284046752594,cpp_prior
-120.52117156982422,z5,0.0927807511594263,cpp_prior
-116.61238098144533,z5,0.0988317408846632,cpp_prior
-112.70358276367188,z5,0.105136829220594,cpp_prior
-108.79478454589844,z5,0.1104428807415447,cpp_prior
-104.88599395751952,z5,0.113759535213212,cpp_prior
-100.9771957397461,z5,0.114670922077294,cpp_prior
-97.0684051513672,z5,0.1135700990942164,cpp_prior
-93.15960693359376,z5,0.1114065083768577,cpp_prior
-89.25081634521484,z5,0.1091817644330844,cpp_prior
-85.3420181274414,z5,0.107679105917835,cpp_prior
-81.4332275390625,z5,0.107199884207771,cpp_prior
-77.52442932128906,z5,0.1075617752657916,cpp_prior
-73.61563873291016,z5,0.1083414512911132,cpp_prior
-69.70684051513672,z5,0.1092491218166755,cpp_prior
-65.79804229736328,z5,0.1102914428659555,cpp_prior
-61.889251708984375,z5,0.1116097863610671,cpp_prior
-57.9804573059082,z5,0.1134171007130095,cpp_prior
-54.07166290283203,z5,0.1159740905635076,cpp_prior
-50.162864685058594,z5,0.1192514506753347,cpp_prior
-46.25407028198242,z5,0.1227870518478022,cpp_prior
-42.34527587890625,z5,0.1260185756423068,cpp_prior
-38.43648147583008,z5,0.1287175402107681,cpp_prior
-34.527687072753906,z5,0.1310678915613239,cpp_prior
-30.618892669677734,z5,0.133313942976627,cpp_prior
-26.71009826660156,z5,0.1355992163178854,cpp_prior
-22.80130386352539,z5,0.1380397284421895,cpp_prior
-18.892507553100582,z5,0.1405736837629252,cpp_prior
-14.983713150024414,z5,0.1427444385995448,cpp_prior
-11.074918746948242,z5,0.143899129523653,cpp_prior
-7.166123867034912,z5,0.1435045815481961,cpp_prior
-3.257328987121582,z5,0.1414918889910851,cpp_prior
0.6514657735824585,z5,0.1383452536852335,cpp_prior
4.560260772705078,z5,0.1348661403951889,cpp_prior
8.46905517578125,z5,0.131775389136061,cpp_prior
12.377850532531738,z5,0.1293615838243,cpp_prior
16.286645889282227,z5,0.127388018429877,cpp_prior
20.1954402923584,z5,0.125382822709767,cpp_prior
24.10423469543457,z5,0.1228987916790494,cpp_prior
28.013029098510746,z5,0.1197109273828081,cpp_prior
31.92182350158691,z5,0.1160492628607903,cpp_prior
35.83061981201172,z5,0.1127011934776004,cpp_prior
39.73941421508789,z5,0.1105851971176875,cpp_prior
43.64820861816406,z5,0.1101899368171462,cpp_prior
47.557003021240234,z5,0.1112503579687327,cpp_prior
51.465797424316406,z5,0.112829525520552,cpp_prior
55.37459182739258,z5,0.1138179768933577,cpp_prior
59.28338623046875,z5,0.1134102109310746,cpp_prior
63.19218063354492,z5,0.1113023680091776,cpp_prior
67.1009750366211,z5,0.1077612354038102,cpp_prior
71.00977325439453,z5,0.1035776661059299,cpp_prior
74.91856384277344,z5,0.0996251543222095,cpp_prior
78.82736206054688,z5,0.09624228392653,cpp_prior
82.73615264892578,z5,0.0930709273045655,cpp_prior
86.64495086669922,z5,0.0894532666989143,cpp_prior
90.55374908447266,z5,0.0849097324409901,cpp_prior
94.46253967285156,z5,0.0793695696710851,cpp_prior
98.371337890625,z5,0.0733445038896876,cpp_prior
102.2801284790039,z5,0.0679990345682649,cpp_prior
106.18892669677734,z5,0.0647015803855379,cpp_prior
110.09771728515624,z5,0.0642940304325043,cpp_prior
114.00651550292967,z5,0.0665474134879952,cpp_prior
117.9153060913086,z5,0.0702604575207947,cpp_prior
121.82410430908205,z5,0.0738012385640817,cpp_prior
125.73290252685548,z5,0.0757542056000069,cpp_prior
129.64169311523438,z5,0.0756280172185952,cpp_prior
133.5504913330078,z5,0.0740831031316128,cpp_prior
137.45928955078125,z5,0.072370644492302,cpp_prior
141.36807250976562,z5,0.0715382543150583,cpp_prior
145.27687072753906,z5,0.0718542200081994,cpp_prior
149.1856689453125,z5,0.0728413205042066,cpp_prior
153.09446716308594,z5,0.0736212740333126,cpp_prior
157.0032501220703,z5,0.0733382225302358,cpp_prior
160.91204833984375,z5,0.0717698135104921,cpp_prior
164.8208465576172,z5,0.0695542631159941,cpp_prior
168.72964477539062,z5,0.0676566805765173,cpp_prior
172.63844299316406,z5,0.0666431065635702,cpp_prior
176.54722595214844,z5,0.0662533677032127,cpp_prior
180.45602416992188,z5,0.0655818789823452,cpp_prior
184.3648223876953,z5,0.0636800646847856,cpp_prior
188.27362060546875,z5,0.0599672146439299,cpp_prior
192.18240356445312,z5,0.0544395006414955,cpp_prior
196.09120178222656,z5,0.048019229439492,cpp_prior
200.0,z5,0.0421212509441096,cpp_prior
