{
  "sub-1117": {
    "balanced_accuracy": 0.5004960317460317,
    "precision": 0.5,
    "recall": 0.06349206349206349,
    "tn": 60,
    "fp": 4,
    "fn": 59,
    "tp": 4,
    "roc_auc": 0.45238095238095244
  },
  "sub-1131": {
    "balanced_accuracy": 0.48487103174603174,
    "precision": 0.4,
    "recall": 0.06349206349206349,
    "tn": 58,
    "fp": 6,
    "fn": 59,
    "tp": 4,
    "roc_auc": 0.4895833333333333
  },
  "sub-1118": {
    "balanced_accuracy": 0.5276537698412698,
    "precision": 0.5230769230769231,
    "recall": 0.5396825396825397,
    "tn": 33,
    "fp": 31,
    "fn": 29,
    "tp": 34,
    "roc_auc": 0.47271825396825395
  },
  "sub-1132": {
    "balanced_accuracy": 0.515625,
    "precision": 0.5104166666666666,
    "recall": 0.765625,
    "tn": 17,
    "fp": 47,
    "fn": 15,
    "tp": 49,
    "roc_auc": 0.488525390625
  },
  "sub-1120": {
    "balanced_accuracy": 0.5230414746543779,
    "precision": 0.509090909090909,
    "recall": 0.9032258064516129,
    "tn": 9,
    "fp": 54,
    "fn": 6,
    "tp": 56,
    "roc_auc": 0.5535074244751664
  },
  "sub-1135": {
    "balanced_accuracy": 0.45188492063492064,
    "precision": 0.4690265486725664,
    "recall": 0.8412698412698413,
    "tn": 4,
    "fp": 60,
    "fn": 10,
    "tp": 53,
    "roc_auc": 0.4496527777777778
  },
  "sub-1124": {
    "balanced_accuracy": 0.4921875,
    "precision": 0.0,
    "recall": 0.0,
    "tn": 63,
    "fp": 1,
    "fn": 63,
    "tp": 0,
    "roc_auc": 0.4893353174603175
  },
  "sub-1136": {
    "balanced_accuracy": 0.4844990079365079,
    "precision": 0.25,
    "recall": 0.015873015873015872,
    "tn": 61,
    "fp": 3,
    "fn": 62,
    "tp": 1,
    "roc_auc": 0.49851190476190477
  },
  "sub-1126": {
    "balanced_accuracy": 0.484375,
    "precision": 0.48,
    "recall": 0.375,
    "tn": 38,
    "fp": 26,
    "fn": 40,
    "tp": 24,
    "roc_auc": 0.509765625
  },
  "sub-1151": {
    "balanced_accuracy": 0.4087301587301587,
    "precision": 0.4266666666666667,
    "recall": 0.5,
    "tn": 20,
    "fp": 43,
    "fn": 32,
    "tp": 32,
    "roc_auc": 0.4295634920634921
  }
}