latent,rt_group,time_ms,mean
z1,fast,-1000.0,0.07200592756271362
z1,fast,-996.0911865234375,0.13537319004535675
z1,fast,-992.1824340820312,0.1872050166130066
z1,fast,-988.2736206054688,0.22898253798484802
z1,fast,-984.3648071289062,0.2625182569026947
z1,fast,-980.4560546875,0.289382666349411
z1,fast,-976.5472412109375,0.3108958303928375
z1,fast,-972.638427734375,0.32811424136161804
z1,fast,-968.7296142578125,0.34185999631881714
z1,fast,-964.8208618164062,0.3527451455593109
z1,fast,-960.9120483398438,0.3612998127937317
z1,fast,-957.0032348632812,0.36802583932876587
z1,fast,-953.094482421875,0.3733818829059601
z1,fast,-949.1856689453125,0.3776682913303375
z1,fast,-945.27685546875,0.3810569941997528
z1,fast,-941.3681030273438,0.38371938467025757
z1,fast,-937.4592895507812,0.38585662841796875
z1,fast,-933.5504760742188,0.38766610622406006
z1,fast,-929.6417236328125,0.38924258947372437
z1,fast,-925.73291015625,0.39056864380836487
z1,fast,-921.8240966796875,0.3916463851928711
z1,fast,-917.915283203125,0.39246270060539246
z1,fast,-914.0065307617188,0.39307457208633423
z1,fast,-910.0977172851562,0.3935632109642029
z1,fast,-906.1889038085938,0.39396554231643677
z1,fast,-902.2801513671875,0.39431437849998474
z1,fast,-898.371337890625,0.3945674002170563
z1,fast,-894.4625244140625,0.3947148025035858
z1,fast,-890.5537719726562,0.3948231637477875
z1,fast,-886.6449584960938,0.39494505524635315
z1,fast,-882.7361450195312,0.3950995206832886
z1,fast,-878.8273315429688,0.39531591534614563
z1,fast,-874.9185791015625,0.3955950140953064
z1,fast,-871.009765625,0.395894855260849
z1,fast,-867.1009521484375,0.3961724042892456
z1,fast,-863.1921997070312,0.3964066207408905
z1,fast,-859.2833862304688,0.39660173654556274
z1,fast,-855.3745727539062,0.39674484729766846
z1,fast,-851.4658203125,0.3968133330345154
z1,fast,-847.5570068359375,0.3968348205089569
z1,fast,-843.648193359375,0.39689964056015015
z1,fast,-839.7394409179688,0.397005558013916
z1,fast,-835.8306274414062,0.3971101939678192
z1,fast,-831.9218139648438,0.3971918225288391
z1,fast,-828.0130004882812,0.3972371518611908
z1,fast,-824.104248046875,0.3972800672054291
z1,fast,-820.1954345703125,0.39735135436058044
z1,fast,-816.28662109375,0.39745208621025085
z1,fast,-812.3778686523438,0.39759549498558044
z1,fast,-808.4690551757812,0.39779484272003174
z1,fast,-804.5602416992188,0.3979871869087219
z1,fast,-800.6514892578125,0.3981516659259796
z1,fast,-796.74267578125,0.3982831537723541
z1,fast,-792.8338623046875,0.39840492606163025
z1,fast,-788.9251098632812,0.3985418379306793
z1,fast,-785.0162963867188,0.3987211287021637
z1,fast,-781.1074829101562,0.3989400267601013
z1,fast,-777.1986694335938,0.39921197295188904
z1,fast,-773.2899169921875,0.3995225727558136
z1,fast,-769.381103515625,0.39984217286109924
z1,fast,-765.4722900390625,0.4001602530479431
z1,fast,-761.5635375976562,0.40043923258781433
z1,fast,-757.6547241210938,0.4006490409374237
z1,fast,-753.7459106445312,0.40076377987861633
z1,fast,-749.837158203125,0.4008049964904785
z1,fast,-745.9283447265625,0.4008578956127167
z1,fast,-742.01953125,0.4009760022163391
z1,fast,-738.1107788085938,0.401101291179657
z1,fast,-734.2019653320312,0.40115827322006226
z1,fast,-730.2931518554688,0.40112820267677307
z1,fast,-726.3843383789062,0.4010629653930664
z1,fast,-722.4755859375,0.4009898602962494
z1,fast,-718.5667724609375,0.4009512662887573
z1,fast,-714.657958984375,0.4010123014450073
z1,fast,-710.7492065429688,0.4011838436126709
z1,fast,-706.8403930664062,0.40139326453208923
z1,fast,-702.9315795898438,0.4015306234359741
z1,fast,-699.0228271484375,0.40153270959854126
z1,fast,-695.114013671875,0.4014182984828949
z1,fast,-691.2052001953125,0.4012589752674103
z1,fast,-687.29638671875,0.4010816514492035
z1,fast,-683.3876342773438,0.40093323588371277
z1,fast,-679.4788208007812,0.40083423256874084
z1,fast,-675.5700073242188,0.4008164405822754
z1,fast,-671.6612548828125,0.4009266793727875
z1,fast,-667.75244140625,0.40112993121147156
z1,fast,-663.8436279296875,0.40136557817459106
z1,fast,-659.9348754882812,0.40160319209098816
z1,fast,-656.0260620117188,0.40179118514060974
z1,fast,-652.1172485351562,0.4018433690071106
z1,fast,-648.20849609375,0.4017527103424072
z1,fast,-644.2996826171875,0.40160071849823
z1,fast,-640.390869140625,0.401499480009079
z1,fast,-636.4820556640625,0.4014853835105896
z1,fast,-632.5733032226562,0.40153518319129944
z1,fast,-628.6644897460938,0.401607871055603
z1,fast,-624.7556762695312,0.40164119005203247
z1,fast,-620.846923828125,0.4015674293041229
z1,fast,-616.9381103515625,0.4013863503932953
z1,fast,-613.029296875,0.40116363763809204
z1,fast,-609.1205444335938,0.40092894434928894
z1,fast,-605.2117309570312,0.40067705512046814
z1,fast,-601.3029174804688,0.4004056751728058
z1,fast,-597.3941650390625,0.40015047788619995
z1,fast,-593.4853515625,0.39989951252937317
z1,fast,-589.5765380859375,0.3996525704860687
z1,fast,-585.667724609375,0.39940133690834045
z1,fast,-581.7589721679688,0.3991260826587677
z1,fast,-577.8501586914062,0.39886894822120667
z1,fast,-573.9413452148438,0.39867570996284485
z1,fast,-570.0325927734375,0.3985274136066437
z1,fast,-566.123779296875,0.3984449803829193
z1,fast,-562.2149658203125,0.3984357714653015
z1,fast,-558.3062133789062,0.3984622061252594
z1,fast,-554.3973999023438,0.3984968364238739
z1,fast,-550.4885864257812,0.3985075354576111
z1,fast,-546.579833984375,0.3984416127204895
z1,fast,-542.6710205078125,0.39834675192832947
z1,fast,-538.76220703125,0.39825546741485596
z1,fast,-534.8533935546875,0.39812779426574707
z1,fast,-530.9446411132812,0.39796528220176697
z1,fast,-527.0358276367188,0.3977961838245392
z1,fast,-523.1270141601562,0.39763277769088745
z1,fast,-519.21826171875,0.3974658250808716
z1,fast,-515.3094482421875,0.3972598612308502
z1,fast,-511.4006652832031,0.39700475335121155
z1,fast,-507.4918518066406,0.39670756459236145
z1,fast,-503.58306884765625,0.396403431892395
z1,fast,-499.67425537109375,0.39617231488227844
z1,fast,-495.7654724121094,0.3960568904876709
z1,fast,-491.856689453125,0.39600837230682373
z1,fast,-487.9478759765625,0.3959275186061859
z1,fast,-484.0390930175781,0.39575710892677307
z1,fast,-480.1302795410156,0.3955329954624176
z1,fast,-476.22149658203125,0.39532527327537537
z1,fast,-472.3127136230469,0.3951549828052521
z1,fast,-468.4039001464844,0.3950207829475403
z1,fast,-464.4951171875,0.3949175477027893
z1,fast,-460.5863342285156,0.3948265314102173
z1,fast,-456.6775207519531,0.394745796918869
z1,fast,-452.76873779296875,0.3946857452392578
z1,fast,-448.85992431640625,0.39462944865226746
z1,fast,-444.9511413574219,0.39453932642936707
z1,fast,-441.0423583984375,0.394412100315094
z1,fast,-437.133544921875,0.39425796270370483
z1,fast,-433.2247619628906,0.39404186606407166
z1,fast,-429.3159484863281,0.39373740553855896
z1,fast,-425.40716552734375,0.3933313488960266
z1,fast,-421.4983825683594,0.39286914467811584
z1,fast,-417.5895690917969,0.39243394136428833
z1,fast,-413.6807861328125,0.39208048582077026
z1,fast,-409.77197265625,0.39183586835861206
z1,fast,-405.8631896972656,0.39172038435935974
z1,fast,-401.95440673828125,0.39175698161125183
z1,fast,-398.04559326171875,0.3919365704059601
z1,fast,-394.1368103027344,0.39213094115257263
z1,fast,-390.22802734375,0.39222297072410583
z1,fast,-386.3192138671875,0.39218398928642273
z1,fast,-382.4104309082031,0.39202502369880676
z1,fast,-378.5016174316406,0.39178311824798584
z1,fast,-374.59283447265625,0.39152905344963074
z1,fast,-370.6840515136719,0.39132073521614075
z1,fast,-366.7752380371094,0.3911565840244293
z1,fast,-362.866455078125,0.3910202383995056
z1,fast,-358.9576416015625,0.3908563256263733
z1,fast,-355.0488586425781,0.39066484570503235
z1,fast,-351.14007568359375,0.39048248529434204
z1,fast,-347.23126220703125,0.3903181254863739
z1,fast,-343.3224792480469,0.39014604687690735
z1,fast,-339.4136657714844,0.3899833858013153
z1,fast,-335.5048828125,0.38984039425849915
z1,fast,-331.5960998535156,0.38971003890037537
z1,fast,-327.6872863769531,0.389597624540329
z1,fast,-323.77850341796875,0.3894897699356079
z1,fast,-319.8697204589844,0.38938000798225403
z1,fast,-315.9609069824219,0.3892512917518616
z1,fast,-312.0521240234375,0.3890882432460785
z1,fast,-308.143310546875,0.38891658186912537
z1,fast,-304.2345275878906,0.3887626826763153
z1,fast,-300.32574462890625,0.38863563537597656
z1,fast,-296.41693115234375,0.3885636329650879
z1,fast,-292.5081481933594,0.3885754644870758
z1,fast,-288.5993347167969,0.38867002725601196
z1,fast,-284.6905517578125,0.3888348639011383
z1,fast,-280.7817687988281,0.3890112042427063
z1,fast,-276.8729553222656,0.3891346752643585
z1,fast,-272.96417236328125,0.38915812969207764
z1,fast,-269.0553894042969,0.3890839219093323
z1,fast,-265.1465759277344,0.3889811038970947
z1,fast,-261.23779296875,0.3889135718345642
z1,fast,-257.3289794921875,0.38892054557800293
z1,fast,-253.42019653320312,0.388996958732605
z1,fast,-249.5113983154297,0.3890887498855591
z1,fast,-245.60260009765625,0.38916078209877014
z1,fast,-241.69381713867188,0.3891999423503876
z1,fast,-237.78501892089844,0.38922828435897827
z1,fast,-233.876220703125,0.38928931951522827
z1,fast,-229.96742248535156,0.3894179165363312
z1,fast,-226.0586395263672,0.38960641622543335
z1,fast,-222.14984130859375,0.3898259997367859
z1,fast,-218.2410430908203,0.39003556966781616
z1,fast,-214.33224487304688,0.39019548892974854
z1,fast,-210.42344665527344,0.3902970850467682
z1,fast,-206.51466369628906,0.39037665724754333
z1,fast,-202.60586547851562,0.3904600143432617
z1,fast,-198.6970672607422,0.39055588841438293
z1,fast,-194.78826904296875,0.39066195487976074
z1,fast,-190.87948608398438,0.39078888297080994
z1,fast,-186.97068786621094,0.39092597365379333
z1,fast,-183.0618896484375,0.3910481929779053
z1,fast,-179.15309143066406,0.3911443054676056
z1,fast,-175.24429321289062,0.39121297001838684
z1,fast,-171.33551025390625,0.391262024641037
z1,fast,-167.4267120361328,0.3912883698940277
z1,fast,-163.51791381835938,0.39128533005714417
z1,fast,-159.60911560058594,0.39126530289649963
z1,fast,-155.70033264160156,0.3912377953529358
z1,fast,-151.79153442382812,0.39120087027549744
z1,fast,-147.8827362060547,0.3911474347114563
z1,fast,-143.97393798828125,0.3910791277885437
z1,fast,-140.0651397705078,0.3910132646560669
z1,fast,-136.15635681152344,0.39098262786865234
z1,fast,-132.24755859375,0.3910100758075714
z1,fast,-128.33876037597656,0.3911093771457672
z1,fast,-124.42996978759766,0.3912631869316101
z1,fast,-120.52117156982422,0.391445517539978
z1,fast,-116.61238098144531,0.3916221857070923
z1,fast,-112.70358276367188,0.3917620778083801
z1,fast,-108.79478454589844,0.39182692766189575
z1,fast,-104.88599395751953,0.3917895257472992
z1,fast,-100.9771957397461,0.39167076349258423
z1,fast,-97.06840515136719,0.39150726795196533
z1,fast,-93.15960693359375,0.3913269639015198
z1,fast,-89.25081634521484,0.39119014143943787
z1,fast,-85.3420181274414,0.3911559581756592
z1,fast,-81.4332275390625,0.3912379741668701
z1,fast,-77.52442932128906,0.3914411962032318
z1,fast,-73.61563873291016,0.39173537492752075
z1,fast,-69.70684051513672,0.39204806089401245
z1,fast,-65.79804229736328,0.3922966420650482
z1,fast,-61.889251708984375,0.39240196347236633
z1,fast,-57.9804573059082,0.3923553228378296
z1,fast,-54.07166290283203,0.39221277832984924
z1,fast,-50.162864685058594,0.3920520544052124
z1,fast,-46.25407028198242,0.39195120334625244
z1,fast,-42.34527587890625,0.39196452498435974
z1,fast,-38.43648147583008,0.3920981287956238
z1,fast,-34.527687072753906,0.3922964632511139
z1,fast,-30.618892669677734,0.3925251364707947
z1,fast,-26.710098266601562,0.3927580714225769
z1,fast,-22.80130386352539,0.39296838641166687
z1,fast,-18.892507553100586,0.39311376214027405
z1,fast,-14.983713150024414,0.39315488934516907
z1,fast,-11.074918746948242,0.39308351278305054
z1,fast,-7.166123867034912,0.3929443657398224
z1,fast,-3.257328987121582,0.39281773567199707
z1,fast,0.6514657735824585,0.3927885591983795
z1,fast,4.560260772705078,0.3928929567337036
z1,fast,8.46905517578125,0.3930579125881195
z1,fast,12.377850532531738,0.3931809365749359
z1,fast,16.286645889282227,0.3932420015335083
z1,fast,20.1954402923584,0.3932708203792572
z1,fast,24.10423469543457,0.3933025300502777
z1,fast,28.013029098510742,0.3933474123477936
z1,fast,31.921823501586914,0.39341580867767334
z1,fast,35.83061981201172,0.39352667331695557
z1,fast,39.73941421508789,0.39369550347328186
z1,fast,43.64820861816406,0.3938983976840973
z1,fast,47.557003021240234,0.39410048723220825
z1,fast,51.465797424316406,0.39425531029701233
z1,fast,55.37459182739258,0.394338995218277
z1,fast,59.28338623046875,0.3943589925765991
z1,fast,63.19218063354492,0.39434096217155457
z1,fast,67.1009750366211,0.39433586597442627
z1,fast,71.00977325439453,0.39440372586250305
z1,fast,74.91856384277344,0.39454615116119385
z1,fast,78.82736206054688,0.39472490549087524
z1,fast,82.73615264892578,0.3948875963687897
z1,fast,86.64495086669922,0.395003080368042
z1,fast,90.55374908447266,0.395090788602829
z1,fast,94.46253967285156,0.3951733112335205
z1,fast,98.371337890625,0.395255982875824
z1,fast,102.2801284790039,0.3953278958797455
z1,fast,106.18892669677734,0.3953680992126465
z1,fast,110.09771728515625,0.39538419246673584
z1,fast,114.00651550292969,0.395395427942276
z1,fast,117.9153060913086,0.3954116106033325
z1,fast,121.82410430908203,0.3954537808895111
z1,fast,125.73290252685547,0.3955560624599457
z1,fast,129.64169311523438,0.3957349359989166
z1,fast,133.5504913330078,0.3959791958332062
z1,fast,137.45928955078125,0.3962419629096985
z1,fast,141.36807250976562,0.3964781165122986
z1,fast,145.27687072753906,0.3966715633869171
z1,fast,149.1856689453125,0.3968240022659302
z1,fast,153.09446716308594,0.396935373544693
z1,fast,157.0032501220703,0.39701047539711
z1,fast,160.91204833984375,0.3970649540424347
z1,fast,164.8208465576172,0.39711785316467285
z1,fast,168.72964477539062,0.39717578887939453
z1,fast,172.63844299316406,0.39723843336105347
z1,fast,176.54722595214844,0.3973025679588318
z1,fast,180.45602416992188,0.3973581790924072
z1,fast,184.3648223876953,0.3974056839942932
z1,fast,188.27362060546875,0.39743614196777344
z1,fast,192.18240356445312,0.3974543511867523
z1,fast,196.09120178222656,0.39747804403305054
z1,fast,200.0,0.3975291848182678
z1,medium,-1000.0,0.0730496421456337
z1,medium,-996.0911865234375,0.13760337233543396
z1,medium,-992.1824340820312,0.19032514095306396
z1,medium,-988.2736206054688,0.23276680707931519
z1,medium,-984.3648071289062,0.26683133840560913
z1,medium,-980.4560546875,0.29414448142051697
z1,medium,-976.5472412109375,0.3160032033920288
z1,medium,-972.638427734375,0.33344483375549316
z1,medium,-968.7296142578125,0.3473134934902191
z1,medium,-964.8208618164062,0.3582935035228729
z1,medium,-960.9120483398438,0.3669740855693817
z1,medium,-957.0032348632812,0.3738377094268799
z1,medium,-953.094482421875,0.3792022466659546
z1,medium,-949.1856689453125,0.3833986222743988
z1,medium,-945.27685546875,0.38674473762512207
z1,medium,-941.3681030273438,0.38948893547058105
z1,medium,-937.4592895507812,0.39177122712135315
z1,medium,-933.5504760742188,0.3936789035797119
z1,medium,-929.6417236328125,0.3952687084674835
z1,medium,-925.73291015625,0.39654821157455444
z1,medium,-921.8240966796875,0.3975553512573242
z1,medium,-917.915283203125,0.398333877325058
z1,medium,-914.0065307617188,0.3989453911781311
z1,medium,-910.0977172851562,0.39943310618400574
z1,medium,-906.1889038085938,0.3998152017593384
z1,medium,-902.2801513671875,0.400129109621048
z1,medium,-898.371337890625,0.4004061222076416
z1,medium,-894.4625244140625,0.40063056349754333
z1,medium,-890.5537719726562,0.4007872939109802
z1,medium,-886.6449584960938,0.40089380741119385
z1,medium,-882.7361450195312,0.40101829171180725
z1,medium,-878.8273315429688,0.40120863914489746
z1,medium,-874.9185791015625,0.4014658033847809
z1,medium,-871.009765625,0.40173864364624023
z1,medium,-867.1009521484375,0.40195369720458984
z1,medium,-863.1921997070312,0.40207841992378235
z1,medium,-859.2833862304688,0.4021187722682953
z1,medium,-855.3745727539062,0.4021119475364685
z1,medium,-851.4658203125,0.40206214785575867
z1,medium,-847.5570068359375,0.4019496440887451
z1,medium,-843.648193359375,0.40180468559265137
z1,medium,-839.7394409179688,0.401658833026886
z1,medium,-835.8306274414062,0.40155816078186035
z1,medium,-831.9218139648438,0.4015257954597473
z1,medium,-828.0130004882812,0.4015803635120392
z1,medium,-824.104248046875,0.40167224407196045
z1,medium,-820.1954345703125,0.4016664922237396
z1,medium,-816.28662109375,0.4015282392501831
z1,medium,-812.3778686523438,0.40129920840263367
z1,medium,-808.4690551757812,0.4010467231273651
z1,medium,-804.5602416992188,0.40080106258392334
z1,medium,-800.6514892578125,0.40058693289756775
z1,medium,-796.74267578125,0.4004175066947937
z1,medium,-792.8338623046875,0.40027737617492676
z1,medium,-788.9251098632812,0.4001660645008087
z1,medium,-785.0162963867188,0.40009668469429016
z1,medium,-781.1074829101562,0.40008366107940674
z1,medium,-777.1986694335938,0.4001559317111969
z1,medium,-773.2899169921875,0.4002857804298401
z1,medium,-769.381103515625,0.4004164934158325
z1,medium,-765.4722900390625,0.40048354864120483
z1,medium,-761.5635375976562,0.4004058241844177
z1,medium,-757.6547241210938,0.4001223146915436
z1,medium,-753.7459106445312,0.3996850252151489
z1,medium,-749.837158203125,0.3991968631744385
z1,medium,-745.9283447265625,0.3987763524055481
z1,medium,-742.01953125,0.39851701259613037
z1,medium,-738.1107788085938,0.3984311521053314
z1,medium,-734.2019653320312,0.3984341621398926
z1,medium,-730.2931518554688,0.39848142862319946
z1,medium,-726.3843383789062,0.3985350728034973
z1,medium,-722.4755859375,0.3985394239425659
z1,medium,-718.5667724609375,0.3984829783439636
z1,medium,-714.657958984375,0.39837250113487244
z1,medium,-710.7492065429688,0.39826130867004395
z1,medium,-706.8403930664062,0.39819684624671936
z1,medium,-702.9315795898438,0.39813026785850525
z1,medium,-699.0228271484375,0.39796963334083557
z1,medium,-695.114013671875,0.39772719144821167
z1,medium,-691.2052001953125,0.39746955037117004
z1,medium,-687.29638671875,0.39725902676582336
z1,medium,-683.3876342773438,0.3971165716648102
z1,medium,-679.4788208007812,0.39706963300704956
z1,medium,-675.5700073242188,0.39713254570961
z1,medium,-671.6612548828125,0.39726710319519043
z1,medium,-667.75244140625,0.3973996341228485
z1,medium,-663.8436279296875,0.3974253833293915
z1,medium,-659.9348754882812,0.3972919285297394
z1,medium,-656.0260620117188,0.3970259726047516
z1,medium,-652.1172485351562,0.39668312668800354
z1,medium,-648.20849609375,0.3963772654533386
z1,medium,-644.2996826171875,0.39617738127708435
z1,medium,-640.390869140625,0.39605191349983215
z1,medium,-636.4820556640625,0.39591383934020996
z1,medium,-632.5733032226562,0.39570263028144836
z1,medium,-628.6644897460938,0.39543774724006653
z1,medium,-624.7556762695312,0.39515820145606995
z1,medium,-620.846923828125,0.39489519596099854
z1,medium,-616.9381103515625,0.3946618139743805
z1,medium,-613.029296875,0.39449501037597656
z1,medium,-609.1205444335938,0.394423246383667
z1,medium,-605.2117309570312,0.39440613985061646
z1,medium,-601.3029174804688,0.3943726420402527
z1,medium,-597.3941650390625,0.3942618668079376
z1,medium,-593.4853515625,0.3940562307834625
z1,medium,-589.5765380859375,0.3937934935092926
z1,medium,-585.667724609375,0.3935370445251465
z1,medium,-581.7589721679688,0.3933373689651489
z1,medium,-577.8501586914062,0.393208384513855
z1,medium,-573.9413452148438,0.39309003949165344
z1,medium,-570.0325927734375,0.3929281234741211
z1,medium,-566.123779296875,0.3927088677883148
z1,medium,-562.2149658203125,0.3924408257007599
z1,medium,-558.3062133789062,0.39215683937072754
z1,medium,-554.3973999023438,0.3918899893760681
z1,medium,-550.4885864257812,0.3916558027267456
z1,medium,-546.579833984375,0.39147573709487915
z1,medium,-542.6710205078125,0.3913392126560211
z1,medium,-538.76220703125,0.39118894934654236
z1,medium,-534.8533935546875,0.39095449447631836
z1,medium,-530.9446411132812,0.39063987135887146
z1,medium,-527.0358276367188,0.3903370797634125
z1,medium,-523.1270141601562,0.39009997248649597
z1,medium,-519.21826171875,0.3899330794811249
z1,medium,-515.3094482421875,0.38986730575561523
z1,medium,-511.4006652832031,0.38992729783058167
z1,medium,-507.4918518066406,0.39008069038391113
z1,medium,-503.58306884765625,0.3902658522129059
z1,medium,-499.67425537109375,0.39042526483535767
z1,medium,-495.7654724121094,0.39048710465431213
z1,medium,-491.856689453125,0.39043232798576355
z1,medium,-487.9478759765625,0.39031484723091125
z1,medium,-484.0390930175781,0.390188604593277
z1,medium,-480.1302795410156,0.3900693953037262
z1,medium,-476.22149658203125,0.3899686932563782
z1,medium,-472.3127136230469,0.3898738920688629
z1,medium,-468.4039001464844,0.3897343575954437
z1,medium,-464.4951171875,0.3895162045955658
z1,medium,-460.5863342285156,0.3892512321472168
z1,medium,-456.6775207519531,0.3889783024787903
z1,medium,-452.76873779296875,0.38873130083084106
z1,medium,-448.85992431640625,0.3885052800178528
z1,medium,-444.9511413574219,0.38828790187835693
z1,medium,-441.0423583984375,0.3881152868270874
z1,medium,-437.133544921875,0.38799723982810974
z1,medium,-433.2247619628906,0.38790565729141235
z1,medium,-429.3159484863281,0.3878333866596222
z1,medium,-425.40716552734375,0.38778820633888245
z1,medium,-421.4983825683594,0.38774895668029785
z1,medium,-417.5895690917969,0.3877045512199402
z1,medium,-413.6807861328125,0.38768619298934937
z1,medium,-409.77197265625,0.3877412974834442
z1,medium,-405.8631896972656,0.3878712058067322
z1,medium,-401.95440673828125,0.3880622088909149
z1,medium,-398.04559326171875,0.3883160650730133
z1,medium,-394.1368103027344,0.38862255215644836
z1,medium,-390.22802734375,0.3889531195163727
z1,medium,-386.3192138671875,0.3892764151096344
z1,medium,-382.4104309082031,0.38956522941589355
z1,medium,-378.5016174316406,0.3898071348667145
z1,medium,-374.59283447265625,0.39000949263572693
z1,medium,-370.6840515136719,0.39015233516693115
z1,medium,-366.7752380371094,0.3902099132537842
z1,medium,-362.866455078125,0.3901923596858978
z1,medium,-358.9576416015625,0.39015328884124756
z1,medium,-355.0488586425781,0.39013996720314026
z1,medium,-351.14007568359375,0.3901670575141907
z1,medium,-347.23126220703125,0.3902246654033661
z1,medium,-343.3224792480469,0.39028120040893555
z1,medium,-339.4136657714844,0.39032623171806335
z1,medium,-335.5048828125,0.3903781771659851
z1,medium,-331.5960998535156,0.3904537260532379
z1,medium,-327.6872863769531,0.3905601501464844
z1,medium,-323.77850341796875,0.3906950056552887
z1,medium,-319.8697204589844,0.39083537459373474
z1,medium,-315.9609069824219,0.39094963669776917
z1,medium,-312.0521240234375,0.39104241132736206
z1,medium,-308.143310546875,0.39111992716789246
z1,medium,-304.2345275878906,0.39118584990501404
z1,medium,-300.32574462890625,0.3912673890590668
z1,medium,-296.41693115234375,0.39140352606773376
z1,medium,-292.5081481933594,0.3916111886501312
z1,medium,-288.5993347167969,0.39185741543769836
z1,medium,-284.6905517578125,0.39210203289985657
z1,medium,-280.7817687988281,0.3922778069972992
z1,medium,-276.8729553222656,0.392339825630188
z1,medium,-272.96417236328125,0.39231520891189575
z1,medium,-269.0553894042969,0.3922678232192993
z1,medium,-265.1465759277344,0.3922342360019684
z1,medium,-261.23779296875,0.3922160565853119
z1,medium,-257.3289794921875,0.392196923494339
z1,medium,-253.42019653320312,0.392167866230011
z1,medium,-249.5113983154297,0.3921285569667816
z1,medium,-245.60260009765625,0.39206641912460327
z1,medium,-241.69381713867188,0.3919696509838104
z1,medium,-237.78501892089844,0.39184942841529846
z1,medium,-233.876220703125,0.3917337954044342
z1,medium,-229.96742248535156,0.39166536927223206
z1,medium,-226.0586395263672,0.3916666805744171
z1,medium,-222.14984130859375,0.391741544008255
z1,medium,-218.2410430908203,0.39186933636665344
z1,medium,-214.33224487304688,0.392056941986084
z1,medium,-210.42344665527344,0.39229336380958557
z1,medium,-206.51466369628906,0.39254090189933777
z1,medium,-202.60586547851562,0.3927883803844452
z1,medium,-198.6970672607422,0.39304620027542114
z1,medium,-194.78826904296875,0.3932979106903076
z1,medium,-190.87948608398438,0.39350205659866333
z1,medium,-186.97068786621094,0.3936401605606079
z1,medium,-183.0618896484375,0.39369314908981323
z1,medium,-179.15309143066406,0.39365848898887634
z1,medium,-175.24429321289062,0.3935563266277313
z1,medium,-171.33551025390625,0.3934260904788971
z1,medium,-167.4267120361328,0.3932923376560211
z1,medium,-163.51791381835938,0.39315977692604065
z1,medium,-159.60911560058594,0.3930310606956482
z1,medium,-155.70033264160156,0.39292556047439575
z1,medium,-151.79153442382812,0.39288130402565
z1,medium,-147.8827362060547,0.3929293751716614
z1,medium,-143.97393798828125,0.3930697739124298
z1,medium,-140.0651397705078,0.3932606875896454
z1,medium,-136.15635681152344,0.3934585452079773
z1,medium,-132.24755859375,0.39364123344421387
z1,medium,-128.33876037597656,0.39377689361572266
z1,medium,-124.42996978759766,0.3938707709312439
z1,medium,-120.52117156982422,0.39396950602531433
z1,medium,-116.61238098144531,0.39410728216171265
z1,medium,-112.70358276367188,0.3942703902721405
z1,medium,-108.79478454589844,0.394438236951828
z1,medium,-104.88599395751953,0.39461180567741394
z1,medium,-100.9771957397461,0.3947874903678894
z1,medium,-97.06840515136719,0.39493972063064575
z1,medium,-93.15960693359375,0.3950267732143402
z1,medium,-89.25081634521484,0.39503467082977295
z1,medium,-85.3420181274414,0.39500609040260315
z1,medium,-81.4332275390625,0.39498186111450195
z1,medium,-77.52442932128906,0.39497748017311096
z1,medium,-73.61563873291016,0.3949804902076721
z1,medium,-69.70684051513672,0.394964337348938
z1,medium,-65.79804229736328,0.39491626620292664
z1,medium,-61.889251708984375,0.3948618769645691
z1,medium,-57.9804573059082,0.3948248326778412
z1,medium,-54.07166290283203,0.39480191469192505
z1,medium,-50.162864685058594,0.3947908878326416
z1,medium,-46.25407028198242,0.39480090141296387
z1,medium,-42.34527587890625,0.3948482871055603
z1,medium,-38.43648147583008,0.39492902159690857
z1,medium,-34.527687072753906,0.39504027366638184
z1,medium,-30.618892669677734,0.3952045738697052
z1,medium,-26.710098266601562,0.39543023705482483
z1,medium,-22.80130386352539,0.39570561051368713
z1,medium,-18.892507553100586,0.3960035741329193
z1,medium,-14.983713150024414,0.3962915241718292
z1,medium,-11.074918746948242,0.3965202867984772
z1,medium,-7.166123867034912,0.3966604471206665
z1,medium,-3.257328987121582,0.39669445157051086
z1,medium,0.6514657735824585,0.3966504633426666
z1,medium,4.560260772705078,0.3966100513935089
z1,medium,8.46905517578125,0.3966386914253235
z1,medium,12.377850532531738,0.3967469334602356
z1,medium,16.286645889282227,0.3969138264656067
z1,medium,20.1954402923584,0.3970969617366791
z1,medium,24.10423469543457,0.39722582697868347
z1,medium,28.013029098510742,0.3972594738006592
z1,medium,31.921823501586914,0.39721575379371643
z1,medium,35.83061981201172,0.39714714884757996
z1,medium,39.73941421508789,0.39710721373558044
z1,medium,43.64820861816406,0.39711591601371765
z1,medium,47.557003021240234,0.39716827869415283
z1,medium,51.465797424316406,0.39724549651145935
z1,medium,55.37459182739258,0.39732787013053894
z1,medium,59.28338623046875,0.39740240573883057
z1,medium,63.19218063354492,0.39747169613838196
z1,medium,67.1009750366211,0.3975617587566376
z1,medium,71.00977325439453,0.3976915776729584
z1,medium,74.91856384277344,0.39785727858543396
z1,medium,78.82736206054688,0.3980143070220947
z1,medium,82.73615264892578,0.39810651540756226
z1,medium,86.64495086669922,0.3981536626815796
z1,medium,90.55374908447266,0.39819765090942383
z1,medium,94.46253967285156,0.39825430512428284
z1,medium,98.371337890625,0.3983134627342224
z1,medium,102.2801284790039,0.3983476459980011
z1,medium,106.18892669677734,0.3983554244041443
z1,medium,110.09771728515625,0.398380309343338
z1,medium,114.00651550292969,0.3984784483909607
z1,medium,117.9153060913086,0.398645281791687
z1,medium,121.82410430908203,0.3988146483898163
z1,medium,125.73290252685547,0.3989075720310211
z1,medium,129.64169311523438,0.39888760447502136
z1,medium,133.5504913330078,0.39880040287971497
z1,medium,137.45928955078125,0.3987150490283966
z1,medium,141.36807250976562,0.3986649811267853
z1,medium,145.27687072753906,0.398654580116272
z1,medium,149.1856689453125,0.39867404103279114
z1,medium,153.09446716308594,0.3986874520778656
z1,medium,157.0032501220703,0.39867687225341797
z1,medium,160.91204833984375,0.3986670672893524
z1,medium,164.8208465576172,0.398678183555603
z1,medium,168.72964477539062,0.3987100422382355
z1,medium,172.63844299316406,0.39876118302345276
z1,medium,176.54722595214844,0.39883890748023987
z1,medium,180.45602416992188,0.3989454209804535
z1,medium,184.3648223876953,0.3990611135959625
z1,medium,188.27362060546875,0.3991660177707672
z1,medium,192.18240356445312,0.3992518186569214
z1,medium,196.09120178222656,0.3993178904056549
z1,medium,200.0,0.3993590474128723
z1,slow,-1000.0,0.07235409319400787
z1,slow,-996.0911865234375,0.1367178112268448
z1,slow,-992.1824340820312,0.18937948346138
z1,slow,-988.2736206054688,0.23176325857639313
z1,slow,-984.3648071289062,0.26569995284080505
z1,slow,-980.4560546875,0.2927760183811188
z1,slow,-976.5472412109375,0.3143348693847656
z1,slow,-972.638427734375,0.331459105014801
z1,slow,-968.7296142578125,0.3450201749801636
z1,slow,-964.8208618164062,0.3557324707508087
z1,slow,-960.9120483398438,0.3641660809516907
z1,slow,-957.0032348632812,0.3708201050758362
z1,slow,-953.094482421875,0.3760792315006256
z1,slow,-949.1856689453125,0.3802146315574646
z1,slow,-945.27685546875,0.383465439081192
z1,slow,-941.3681030273438,0.3860417604446411
z1,slow,-937.4592895507812,0.3881426751613617
z1,slow,-933.5504760742188,0.3899086117744446
z1,slow,-929.6417236328125,0.391372412443161
z1,slow,-925.73291015625,0.39252105355262756
z1,slow,-921.8240966796875,0.39339619874954224
z1,slow,-917.915283203125,0.39404869079589844
z1,slow,-914.0065307617188,0.3945099711418152
z1,slow,-910.0977172851562,0.39477935433387756
z1,slow,-906.1889038085938,0.39487943053245544
z1,slow,-902.2801513671875,0.39485102891921997
z1,slow,-898.371337890625,0.3947373330593109
z1,slow,-894.4625244140625,0.39457958936691284
z1,slow,-890.5537719726562,0.39439359307289124
z1,slow,-886.6449584960938,0.3941972851753235
z1,slow,-882.7361450195312,0.394023060798645
z1,slow,-878.8273315429688,0.3939150869846344
z1,slow,-874.9185791015625,0.393875390291214
z1,slow,-871.009765625,0.39388561248779297
z1,slow,-867.1009521484375,0.39391419291496277
z1,slow,-863.1921997070312,0.39392900466918945
z1,slow,-859.2833862304688,0.3939281702041626
z1,slow,-855.3745727539062,0.39391133189201355
z1,slow,-851.4658203125,0.39387059211730957
z1,slow,-847.5570068359375,0.39382484555244446
z1,slow,-843.648193359375,0.3937993347644806
z1,slow,-839.7394409179688,0.3937974274158478
z1,slow,-835.8306274414062,0.3938174843788147
z1,slow,-831.9218139648438,0.39384761452674866
z1,slow,-828.0130004882812,0.3938364088535309
z1,slow,-824.104248046875,0.3937768042087555
z1,slow,-820.1954345703125,0.3936932682991028
z1,slow,-816.28662109375,0.393632173538208
z1,slow,-812.3778686523438,0.3935825824737549
z1,slow,-808.4690551757812,0.3935045599937439
z1,slow,-804.5602416992188,0.3934001326560974
z1,slow,-800.6514892578125,0.3932743966579437
z1,slow,-796.74267578125,0.3931652903556824
z1,slow,-792.8338623046875,0.39309898018836975
z1,slow,-788.9251098632812,0.3930666148662567
z1,slow,-785.0162963867188,0.39303284883499146
z1,slow,-781.1074829101562,0.3929530084133148
z1,slow,-777.1986694335938,0.3928053081035614
z1,slow,-773.2899169921875,0.39260706305503845
z1,slow,-769.381103515625,0.39240700006484985
z1,slow,-765.4722900390625,0.3922412395477295
z1,slow,-761.5635375976562,0.39213669300079346
z1,slow,-757.6547241210938,0.392100065946579
z1,slow,-753.7459106445312,0.39210957288742065
z1,slow,-749.837158203125,0.3921435475349426
z1,slow,-745.9283447265625,0.3921636641025543
z1,slow,-742.01953125,0.3921459913253784
z1,slow,-738.1107788085938,0.3920741677284241
z1,slow,-734.2019653320312,0.39195898175239563
z1,slow,-730.2931518554688,0.3918774127960205
z1,slow,-726.3843383789062,0.3918907642364502
z1,slow,-722.4755859375,0.39198198914527893
z1,slow,-718.5667724609375,0.3920961320400238
z1,slow,-714.657958984375,0.39218854904174805
z1,slow,-710.7492065429688,0.39224156737327576
z1,slow,-706.8403930664062,0.392246812582016
z1,slow,-702.9315795898438,0.39221981167793274
z1,slow,-699.0228271484375,0.3922198414802551
z1,slow,-695.114013671875,0.3922528326511383
z1,slow,-691.2052001953125,0.3922750949859619
z1,slow,-687.29638671875,0.39224812388420105
z1,slow,-683.3876342773438,0.392180860042572
z1,slow,-679.4788208007812,0.3920922875404358
z1,slow,-675.5700073242188,0.39198926091194153
z1,slow,-671.6612548828125,0.3918972909450531
z1,slow,-667.75244140625,0.39185187220573425
z1,slow,-663.8436279296875,0.39187029004096985
z1,slow,-659.9348754882812,0.3919464647769928
z1,slow,-656.0260620117188,0.3920578062534332
z1,slow,-652.1172485351562,0.39217913150787354
z1,slow,-648.20849609375,0.39225760102272034
z1,slow,-644.2996826171875,0.3922549784183502
z1,slow,-640.390869140625,0.3921906054019928
z1,slow,-636.4820556640625,0.3921174705028534
z1,slow,-632.5733032226562,0.39206790924072266
z1,slow,-628.6644897460938,0.3920592665672302
z1,slow,-624.7556762695312,0.39210739731788635
z1,slow,-620.846923828125,0.39222195744514465
z1,slow,-616.9381103515625,0.3923525810241699
z1,slow,-613.029296875,0.3924078047275543
z1,slow,-609.1205444335938,0.39235469698905945
z1,slow,-605.2117309570312,0.39223960041999817
z1,slow,-601.3029174804688,0.39213359355926514
z1,slow,-597.3941650390625,0.3920789361000061
z1,slow,-593.4853515625,0.39208221435546875
z1,slow,-589.5765380859375,0.39213821291923523
z1,slow,-585.667724609375,0.3922328054904938
z1,slow,-581.7589721679688,0.3923119604587555
z1,slow,-577.8501586914062,0.39232441782951355
z1,slow,-573.9413452148438,0.3922733664512634
z1,slow,-570.0325927734375,0.3921917676925659
z1,slow,-566.123779296875,0.39211705327033997
z1,slow,-562.2149658203125,0.39210838079452515
z1,slow,-558.3062133789062,0.39221933484077454
z1,slow,-554.3973999023438,0.39243295788764954
z1,slow,-550.4885864257812,0.3926829397678375
z1,slow,-546.579833984375,0.392918199300766
z1,slow,-542.6710205078125,0.3931370675563812
z1,slow,-538.76220703125,0.3933449983596802
z1,slow,-534.8533935546875,0.3935566842556
z1,slow,-530.9446411132812,0.3937929570674896
z1,slow,-527.0358276367188,0.3940536379814148
z1,slow,-523.1270141601562,0.39430925250053406
z1,slow,-519.21826171875,0.39449334144592285
z1,slow,-515.3094482421875,0.394595205783844
z1,slow,-511.4006652832031,0.3946506679058075
z1,slow,-507.4918518066406,0.39467334747314453
z1,slow,-503.58306884765625,0.3946772515773773
z1,slow,-499.67425537109375,0.39469194412231445
z1,slow,-495.7654724121094,0.39473992586135864
z1,slow,-491.856689453125,0.3948269784450531
z1,slow,-487.9478759765625,0.3949257433414459
z1,slow,-484.0390930175781,0.394989937543869
z1,slow,-480.1302795410156,0.39501529932022095
z1,slow,-476.22149658203125,0.3950105905532837
z1,slow,-472.3127136230469,0.3949677646160126
z1,slow,-468.4039001464844,0.394893616437912
z1,slow,-464.4951171875,0.3948066234588623
z1,slow,-460.5863342285156,0.3947158753871918
z1,slow,-456.6775207519531,0.39463183283805847
z1,slow,-452.76873779296875,0.39455023407936096
z1,slow,-448.85992431640625,0.3944612443447113
z1,slow,-444.9511413574219,0.3943834900856018
z1,slow,-441.0423583984375,0.39437851309776306
z1,slow,-437.133544921875,0.39447319507598877
z1,slow,-433.2247619628906,0.3946552574634552
z1,slow,-429.3159484863281,0.39491480588912964
z1,slow,-425.40716552734375,0.3952145576477051
z1,slow,-421.4983825683594,0.3954668939113617
z1,slow,-417.5895690917969,0.39563271403312683
z1,slow,-413.6807861328125,0.39573755860328674
z1,slow,-409.77197265625,0.39583101868629456
z1,slow,-405.8631896972656,0.39591526985168457
z1,slow,-401.95440673828125,0.3959798812866211
z1,slow,-398.04559326171875,0.39604321122169495
z1,slow,-394.1368103027344,0.3961193561553955
z1,slow,-390.22802734375,0.39617666602134705
z1,slow,-386.3192138671875,0.39618340134620667
z1,slow,-382.4104309082031,0.3961571753025055
z1,slow,-378.5016174316406,0.3961343467235565
z1,slow,-374.59283447265625,0.3961608409881592
z1,slow,-370.6840515136719,0.39624354243278503
z1,slow,-366.7752380371094,0.3963422179222107
z1,slow,-362.866455078125,0.3964133560657501
z1,slow,-358.9576416015625,0.3964444100856781
z1,slow,-355.0488586425781,0.396453857421875
z1,slow,-351.14007568359375,0.3964540362358093
z1,slow,-347.23126220703125,0.3964420557022095
z1,slow,-343.3224792480469,0.3964310586452484
z1,slow,-339.4136657714844,0.3964639902114868
z1,slow,-335.5048828125,0.39656394720077515
z1,slow,-331.5960998535156,0.39671167731285095
z1,slow,-327.6872863769531,0.3968638479709625
z1,slow,-323.77850341796875,0.3969818651676178
z1,slow,-319.8697204589844,0.397037148475647
z1,slow,-315.9609069824219,0.39701780676841736
z1,slow,-312.0521240234375,0.3969414234161377
z1,slow,-308.143310546875,0.3968318700790405
z1,slow,-304.2345275878906,0.39672109484672546
z1,slow,-300.32574462890625,0.3966519832611084
z1,slow,-296.41693115234375,0.3966637849807739
z1,slow,-292.5081481933594,0.39676690101623535
z1,slow,-288.5993347167969,0.3969358205795288
z1,slow,-284.6905517578125,0.3971209228038788
z1,slow,-280.7817687988281,0.3972569406032562
z1,slow,-276.8729553222656,0.39731565117836
z1,slow,-272.96417236328125,0.3973129987716675
z1,slow,-269.0553894042969,0.39728212356567383
z1,slow,-265.1465759277344,0.39726439118385315
z1,slow,-261.23779296875,0.3972974717617035
z1,slow,-257.3289794921875,0.3973863124847412
z1,slow,-253.42019653320312,0.3974989652633667
z1,slow,-249.5113983154297,0.39761456847190857
z1,slow,-245.60260009765625,0.39772748947143555
z1,slow,-241.69381713867188,0.3978162407875061
z1,slow,-237.78501892089844,0.3978551924228668
z1,slow,-233.876220703125,0.39786234498023987
z1,slow,-229.96742248535156,0.3978744447231293
z1,slow,-226.0586395263672,0.3979159891605377
z1,slow,-222.14984130859375,0.39799582958221436
z1,slow,-218.2410430908203,0.398103803396225
z1,slow,-214.33224487304688,0.3982088565826416
z1,slow,-210.42344665527344,0.3982698917388916
z1,slow,-206.51466369628906,0.39827990531921387
z1,slow,-202.60586547851562,0.3982444703578949
z1,slow,-198.6970672607422,0.3981820046901703
z1,slow,-194.78826904296875,0.3981056809425354
z1,slow,-190.87948608398438,0.3980308473110199
z1,slow,-186.97068786621094,0.3979877233505249
z1,slow,-183.0618896484375,0.39798474311828613
z1,slow,-179.15309143066406,0.39801111817359924
z1,slow,-175.24429321289062,0.39804819226264954
z1,slow,-171.33551025390625,0.39809945225715637
z1,slow,-167.4267120361328,0.3981962502002716
z1,slow,-163.51791381835938,0.3983682692050934
z1,slow,-159.60911560058594,0.3986104130744934
z1,slow,-155.70033264160156,0.39887145161628723
z1,slow,-151.79153442382812,0.39909958839416504
z1,slow,-147.8827362060547,0.3992807865142822
z1,slow,-143.97393798828125,0.39941367506980896
z1,slow,-140.0651397705078,0.3995123505592346
z1,slow,-136.15635681152344,0.39959073066711426
z1,slow,-132.24755859375,0.3996315896511078
z1,slow,-128.33876037597656,0.3996182382106781
z1,slow,-124.42996978759766,0.3995487689971924
z1,slow,-120.52117156982422,0.39941146969795227
z1,slow,-116.61238098144531,0.39923298358917236
z1,slow,-112.70358276367188,0.3990936875343323
z1,slow,-108.79478454589844,0.39905092120170593
z1,slow,-104.88599395751953,0.3991001546382904
z1,slow,-100.9771957397461,0.399214506149292
z1,slow,-97.06840515136719,0.3993287980556488
z1,slow,-93.15960693359375,0.3993816077709198
z1,slow,-89.25081634521484,0.39938268065452576
z1,slow,-85.3420181274414,0.39937514066696167
z1,slow,-81.4332275390625,0.39940333366394043
z1,slow,-77.52442932128906,0.39946702122688293
z1,slow,-73.61563873291016,0.399531751871109
z1,slow,-69.70684051513672,0.39959537982940674
z1,slow,-65.79804229736328,0.39967289566993713
z1,slow,-61.889251708984375,0.3997550904750824
z1,slow,-57.9804573059082,0.39980682730674744
z1,slow,-54.07166290283203,0.39980804920196533
z1,slow,-50.162864685058594,0.3997964560985565
z1,slow,-46.25407028198242,0.3998345136642456
z1,slow,-42.34527587890625,0.3999268412590027
z1,slow,-38.43648147583008,0.40002956986427307
z1,slow,-34.527687072753906,0.4001067876815796
z1,slow,-30.618892669677734,0.4001370370388031
z1,slow,-26.710098266601562,0.4001246392726898
z1,slow,-22.80130386352539,0.40010109543800354
z1,slow,-18.892507553100586,0.40008002519607544
z1,slow,-14.983713150024414,0.40005409717559814
z1,slow,-11.074918746948242,0.40004414319992065
z1,slow,-7.166123867034912,0.4000586271286011
z1,slow,-3.257328987121582,0.40008777379989624
z1,slow,0.6514657735824585,0.40014034509658813
z1,slow,4.560260772705078,0.40024033188819885
z1,slow,8.46905517578125,0.40037962794303894
z1,slow,12.377850532531738,0.40053310990333557
z1,slow,16.286645889282227,0.40069106221199036
z1,slow,20.1954402923584,0.4008682072162628
z1,slow,24.10423469543457,0.40106400847435
z1,slow,28.013029098510742,0.4012559652328491
z1,slow,31.921823501586914,0.40141621232032776
z1,slow,35.83061981201172,0.4015134871006012
z1,slow,39.73941421508789,0.4015464782714844
z1,slow,43.64820861816406,0.4015125036239624
z1,slow,47.557003021240234,0.4014240801334381
z1,slow,51.465797424316406,0.40129032731056213
z1,slow,55.37459182739258,0.4011475741863251
z1,slow,59.28338623046875,0.40105533599853516
z1,slow,63.19218063354492,0.4010336101055145
z1,slow,67.1009750366211,0.40107008814811707
z1,slow,71.00977325439453,0.4011140763759613
z1,slow,74.91856384277344,0.40111061930656433
z1,slow,78.82736206054688,0.40106654167175293
z1,slow,82.73615264892578,0.40101948380470276
z1,slow,86.64495086669922,0.40100646018981934
z1,slow,90.55374908447266,0.40105003118515015
z1,slow,94.46253967285156,0.4011435806751251
z1,slow,98.371337890625,0.4012397825717926
z1,slow,102.2801284790039,0.4012663960456848
z1,slow,106.18892669677734,0.40117400884628296
z1,slow,110.09771728515625,0.4009619355201721
z1,slow,114.00651550292969,0.4006948471069336
z1,slow,117.9153060913086,0.40047508478164673
z1,slow,121.82410430908203,0.4003843665122986
z1,slow,125.73290252685547,0.40041589736938477
z1,slow,129.64169311523438,0.40051954984664917
z1,slow,133.5504913330078,0.40065568685531616
z1,slow,137.45928955078125,0.4007969796657562
z1,slow,141.36807250976562,0.40090447664260864
z1,slow,145.27687072753906,0.40095850825309753
z1,slow,149.1856689453125,0.4009726047515869
z1,slow,153.09446716308594,0.4009675085544586
z1,slow,157.0032501220703,0.40094634890556335
z1,slow,160.91204833984375,0.4009105861186981
z1,slow,164.8208465576172,0.4008636474609375
z1,slow,168.72964477539062,0.40080276131629944
z1,slow,172.63844299316406,0.4007350504398346
z1,slow,176.54722595214844,0.40068838000297546
z1,slow,180.45602416992188,0.40069669485092163
z1,slow,184.3648223876953,0.40076690912246704
z1,slow,188.27362060546875,0.40088629722595215
z1,slow,192.18240356445312,0.40103521943092346
z1,slow,196.09120178222656,0.40118685364723206
z1,slow,200.0,0.40128767490386963
z2,fast,-1000.0,-0.0019689493346959352
z2,fast,-996.0911865234375,-0.0203182864934206
z2,fast,-992.1824340820312,-0.0388968326151371
z2,fast,-988.2736206054688,-0.054638344794511795
z2,fast,-984.3648071289062,-0.06740383803844452
z2,fast,-980.4560546875,-0.07765484601259232
z2,fast,-976.5472412109375,-0.08594583719968796
z2,fast,-972.638427734375,-0.09272810816764832
z2,fast,-968.7296142578125,-0.09824977815151215
z2,fast,-964.8208618164062,-0.10263298451900482
z2,fast,-960.9120483398438,-0.10597310215234756
z2,fast,-957.0032348632812,-0.1083884909749031
z2,fast,-953.094482421875,-0.11004475504159927
z2,fast,-949.1856689453125,-0.11110908538103104
z2,fast,-945.27685546875,-0.1117258220911026
z2,fast,-941.3681030273438,-0.1120733693242073
z2,fast,-937.4592895507812,-0.11229220777750015
z2,fast,-933.5504760742188,-0.11242712289094925
z2,fast,-929.6417236328125,-0.11247869580984116
z2,fast,-925.73291015625,-0.11245954781770706
z2,fast,-921.8240966796875,-0.11242269724607468
z2,fast,-917.915283203125,-0.11245802789926529
z2,fast,-914.0065307617188,-0.1127171590924263
z2,fast,-910.0977172851562,-0.1132926270365715
z2,fast,-906.1889038085938,-0.11411990225315094
z2,fast,-902.2801513671875,-0.115041084587574
z2,fast,-898.371337890625,-0.11586333811283112
z2,fast,-894.4625244140625,-0.11639973521232605
z2,fast,-890.5537719726562,-0.11654907464981079
z2,fast,-886.6449584960938,-0.11632678657770157
z2,fast,-882.7361450195312,-0.11588279157876968
z2,fast,-878.8273315429688,-0.11547757685184479
z2,fast,-874.9185791015625,-0.11532888561487198
z2,fast,-871.009765625,-0.11549755930900574
z2,fast,-867.1009521484375,-0.11588048934936523
z2,fast,-863.1921997070312,-0.11629323661327362
z2,fast,-859.2833862304688,-0.11652211844921112
z2,fast,-855.3745727539062,-0.11636742949485779
z2,fast,-851.4658203125,-0.11576741188764572
z2,fast,-847.5570068359375,-0.11485603451728821
z2,fast,-843.648193359375,-0.11383494734764099
z2,fast,-839.7394409179688,-0.11286704987287521
z2,fast,-835.8306274414062,-0.11208418756723404
z2,fast,-831.9218139648438,-0.11150486022233963
z2,fast,-828.0130004882812,-0.1110263243317604
z2,fast,-824.104248046875,-0.11055731773376465
z2,fast,-820.1954345703125,-0.11008957028388977
z2,fast,-816.28662109375,-0.10972557961940765
z2,fast,-812.3778686523438,-0.10958170890808105
z2,fast,-808.4690551757812,-0.10973183810710907
z2,fast,-804.5602416992188,-0.11017115414142609
z2,fast,-800.6514892578125,-0.11085591465234756
z2,fast,-796.74267578125,-0.11168042570352554
z2,fast,-792.8338623046875,-0.11248805373907089
z2,fast,-788.9251098632812,-0.11312680691480637
z2,fast,-785.0162963867188,-0.1135699599981308
z2,fast,-781.1074829101562,-0.113874152302742
z2,fast,-777.1986694335938,-0.11402831226587296
z2,fast,-773.2899169921875,-0.11398493498563766
z2,fast,-769.381103515625,-0.113758884370327
z2,fast,-765.4722900390625,-0.11337073147296906
z2,fast,-761.5635375976562,-0.11282836645841599
z2,fast,-757.6547241210938,-0.1122344359755516
z2,fast,-753.7459106445312,-0.11168035119771957
z2,fast,-749.837158203125,-0.11117373406887054
z2,fast,-745.9283447265625,-0.11069922149181366
z2,fast,-742.01953125,-0.11021985858678818
z2,fast,-738.1107788085938,-0.10966626554727554
z2,fast,-734.2019653320312,-0.10901743173599243
z2,fast,-730.2931518554688,-0.10831411182880402
z2,fast,-726.3843383789062,-0.1076793372631073
z2,fast,-722.4755859375,-0.10725730657577515
z2,fast,-718.5667724609375,-0.10713471472263336
z2,fast,-714.657958984375,-0.10730984807014465
z2,fast,-710.7492065429688,-0.10768131911754608
z2,fast,-706.8403930664062,-0.10811186581850052
z2,fast,-702.9315795898438,-0.10849294066429138
z2,fast,-699.0228271484375,-0.1087970957159996
z2,fast,-695.114013671875,-0.10907155275344849
z2,fast,-691.2052001953125,-0.10936417430639267
z2,fast,-687.29638671875,-0.10964126884937286
z2,fast,-683.3876342773438,-0.10980095714330673
z2,fast,-679.4788208007812,-0.10972972214221954
z2,fast,-675.5700073242188,-0.10938538610935211
z2,fast,-671.6612548828125,-0.10878239572048187
z2,fast,-667.75244140625,-0.10802987962961197
z2,fast,-663.8436279296875,-0.10732397437095642
z2,fast,-659.9348754882812,-0.10681542754173279
z2,fast,-656.0260620117188,-0.10653693974018097
z2,fast,-652.1172485351562,-0.1064261868596077
z2,fast,-648.20849609375,-0.10638649761676788
z2,fast,-644.2996826171875,-0.10627380013465881
z2,fast,-640.390869140625,-0.10601098835468292
z2,fast,-636.4820556640625,-0.10562599450349808
z2,fast,-632.5733032226562,-0.10524725168943405
z2,fast,-628.6644897460938,-0.10499830543994904
z2,fast,-624.7556762695312,-0.10488443076610565
z2,fast,-620.846923828125,-0.10485927015542984
z2,fast,-616.9381103515625,-0.10486172884702682
z2,fast,-613.029296875,-0.1048041582107544
z2,fast,-609.1205444335938,-0.10462020337581635
z2,fast,-605.2117309570312,-0.10432552546262741
z2,fast,-601.3029174804688,-0.10400912165641785
z2,fast,-597.3941650390625,-0.1037723496556282
z2,fast,-593.4853515625,-0.10361302644014359
z2,fast,-589.5765380859375,-0.10344795137643814
z2,fast,-585.667724609375,-0.10316473245620728
z2,fast,-581.7589721679688,-0.10268668830394745
z2,fast,-577.8501586914062,-0.10202829539775848
z2,fast,-573.9413452148438,-0.10125205665826797
z2,fast,-570.0325927734375,-0.10044165700674057
z2,fast,-566.123779296875,-0.09970546513795853
z2,fast,-562.2149658203125,-0.09909255802631378
z2,fast,-558.3062133789062,-0.09855560213327408
z2,fast,-554.3973999023438,-0.09799111634492874
z2,fast,-550.4885864257812,-0.09731300175189972
z2,fast,-546.579833984375,-0.09652078151702881
z2,fast,-542.6710205078125,-0.09570197761058807
z2,fast,-538.76220703125,-0.09504398703575134
z2,fast,-534.8533935546875,-0.09470978379249573
z2,fast,-530.9446411132812,-0.09473465383052826
z2,fast,-527.0358276367188,-0.09502718597650528
z2,fast,-523.1270141601562,-0.09542375057935715
z2,fast,-519.21826171875,-0.09577299654483795
z2,fast,-515.3094482421875,-0.09600023925304413
z2,fast,-511.4006652832031,-0.09616959095001221
z2,fast,-507.4918518066406,-0.09642934799194336
z2,fast,-503.58306884765625,-0.0968911349773407
z2,fast,-499.67425537109375,-0.0975310429930687
z2,fast,-495.7654724121094,-0.09817896038293839
z2,fast,-491.856689453125,-0.09862826019525528
z2,fast,-487.9478759765625,-0.09872182458639145
z2,fast,-484.0390930175781,-0.09838221222162247
z2,fast,-480.1302795410156,-0.09768790006637573
z2,fast,-476.22149658203125,-0.096871018409729
z2,fast,-472.3127136230469,-0.0962073802947998
z2,fast,-468.4039001464844,-0.09587313234806061
z2,fast,-464.4951171875,-0.09586124122142792
z2,fast,-460.5863342285156,-0.09604323655366898
z2,fast,-456.6775207519531,-0.09626734256744385
z2,fast,-452.76873779296875,-0.09646006673574448
z2,fast,-448.85992431640625,-0.09665665775537491
z2,fast,-444.9511413574219,-0.0969700962305069
z2,fast,-441.0423583984375,-0.09756364673376083
z2,fast,-437.133544921875,-0.09855609387159348
z2,fast,-433.2247619628906,-0.09988797456026077
z2,fast,-429.3159484863281,-0.1013403907418251
z2,fast,-425.40716552734375,-0.10266099125146866
z2,fast,-421.4983825683594,-0.10369449853897095
z2,fast,-417.5895690917969,-0.10439926385879517
z2,fast,-413.6807861328125,-0.10485637187957764
z2,fast,-409.77197265625,-0.10525275766849518
z2,fast,-405.8631896972656,-0.10580752789974213
z2,fast,-401.95440673828125,-0.10668245702981949
z2,fast,-398.04559326171875,-0.10795781016349792
z2,fast,-394.1368103027344,-0.10959454625844955
z2,fast,-390.22802734375,-0.11144647002220154
z2,fast,-386.3192138671875,-0.11330927163362503
z2,fast,-382.4104309082031,-0.11498764902353287
z2,fast,-378.5016174316406,-0.1163877472281456
z2,fast,-374.59283447265625,-0.11752118915319443
z2,fast,-370.6840515136719,-0.118507519364357
z2,fast,-366.7752380371094,-0.11950819194316864
z2,fast,-362.866455078125,-0.12065348774194717
z2,fast,-358.9576416015625,-0.12197995185852051
z2,fast,-355.0488586425781,-0.12345851957798004
z2,fast,-351.14007568359375,-0.12499533593654633
z2,fast,-347.23126220703125,-0.12645065784454346
z2,fast,-343.3224792480469,-0.12768623232841492
z2,fast,-339.4136657714844,-0.12864026427268982
z2,fast,-335.5048828125,-0.1293257623910904
z2,fast,-331.5960998535156,-0.12983328104019165
z2,fast,-327.6872863769531,-0.13030296564102173
z2,fast,-323.77850341796875,-0.13084454834461212
z2,fast,-319.8697204589844,-0.13149645924568176
z2,fast,-315.9609069824219,-0.13219930231571198
z2,fast,-312.0521240234375,-0.13283754885196686
z2,fast,-308.143310546875,-0.13331590592861176
z2,fast,-304.2345275878906,-0.13362842798233032
z2,fast,-300.32574462890625,-0.133840411901474
z2,fast,-296.41693115234375,-0.13405995070934296
z2,fast,-292.5081481933594,-0.13438859581947327
z2,fast,-288.5993347167969,-0.13488027453422546
z2,fast,-284.6905517578125,-0.1355436146259308
z2,fast,-280.7817687988281,-0.13631941378116608
z2,fast,-276.8729553222656,-0.137095108628273
z2,fast,-272.96417236328125,-0.13771536946296692
z2,fast,-269.0553894042969,-0.13807056844234467
z2,fast,-265.1465759277344,-0.1381501406431198
z2,fast,-261.23779296875,-0.13798293471336365
z2,fast,-257.3289794921875,-0.1376393437385559
z2,fast,-253.42019653320312,-0.13719779253005981
z2,fast,-249.5113983154297,-0.136699378490448
z2,fast,-245.60260009765625,-0.1361977756023407
z2,fast,-241.69381713867188,-0.13577359914779663
z2,fast,-237.78501892089844,-0.13551029562950134
z2,fast,-233.876220703125,-0.13546249270439148
z2,fast,-229.96742248535156,-0.1356123983860016
z2,fast,-226.0586395263672,-0.13587558269500732
z2,fast,-222.14984130859375,-0.1360989212989807
z2,fast,-218.2410430908203,-0.13609926402568817
z2,fast,-214.33224487304688,-0.135746031999588
z2,fast,-210.42344665527344,-0.13505518436431885
z2,fast,-206.51466369628906,-0.13420337438583374
z2,fast,-202.60586547851562,-0.13343681395053864
z2,fast,-198.6970672607422,-0.1329789161682129
z2,fast,-194.78826904296875,-0.1329902559518814
z2,fast,-190.87948608398438,-0.13352566957473755
z2,fast,-186.97068786621094,-0.13448014855384827
z2,fast,-183.0618896484375,-0.13562195003032684
z2,fast,-179.15309143066406,-0.13668781518936157
z2,fast,-175.24429321289062,-0.1374969631433487
z2,fast,-171.33551025390625,-0.13804307579994202
z2,fast,-167.4267120361328,-0.1384677141904831
z2,fast,-163.51791381835938,-0.138973206281662
z2,fast,-159.60911560058594,-0.13973097503185272
z2,fast,-155.70033264160156,-0.14076834917068481
z2,fast,-151.79153442382812,-0.14196299016475677
z2,fast,-147.8827362060547,-0.14312390983104706
z2,fast,-143.97393798828125,-0.1440778225660324
z2,fast,-140.0651397705078,-0.14474821090698242
z2,fast,-136.15635681152344,-0.14517347514629364
z2,fast,-132.24755859375,-0.1454833745956421
z2,fast,-128.33876037597656,-0.1458338052034378
z2,fast,-124.42996978759766,-0.1463264524936676
z2,fast,-120.52117156982422,-0.14699044823646545
z2,fast,-116.61238098144531,-0.14777928590774536
z2,fast,-112.70358276367188,-0.1486045867204666
z2,fast,-108.79478454589844,-0.14940418303012848
z2,fast,-104.88599395751953,-0.15017777681350708
z2,fast,-100.9771957397461,-0.15098437666893005
z2,fast,-97.06840515136719,-0.1518627107143402
z2,fast,-93.15960693359375,-0.1527654528617859
z2,fast,-89.25081634521484,-0.153607577085495
z2,fast,-85.3420181274414,-0.15430927276611328
z2,fast,-81.4332275390625,-0.15482096374034882
z2,fast,-77.52442932128906,-0.15517258644104004
z2,fast,-73.61563873291016,-0.15547701716423035
z2,fast,-69.70684051513672,-0.15589258074760437
z2,fast,-65.79804229736328,-0.15652187168598175
z2,fast,-61.889251708984375,-0.15734510123729706
z2,fast,-57.9804573059082,-0.1582505702972412
z2,fast,-54.07166290283203,-0.15904642641544342
z2,fast,-50.162864685058594,-0.15955688059329987
z2,fast,-46.25407028198242,-0.1597343236207962
z2,fast,-42.34527587890625,-0.1596509963274002
z2,fast,-38.43648147583008,-0.1594133824110031
z2,fast,-34.527687072753906,-0.1591058075428009
z2,fast,-30.618892669677734,-0.15875552594661713
z2,fast,-26.710098266601562,-0.1583445817232132
z2,fast,-22.80130386352539,-0.15788084268569946
z2,fast,-18.892507553100586,-0.1574304699897766
z2,fast,-14.983713150024414,-0.15710148215293884
z2,fast,-11.074918746948242,-0.15700097382068634
z2,fast,-7.166123867034912,-0.15721191465854645
z2,fast,-3.257328987121582,-0.15771940350532532
z2,fast,0.6514657735824585,-0.15838751196861267
z2,fast,4.560260772705078,-0.15898583829402924
z2,fast,8.46905517578125,-0.15932287275791168
z2,fast,12.377850532531738,-0.1593448519706726
z2,fast,16.286645889282227,-0.15912923216819763
z2,fast,20.1954402923584,-0.15880343317985535
z2,fast,24.10423469543457,-0.15850837528705597
z2,fast,28.013029098510742,-0.1583266258239746
z2,fast,31.921823501586914,-0.15820439159870148
z2,fast,35.83061981201172,-0.15802106261253357
z2,fast,39.73941421508789,-0.157656729221344
z2,fast,43.64820861816406,-0.1570378839969635
z2,fast,47.557003021240234,-0.1562100350856781
z2,fast,51.465797424316406,-0.15531477332115173
z2,fast,55.37459182739258,-0.15451651811599731
z2,fast,59.28338623046875,-0.15389059484004974
z2,fast,63.19218063354492,-0.15338347852230072
z2,fast,67.1009750366211,-0.1528937965631485
z2,fast,71.00977325439453,-0.1523280143737793
z2,fast,74.91856384277344,-0.15163488686084747
z2,fast,78.82736206054688,-0.15087279677391052
z2,fast,82.73615264892578,-0.15017631649971008
z2,fast,86.64495086669922,-0.1496540755033493
z2,fast,90.55374908447266,-0.1493370234966278
z2,fast,94.46253967285156,-0.14918531477451324
z2,fast,98.371337890625,-0.1490870714187622
z2,fast,102.2801284790039,-0.1488916426897049
z2,fast,106.18892669677734,-0.148469015955925
z2,fast,110.09771728515625,-0.1478126347064972
z2,fast,114.00651550292969,-0.14701522886753082
z2,fast,117.9153060913086,-0.14618347585201263
z2,fast,121.82410430908203,-0.14539925754070282
z2,fast,125.73290252685547,-0.14471572637557983
z2,fast,129.64169311523438,-0.14414237439632416
z2,fast,133.5504913330078,-0.1436614990234375
z2,fast,137.45928955078125,-0.1432463824748993
z2,fast,141.36807250976562,-0.14288541674613953
z2,fast,145.27687072753906,-0.1425594836473465
z2,fast,149.1856689453125,-0.14222735166549683
z2,fast,153.09446716308594,-0.14182159304618835
z2,fast,157.0032501220703,-0.14129318296909332
z2,fast,160.91204833984375,-0.14063598215579987
z2,fast,164.8208465576172,-0.13989730179309845
z2,fast,168.72964477539062,-0.13917377591133118
z2,fast,172.63844299316406,-0.1385541558265686
z2,fast,176.54722595214844,-0.13807226717472076
z2,fast,180.45602416992188,-0.13772675395011902
z2,fast,184.3648223876953,-0.1374792605638504
z2,fast,188.27362060546875,-0.13721135258674622
z2,fast,192.18240356445312,-0.1368231624364853
z2,fast,196.09120178222656,-0.13630621135234833
z2,fast,200.0,-0.13570797443389893
z2,medium,-1000.0,-0.00028835059492848814
z2,medium,-996.0911865234375,-0.017897289246320724
z2,medium,-992.1824340820312,-0.03587111085653305
z2,medium,-988.2736206054688,-0.05100145936012268
z2,medium,-984.3648071289062,-0.06307051330804825
z2,medium,-980.4560546875,-0.0725439190864563
z2,medium,-976.5472412109375,-0.07994336634874344
z2,medium,-972.638427734375,-0.0857977643609047
z2,medium,-968.7296142578125,-0.09060890227556229
z2,medium,-964.8208618164062,-0.09468477219343185
z2,medium,-960.9120483398438,-0.09814852476119995
z2,medium,-957.0032348632812,-0.10105187445878983
z2,medium,-953.094482421875,-0.10342370718717575
z2,medium,-949.1856689453125,-0.10535064339637756
z2,medium,-945.27685546875,-0.10694655776023865
z2,medium,-941.3681030273438,-0.10831055045127869
z2,medium,-937.4592895507812,-0.10947775840759277
z2,medium,-933.5504760742188,-0.11042863130569458
z2,medium,-929.6417236328125,-0.1111019179224968
z2,medium,-925.73291015625,-0.1114363893866539
z2,medium,-921.8240966796875,-0.11143115907907486
z2,medium,-917.915283203125,-0.11110901832580566
z2,medium,-914.0065307617188,-0.1105494275689125
z2,medium,-910.0977172851562,-0.10989713668823242
z2,medium,-906.1889038085938,-0.10927066951990128
z2,medium,-902.2801513671875,-0.1087159514427185
z2,medium,-898.371337890625,-0.10819115489721298
z2,medium,-894.4625244140625,-0.10763193666934967
z2,medium,-890.5537719726562,-0.10701551288366318
z2,medium,-886.6449584960938,-0.10634753853082657
z2,medium,-882.7361450195312,-0.10570230334997177
z2,medium,-878.8273315429688,-0.10521142184734344
z2,medium,-874.9185791015625,-0.10497072339057922
z2,medium,-871.009765625,-0.10496971756219864
z2,medium,-867.1009521484375,-0.10511443018913269
z2,medium,-863.1921997070312,-0.10532395541667938
z2,medium,-859.2833862304688,-0.10555119067430496
z2,medium,-855.3745727539062,-0.10577284544706345
z2,medium,-851.4658203125,-0.10595600306987762
z2,medium,-847.5570068359375,-0.1060817763209343
z2,medium,-843.648193359375,-0.10617654025554657
z2,medium,-839.7394409179688,-0.1062418669462204
z2,medium,-835.8306274414062,-0.10622753947973251
z2,medium,-831.9218139648438,-0.10611849278211594
z2,medium,-828.0130004882812,-0.1059553474187851
z2,medium,-824.104248046875,-0.10577799379825592
z2,medium,-820.1954345703125,-0.10560694336891174
z2,medium,-816.28662109375,-0.1054672971367836
z2,medium,-812.3778686523438,-0.10539751499891281
z2,medium,-808.4690551757812,-0.1054292619228363
z2,medium,-804.5602416992188,-0.10548129677772522
z2,medium,-800.6514892578125,-0.10539394617080688
z2,medium,-796.74267578125,-0.10505040735006332
z2,medium,-792.8338623046875,-0.10437166690826416
z2,medium,-788.9251098632812,-0.10335781425237656
z2,medium,-785.0162963867188,-0.1021108627319336
z2,medium,-781.1074829101562,-0.10082613676786423
z2,medium,-777.1986694335938,-0.09975693374872208
z2,medium,-773.2899169921875,-0.09908249229192734
z2,medium,-769.381103515625,-0.09886369854211807
z2,medium,-765.4722900390625,-0.09904240816831589
z2,medium,-761.5635375976562,-0.09941297769546509
z2,medium,-757.6547241210938,-0.099757120013237
z2,medium,-753.7459106445312,-0.09997253865003586
z2,medium,-749.837158203125,-0.10005930066108704
z2,medium,-745.9283447265625,-0.10007482767105103
z2,medium,-742.01953125,-0.1000940203666687
z2,medium,-738.1107788085938,-0.10014248639345169
z2,medium,-734.2019653320312,-0.10021251440048218
z2,medium,-730.2931518554688,-0.10028905421495438
z2,medium,-726.3843383789062,-0.1003161072731018
z2,medium,-722.4755859375,-0.10023202747106552
z2,medium,-718.5667724609375,-0.10007351636886597
z2,medium,-714.657958984375,-0.09991402179002762
z2,medium,-710.7492065429688,-0.09983882308006287
z2,medium,-706.8403930664062,-0.0999007597565651
z2,medium,-702.9315795898438,-0.1000591292977333
z2,medium,-699.0228271484375,-0.10018043965101242
z2,medium,-695.114013671875,-0.10017446428537369
z2,medium,-691.2052001953125,-0.09999114274978638
z2,medium,-687.29638671875,-0.09963355958461761
z2,medium,-683.3876342773438,-0.09918921440839767
z2,medium,-679.4788208007812,-0.09880946576595306
z2,medium,-675.5700073242188,-0.09863881766796112
z2,medium,-671.6612548828125,-0.09877106547355652
z2,medium,-667.75244140625,-0.09918683022260666
z2,medium,-663.8436279296875,-0.09978395700454712
z2,medium,-659.9348754882812,-0.10044139623641968
z2,medium,-656.0260620117188,-0.10106278210878372
z2,medium,-652.1172485351562,-0.10162650048732758
z2,medium,-648.20849609375,-0.10223545879125595
z2,medium,-644.2996826171875,-0.10299453884363174
z2,medium,-640.390869140625,-0.10395167022943497
z2,medium,-636.4820556640625,-0.10508409142494202
z2,medium,-632.5733032226562,-0.10629276186227798
z2,medium,-628.6644897460938,-0.10738607496023178
z2,medium,-624.7556762695312,-0.10815651714801788
z2,medium,-620.846923828125,-0.10852532833814621
z2,medium,-616.9381103515625,-0.10858386754989624
z2,medium,-613.029296875,-0.10852250456809998
z2,medium,-609.1205444335938,-0.10855141282081604
z2,medium,-605.2117309570312,-0.10880085080862045
z2,medium,-601.3029174804688,-0.1093037873506546
z2,medium,-597.3941650390625,-0.11000925302505493
z2,medium,-593.4853515625,-0.11081600189208984
z2,medium,-589.5765380859375,-0.11165593564510345
z2,medium,-585.667724609375,-0.11249017715454102
z2,medium,-581.7589721679688,-0.11330118775367737
z2,medium,-577.8501586914062,-0.11408994346857071
z2,medium,-573.9413452148438,-0.11489765346050262
z2,medium,-570.0325927734375,-0.11579468101263046
z2,medium,-566.123779296875,-0.11681143939495087
z2,medium,-562.2149658203125,-0.11791165173053741
z2,medium,-558.3062133789062,-0.11897595226764679
z2,medium,-554.3973999023438,-0.11992911249399185
z2,medium,-550.4885864257812,-0.12078596651554108
z2,medium,-546.579833984375,-0.12157506495714188
z2,medium,-542.6710205078125,-0.12231868505477905
z2,medium,-538.76220703125,-0.12306824326515198
z2,medium,-534.8533935546875,-0.12386701256036758
z2,medium,-530.9446411132812,-0.1247154176235199
z2,medium,-527.0358276367188,-0.12555333971977234
z2,medium,-523.1270141601562,-0.12632010877132416
z2,medium,-519.21826171875,-0.12698045372962952
z2,medium,-515.3094482421875,-0.12752768397331238
z2,medium,-511.4006652832031,-0.12799420952796936
z2,medium,-507.4918518066406,-0.1284436732530594
z2,medium,-503.58306884765625,-0.12894576787948608
z2,medium,-499.67425537109375,-0.12957139313220978
z2,medium,-495.7654724121094,-0.1303545981645584
z2,medium,-491.856689453125,-0.13130788505077362
z2,medium,-487.9478759765625,-0.13244378566741943
z2,medium,-484.0390930175781,-0.1337268054485321
z2,medium,-480.1302795410156,-0.13505806028842926
z2,medium,-476.22149658203125,-0.1363125890493393
z2,medium,-472.3127136230469,-0.13737522065639496
z2,medium,-468.4039001464844,-0.1382126808166504
z2,medium,-464.4951171875,-0.13887806236743927
z2,medium,-460.5863342285156,-0.13945762813091278
z2,medium,-456.6775207519531,-0.14001810550689697
z2,medium,-452.76873779296875,-0.14059671759605408
z2,medium,-448.85992431640625,-0.14118190109729767
z2,medium,-444.9511413574219,-0.14173683524131775
z2,medium,-441.0423583984375,-0.14224348962306976
z2,medium,-437.133544921875,-0.14267264306545258
z2,medium,-433.2247619628906,-0.1430114507675171
z2,medium,-429.3159484863281,-0.14324451982975006
z2,medium,-425.40716552734375,-0.14336557686328888
z2,medium,-421.4983825683594,-0.14336927235126495
z2,medium,-417.5895690917969,-0.1432681828737259
z2,medium,-413.6807861328125,-0.14306671917438507
z2,medium,-409.77197265625,-0.14273065328598022
z2,medium,-405.8631896972656,-0.1422796994447708
z2,medium,-401.95440673828125,-0.14180299639701843
z2,medium,-398.04559326171875,-0.141368567943573
z2,medium,-394.1368103027344,-0.1409902423620224
z2,medium,-390.22802734375,-0.1406521499156952
z2,medium,-386.3192138671875,-0.14033949375152588
z2,medium,-382.4104309082031,-0.14006257057189941
z2,medium,-378.5016174316406,-0.13988332450389862
z2,medium,-374.59283447265625,-0.13987615704536438
z2,medium,-370.6840515136719,-0.14005576074123383
z2,medium,-366.7752380371094,-0.14040951430797577
z2,medium,-362.866455078125,-0.14094023406505585
z2,medium,-358.9576416015625,-0.1416175812482834
z2,medium,-355.0488586425781,-0.14237160980701447
z2,medium,-351.14007568359375,-0.14314566552639008
z2,medium,-347.23126220703125,-0.1439039260149002
z2,medium,-343.3224792480469,-0.1445828229188919
z2,medium,-339.4136657714844,-0.14511708915233612
z2,medium,-335.5048828125,-0.14546971023082733
z2,medium,-331.5960998535156,-0.14561910927295685
z2,medium,-327.6872863769531,-0.14559872448444366
z2,medium,-323.77850341796875,-0.14551474153995514
z2,medium,-319.8697204589844,-0.1455060988664627
z2,medium,-315.9609069824219,-0.1456623673439026
z2,medium,-312.0521240234375,-0.1460099071264267
z2,medium,-308.143310546875,-0.14651624858379364
z2,medium,-304.2345275878906,-0.14710168540477753
z2,medium,-300.32574462890625,-0.14766673743724823
z2,medium,-296.41693115234375,-0.14812280237674713
z2,medium,-292.5081481933594,-0.14844639599323273
z2,medium,-288.5993347167969,-0.14868508279323578
z2,medium,-284.6905517578125,-0.1489221304655075
z2,medium,-280.7817687988281,-0.14919817447662354
z2,medium,-276.8729553222656,-0.14952419698238373
z2,medium,-272.96417236328125,-0.14991094172000885
z2,medium,-269.0553894042969,-0.1503506600856781
z2,medium,-265.1465759277344,-0.15084631741046906
z2,medium,-261.23779296875,-0.15146580338478088
z2,medium,-257.3289794921875,-0.15228606760501862
z2,medium,-253.42019653320312,-0.15334971249103546
z2,medium,-249.5113983154297,-0.15464648604393005
z2,medium,-245.60260009765625,-0.15608763694763184
z2,medium,-241.69381713867188,-0.15749841928482056
z2,medium,-237.78501892089844,-0.1586795598268509
z2,medium,-233.876220703125,-0.1594909280538559
z2,medium,-229.96742248535156,-0.15989159047603607
z2,medium,-226.0586395263672,-0.1599455624818802
z2,medium,-222.14984130859375,-0.15979254245758057
z2,medium,-218.2410430908203,-0.15958479046821594
z2,medium,-214.33224487304688,-0.15942130982875824
z2,medium,-210.42344665527344,-0.15928305685520172
z2,medium,-206.51466369628906,-0.15911948680877686
z2,medium,-202.60586547851562,-0.15891778469085693
z2,medium,-198.6970672607422,-0.1586676836013794
z2,medium,-194.78826904296875,-0.15834437310695648
z2,medium,-190.87948608398438,-0.15799662470817566
z2,medium,-186.97068786621094,-0.15769633650779724
z2,medium,-183.0618896484375,-0.15744052827358246
z2,medium,-179.15309143066406,-0.15718825161457062
z2,medium,-175.24429321289062,-0.15691633522510529
z2,medium,-171.33551025390625,-0.15664075314998627
z2,medium,-167.4267120361328,-0.1563965380191803
z2,medium,-163.51791381835938,-0.15622849762439728
z2,medium,-159.60911560058594,-0.15617477893829346
z2,medium,-155.70033264160156,-0.15626506507396698
z2,medium,-151.79153442382812,-0.15648172795772552
z2,medium,-147.8827362060547,-0.15674059092998505
z2,medium,-143.97393798828125,-0.15694360435009003
z2,medium,-140.0651397705078,-0.15701888501644135
z2,medium,-136.15635681152344,-0.15700851380825043
z2,medium,-132.24755859375,-0.15698184072971344
z2,medium,-128.33876037597656,-0.15695011615753174
z2,medium,-124.42996978759766,-0.15691784024238586
z2,medium,-120.52117156982422,-0.15686197578907013
z2,medium,-116.61238098144531,-0.15669368207454681
z2,medium,-112.70358276367188,-0.1563268005847931
z2,medium,-108.79478454589844,-0.15573614835739136
z2,medium,-104.88599395751953,-0.15496361255645752
z2,medium,-100.9771957397461,-0.15410247445106506
z2,medium,-97.06840515136719,-0.15325510501861572
z2,medium,-93.15960693359375,-0.15245890617370605
z2,medium,-89.25081634521484,-0.1517210453748703
z2,medium,-85.3420181274414,-0.15104590356349945
z2,medium,-81.4332275390625,-0.15039749443531036
z2,medium,-77.52442932128906,-0.14973628520965576
z2,medium,-73.61563873291016,-0.14907796680927277
z2,medium,-69.70684051513672,-0.14847223460674286
z2,medium,-65.79804229736328,-0.1479310840368271
z2,medium,-61.889251708984375,-0.14742593467235565
z2,medium,-57.9804573059082,-0.14690133929252625
z2,medium,-54.07166290283203,-0.14631876349449158
z2,medium,-50.162864685058594,-0.14569763839244843
z2,medium,-46.25407028198242,-0.14508728682994843
z2,medium,-42.34527587890625,-0.14453081786632538
z2,medium,-38.43648147583008,-0.144053652882576
z2,medium,-34.527687072753906,-0.14368005096912384
z2,medium,-30.618892669677734,-0.14340117573738098
z2,medium,-26.710098266601562,-0.14314033091068268
z2,medium,-22.80130386352539,-0.14280252158641815
z2,medium,-18.892507553100586,-0.14234690368175507
z2,medium,-14.983713150024414,-0.1418556272983551
z2,medium,-11.074918746948242,-0.1414767950773239
z2,medium,-7.166123867034912,-0.1413528025150299
z2,medium,-3.257328987121582,-0.1415317952632904
z2,medium,0.6514657735824585,-0.1418970823287964
z2,medium,4.560260772705078,-0.14221808314323425
z2,medium,8.46905517578125,-0.14226311445236206
z2,medium,12.377850532531738,-0.14189043641090393
z2,medium,16.286645889282227,-0.14111275970935822
z2,medium,20.1954402923584,-0.14010074734687805
z2,medium,24.10423469543457,-0.13913153111934662
z2,medium,28.013029098510742,-0.13845868408679962
z2,medium,31.921823501586914,-0.13817375898361206
z2,medium,35.83061981201172,-0.13816232979297638
z2,medium,39.73941421508789,-0.13819745182991028
z2,medium,43.64820861816406,-0.1380513310432434
z2,medium,47.557003021240234,-0.13759544491767883
z2,medium,51.465797424316406,-0.13685724139213562
z2,medium,55.37459182739258,-0.13599920272827148
z2,medium,59.28338623046875,-0.1351979672908783
z2,medium,63.19218063354492,-0.1345852166414261
z2,medium,67.1009750366211,-0.13416695594787598
z2,medium,71.00977325439453,-0.1338321715593338
z2,medium,74.91856384277344,-0.133453369140625
z2,medium,78.82736206054688,-0.1329422891139984
z2,medium,82.73615264892578,-0.13230383396148682
z2,medium,86.64495086669922,-0.13161294162273407
z2,medium,90.55374908447266,-0.1309233009815216
z2,medium,94.46253967285156,-0.13025860488414764
z2,medium,98.371337890625,-0.12960892915725708
z2,medium,102.2801284790039,-0.1289416253566742
z2,medium,106.18892669677734,-0.1282573938369751
z2,medium,110.09771728515625,-0.12762008607387543
z2,medium,114.00651550292969,-0.1271386295557022
z2,medium,117.9153060913086,-0.1269075572490692
z2,medium,121.82410430908203,-0.1269553303718567
z2,medium,125.73290252685547,-0.12720507383346558
z2,medium,129.64169311523438,-0.12750020623207092
z2,medium,133.5504913330078,-0.1276797503232956
z2,medium,137.45928955078125,-0.127638041973114
z2,medium,141.36807250976562,-0.12740343809127808
z2,medium,145.27687072753906,-0.12710672616958618
z2,medium,149.1856689453125,-0.12686601281166077
z2,medium,153.09446716308594,-0.12673650681972504
z2,medium,157.0032501220703,-0.12668265402317047
z2,medium,160.91204833984375,-0.12659206986427307
z2,medium,164.8208465576172,-0.12633755803108215
z2,medium,168.72964477539062,-0.12586256861686707
z2,medium,172.63844299316406,-0.12522384524345398
z2,medium,176.54722595214844,-0.12456295639276505
z2,medium,180.45602416992188,-0.12403003871440887
z2,medium,184.3648223876953,-0.1236959919333458
z2,medium,188.27362060546875,-0.12353631108999252
z2,medium,192.18240356445312,-0.12345295399427414
z2,medium,196.09120178222656,-0.12334084510803223
z2,medium,200.0,-0.12312954664230347
z2,slow,-1000.0,-0.0013134173350408673
z2,slow,-996.0911865234375,-0.019657859578728676
z2,slow,-992.1824340820312,-0.03816569969058037
z2,slow,-988.2736206054688,-0.053757455199956894
z2,slow,-984.3648071289062,-0.06627157330513
z2,slow,-980.4560546875,-0.07617964595556259
z2,slow,-976.5472412109375,-0.08406545221805573
z2,slow,-972.638427734375,-0.0904279351234436
z2,slow,-968.7296142578125,-0.09563229233026505
z2,slow,-964.8208618164062,-0.09988586604595184
z2,slow,-960.9120483398438,-0.1032729223370552
z2,slow,-957.0032348632812,-0.10584196448326111
z2,slow,-953.094482421875,-0.1076732650399208
z2,slow,-949.1856689453125,-0.10894010961055756
z2,slow,-945.27685546875,-0.10989364981651306
z2,slow,-941.3681030273438,-0.11078158020973206
z2,slow,-937.4592895507812,-0.11179471015930176
z2,slow,-933.5504760742188,-0.11300837248563766
z2,slow,-929.6417236328125,-0.1143205389380455
z2,slow,-925.73291015625,-0.1155121922492981
z2,slow,-921.8240966796875,-0.11640196293592453
z2,slow,-917.915283203125,-0.11691385507583618
z2,slow,-914.0065307617188,-0.11711074411869049
z2,slow,-910.0977172851562,-0.11714150756597519
z2,slow,-906.1889038085938,-0.11715683341026306
z2,slow,-902.2801513671875,-0.11723415553569794
z2,slow,-898.371337890625,-0.11735862493515015
z2,slow,-894.4625244140625,-0.11748982965946198
z2,slow,-890.5537719726562,-0.11759509891271591
z2,slow,-886.6449584960938,-0.11769278347492218
z2,slow,-882.7361450195312,-0.1178603544831276
z2,slow,-878.8273315429688,-0.11815784871578217
z2,slow,-874.9185791015625,-0.11858445405960083
z2,slow,-871.009765625,-0.11910714954137802
z2,slow,-867.1009521484375,-0.11965277045965195
z2,slow,-863.1921997070312,-0.12013767659664154
z2,slow,-859.2833862304688,-0.12051431834697723
z2,slow,-855.3745727539062,-0.12078641355037689
z2,slow,-851.4658203125,-0.12097402662038803
z2,slow,-847.5570068359375,-0.12116837501525879
z2,slow,-843.648193359375,-0.12146568298339844
z2,slow,-839.7394409179688,-0.12185078859329224
z2,slow,-835.8306274414062,-0.12224458158016205
z2,slow,-831.9218139648438,-0.12260321527719498
z2,slow,-828.0130004882812,-0.12287695705890656
z2,slow,-824.104248046875,-0.12310842424631119
z2,slow,-820.1954345703125,-0.12336723506450653
z2,slow,-816.28662109375,-0.12370601296424866
z2,slow,-812.3778686523438,-0.12413360178470612
z2,slow,-808.4690551757812,-0.12467552721500397
z2,slow,-804.5602416992188,-0.12525495886802673
z2,slow,-800.6514892578125,-0.1257696896791458
z2,slow,-796.74267578125,-0.12617138028144836
z2,slow,-792.8338623046875,-0.12644357979297638
z2,slow,-788.9251098632812,-0.12660053372383118
z2,slow,-785.0162963867188,-0.12673109769821167
z2,slow,-781.1074829101562,-0.12687678635120392
z2,slow,-777.1986694335938,-0.12701694667339325
z2,slow,-773.2899169921875,-0.12718793749809265
z2,slow,-769.381103515625,-0.12746895849704742
z2,slow,-765.4722900390625,-0.12792269885540009
z2,slow,-761.5635375976562,-0.1285819709300995
z2,slow,-757.6547241210938,-0.12943093478679657
z2,slow,-753.7459106445312,-0.13040649890899658
z2,slow,-749.837158203125,-0.13143804669380188
z2,slow,-745.9283447265625,-0.13245365023612976
z2,slow,-742.01953125,-0.1334073841571808
z2,slow,-738.1107788085938,-0.13427001237869263
z2,slow,-734.2019653320312,-0.13502974808216095
z2,slow,-730.2931518554688,-0.1357300579547882
z2,slow,-726.3843383789062,-0.13641512393951416
z2,slow,-722.4755859375,-0.1370643973350525
z2,slow,-718.5667724609375,-0.13762955367565155
z2,slow,-714.657958984375,-0.13807284832000732
z2,slow,-710.7492065429688,-0.13841506838798523
z2,slow,-706.8403930664062,-0.13873590528964996
z2,slow,-702.9315795898438,-0.13912303745746613
z2,slow,-699.0228271484375,-0.1396321803331375
z2,slow,-695.114013671875,-0.14025120437145233
z2,slow,-691.2052001953125,-0.14087724685668945
z2,slow,-687.29638671875,-0.14136230945587158
z2,slow,-683.3876342773438,-0.1415950506925583
z2,slow,-679.4788208007812,-0.14149875938892365
z2,slow,-675.5700073242188,-0.14109326899051666
z2,slow,-671.6612548828125,-0.14050519466400146
z2,slow,-667.75244140625,-0.13986171782016754
z2,slow,-663.8436279296875,-0.13928888738155365
z2,slow,-659.9348754882812,-0.13889870047569275
z2,slow,-656.0260620117188,-0.13874801993370056
z2,slow,-652.1172485351562,-0.138830304145813
z2,slow,-648.20849609375,-0.13907815515995026
z2,slow,-644.2996826171875,-0.1394178569316864
z2,slow,-640.390869140625,-0.13979323208332062
z2,slow,-636.4820556640625,-0.14014773070812225
z2,slow,-632.5733032226562,-0.14042389392852783
z2,slow,-628.6644897460938,-0.14059552550315857
z2,slow,-624.7556762695312,-0.1406455934047699
z2,slow,-620.846923828125,-0.1405671238899231
z2,slow,-616.9381103515625,-0.14038847386837006
z2,slow,-613.029296875,-0.14016085863113403
z2,slow,-609.1205444335938,-0.1399543434381485
z2,slow,-605.2117309570312,-0.13986381888389587
z2,slow,-601.3029174804688,-0.13992513716220856
z2,slow,-597.3941650390625,-0.14014551043510437
z2,slow,-593.4853515625,-0.14055956900119781
z2,slow,-589.5765380859375,-0.14117126166820526
z2,slow,-585.667724609375,-0.14189855754375458
z2,slow,-581.7589721679688,-0.14258386194705963
z2,slow,-577.8501586914062,-0.14311064779758453
z2,slow,-573.9413452148438,-0.14340119063854218
z2,slow,-570.0325927734375,-0.14340141415596008
z2,slow,-566.123779296875,-0.14311808347702026
z2,slow,-562.2149658203125,-0.1426299512386322
z2,slow,-558.3062133789062,-0.14204108715057373
z2,slow,-554.3973999023438,-0.14146418869495392
z2,slow,-550.4885864257812,-0.14102090895175934
z2,slow,-546.579833984375,-0.14076384902000427
z2,slow,-542.6710205078125,-0.14069302380084991
z2,slow,-538.76220703125,-0.14075782895088196
z2,slow,-534.8533935546875,-0.14086592197418213
z2,slow,-530.9446411132812,-0.14095525443553925
z2,slow,-527.0358276367188,-0.1410309374332428
z2,slow,-523.1270141601562,-0.14114351570606232
z2,slow,-519.21826171875,-0.141373872756958
z2,slow,-515.3094482421875,-0.1417619287967682
z2,slow,-511.4006652832031,-0.14226308465003967
z2,slow,-507.4918518066406,-0.14278726279735565
z2,slow,-503.58306884765625,-0.1431938111782074
z2,slow,-499.67425537109375,-0.14341217279434204
z2,slow,-495.7654724121094,-0.14345064759254456
z2,slow,-491.856689453125,-0.1433393806219101
z2,slow,-487.9478759765625,-0.1431143581867218
z2,slow,-484.0390930175781,-0.1428413987159729
z2,slow,-480.1302795410156,-0.14258626103401184
z2,slow,-476.22149658203125,-0.14239409565925598
z2,slow,-472.3127136230469,-0.142282634973526
z2,slow,-468.4039001464844,-0.142242893576622
z2,slow,-464.4951171875,-0.14226576685905457
z2,slow,-460.5863342285156,-0.14235635101795197
z2,slow,-456.6775207519531,-0.14253577589988708
z2,slow,-452.76873779296875,-0.1428016871213913
z2,slow,-448.85992431640625,-0.14311157166957855
z2,slow,-444.9511413574219,-0.14339932799339294
z2,slow,-441.0423583984375,-0.14360596239566803
z2,slow,-437.133544921875,-0.14371438324451447
z2,slow,-433.2247619628906,-0.14369411766529083
z2,slow,-429.3159484863281,-0.1435239613056183
z2,slow,-425.40716552734375,-0.1431979537010193
z2,slow,-421.4983825683594,-0.14274321496486664
z2,slow,-417.5895690917969,-0.14225724339485168
z2,slow,-413.6807861328125,-0.14186164736747742
z2,slow,-409.77197265625,-0.1416504681110382
z2,slow,-405.8631896972656,-0.14165137708187103
z2,slow,-401.95440673828125,-0.14186948537826538
z2,slow,-398.04559326171875,-0.14222730696201324
z2,slow,-394.1368103027344,-0.14256449043750763
z2,slow,-390.22802734375,-0.14275479316711426
z2,slow,-386.3192138671875,-0.14275464415550232
z2,slow,-382.4104309082031,-0.1425684243440628
z2,slow,-378.5016174316406,-0.1422397494316101
z2,slow,-374.59283447265625,-0.14182798564434052
z2,slow,-370.6840515136719,-0.14135350286960602
z2,slow,-366.7752380371094,-0.14082038402557373
z2,slow,-362.866455078125,-0.14023026823997498
z2,slow,-358.9576416015625,-0.13956017792224884
z2,slow,-355.0488586425781,-0.13882355391979218
z2,slow,-351.14007568359375,-0.13808846473693848
z2,slow,-347.23126220703125,-0.13744059205055237
z2,slow,-343.3224792480469,-0.13693863153457642
z2,slow,-339.4136657714844,-0.13656514883041382
z2,slow,-335.5048828125,-0.13623760640621185
z2,slow,-331.5960998535156,-0.13589656352996826
z2,slow,-327.6872863769531,-0.13553544878959656
z2,slow,-323.77850341796875,-0.1352091282606125
z2,slow,-319.8697204589844,-0.1350153237581253
z2,slow,-315.9609069824219,-0.13500887155532837
z2,slow,-312.0521240234375,-0.1351526826620102
z2,slow,-308.143310546875,-0.13531790673732758
z2,slow,-304.2345275878906,-0.1353486329317093
z2,slow,-300.32574462890625,-0.13513179123401642
z2,slow,-296.41693115234375,-0.1346707046031952
z2,slow,-292.5081481933594,-0.13406795263290405
z2,slow,-288.5993347167969,-0.13344836235046387
z2,slow,-284.6905517578125,-0.13290910422801971
z2,slow,-280.7817687988281,-0.13250717520713806
z2,slow,-276.8729553222656,-0.13222743570804596
z2,slow,-272.96417236328125,-0.13195586204528809
z2,slow,-269.0553894042969,-0.13156886398792267
z2,slow,-265.1465759277344,-0.13103128969669342
z2,slow,-261.23779296875,-0.1304377019405365
z2,slow,-257.3289794921875,-0.12988807260990143
z2,slow,-253.42019653320312,-0.12947937846183777
z2,slow,-249.5113983154297,-0.12926939129829407
z2,slow,-245.60260009765625,-0.12922029197216034
z2,slow,-241.69381713867188,-0.12923027575016022
z2,slow,-237.78501892089844,-0.12924490869045258
z2,slow,-233.876220703125,-0.1292538046836853
z2,slow,-229.96742248535156,-0.12926951050758362
z2,slow,-226.0586395263672,-0.12932069599628448
z2,slow,-222.14984130859375,-0.1294013261795044
z2,slow,-218.2410430908203,-0.12949509918689728
z2,slow,-214.33224487304688,-0.1295619159936905
z2,slow,-210.42344665527344,-0.12951920926570892
z2,slow,-206.51466369628906,-0.12930834293365479
z2,slow,-202.60586547851562,-0.12893421947956085
z2,slow,-198.6970672607422,-0.12844547629356384
z2,slow,-194.78826904296875,-0.12790904939174652
z2,slow,-190.87948608398438,-0.12738512456417084
z2,slow,-186.97068786621094,-0.12689299881458282
z2,slow,-183.0618896484375,-0.12641514837741852
z2,slow,-179.15309143066406,-0.12590999901294708
z2,slow,-175.24429321289062,-0.12534373998641968
z2,slow,-171.33551025390625,-0.12474232912063599
z2,slow,-167.4267120361328,-0.12419698387384415
z2,slow,-163.51791381835938,-0.12381067872047424
z2,slow,-159.60911560058594,-0.12365827709436417
z2,slow,-155.70033264160156,-0.1237499862909317
z2,slow,-151.79153442382812,-0.12402726709842682
z2,slow,-147.8827362060547,-0.12439505755901337
z2,slow,-143.97393798828125,-0.12474122643470764
z2,slow,-140.0651397705078,-0.12501037120819092
z2,slow,-136.15635681152344,-0.12522123754024506
z2,slow,-132.24755859375,-0.12541289627552032
z2,slow,-128.33876037597656,-0.125632643699646
z2,slow,-124.42996978759766,-0.12591369450092316
z2,slow,-120.52117156982422,-0.1262311041355133
z2,slow,-116.61238098144531,-0.12650413811206818
z2,slow,-112.70358276367188,-0.12661513686180115
z2,slow,-108.79478454589844,-0.12643413245677948
z2,slow,-104.88599395751953,-0.1259218007326126
z2,slow,-100.9771957397461,-0.12514092028141022
z2,slow,-97.06840515136719,-0.12423192709684372
z2,slow,-93.15960693359375,-0.12338322401046753
z2,slow,-89.25081634521484,-0.12273278832435608
z2,slow,-85.3420181274414,-0.12232787907123566
z2,slow,-81.4332275390625,-0.12212953716516495
z2,slow,-77.52442932128906,-0.12202803790569305
z2,slow,-73.61563873291016,-0.12186681479215622
z2,slow,-69.70684051513672,-0.12151487171649933
z2,slow,-65.79804229736328,-0.12095377594232559
z2,slow,-61.889251708984375,-0.12027508020401001
z2,slow,-57.9804573059082,-0.11961964517831802
z2,slow,-54.07166290283203,-0.11915021389722824
z2,slow,-50.162864685058594,-0.11898165196180344
z2,slow,-46.25407028198242,-0.11911801248788834
z2,slow,-42.34527587890625,-0.1194739118218422
z2,slow,-38.43648147583008,-0.1199476569890976
z2,slow,-34.527687072753906,-0.12040978670120239
z2,slow,-30.618892669677734,-0.12076150625944138
z2,slow,-26.710098266601562,-0.12095844000577927
z2,slow,-22.80130386352539,-0.1209864467382431
z2,slow,-18.892507553100586,-0.12087233364582062
z2,slow,-14.983713150024414,-0.12068130820989609
z2,slow,-11.074918746948242,-0.12050306051969528
z2,slow,-7.166123867034912,-0.12039075046777725
z2,slow,-3.257328987121582,-0.12037744373083115
z2,slow,0.6514657735824585,-0.12049491703510284
z2,slow,4.560260772705078,-0.12072888016700745
z2,slow,8.46905517578125,-0.12101104110479355
z2,slow,12.377850532531738,-0.12124303728342056
z2,slow,16.286645889282227,-0.12133605778217316
z2,slow,20.1954402923584,-0.12125954777002335
z2,slow,24.10423469543457,-0.1210569441318512
z2,slow,28.013029098510742,-0.12083619832992554
z2,slow,31.921823501586914,-0.12072909623384476
z2,slow,35.83061981201172,-0.1208035796880722
z2,slow,39.73941421508789,-0.12104324251413345
z2,slow,43.64820861816406,-0.12135469168424606
z2,slow,47.557003021240234,-0.1216261237859726
z2,slow,51.465797424316406,-0.12177000194787979
z2,slow,55.37459182739258,-0.12174632400274277
z2,slow,59.28338623046875,-0.12157220393419266
z2,slow,63.19218063354492,-0.12131931632757187
z2,slow,67.1009750366211,-0.12107392400503159
z2,slow,71.00977325439453,-0.12084975093603134
z2,slow,74.91856384277344,-0.1206095740199089
z2,slow,78.82736206054688,-0.12031197547912598
z2,slow,82.73615264892578,-0.11993523687124252
z2,slow,86.64495086669922,-0.11950623244047165
z2,slow,90.55374908447266,-0.11908483505249023
z2,slow,94.46253967285156,-0.11873520165681839
z2,slow,98.371337890625,-0.11850901693105698
z2,slow,102.2801284790039,-0.1184007003903389
z2,slow,106.18892669677734,-0.11836060881614685
z2,slow,110.09771728515625,-0.1183149442076683
z2,slow,114.00651550292969,-0.11822514981031418
z2,slow,117.9153060913086,-0.1181044727563858
z2,slow,121.82410430908203,-0.11798117309808731
z2,slow,125.73290252685547,-0.11789324134588242
z2,slow,129.64169311523438,-0.1179031953215599
z2,slow,133.5504913330078,-0.11806172877550125
z2,slow,137.45928955078125,-0.11834680289030075
z2,slow,141.36807250976562,-0.11866659671068192
z2,slow,145.27687072753906,-0.11891141533851624
z2,slow,149.1856689453125,-0.118995301425457
z2,slow,153.09446716308594,-0.11889977008104324
z2,slow,157.0032501220703,-0.11865285784006119
z2,slow,160.91204833984375,-0.1182820051908493
z2,slow,164.8208465576172,-0.11782097816467285
z2,slow,168.72964477539062,-0.1172875389456749
z2,slow,172.63844299316406,-0.11667555570602417
z2,slow,176.54722595214844,-0.11598499119281769
z2,slow,180.45602416992188,-0.1152384802699089
z2,slow,184.3648223876953,-0.1145160049200058
z2,slow,188.27362060546875,-0.11397967487573624
z2,slow,192.18240356445312,-0.11377329379320145
z2,slow,196.09120178222656,-0.11394301056861877
z2,slow,200.0,-0.11444075405597687
z3,fast,-1000.0,-0.04360436648130417
z3,fast,-996.0911865234375,-0.08732464164495468
z3,fast,-992.1824340820312,-0.12262074649333954
z3,fast,-988.2736206054688,-0.1500571370124817
z3,fast,-984.3648071289062,-0.17133395373821259
z3,fast,-980.4560546875,-0.18796195089817047
z3,fast,-976.5472412109375,-0.2010749727487564
z3,fast,-972.638427734375,-0.21143311262130737
z3,fast,-968.7296142578125,-0.21955038607120514
z3,fast,-964.8208618164062,-0.2258145809173584
z3,fast,-960.9120483398438,-0.2305578589439392
z3,fast,-957.0032348632812,-0.23408222198486328
z3,fast,-953.094482421875,-0.23663444817066193
z3,fast,-949.1856689453125,-0.23839323222637177
z3,fast,-945.27685546875,-0.23947463929653168
z3,fast,-941.3681030273438,-0.2400164008140564
z3,fast,-937.4592895507812,-0.24019040167331696
z3,fast,-933.5504760742188,-0.24018177390098572
z3,fast,-929.6417236328125,-0.24013105034828186
z3,fast,-925.73291015625,-0.24011769890785217
z3,fast,-921.8240966796875,-0.2402142882347107
z3,fast,-917.915283203125,-0.24048611521720886
z3,fast,-914.0065307617188,-0.2409503161907196
z3,fast,-910.0977172851562,-0.24159380793571472
z3,fast,-906.1889038085938,-0.24236960709095
z3,fast,-902.2801513671875,-0.24317559599876404
z3,fast,-898.371337890625,-0.24381123483181
z3,fast,-894.4625244140625,-0.24410928785800934
z3,fast,-890.5537719726562,-0.24405062198638916
z3,fast,-886.6449584960938,-0.24379004538059235
z3,fast,-882.7361450195312,-0.2435532957315445
z3,fast,-878.8273315429688,-0.24350376427173615
z3,fast,-874.9185791015625,-0.24373334646224976
z3,fast,-871.009765625,-0.24424774944782257
z3,fast,-867.1009521484375,-0.2449289709329605
z3,fast,-863.1921997070312,-0.24557295441627502
z3,fast,-859.2833862304688,-0.2459649294614792
z3,fast,-855.3745727539062,-0.2459762990474701
z3,fast,-851.4658203125,-0.2456236630678177
z3,fast,-847.5570068359375,-0.2450261265039444
z3,fast,-843.648193359375,-0.24435506761074066
z3,fast,-839.7394409179688,-0.2437603622674942
z3,fast,-835.8306274414062,-0.24327625334262848
z3,fast,-831.9218139648438,-0.24283921718597412
z3,fast,-828.0130004882812,-0.24243462085723877
z3,fast,-824.104248046875,-0.24209600687026978
z3,fast,-820.1954345703125,-0.24185794591903687
z3,fast,-816.28662109375,-0.24177129566669464
z3,fast,-812.3778686523438,-0.24192248284816742
z3,fast,-808.4690551757812,-0.2423563301563263
z3,fast,-804.5602416992188,-0.2430085837841034
z3,fast,-800.6514892578125,-0.2437562793493271
z3,fast,-796.74267578125,-0.24443529546260834
z3,fast,-792.8338623046875,-0.24486993253231049
z3,fast,-788.9251098632812,-0.24497276544570923
z3,fast,-785.0162963867188,-0.24473005533218384
z3,fast,-781.1074829101562,-0.24418267607688904
z3,fast,-777.1986694335938,-0.24345675110816956
z3,fast,-773.2899169921875,-0.24271228909492493
z3,fast,-769.381103515625,-0.24205970764160156
z3,fast,-765.4722900390625,-0.24154888093471527
z3,fast,-761.5635375976562,-0.24120433628559113
z3,fast,-757.6547241210938,-0.2409941703081131
z3,fast,-753.7459106445312,-0.24083411693572998
z3,fast,-749.837158203125,-0.2406928837299347
z3,fast,-745.9283447265625,-0.2406068593263626
z3,fast,-742.01953125,-0.240615114569664
z3,fast,-738.1107788085938,-0.2406732589006424
z3,fast,-734.2019653320312,-0.2406846433877945
z3,fast,-730.2931518554688,-0.24058417975902557
z3,fast,-726.3843383789062,-0.2403630167245865
z3,fast,-722.4755859375,-0.24000965058803558
z3,fast,-718.5667724609375,-0.23954497277736664
z3,fast,-714.657958984375,-0.2390829622745514
z3,fast,-710.7492065429688,-0.23880073428153992
z3,fast,-706.8403930664062,-0.23882938921451569
z3,fast,-702.9315795898438,-0.23918643593788147
z3,fast,-699.0228271484375,-0.2397821992635727
z3,fast,-695.114013671875,-0.2404109388589859
z3,fast,-691.2052001953125,-0.24083176255226135
z3,fast,-687.29638671875,-0.24085991084575653
z3,fast,-683.3876342773438,-0.24042129516601562
z3,fast,-679.4788208007812,-0.23955965042114258
z3,fast,-675.5700073242188,-0.23844368755817413
z3,fast,-671.6612548828125,-0.23730245232582092
z3,fast,-667.75244140625,-0.23628871142864227
z3,fast,-663.8436279296875,-0.23539970815181732
z3,fast,-659.9348754882812,-0.2345811277627945
z3,fast,-656.0260620117188,-0.23378561437129974
z3,fast,-652.1172485351562,-0.23296678066253662
z3,fast,-648.20849609375,-0.23211626708507538
z3,fast,-644.2996826171875,-0.23132573068141937
z3,fast,-640.390869140625,-0.23075224459171295
z3,fast,-636.4820556640625,-0.23052825033664703
z3,fast,-632.5733032226562,-0.23068870604038239
z3,fast,-628.6644897460938,-0.23116840422153473
z3,fast,-624.7556762695312,-0.2318374067544937
z3,fast,-620.846923828125,-0.23252826929092407
z3,fast,-616.9381103515625,-0.23308925330638885
z3,fast,-613.029296875,-0.23346516489982605
z3,fast,-609.1205444335938,-0.23365171253681183
z3,fast,-605.2117309570312,-0.23364686965942383
z3,fast,-601.3029174804688,-0.23343296349048615
z3,fast,-597.3941650390625,-0.23301827907562256
z3,fast,-593.4853515625,-0.2324364185333252
z3,fast,-589.5765380859375,-0.23172681033611298
z3,fast,-585.667724609375,-0.23089218139648438
z3,fast,-581.7589721679688,-0.22993220388889313
z3,fast,-577.8501586914062,-0.22889280319213867
z3,fast,-573.9413452148438,-0.22783859074115753
z3,fast,-570.0325927734375,-0.22684191167354584
z3,fast,-566.123779296875,-0.22598440945148468
z3,fast,-562.2149658203125,-0.22529824078083038
z3,fast,-558.3062133789062,-0.22472374141216278
z3,fast,-554.3973999023438,-0.2242114245891571
z3,fast,-550.4885864257812,-0.22373928129673004
z3,fast,-546.579833984375,-0.22329384088516235
z3,fast,-542.6710205078125,-0.22289496660232544
z3,fast,-538.76220703125,-0.2225753217935562
z3,fast,-534.8533935546875,-0.22238829731941223
z3,fast,-530.9446411132812,-0.22240453958511353
z3,fast,-527.0358276367188,-0.22266769409179688
z3,fast,-523.1270141601562,-0.22316031157970428
z3,fast,-519.21826171875,-0.22379617393016815
z3,fast,-515.3094482421875,-0.22444002330303192
z3,fast,-511.4006652832031,-0.2249605804681778
z3,fast,-507.4918518066406,-0.22525683045387268
z3,fast,-503.58306884765625,-0.2253217250108719
z3,fast,-499.67425537109375,-0.22525936365127563
z3,fast,-495.7654724121094,-0.22518019378185272
z3,fast,-491.856689453125,-0.2251136302947998
z3,fast,-487.9478759765625,-0.22502222657203674
z3,fast,-484.0390930175781,-0.22486741840839386
z3,fast,-480.1302795410156,-0.22468262910842896
z3,fast,-476.22149658203125,-0.22453570365905762
z3,fast,-472.3127136230469,-0.22445955872535706
z3,fast,-468.4039001464844,-0.22447553277015686
z3,fast,-464.4951171875,-0.2246166318655014
z3,fast,-460.5863342285156,-0.2248992770910263
z3,fast,-456.6775207519531,-0.22529977560043335
z3,fast,-452.76873779296875,-0.22577668726444244
z3,fast,-448.85992431640625,-0.22631479799747467
z3,fast,-444.9511413574219,-0.2269631326198578
z3,fast,-441.0423583984375,-0.22783568501472473
z3,fast,-437.133544921875,-0.22903943061828613
z3,fast,-433.2247619628906,-0.23059996962547302
z3,fast,-429.3159484863281,-0.23244482278823853
z3,fast,-425.40716552734375,-0.2343873679637909
z3,fast,-421.4983825683594,-0.23617812991142273
z3,fast,-417.5895690917969,-0.23760570585727692
z3,fast,-413.6807861328125,-0.23855435848236084
z3,fast,-409.77197265625,-0.239068403840065
z3,fast,-405.8631896972656,-0.2393576055765152
z3,fast,-401.95440673828125,-0.23972700536251068
z3,fast,-398.04559326171875,-0.24041347205638885
z3,fast,-394.1368103027344,-0.24146924912929535
z3,fast,-390.22802734375,-0.2428208291530609
z3,fast,-386.3192138671875,-0.24434317648410797
z3,fast,-382.4104309082031,-0.2459106743335724
z3,fast,-378.5016174316406,-0.24744683504104614
z3,fast,-374.59283447265625,-0.24893414974212646
z3,fast,-370.6840515136719,-0.25037267804145813
z3,fast,-366.7752380371094,-0.25174492597579956
z3,fast,-362.866455078125,-0.2530524432659149
z3,fast,-358.9576416015625,-0.2543012499809265
z3,fast,-355.0488586425781,-0.25550344586372375
z3,fast,-351.14007568359375,-0.25669077038764954
z3,fast,-347.23126220703125,-0.257888525724411
z3,fast,-343.3224792480469,-0.2590702772140503
z3,fast,-339.4136657714844,-0.26017364859580994
z3,fast,-335.5048828125,-0.2611345946788788
z3,fast,-331.5960998535156,-0.2619171142578125
z3,fast,-327.6872863769531,-0.2625408470630646
z3,fast,-323.77850341796875,-0.26306629180908203
z3,fast,-319.8697204589844,-0.26352977752685547
z3,fast,-315.9609069824219,-0.2639192044734955
z3,fast,-312.0521240234375,-0.26425477862358093
z3,fast,-308.143310546875,-0.26460209488868713
z3,fast,-304.2345275878906,-0.26501137018203735
z3,fast,-300.32574462890625,-0.2655178904533386
z3,fast,-296.41693115234375,-0.26617324352264404
z3,fast,-292.5081481933594,-0.2670362889766693
z3,fast,-288.5993347167969,-0.26811283826828003
z3,fast,-284.6905517578125,-0.26933130621910095
z3,fast,-280.7817687988281,-0.27052247524261475
z3,fast,-276.8729553222656,-0.2714478075504303
z3,fast,-272.96417236328125,-0.27191177010536194
z3,fast,-269.0553894042969,-0.2718617022037506
z3,fast,-265.1465759277344,-0.27139440178871155
z3,fast,-261.23779296875,-0.2707214057445526
z3,fast,-257.3289794921875,-0.27007731795310974
z3,fast,-253.42019653320312,-0.2696201503276825
z3,fast,-249.5113983154297,-0.26941004395484924
z3,fast,-245.60260009765625,-0.2693972587585449
z3,fast,-241.69381713867188,-0.26942598819732666
z3,fast,-237.78501892089844,-0.26932966709136963
z3,fast,-233.876220703125,-0.2690257132053375
z3,fast,-229.96742248535156,-0.2685627341270447
z3,fast,-226.0586395263672,-0.26807576417922974
z3,fast,-222.14984130859375,-0.2677278518676758
z3,fast,-218.2410430908203,-0.26762494444847107
z3,fast,-214.33224487304688,-0.2677706182003021
z3,fast,-210.42344665527344,-0.2680610418319702
z3,fast,-206.51466369628906,-0.2683265209197998
z3,fast,-202.60586547851562,-0.2684098780155182
z3,fast,-198.6970672607422,-0.2682662904262543
z3,fast,-194.78826904296875,-0.2679499089717865
z3,fast,-190.87948608398438,-0.2675820589065552
z3,fast,-186.97068786621094,-0.26731956005096436
z3,fast,-183.0618896484375,-0.2672526240348816
z3,fast,-179.15309143066406,-0.2673858106136322
z3,fast,-175.24429321289062,-0.26767730712890625
z3,fast,-171.33551025390625,-0.26807963848114014
z3,fast,-167.4267120361328,-0.2685827910900116
z3,fast,-163.51791381835938,-0.26922696828842163
z3,fast,-159.60911560058594,-0.27002546191215515
z3,fast,-155.70033264160156,-0.27090972661972046
z3,fast,-151.79153442382812,-0.27176034450531006
z3,fast,-147.8827362060547,-0.2724348306655884
z3,fast,-143.97393798828125,-0.27281081676483154
z3,fast,-140.0651397705078,-0.27286332845687866
z3,fast,-136.15635681152344,-0.2726869583129883
z3,fast,-132.24755859375,-0.27244430780410767
z3,fast,-128.33876037597656,-0.2723024785518646
z3,fast,-124.42996978759766,-0.2723909616470337
z3,fast,-120.52117156982422,-0.2727538049221039
z3,fast,-116.61238098144531,-0.2733500301837921
z3,fast,-112.70358276367188,-0.27408474683761597
z3,fast,-108.79478454589844,-0.2748374342918396
z3,fast,-104.88599395751953,-0.2755146622657776
z3,fast,-100.9771957397461,-0.2760486304759979
z3,fast,-97.06840515136719,-0.2763844132423401
z3,fast,-93.15960693359375,-0.27649444341659546
z3,fast,-89.25081634521484,-0.2763911187648773
z3,fast,-85.3420181274414,-0.2761392295360565
z3,fast,-81.4332275390625,-0.27584028244018555
z3,fast,-77.52442932128906,-0.27561789751052856
z3,fast,-73.61563873291016,-0.2755855321884155
z3,fast,-69.70684051513672,-0.27579328417778015
z3,fast,-65.79804229736328,-0.2762296497821808
z3,fast,-61.889251708984375,-0.27682849764823914
z3,fast,-57.9804573059082,-0.27749085426330566
z3,fast,-54.07166290283203,-0.2781316637992859
z3,fast,-50.162864685058594,-0.27867391705513
z3,fast,-46.25407028198242,-0.27904054522514343
z3,fast,-42.34527587890625,-0.27918893098831177
z3,fast,-38.43648147583008,-0.27915361523628235
z3,fast,-34.527687072753906,-0.2790103256702423
z3,fast,-30.618892669677734,-0.27887162566185
z3,fast,-26.710098266601562,-0.27886146306991577
z3,fast,-22.80130386352539,-0.27905675768852234
z3,fast,-18.892507553100586,-0.2794315814971924
z3,fast,-14.983713150024414,-0.27986806631088257
z3,fast,-11.074918746948242,-0.28021323680877686
z3,fast,-7.166123867034912,-0.2803369164466858
z3,fast,-3.257328987121582,-0.28018492460250854
z3,fast,0.6514657735824585,-0.27981036901474
z3,fast,4.560260772705078,-0.2793804109096527
z3,fast,8.46905517578125,-0.27904212474823
z3,fast,12.377850532531738,-0.27885305881500244
z3,fast,16.286645889282227,-0.27882441878318787
z3,fast,20.1954402923584,-0.27894437313079834
z3,fast,24.10423469543457,-0.27914804220199585
z3,fast,28.013029098510742,-0.27931398153305054
z3,fast,31.921823501586914,-0.2793269157409668
z3,fast,35.83061981201172,-0.27910083532333374
z3,fast,39.73941421508789,-0.27864697575569153
z3,fast,43.64820861816406,-0.27807676792144775
z3,fast,47.557003021240234,-0.27752581238746643
z3,fast,51.465797424316406,-0.2770726680755615
z3,fast,55.37459182739258,-0.2767174243927002
z3,fast,59.28338623046875,-0.2764141261577606
z3,fast,63.19218063354492,-0.2761019468307495
z3,fast,67.1009750366211,-0.2757256031036377
z3,fast,71.00977325439453,-0.27524882555007935
z3,fast,74.91856384277344,-0.274662047624588
z3,fast,78.82736206054688,-0.27399784326553345
z3,fast,82.73615264892578,-0.2733291685581207
z3,fast,86.64495086669922,-0.2727539539337158
z3,fast,90.55374908447266,-0.27236461639404297
z3,fast,94.46253967285156,-0.2721858620643616
z3,fast,98.371337890625,-0.27217012643814087
z3,fast,102.2801284790039,-0.27223050594329834
z3,fast,106.18892669677734,-0.27228349447250366
z3,fast,110.09771728515625,-0.27224937081336975
z3,fast,114.00651550292969,-0.2720610499382019
z3,fast,117.9153060913086,-0.27169743180274963
z3,fast,121.82410430908203,-0.2712070643901825
z3,fast,125.73290252685547,-0.27069881558418274
z3,fast,129.64169311523438,-0.27027255296707153
z3,fast,133.5504913330078,-0.2699606418609619
z3,fast,137.45928955078125,-0.2697266936302185
z3,fast,141.36807250976562,-0.26950928568840027
z3,fast,145.27687072753906,-0.26925718784332275
z3,fast,149.1856689453125,-0.268940806388855
z3,fast,153.09446716308594,-0.26856034994125366
z3,fast,157.0032501220703,-0.26814308762550354
z3,fast,160.91204833984375,-0.26772287487983704
z3,fast,164.8208465576172,-0.26732137799263
z3,fast,168.72964477539062,-0.2669568359851837
z3,fast,172.63844299316406,-0.26665979623794556
z3,fast,176.54722595214844,-0.2664491534233093
z3,fast,180.45602416992188,-0.2663027346134186
z3,fast,184.3648223876953,-0.2661530673503876
z3,fast,188.27362060546875,-0.26592087745666504
z3,fast,192.18240356445312,-0.26556727290153503
z3,fast,196.09120178222656,-0.26510024070739746
z3,fast,200.0,-0.26458844542503357
z3,medium,-1000.0,-0.044424086809158325
z3,medium,-996.0911865234375,-0.08913978934288025
z3,medium,-992.1824340820312,-0.12473677098751068
z3,medium,-988.2736206054688,-0.15192608535289764
z3,medium,-984.3648071289062,-0.17260012030601501
z3,medium,-980.4560546875,-0.18842166662216187
z3,medium,-976.5472412109375,-0.20068879425525665
z3,medium,-972.638427734375,-0.2103136032819748
z3,medium,-968.7296142578125,-0.21783602237701416
z3,medium,-964.8208618164062,-0.22361722588539124
z3,medium,-960.9120483398438,-0.22798585891723633
z3,medium,-957.0032348632812,-0.23119816184043884
z3,medium,-953.094482421875,-0.23344092071056366
z3,medium,-949.1856689453125,-0.23494796454906464
z3,medium,-945.27685546875,-0.23594637215137482
z3,medium,-941.3681030273438,-0.23659324645996094
z3,medium,-937.4592895507812,-0.23700302839279175
z3,medium,-933.5504760742188,-0.23727113008499146
z3,medium,-929.6417236328125,-0.2374803125858307
z3,medium,-925.73291015625,-0.23767878115177155
z3,medium,-921.8240966796875,-0.23791471123695374
z3,medium,-917.915283203125,-0.23824764788150787
z3,medium,-914.0065307617188,-0.23872052133083344
z3,medium,-910.0977172851562,-0.23927097022533417
z3,medium,-906.1889038085938,-0.23973222076892853
z3,medium,-902.2801513671875,-0.23995642364025116
z3,medium,-898.371337890625,-0.23986023664474487
z3,medium,-894.4625244140625,-0.23944689333438873
z3,medium,-890.5537719726562,-0.2387990653514862
z3,medium,-886.6449584960938,-0.23806433379650116
z3,medium,-882.7361450195312,-0.23739942908287048
z3,medium,-878.8273315429688,-0.23687048256397247
z3,medium,-874.9185791015625,-0.23645375669002533
z3,medium,-871.009765625,-0.23608852922916412
z3,medium,-867.1009521484375,-0.23576955497264862
z3,medium,-863.1921997070312,-0.23556403815746307
z3,medium,-859.2833862304688,-0.2355424463748932
z3,medium,-855.3745727539062,-0.2356988787651062
z3,medium,-851.4658203125,-0.23592276871204376
z3,medium,-847.5570068359375,-0.23606835305690765
z3,medium,-843.648193359375,-0.23600982129573822
z3,medium,-839.7394409179688,-0.23567606508731842
z3,medium,-835.8306274414062,-0.23516039550304413
z3,medium,-831.9218139648438,-0.23467688262462616
z3,medium,-828.0130004882812,-0.23444807529449463
z3,medium,-824.104248046875,-0.23459208011627197
z3,medium,-820.1954345703125,-0.23506706953048706
z3,medium,-816.28662109375,-0.23575459420681
z3,medium,-812.3778686523438,-0.23647557199001312
z3,medium,-808.4690551757812,-0.23702651262283325
z3,medium,-804.5602416992188,-0.2372681200504303
z3,medium,-800.6514892578125,-0.23710870742797852
z3,medium,-796.74267578125,-0.23648463189601898
z3,medium,-792.8338623046875,-0.23542489111423492
z3,medium,-788.9251098632812,-0.234078049659729
z3,medium,-785.0162963867188,-0.23263362050056458
z3,medium,-781.1074829101562,-0.23127104341983795
z3,medium,-777.1986694335938,-0.2301756888628006
z3,medium,-773.2899169921875,-0.22952629625797272
z3,medium,-769.381103515625,-0.22941632568836212
z3,medium,-765.4722900390625,-0.22976362705230713
z3,medium,-761.5635375976562,-0.23035170137882233
z3,medium,-757.6547241210938,-0.2308824509382248
z3,medium,-753.7459106445312,-0.23106062412261963
z3,medium,-749.837158203125,-0.23072220385074615
z3,medium,-745.9283447265625,-0.22991012036800385
z3,medium,-742.01953125,-0.22886185348033905
z3,medium,-738.1107788085938,-0.22790494561195374
z3,medium,-734.2019653320312,-0.22729654610157013
z3,medium,-730.2931518554688,-0.22712725400924683
z3,medium,-726.3843383789062,-0.22729803621768951
z3,medium,-722.4755859375,-0.2276194989681244
z3,medium,-718.5667724609375,-0.22791679203510284
z3,medium,-714.657958984375,-0.22813668847084045
z3,medium,-710.7492065429688,-0.22832103073596954
z3,medium,-706.8403930664062,-0.22851748764514923
z3,medium,-702.9315795898438,-0.22873200476169586
z3,medium,-699.0228271484375,-0.228928342461586
z3,medium,-695.114013671875,-0.22901256382465363
z3,medium,-691.2052001953125,-0.2288898229598999
z3,medium,-687.29638671875,-0.22854699194431305
z3,medium,-683.3876342773438,-0.22806520760059357
z3,medium,-679.4788208007812,-0.2276165932416916
z3,medium,-675.5700073242188,-0.2274124026298523
z3,medium,-671.6612548828125,-0.22760009765625
z3,medium,-667.75244140625,-0.22819383442401886
z3,medium,-663.8436279296875,-0.22904092073440552
z3,medium,-659.9348754882812,-0.22990214824676514
z3,medium,-656.0260620117188,-0.23057742416858673
z3,medium,-652.1172485351562,-0.23097775876522064
z3,medium,-648.20849609375,-0.23113220930099487
z3,medium,-644.2996826171875,-0.23118548095226288
z3,medium,-640.390869140625,-0.23129914700984955
z3,medium,-636.4820556640625,-0.23156698048114777
z3,medium,-632.5733032226562,-0.23201289772987366
z3,medium,-628.6644897460938,-0.23264363408088684
z3,medium,-624.7556762695312,-0.2334263175725937
z3,medium,-620.846923828125,-0.23428869247436523
z3,medium,-616.9381103515625,-0.23513813316822052
z3,medium,-613.029296875,-0.23593910038471222
z3,medium,-609.1205444335938,-0.23674480617046356
z3,medium,-605.2117309570312,-0.23761217296123505
z3,medium,-601.3029174804688,-0.23853623867034912
z3,medium,-597.3941650390625,-0.23946410417556763
z3,medium,-593.4853515625,-0.24034470319747925
z3,medium,-589.5765380859375,-0.24116621911525726
z3,medium,-585.667724609375,-0.241953045129776
z3,medium,-581.7589721679688,-0.24274033308029175
z3,medium,-577.8501586914062,-0.24358591437339783
z3,medium,-573.9413452148438,-0.2444945126771927
z3,medium,-570.0325927734375,-0.24541445076465607
z3,medium,-566.123779296875,-0.24629294872283936
z3,medium,-562.2149658203125,-0.2471034973859787
z3,medium,-558.3062133789062,-0.2478906512260437
z3,medium,-554.3973999023438,-0.24869279563426971
z3,medium,-550.4885864257812,-0.24952925741672516
z3,medium,-546.579833984375,-0.2504449188709259
z3,medium,-542.6710205078125,-0.25149330496788025
z3,medium,-538.76220703125,-0.25265994668006897
z3,medium,-534.8533935546875,-0.2538428008556366
z3,medium,-530.9446411132812,-0.2549051344394684
z3,medium,-527.0358276367188,-0.2558092474937439
z3,medium,-523.1270141601562,-0.25658589601516724
z3,medium,-519.21826171875,-0.2573123574256897
z3,medium,-515.3094482421875,-0.25810346007347107
z3,medium,-511.4006652832031,-0.2590556740760803
z3,medium,-507.4918518066406,-0.2602096498012543
z3,medium,-503.58306884765625,-0.26153555512428284
z3,medium,-499.67425537109375,-0.26291424036026
z3,medium,-495.7654724121094,-0.26416268944740295
z3,medium,-491.856689453125,-0.2651590406894684
z3,medium,-487.9478759765625,-0.2659083306789398
z3,medium,-484.0390930175781,-0.2664972245693207
z3,medium,-480.1302795410156,-0.26703986525535583
z3,medium,-476.22149658203125,-0.26764607429504395
z3,medium,-472.3127136230469,-0.2683899998664856
z3,medium,-468.4039001464844,-0.2692491114139557
z3,medium,-464.4951171875,-0.2701403498649597
z3,medium,-460.5863342285156,-0.27097806334495544
z3,medium,-456.6775207519531,-0.2716948986053467
z3,medium,-452.76873779296875,-0.272268146276474
z3,medium,-448.85992431640625,-0.2727040946483612
z3,medium,-444.9511413574219,-0.2730350196361542
z3,medium,-441.0423583984375,-0.27329546213150024
z3,medium,-437.133544921875,-0.27351367473602295
z3,medium,-433.2247619628906,-0.2736968994140625
z3,medium,-429.3159484863281,-0.2738586962223053
z3,medium,-425.40716552734375,-0.2740243971347809
z3,medium,-421.4983825683594,-0.27419549226760864
z3,medium,-417.5895690917969,-0.2743332087993622
z3,medium,-413.6807861328125,-0.2743769586086273
z3,medium,-409.77197265625,-0.2742924988269806
z3,medium,-405.8631896972656,-0.274027943611145
z3,medium,-401.95440673828125,-0.2735309600830078
z3,medium,-398.04559326171875,-0.2728128731250763
z3,medium,-394.1368103027344,-0.27196231484413147
z3,medium,-390.22802734375,-0.27113813161849976
z3,medium,-386.3192138671875,-0.27054816484451294
z3,medium,-382.4104309082031,-0.2703670561313629
z3,medium,-378.5016174316406,-0.27064019441604614
z3,medium,-374.59283447265625,-0.2712746560573578
z3,medium,-370.6840515136719,-0.27206170558929443
z3,medium,-366.7752380371094,-0.27277255058288574
z3,medium,-362.866455078125,-0.273282527923584
z3,medium,-358.9576416015625,-0.2736222445964813
z3,medium,-355.0488586425781,-0.2738954722881317
z3,medium,-351.14007568359375,-0.2741832137107849
z3,medium,-347.23126220703125,-0.27448928356170654
z3,medium,-343.3224792480469,-0.2747500240802765
z3,medium,-339.4136657714844,-0.27486348152160645
z3,medium,-335.5048828125,-0.2747375965118408
z3,medium,-331.5960998535156,-0.27435484528541565
z3,medium,-327.6872863769531,-0.2737998068332672
z3,medium,-323.77850341796875,-0.27320802211761475
z3,medium,-319.8697204589844,-0.27270612120628357
z3,medium,-315.9609069824219,-0.2723846137523651
z3,medium,-312.0521240234375,-0.27227282524108887
z3,medium,-308.143310546875,-0.27230626344680786
z3,medium,-304.2345275878906,-0.27238428592681885
z3,medium,-300.32574462890625,-0.27245014905929565
z3,medium,-296.41693115234375,-0.2725299596786499
z3,medium,-292.5081481933594,-0.2727052569389343
z3,medium,-288.5993347167969,-0.2730533480644226
z3,medium,-284.6905517578125,-0.2735963761806488
z3,medium,-280.7817687988281,-0.274287611246109
z3,medium,-276.8729553222656,-0.2750350534915924
z3,medium,-272.96417236328125,-0.27573156356811523
z3,medium,-269.0553894042969,-0.27629703283309937
z3,medium,-265.1465759277344,-0.2767297327518463
z3,medium,-261.23779296875,-0.2770858705043793
z3,medium,-257.3289794921875,-0.27744632959365845
z3,medium,-253.42019653320312,-0.27786946296691895
z3,medium,-249.5113983154297,-0.2783483564853668
z3,medium,-245.60260009765625,-0.2787858247756958
z3,medium,-241.69381713867188,-0.27904677391052246
z3,medium,-237.78501892089844,-0.2790510654449463
z3,medium,-233.876220703125,-0.2788054347038269
z3,medium,-229.96742248535156,-0.278398334980011
z3,medium,-226.0586395263672,-0.2779635488986969
z3,medium,-222.14984130859375,-0.27762699127197266
z3,medium,-218.2410430908203,-0.2774137556552887
z3,medium,-214.33224487304688,-0.2772824466228485
z3,medium,-210.42344665527344,-0.2771860957145691
z3,medium,-206.51466369628906,-0.2770664691925049
z3,medium,-202.60586547851562,-0.2768963873386383
z3,medium,-198.6970672607422,-0.27672699093818665
z3,medium,-194.78826904296875,-0.2766748368740082
z3,medium,-190.87948608398438,-0.2767910361289978
z3,medium,-186.97068786621094,-0.2770470976829529
z3,medium,-183.0618896484375,-0.2773742973804474
z3,medium,-179.15309143066406,-0.27768582105636597
z3,medium,-175.24429321289062,-0.27790045738220215
z3,medium,-171.33551025390625,-0.2779984474182129
z3,medium,-167.4267120361328,-0.27799397706985474
z3,medium,-163.51791381835938,-0.2779064476490021
z3,medium,-159.60911560058594,-0.2777522802352905
z3,medium,-155.70033264160156,-0.2775268852710724
z3,medium,-151.79153442382812,-0.2772088646888733
z3,medium,-147.8827362060547,-0.2768116295337677
z3,medium,-143.97393798828125,-0.27638134360313416
z3,medium,-140.0651397705078,-0.2759842276573181
z3,medium,-136.15635681152344,-0.2756648659706116
z3,medium,-132.24755859375,-0.27542540431022644
z3,medium,-128.33876037597656,-0.27527132630348206
z3,medium,-124.42996978759766,-0.27519527077674866
z3,medium,-120.52117156982422,-0.27516427636146545
z3,medium,-116.61238098144531,-0.27515679597854614
z3,medium,-112.70358276367188,-0.2751635015010834
z3,medium,-108.79478454589844,-0.27518466114997864
z3,medium,-104.88599395751953,-0.27524617314338684
z3,medium,-100.9771957397461,-0.27535367012023926
z3,medium,-97.06840515136719,-0.2754592299461365
z3,medium,-93.15960693359375,-0.27548670768737793
z3,medium,-89.25081634521484,-0.2753700613975525
z3,medium,-85.3420181274414,-0.2751086950302124
z3,medium,-81.4332275390625,-0.27478572726249695
z3,medium,-77.52442932128906,-0.27453526854515076
z3,medium,-73.61563873291016,-0.27445706725120544
z3,medium,-69.70684051513672,-0.27453044056892395
z3,medium,-65.79804229736328,-0.2746289074420929
z3,medium,-61.889251708984375,-0.2745974063873291
z3,medium,-57.9804573059082,-0.27432671189308167
z3,medium,-54.07166290283203,-0.2738017737865448
z3,medium,-50.162864685058594,-0.27307260036468506
z3,medium,-46.25407028198242,-0.2722339630126953
z3,medium,-42.34527587890625,-0.27142056822776794
z3,medium,-38.43648147583008,-0.270746648311615
z3,medium,-34.527687072753906,-0.2702339291572571
z3,medium,-30.618892669677734,-0.2698328197002411
z3,medium,-26.710098266601562,-0.2694670855998993
z3,medium,-22.80130386352539,-0.2690899968147278
z3,medium,-18.892507553100586,-0.26871782541275024
z3,medium,-14.983713150024414,-0.26841145753860474
z3,medium,-11.074918746948242,-0.26821786165237427
z3,medium,-7.166123867034912,-0.2681288421154022
z3,medium,-3.257328987121582,-0.2680593430995941
z3,medium,0.6514657735824585,-0.26789847016334534
z3,medium,4.560260772705078,-0.2676011025905609
z3,medium,8.46905517578125,-0.26720988750457764
z3,medium,12.377850532531738,-0.26682597398757935
z3,medium,16.286645889282227,-0.2665475010871887
z3,medium,20.1954402923584,-0.2664380669593811
z3,medium,24.10423469543457,-0.2664869725704193
z3,medium,28.013029098510742,-0.26656821370124817
z3,medium,31.921823501586914,-0.26650699973106384
z3,medium,35.83061981201172,-0.2661876380443573
z3,medium,39.73941421508789,-0.2655923366546631
z3,medium,43.64820861816406,-0.2647968530654907
z3,medium,47.557003021240234,-0.2639392912387848
z3,medium,51.465797424316406,-0.2631436288356781
z3,medium,55.37459182739258,-0.2624552249908447
z3,medium,59.28338623046875,-0.26185256242752075
z3,medium,63.19218063354492,-0.26124700903892517
z3,medium,67.1009750366211,-0.2605649530887604
z3,medium,71.00977325439453,-0.25980865955352783
z3,medium,74.91856384277344,-0.25904911756515503
z3,medium,78.82736206054688,-0.25837549567222595
z3,medium,82.73615264892578,-0.2578235864639282
z3,medium,86.64495086669922,-0.2574096620082855
z3,medium,90.55374908447266,-0.2571392357349396
z3,medium,94.46253967285156,-0.2569710910320282
z3,medium,98.371337890625,-0.25684985518455505
z3,medium,102.2801284790039,-0.25676238536834717
z3,medium,106.18892669677734,-0.2567412853240967
z3,medium,110.09771728515625,-0.25686195492744446
z3,medium,114.00651550292969,-0.2571871280670166
z3,medium,117.9153060913086,-0.2576851546764374
z3,medium,121.82410430908203,-0.2582288682460785
z3,medium,125.73290252685547,-0.2586733102798462
z3,medium,129.64169311523438,-0.25890088081359863
z3,medium,133.5504913330078,-0.2588442265987396
z3,medium,137.45928955078125,-0.2585292160511017
z3,medium,141.36807250976562,-0.25804823637008667
z3,medium,145.27687072753906,-0.2574988007545471
z3,medium,149.1856689453125,-0.2569480240345001
z3,medium,153.09446716308594,-0.2564213275909424
z3,medium,157.0032501220703,-0.25594282150268555
z3,medium,160.91204833984375,-0.2555592656135559
z3,medium,164.8208465576172,-0.2552950382232666
z3,medium,168.72964477539062,-0.25512370467185974
z3,medium,172.63844299316406,-0.254980206489563
z3,medium,176.54722595214844,-0.2547845244407654
z3,medium,180.45602416992188,-0.25449255108833313
z3,medium,184.3648223876953,-0.25412502884864807
z3,medium,188.27362060546875,-0.2537769079208374
z3,medium,192.18240356445312,-0.2535589337348938
z3,medium,196.09120178222656,-0.25351324677467346
z3,medium,200.0,-0.2536027431488037
z3,slow,-1000.0,-0.04299868643283844
z3,slow,-996.0911865234375,-0.08756659924983978
z3,slow,-992.1824340820312,-0.1237586960196495
z3,slow,-988.2736206054688,-0.15187735855579376
z3,slow,-984.3648071289062,-0.17353403568267822
z3,slow,-980.4560546875,-0.1901906430721283
z3,slow,-976.5472412109375,-0.20299580693244934
z3,slow,-972.638427734375,-0.2128075808286667
z3,slow,-968.7296142578125,-0.2202616184949875
z3,slow,-964.8208618164062,-0.22585436701774597
z3,slow,-960.9120483398438,-0.2299831360578537
z3,slow,-957.0032348632812,-0.23298612236976624
z3,slow,-953.094482421875,-0.2351582944393158
z3,slow,-949.1856689453125,-0.2367357462644577
z3,slow,-945.27685546875,-0.23791523277759552
z3,slow,-941.3681030273438,-0.23888909816741943
z3,slow,-937.4592895507812,-0.2397940307855606
z3,slow,-933.5504760742188,-0.24066433310508728
z3,slow,-929.6417236328125,-0.24146351218223572
z3,slow,-925.73291015625,-0.24218697845935822
z3,slow,-921.8240966796875,-0.24288661777973175
z3,slow,-917.915283203125,-0.24362684786319733
z3,slow,-914.0065307617188,-0.24446602165699005
z3,slow,-910.0977172851562,-0.2453898936510086
z3,slow,-906.1889038085938,-0.24629881978034973
z3,slow,-902.2801513671875,-0.24706488847732544
z3,slow,-898.371337890625,-0.24759002029895782
z3,slow,-894.4625244140625,-0.24781303107738495
z3,slow,-890.5537719726562,-0.24769750237464905
z3,slow,-886.6449584960938,-0.2472727745771408
z3,slow,-882.7361450195312,-0.24663503468036652
z3,slow,-878.8273315429688,-0.24591746926307678
z3,slow,-874.9185791015625,-0.24527597427368164
z3,slow,-871.009765625,-0.24483321607112885
z3,slow,-867.1009521484375,-0.24466539919376373
z3,slow,-863.1921997070312,-0.2448025494813919
z3,slow,-859.2833862304688,-0.24522608518600464
z3,slow,-855.3745727539062,-0.24583560228347778
z3,slow,-851.4658203125,-0.24652099609375
z3,slow,-847.5570068359375,-0.24719499051570892
z3,slow,-843.648193359375,-0.2477841079235077
z3,slow,-839.7394409179688,-0.24829064309597015
z3,slow,-835.8306274414062,-0.24878805875778198
z3,slow,-831.9218139648438,-0.24935321509838104
z3,slow,-828.0130004882812,-0.2500525414943695
z3,slow,-824.104248046875,-0.2509171664714813
z3,slow,-820.1954345703125,-0.2519362270832062
z3,slow,-816.28662109375,-0.25305500626564026
z3,slow,-812.3778686523438,-0.2541457712650299
z3,slow,-808.4690551757812,-0.2549978196620941
z3,slow,-804.5602416992188,-0.25547003746032715
z3,slow,-800.6514892578125,-0.25553256273269653
z3,slow,-796.74267578125,-0.2552870810031891
z3,slow,-792.8338623046875,-0.25493305921554565
z3,slow,-788.9251098632812,-0.254673570394516
z3,slow,-785.0162963867188,-0.25459566712379456
z3,slow,-781.1074829101562,-0.25470486283302307
z3,slow,-777.1986694335938,-0.25496700406074524
z3,slow,-773.2899169921875,-0.2552889585494995
z3,slow,-769.381103515625,-0.2556179165840149
z3,slow,-765.4722900390625,-0.255991131067276
z3,slow,-761.5635375976562,-0.25651296973228455
z3,slow,-757.6547241210938,-0.25729456543922424
z3,slow,-753.7459106445312,-0.25840720534324646
z3,slow,-749.837158203125,-0.25982534885406494
z3,slow,-745.9283447265625,-0.26139652729034424
z3,slow,-742.01953125,-0.26289376616477966
z3,slow,-738.1107788085938,-0.2640972435474396
z3,slow,-734.2019653320312,-0.2649000585079193
z3,slow,-730.2931518554688,-0.26534533500671387
z3,slow,-726.3843383789062,-0.26558637619018555
z3,slow,-722.4755859375,-0.2657770812511444
z3,slow,-718.5667724609375,-0.2660146951675415
z3,slow,-714.657958984375,-0.2663533091545105
z3,slow,-710.7492065429688,-0.2667752802371979
z3,slow,-706.8403930664062,-0.26719310879707336
z3,slow,-702.9315795898438,-0.2675400376319885
z3,slow,-699.0228271484375,-0.26781144738197327
z3,slow,-695.114013671875,-0.26802119612693787
z3,slow,-691.2052001953125,-0.2681983411312103
z3,slow,-687.29638671875,-0.268355131149292
z3,slow,-683.3876342773438,-0.2684837877750397
z3,slow,-679.4788208007812,-0.2685859203338623
z3,slow,-675.5700073242188,-0.2686561942100525
z3,slow,-671.6612548828125,-0.2687019407749176
z3,slow,-667.75244140625,-0.2688075006008148
z3,slow,-663.8436279296875,-0.26907363533973694
z3,slow,-659.9348754882812,-0.2695241868495941
z3,slow,-656.0260620117188,-0.27008941769599915
z3,slow,-652.1172485351562,-0.27064377069473267
z3,slow,-648.20849609375,-0.2710193693637848
z3,slow,-644.2996826171875,-0.2710951864719391
z3,slow,-640.390869140625,-0.27087336778640747
z3,slow,-636.4820556640625,-0.27047404646873474
z3,slow,-632.5733032226562,-0.2700830399990082
z3,slow,-628.6644897460938,-0.2698513865470886
z3,slow,-624.7556762695312,-0.2698528468608856
z3,slow,-620.846923828125,-0.27008599042892456
z3,slow,-616.9381103515625,-0.2704417407512665
z3,slow,-613.029296875,-0.27074959874153137
z3,slow,-609.1205444335938,-0.2708735466003418
z3,slow,-605.2117309570312,-0.2707739472389221
z3,slow,-601.3029174804688,-0.2705230712890625
z3,slow,-597.3941650390625,-0.2702648341655731
z3,slow,-593.4853515625,-0.2701024115085602
z3,slow,-589.5765380859375,-0.27007025480270386
z3,slow,-585.667724609375,-0.2701791524887085
z3,slow,-581.7589721679688,-0.2704208195209503
z3,slow,-577.8501586914062,-0.2707216739654541
z3,slow,-573.9413452148438,-0.2709943950176239
z3,slow,-570.0325927734375,-0.271169513463974
z3,slow,-566.123779296875,-0.27119767665863037
z3,slow,-562.2149658203125,-0.271043062210083
z3,slow,-558.3062133789062,-0.27068352699279785
z3,slow,-554.3973999023438,-0.27013304829597473
z3,slow,-550.4885864257812,-0.26942864060401917
z3,slow,-546.579833984375,-0.26863059401512146
z3,slow,-542.6710205078125,-0.2678242623806
z3,slow,-538.76220703125,-0.2670990228652954
z3,slow,-534.8533935546875,-0.2665519714355469
z3,slow,-530.9446411132812,-0.26628002524375916
z3,slow,-527.0358276367188,-0.2663271129131317
z3,slow,-523.1270141601562,-0.2666488587856293
z3,slow,-519.21826171875,-0.26709452271461487
z3,slow,-515.3094482421875,-0.2675166428089142
z3,slow,-511.4006652832031,-0.26782140135765076
z3,slow,-507.4918518066406,-0.2679528594017029
z3,slow,-503.58306884765625,-0.267914742231369
z3,slow,-499.67425537109375,-0.2677435278892517
z3,slow,-495.7654724121094,-0.26750364899635315
z3,slow,-491.856689453125,-0.26729798316955566
z3,slow,-487.9478759765625,-0.26719874143600464
z3,slow,-484.0390930175781,-0.2672102451324463
z3,slow,-480.1302795410156,-0.26735249161720276
z3,slow,-476.22149658203125,-0.2676575183868408
z3,slow,-472.3127136230469,-0.26809602975845337
z3,slow,-468.4039001464844,-0.26857873797416687
z3,slow,-464.4951171875,-0.2690071165561676
z3,slow,-460.5863342285156,-0.2692970335483551
z3,slow,-456.6775207519531,-0.26939165592193604
z3,slow,-452.76873779296875,-0.2692607045173645
z3,slow,-448.85992431640625,-0.26892051100730896
z3,slow,-444.9511413574219,-0.2684567868709564
z3,slow,-441.0423583984375,-0.26799845695495605
z3,slow,-437.133544921875,-0.26762017607688904
z3,slow,-433.2247619628906,-0.26732319593429565
z3,slow,-429.3159484863281,-0.26706230640411377
z3,slow,-425.40716552734375,-0.26677924394607544
z3,slow,-421.4983825683594,-0.2664329707622528
z3,slow,-417.5895690917969,-0.2660767138004303
z3,slow,-413.6807861328125,-0.26582393050193787
z3,slow,-409.77197265625,-0.2658018171787262
z3,slow,-405.8631896972656,-0.2660788595676422
z3,slow,-401.95440673828125,-0.26661697030067444
z3,slow,-398.04559326171875,-0.2673075199127197
z3,slow,-394.1368103027344,-0.26800650358200073
z3,slow,-390.22802734375,-0.26853010058403015
z3,slow,-386.3192138671875,-0.2687254846096039
z3,slow,-382.4104309082031,-0.2685720920562744
z3,slow,-378.5016174316406,-0.2681675851345062
z3,slow,-374.59283447265625,-0.2676580846309662
z3,slow,-370.6840515136719,-0.26720353960990906
z3,slow,-366.7752380371094,-0.26687854528427124
z3,slow,-362.866455078125,-0.2666490077972412
z3,slow,-358.9576416015625,-0.2664274275302887
z3,slow,-355.0488586425781,-0.2661242187023163
z3,slow,-351.14007568359375,-0.2656925916671753
z3,slow,-347.23126220703125,-0.26516208052635193
z3,slow,-343.3224792480469,-0.2646368145942688
z3,slow,-339.4136657714844,-0.26427656412124634
z3,slow,-335.5048828125,-0.2642403542995453
z3,slow,-331.5960998535156,-0.2645723521709442
z3,slow,-327.6872863769531,-0.26519355177879333
z3,slow,-323.77850341796875,-0.26593509316444397
z3,slow,-319.8697204589844,-0.2665645182132721
z3,slow,-315.9609069824219,-0.266870379447937
z3,slow,-312.0521240234375,-0.266769677400589
z3,slow,-308.143310546875,-0.2663261890411377
z3,slow,-304.2345275878906,-0.2656887173652649
z3,slow,-300.32574462890625,-0.26505398750305176
z3,slow,-296.41693115234375,-0.2645661532878876
z3,slow,-292.5081481933594,-0.26425662636756897
z3,slow,-288.5993347167969,-0.26406916975975037
z3,slow,-284.6905517578125,-0.2639033794403076
z3,slow,-280.7817687988281,-0.2636355459690094
z3,slow,-276.8729553222656,-0.26318132877349854
z3,slow,-272.96417236328125,-0.26256850361824036
z3,slow,-269.0553894042969,-0.26188769936561584
z3,slow,-265.1465759277344,-0.2612355947494507
z3,slow,-261.23779296875,-0.26066628098487854
z3,slow,-257.3289794921875,-0.2602224051952362
z3,slow,-253.42019653320312,-0.2599254250526428
z3,slow,-249.5113983154297,-0.2597666382789612
z3,slow,-245.60260009765625,-0.2597222626209259
z3,slow,-241.69381713867188,-0.2597446143627167
z3,slow,-237.78501892089844,-0.259745329618454
z3,slow,-233.876220703125,-0.2596682012081146
z3,slow,-229.96742248535156,-0.25950878858566284
z3,slow,-226.0586395263672,-0.2592952251434326
z3,slow,-222.14984130859375,-0.259093314409256
z3,slow,-218.2410430908203,-0.2589608430862427
z3,slow,-214.33224487304688,-0.25890812277793884
z3,slow,-210.42344665527344,-0.25889691710472107
z3,slow,-206.51466369628906,-0.25886276364326477
z3,slow,-202.60586547851562,-0.25873351097106934
z3,slow,-198.6970672607422,-0.25843554735183716
z3,slow,-194.78826904296875,-0.2579101622104645
z3,slow,-190.87948608398438,-0.2571637034416199
z3,slow,-186.97068786621094,-0.256305992603302
z3,slow,-183.0618896484375,-0.255490243434906
z3,slow,-179.15309143066406,-0.25485819578170776
z3,slow,-175.24429321289062,-0.25449031591415405
z3,slow,-171.33551025390625,-0.25438976287841797
z3,slow,-167.4267120361328,-0.25450581312179565
z3,slow,-163.51791381835938,-0.2547532021999359
z3,slow,-159.60911560058594,-0.2550356686115265
z3,slow,-155.70033264160156,-0.2552756071090698
z3,slow,-151.79153442382812,-0.2554560899734497
z3,slow,-147.8827362060547,-0.2556186616420746
z3,slow,-143.97393798828125,-0.2558290958404541
z3,slow,-140.0651397705078,-0.25613299012184143
z3,slow,-136.15635681152344,-0.25650927424430847
z3,slow,-132.24755859375,-0.25686031579971313
z3,slow,-128.33876037597656,-0.25707459449768066
z3,slow,-124.42996978759766,-0.2570701539516449
z3,slow,-120.52117156982422,-0.2568078935146332
z3,slow,-116.61238098144531,-0.2563493847846985
z3,slow,-112.70358276367188,-0.25585708022117615
z3,slow,-108.79478454589844,-0.25547876954078674
z3,slow,-104.88599395751953,-0.2552368938922882
z3,slow,-100.9771957397461,-0.25508150458335876
z3,slow,-97.06840515136719,-0.2549014091491699
z3,slow,-93.15960693359375,-0.254589319229126
z3,slow,-89.25081634521484,-0.2541411519050598
z3,slow,-85.3420181274414,-0.25363853573799133
z3,slow,-81.4332275390625,-0.25320014357566833
z3,slow,-77.52442932128906,-0.2529263198375702
z3,slow,-73.61563873291016,-0.2528690993785858
z3,slow,-69.70684051513672,-0.25304320454597473
z3,slow,-65.79804229736328,-0.25340375304222107
z3,slow,-61.889251708984375,-0.2538323402404785
z3,slow,-57.9804573059082,-0.25420746207237244
z3,slow,-54.07166290283203,-0.25443631410598755
z3,slow,-50.162864685058594,-0.2544855773448944
z3,slow,-46.25407028198242,-0.25440701842308044
z3,slow,-42.34527587890625,-0.25427091121673584
z3,slow,-38.43648147583008,-0.25413528084754944
z3,slow,-34.527687072753906,-0.25405922532081604
z3,slow,-30.618892669677734,-0.2540508806705475
z3,slow,-26.710098266601562,-0.2540775537490845
z3,slow,-22.80130386352539,-0.2541067600250244
z3,slow,-18.892507553100586,-0.254075288772583
z3,slow,-14.983713150024414,-0.25390946865081787
z3,slow,-11.074918746948242,-0.2535790503025055
z3,slow,-7.166123867034912,-0.25310346484184265
z3,slow,-3.257328987121582,-0.25254639983177185
z3,slow,0.6514657735824585,-0.2520020604133606
z3,slow,4.560260772705078,-0.2515706717967987
z3,slow,8.46905517578125,-0.2513032853603363
z3,slow,12.377850532531738,-0.2511823773384094
z3,slow,16.286645889282227,-0.25115594267845154
z3,slow,20.1954402923584,-0.25117865204811096
z3,slow,24.10423469543457,-0.25120285153388977
z3,slow,28.013029098510742,-0.2511743903160095
z3,slow,31.921823501586914,-0.2510646879673004
z3,slow,35.83061981201172,-0.2508828043937683
z3,slow,39.73941421508789,-0.25064530968666077
z3,slow,43.64820861816406,-0.25036969780921936
z3,slow,47.557003021240234,-0.2500687539577484
z3,slow,51.465797424316406,-0.2497473955154419
z3,slow,55.37459182739258,-0.24945025146007538
z3,slow,59.28338623046875,-0.2492566555738449
z3,slow,63.19218063354492,-0.2491976022720337
z3,slow,67.1009750366211,-0.24923796951770782
z3,slow,71.00977325439453,-0.24931126832962036
z3,slow,74.91856384277344,-0.2493535280227661
z3,slow,78.82736206054688,-0.24934746325016022
z3,slow,82.73615264892578,-0.24933917820453644
z3,slow,86.64495086669922,-0.24940882623195648
z3,slow,90.55374908447266,-0.2496337890625
z3,slow,94.46253967285156,-0.2500482201576233
z3,slow,98.371337890625,-0.2506029009819031
z3,slow,102.2801284790039,-0.2511719763278961
z3,slow,106.18892669677734,-0.2516070306301117
z3,slow,110.09771728515625,-0.2517971694469452
z3,slow,114.00651550292969,-0.25171181559562683
z3,slow,117.9153060913086,-0.25141313672065735
z3,slow,121.82410430908203,-0.25101739168167114
z3,slow,125.73290252685547,-0.2506221830844879
z3,slow,129.64169311523438,-0.2502936124801636
z3,slow,133.5504913330078,-0.2500430643558502
z3,slow,137.45928955078125,-0.24981792271137238
z3,slow,141.36807250976562,-0.24954314529895782
z3,slow,145.27687072753906,-0.2491847574710846
z3,slow,149.1856689453125,-0.2487894594669342
z3,slow,153.09446716308594,-0.24845460057258606
z3,slow,157.0032501220703,-0.24825720489025116
z3,slow,160.91204833984375,-0.24823914468288422
z3,slow,164.8208465576172,-0.24839048087596893
z3,slow,168.72964477539062,-0.2486279457807541
z3,slow,172.63844299316406,-0.24883489310741425
z3,slow,176.54722595214844,-0.24891740083694458
z3,slow,180.45602416992188,-0.24888114631175995
z3,slow,184.3648223876953,-0.24884791672229767
z3,slow,188.27362060546875,-0.24895840883255005
z3,slow,192.18240356445312,-0.24928820133209229
z3,slow,196.09120178222656,-0.2498399019241333
z3,slow,200.0,-0.25051406025886536
z4,fast,-1000.0,-0.12192898988723755
z4,fast,-996.0911865234375,-0.20904682576656342
z4,fast,-992.1824340820312,-0.2758890390396118
z4,fast,-988.2736206054688,-0.32823508977890015
z4,fast,-984.3648071289062,-0.3694918155670166
z4,fast,-980.4560546875,-0.40215370059013367
z4,fast,-976.5472412109375,-0.42810511589050293
z4,fast,-972.638427734375,-0.4487394392490387
z4,fast,-968.7296142578125,-0.4650745987892151
z4,fast,-964.8208618164062,-0.4779614210128784
z4,fast,-960.9120483398438,-0.4881746470928192
z4,fast,-957.0032348632812,-0.4963536560535431
z4,fast,-953.094482421875,-0.5029236078262329
z4,fast,-949.1856689453125,-0.5081513524055481
z4,fast,-945.27685546875,-0.5122157335281372
z4,fast,-941.3681030273438,-0.5152110457420349
z4,fast,-937.4592895507812,-0.5173197984695435
z4,fast,-933.5504760742188,-0.518815815448761
z4,fast,-929.6417236328125,-0.5199169516563416
z4,fast,-925.73291015625,-0.5207998156547546
z4,fast,-921.8240966796875,-0.5215432643890381
z4,fast,-917.915283203125,-0.5221663117408752
z4,fast,-914.0065307617188,-0.5226037502288818
z4,fast,-910.0977172851562,-0.5228508710861206
z4,fast,-906.1889038085938,-0.5229829549789429
z4,fast,-902.2801513671875,-0.523104727268219
z4,fast,-898.371337890625,-0.5233302712440491
z4,fast,-894.4625244140625,-0.5236640572547913
z4,fast,-890.5537719726562,-0.524056613445282
z4,fast,-886.6449584960938,-0.5244709253311157
z4,fast,-882.7361450195312,-0.5248864889144897
z4,fast,-878.8273315429688,-0.5252342820167542
z4,fast,-874.9185791015625,-0.5254865884780884
z4,fast,-871.009765625,-0.5257154703140259
z4,fast,-867.1009521484375,-0.5260295867919922
z4,fast,-863.1921997070312,-0.5265167355537415
z4,fast,-859.2833862304688,-0.5271687507629395
z4,fast,-855.3745727539062,-0.5278943181037903
z4,fast,-851.4658203125,-0.5285402536392212
z4,fast,-847.5570068359375,-0.5289624929428101
z4,fast,-843.648193359375,-0.5290878415107727
z4,fast,-839.7394409179688,-0.5289851427078247
z4,fast,-835.8306274414062,-0.5287050604820251
z4,fast,-831.9218139648438,-0.5282465219497681
z4,fast,-828.0130004882812,-0.5277591347694397
z4,fast,-824.104248046875,-0.5274103283882141
z4,fast,-820.1954345703125,-0.5272029042243958
z4,fast,-816.28662109375,-0.5270533561706543
z4,fast,-812.3778686523438,-0.526975154876709
z4,fast,-808.4690551757812,-0.5269580483436584
z4,fast,-804.5602416992188,-0.5269612073898315
z4,fast,-800.6514892578125,-0.5269593596458435
z4,fast,-796.74267578125,-0.5269953608512878
z4,fast,-792.8338623046875,-0.5271254777908325
z4,fast,-788.9251098632812,-0.5274049043655396
z4,fast,-785.0162963867188,-0.5278024077415466
z4,fast,-781.1074829101562,-0.5282428860664368
z4,fast,-777.1986694335938,-0.5287119746208191
z4,fast,-773.2899169921875,-0.5292114615440369
z4,fast,-769.381103515625,-0.5297285318374634
z4,fast,-765.4722900390625,-0.5301922559738159
z4,fast,-761.5635375976562,-0.530572772026062
z4,fast,-757.6547241210938,-0.5308085083961487
z4,fast,-753.7459106445312,-0.5308344960212708
z4,fast,-749.837158203125,-0.5307105183601379
z4,fast,-745.9283447265625,-0.5305278301239014
z4,fast,-742.01953125,-0.5303786396980286
z4,fast,-738.1107788085938,-0.5303553938865662
z4,fast,-734.2019653320312,-0.5304486155509949
z4,fast,-730.2931518554688,-0.53057461977005
z4,fast,-726.3843383789062,-0.5306835770606995
z4,fast,-722.4755859375,-0.530722439289093
z4,fast,-718.5667724609375,-0.5306450128555298
z4,fast,-714.657958984375,-0.5304712653160095
z4,fast,-710.7492065429688,-0.5302696824073792
z4,fast,-706.8403930664062,-0.5300963521003723
z4,fast,-702.9315795898438,-0.5299787521362305
z4,fast,-699.0228271484375,-0.5299261212348938
z4,fast,-695.114013671875,-0.529895007610321
z4,fast,-691.2052001953125,-0.5298717021942139
z4,fast,-687.29638671875,-0.5298379063606262
z4,fast,-683.3876342773438,-0.5297259092330933
z4,fast,-679.4788208007812,-0.5295170545578003
z4,fast,-675.5700073242188,-0.529233455657959
z4,fast,-671.6612548828125,-0.5289396643638611
z4,fast,-667.75244140625,-0.5287172198295593
z4,fast,-663.8436279296875,-0.5285621285438538
z4,fast,-659.9348754882812,-0.5284338593482971
z4,fast,-656.0260620117188,-0.5282862186431885
z4,fast,-652.1172485351562,-0.5280554294586182
z4,fast,-648.20849609375,-0.5276923775672913
z4,fast,-644.2996826171875,-0.5272299647331238
z4,fast,-640.390869140625,-0.526752233505249
z4,fast,-636.4820556640625,-0.5264192223548889
z4,fast,-632.5733032226562,-0.5263223052024841
z4,fast,-628.6644897460938,-0.5264363288879395
z4,fast,-624.7556762695312,-0.5267285704612732
z4,fast,-620.846923828125,-0.5271294713020325
z4,fast,-616.9381103515625,-0.5275264978408813
z4,fast,-613.029296875,-0.5278105139732361
z4,fast,-609.1205444335938,-0.5279199481010437
z4,fast,-605.2117309570312,-0.527843713760376
z4,fast,-601.3029174804688,-0.5275892019271851
z4,fast,-597.3941650390625,-0.5271589159965515
z4,fast,-593.4853515625,-0.5266095995903015
z4,fast,-589.5765380859375,-0.5259820818901062
z4,fast,-585.667724609375,-0.525303840637207
z4,fast,-581.7589721679688,-0.52457594871521
z4,fast,-577.8501586914062,-0.5238001942634583
z4,fast,-573.9413452148438,-0.5229958891868591
z4,fast,-570.0325927734375,-0.5222389698028564
z4,fast,-566.123779296875,-0.5216025114059448
z4,fast,-562.2149658203125,-0.5211361050605774
z4,fast,-558.3062133789062,-0.5208041667938232
z4,fast,-554.3973999023438,-0.5205274224281311
z4,fast,-550.4885864257812,-0.5202649235725403
z4,fast,-546.579833984375,-0.5199846029281616
z4,fast,-542.6710205078125,-0.5196232199668884
z4,fast,-538.76220703125,-0.519149661064148
z4,fast,-534.8533935546875,-0.5186229944229126
z4,fast,-530.9446411132812,-0.5180915594100952
z4,fast,-527.0358276367188,-0.5175961256027222
z4,fast,-523.1270141601562,-0.5171937942504883
z4,fast,-519.21826171875,-0.5169087648391724
z4,fast,-515.3094482421875,-0.5167186856269836
z4,fast,-511.4006652832031,-0.5165817737579346
z4,fast,-507.4918518066406,-0.5164439678192139
z4,fast,-503.58306884765625,-0.5162563323974609
z4,fast,-499.67425537109375,-0.5160534977912903
z4,fast,-495.7654724121094,-0.5158997178077698
z4,fast,-491.856689453125,-0.5157960653305054
z4,fast,-487.9478759765625,-0.515723705291748
z4,fast,-484.0390930175781,-0.5156896710395813
z4,fast,-480.1302795410156,-0.5156927108764648
z4,fast,-476.22149658203125,-0.5156955122947693
z4,fast,-472.3127136230469,-0.5156470537185669
z4,fast,-468.4039001464844,-0.5155211091041565
z4,fast,-464.4951171875,-0.5153505206108093
z4,fast,-460.5863342285156,-0.5152281522750854
z4,fast,-456.6775207519531,-0.5152169466018677
z4,fast,-452.76873779296875,-0.51531982421875
z4,fast,-448.85992431640625,-0.5154964327812195
z4,fast,-444.9511413574219,-0.5156931281089783
z4,fast,-441.0423583984375,-0.5158450603485107
z4,fast,-437.133544921875,-0.5159482955932617
z4,fast,-433.2247619628906,-0.5161029696464539
z4,fast,-429.3159484863281,-0.5164023637771606
z4,fast,-425.40716552734375,-0.516879677772522
z4,fast,-421.4983825683594,-0.5175309777259827
z4,fast,-417.5895690917969,-0.5183008313179016
z4,fast,-413.6807861328125,-0.5190560817718506
z4,fast,-409.77197265625,-0.519670307636261
z4,fast,-405.8631896972656,-0.5201335549354553
z4,fast,-401.95440673828125,-0.5205125212669373
z4,fast,-398.04559326171875,-0.520835280418396
z4,fast,-394.1368103027344,-0.5210893154144287
z4,fast,-390.22802734375,-0.5212404131889343
z4,fast,-386.3192138671875,-0.5213133692741394
z4,fast,-382.4104309082031,-0.5214031934738159
z4,fast,-378.5016174316406,-0.5215885639190674
z4,fast,-374.59283447265625,-0.5219335556030273
z4,fast,-370.6840515136719,-0.5224373936653137
z4,fast,-366.7752380371094,-0.5230265259742737
z4,fast,-362.866455078125,-0.523591160774231
z4,fast,-358.9576416015625,-0.5240771770477295
z4,fast,-355.0488586425781,-0.5244452953338623
z4,fast,-351.14007568359375,-0.5247356295585632
z4,fast,-347.23126220703125,-0.525091290473938
z4,fast,-343.3224792480469,-0.5256533026695251
z4,fast,-339.4136657714844,-0.5264155864715576
z4,fast,-335.5048828125,-0.5272731781005859
z4,fast,-331.5960998535156,-0.5280994772911072
z4,fast,-327.6872863769531,-0.5287754535675049
z4,fast,-323.77850341796875,-0.529275119304657
z4,fast,-319.8697204589844,-0.5296058654785156
z4,fast,-315.9609069824219,-0.5297847390174866
z4,fast,-312.0521240234375,-0.5298404097557068
z4,fast,-308.143310546875,-0.5298206806182861
z4,fast,-304.2345275878906,-0.5297638773918152
z4,fast,-300.32574462890625,-0.5296960473060608
z4,fast,-296.41693115234375,-0.5295945405960083
z4,fast,-292.5081481933594,-0.5294663310050964
z4,fast,-288.5993347167969,-0.5294135808944702
z4,fast,-284.6905517578125,-0.5295373201370239
z4,fast,-280.7817687988281,-0.5298880338668823
z4,fast,-276.8729553222656,-0.5303978323936462
z4,fast,-272.96417236328125,-0.5309150218963623
z4,fast,-269.0553894042969,-0.5312965512275696
z4,fast,-265.1465759277344,-0.5314541459083557
z4,fast,-261.23779296875,-0.531387984752655
z4,fast,-257.3289794921875,-0.531121015548706
z4,fast,-253.42019653320312,-0.5306934714317322
z4,fast,-249.5113983154297,-0.530224084854126
z4,fast,-245.60260009765625,-0.5298545956611633
z4,fast,-241.69381713867188,-0.5296971201896667
z4,fast,-237.78501892089844,-0.529790997505188
z4,fast,-233.876220703125,-0.5300887823104858
z4,fast,-229.96742248535156,-0.530498743057251
z4,fast,-226.0586395263672,-0.530937671661377
z4,fast,-222.14984130859375,-0.5313414931297302
z4,fast,-218.2410430908203,-0.5316999554634094
z4,fast,-214.33224487304688,-0.5320793390274048
z4,fast,-210.42344665527344,-0.5325499176979065
z4,fast,-206.51466369628906,-0.533082127571106
z4,fast,-202.60586547851562,-0.5335708856582642
z4,fast,-198.6970672607422,-0.533894419670105
z4,fast,-194.78826904296875,-0.5339696407318115
z4,fast,-190.87948608398438,-0.5337793231010437
z4,fast,-186.97068786621094,-0.5334464311599731
z4,fast,-183.0618896484375,-0.5331500172615051
z4,fast,-179.15309143066406,-0.5330029129981995
z4,fast,-175.24429321289062,-0.5329999327659607
z4,fast,-171.33551025390625,-0.5330663323402405
z4,fast,-167.4267120361328,-0.5331541895866394
z4,fast,-163.51791381835938,-0.5332524180412292
z4,fast,-159.60911560058594,-0.5333706736564636
z4,fast,-155.70033264160156,-0.5335346460342407
z4,fast,-151.79153442382812,-0.5337662696838379
z4,fast,-147.8827362060547,-0.534054160118103
z4,fast,-143.97393798828125,-0.5343694686889648
z4,fast,-140.0651397705078,-0.534657895565033
z4,fast,-136.15635681152344,-0.5348732471466064
z4,fast,-132.24755859375,-0.5350229144096375
z4,fast,-128.33876037597656,-0.5351572036743164
z4,fast,-124.42996978759766,-0.5353406667709351
z4,fast,-120.52117156982422,-0.5356304049491882
z4,fast,-116.61238098144531,-0.5360769629478455
z4,fast,-112.70358276367188,-0.5366794466972351
z4,fast,-108.79478454589844,-0.5373343229293823
z4,fast,-104.88599395751953,-0.5378834009170532
z4,fast,-100.9771957397461,-0.5382164120674133
z4,fast,-97.06840515136719,-0.5383080244064331
z4,fast,-93.15960693359375,-0.5382173657417297
z4,fast,-89.25081634521484,-0.5380408763885498
z4,fast,-85.3420181274414,-0.5378917455673218
z4,fast,-81.4332275390625,-0.5378711223602295
z4,fast,-77.52442932128906,-0.5380170941352844
z4,fast,-73.61563873291016,-0.5382682681083679
z4,fast,-69.70684051513672,-0.5384897589683533
z4,fast,-65.79804229736328,-0.5385901927947998
z4,fast,-61.889251708984375,-0.5385783910751343
z4,fast,-57.9804573059082,-0.5385175943374634
z4,fast,-54.07166290283203,-0.5385363101959229
z4,fast,-50.162864685058594,-0.5387659668922424
z4,fast,-46.25407028198242,-0.539220929145813
z4,fast,-42.34527587890625,-0.5398220419883728
z4,fast,-38.43648147583008,-0.5404725074768066
z4,fast,-34.527687072753906,-0.5411214828491211
z4,fast,-30.618892669677734,-0.5417770743370056
z4,fast,-26.710098266601562,-0.542479395866394
z4,fast,-22.80130386352539,-0.5432062149047852
z4,fast,-18.892507553100586,-0.5438511371612549
z4,fast,-14.983713150024414,-0.5443059802055359
z4,fast,-11.074918746948242,-0.5445253252983093
z4,fast,-7.166123867034912,-0.5445127487182617
z4,fast,-3.257328987121582,-0.5443622469902039
z4,fast,0.6514657735824585,-0.5441898703575134
z4,fast,4.560260772705078,-0.5440713167190552
z4,fast,8.46905517578125,-0.5440033078193665
z4,fast,12.377850532531738,-0.5439127087593079
z4,fast,16.286645889282227,-0.543728768825531
z4,fast,20.1954402923584,-0.5434449315071106
z4,fast,24.10423469543457,-0.5430995225906372
z4,fast,28.013029098510742,-0.5427762866020203
z4,fast,31.921823501586914,-0.5425523519515991
z4,fast,35.83061981201172,-0.5424413681030273
z4,fast,39.73941421508789,-0.5424083471298218
z4,fast,43.64820861816406,-0.5424218773841858
z4,fast,47.557003021240234,-0.5424350500106812
z4,fast,51.465797424316406,-0.5423869490623474
z4,fast,55.37459182739258,-0.542217493057251
z4,fast,59.28338623046875,-0.5419284701347351
z4,fast,63.19218063354492,-0.5416178703308105
z4,fast,67.1009750366211,-0.5413987636566162
z4,fast,71.00977325439453,-0.54132080078125
z4,fast,74.91856384277344,-0.5413515567779541
z4,fast,78.82736206054688,-0.5413830280303955
z4,fast,82.73615264892578,-0.5412911772727966
z4,fast,86.64495086669922,-0.541022777557373
z4,fast,90.55374908447266,-0.5405876040458679
z4,fast,94.46253967285156,-0.5400534868240356
z4,fast,98.371337890625,-0.5395405888557434
z4,fast,102.2801284790039,-0.5391625761985779
z4,fast,106.18892669677734,-0.5389947891235352
z4,fast,110.09771728515625,-0.5390222072601318
z4,fast,114.00651550292969,-0.5391479134559631
z4,fast,117.9153060913086,-0.5392551422119141
z4,fast,121.82410430908203,-0.5392652750015259
z4,fast,125.73290252685547,-0.5391610860824585
z4,fast,129.64169311523438,-0.5389943718910217
z4,fast,133.5504913330078,-0.5388425588607788
z4,fast,137.45928955078125,-0.5387541651725769
z4,fast,141.36807250976562,-0.5387383103370667
z4,fast,145.27687072753906,-0.5387654900550842
z4,fast,149.1856689453125,-0.5387868881225586
z4,fast,153.09446716308594,-0.5387952327728271
z4,fast,157.0032501220703,-0.5388147830963135
z4,fast,160.91204833984375,-0.5388280153274536
z4,fast,164.8208465576172,-0.5387782454490662
z4,fast,168.72964477539062,-0.5386441946029663
z4,fast,172.63844299316406,-0.5384567379951477
z4,fast,176.54722595214844,-0.5382592678070068
z4,fast,180.45602416992188,-0.5380718111991882
z4,fast,184.3648223876953,-0.537873387336731
z4,fast,188.27362060546875,-0.5376458764076233
z4,fast,192.18240356445312,-0.5374028086662292
z4,fast,196.09120178222656,-0.5371630787849426
z4,fast,200.0,-0.5369529128074646
z4,medium,-1000.0,-0.12460723519325256
z4,medium,-996.0911865234375,-0.21329589188098907
z4,medium,-992.1824340820312,-0.2813098728656769
z4,medium,-988.2736206054688,-0.33441177010536194
z4,medium,-984.3648071289062,-0.3760208487510681
z4,medium,-980.4560546875,-0.4087119400501251
z4,medium,-976.5472412109375,-0.4345375895500183
z4,medium,-972.638427734375,-0.4550429880619049
z4,medium,-968.7296142578125,-0.47128772735595703
z4,medium,-964.8208618164062,-0.4840731918811798
z4,medium,-960.9120483398438,-0.4940613806247711
z4,medium,-957.0032348632812,-0.5017828941345215
z4,medium,-953.094482421875,-0.5077036023139954
z4,medium,-949.1856689453125,-0.5122455954551697
z4,medium,-945.27685546875,-0.5158279538154602
z4,medium,-941.3681030273438,-0.5187239050865173
z4,medium,-937.4592895507812,-0.5210720896720886
z4,medium,-933.5504760742188,-0.5229475498199463
z4,medium,-929.6417236328125,-0.5243962407112122
z4,medium,-925.73291015625,-0.5254455804824829
z4,medium,-921.8240966796875,-0.5261321067810059
z4,medium,-917.915283203125,-0.5266295671463013
z4,medium,-914.0065307617188,-0.5271222591400146
z4,medium,-910.0977172851562,-0.5276875495910645
z4,medium,-906.1889038085938,-0.5283461809158325
z4,medium,-902.2801513671875,-0.5290114283561707
z4,medium,-898.371337890625,-0.5295394062995911
z4,medium,-894.4625244140625,-0.5298242568969727
z4,medium,-890.5537719726562,-0.5298089385032654
z4,medium,-886.6449584960938,-0.5295237898826599
z4,medium,-882.7361450195312,-0.5291458964347839
z4,medium,-878.8273315429688,-0.5288840532302856
z4,medium,-874.9185791015625,-0.5288410186767578
z4,medium,-871.009765625,-0.5289720892906189
z4,medium,-867.1009521484375,-0.5291383862495422
z4,medium,-863.1921997070312,-0.5292401313781738
z4,medium,-859.2833862304688,-0.5292812585830688
z4,medium,-855.3745727539062,-0.5292608141899109
z4,medium,-851.4658203125,-0.5291741490364075
z4,medium,-847.5570068359375,-0.529058039188385
z4,medium,-843.648193359375,-0.5289619565010071
z4,medium,-839.7394409179688,-0.5288925766944885
z4,medium,-835.8306274414062,-0.528816282749176
z4,medium,-831.9218139648438,-0.5286898612976074
z4,medium,-828.0130004882812,-0.52850341796875
z4,medium,-824.104248046875,-0.5282710194587708
z4,medium,-820.1954345703125,-0.5279688835144043
z4,medium,-816.28662109375,-0.5275903344154358
z4,medium,-812.3778686523438,-0.527238667011261
z4,medium,-808.4690551757812,-0.5270371437072754
z4,medium,-804.5602416992188,-0.5270495414733887
z4,medium,-800.6514892578125,-0.5272108316421509
z4,medium,-796.74267578125,-0.5273762941360474
z4,medium,-792.8338623046875,-0.5274195075035095
z4,medium,-788.9251098632812,-0.5272578597068787
z4,medium,-785.0162963867188,-0.5268660187721252
z4,medium,-781.1074829101562,-0.5262830853462219
z4,medium,-777.1986694335938,-0.5255651473999023
z4,medium,-773.2899169921875,-0.5248236656188965
z4,medium,-769.381103515625,-0.5241914391517639
z4,medium,-765.4722900390625,-0.5237120985984802
z4,medium,-761.5635375976562,-0.5233715176582336
z4,medium,-757.6547241210938,-0.5230849385261536
z4,medium,-753.7459106445312,-0.5227606892585754
z4,medium,-749.837158203125,-0.5223826169967651
z4,medium,-745.9283447265625,-0.521976113319397
z4,medium,-742.01953125,-0.5215367674827576
z4,medium,-738.1107788085938,-0.5210527777671814
z4,medium,-734.2019653320312,-0.5205748677253723
z4,medium,-730.2931518554688,-0.5201711058616638
z4,medium,-726.3843383789062,-0.5198979377746582
z4,medium,-722.4755859375,-0.5198052525520325
z4,medium,-718.5667724609375,-0.5198737978935242
z4,medium,-714.657958984375,-0.5200794339179993
z4,medium,-710.7492065429688,-0.5204148292541504
z4,medium,-706.8403930664062,-0.5208393931388855
z4,medium,-702.9315795898438,-0.5212324261665344
z4,medium,-699.0228271484375,-0.5214859843254089
z4,medium,-695.114013671875,-0.521557629108429
z4,medium,-691.2052001953125,-0.521481990814209
z4,medium,-687.29638671875,-0.5212674736976624
z4,medium,-683.3876342773438,-0.5209218859672546
z4,medium,-679.4788208007812,-0.5204891562461853
z4,medium,-675.5700073242188,-0.5200782418251038
z4,medium,-671.6612548828125,-0.5198195576667786
z4,medium,-667.75244140625,-0.5197351574897766
z4,medium,-663.8436279296875,-0.5197603106498718
z4,medium,-659.9348754882812,-0.5198011994361877
z4,medium,-656.0260620117188,-0.5197922587394714
z4,medium,-652.1172485351562,-0.5197150111198425
z4,medium,-648.20849609375,-0.5195363163948059
z4,medium,-644.2996826171875,-0.5193014144897461
z4,medium,-640.390869140625,-0.5190866589546204
z4,medium,-636.4820556640625,-0.5189346671104431
z4,medium,-632.5733032226562,-0.5188648104667664
z4,medium,-628.6644897460938,-0.5188961625099182
z4,medium,-624.7556762695312,-0.5190510153770447
z4,medium,-620.846923828125,-0.5193236470222473
z4,medium,-616.9381103515625,-0.5196539163589478
z4,medium,-613.029296875,-0.5199838876724243
z4,medium,-609.1205444335938,-0.5203089714050293
z4,medium,-605.2117309570312,-0.5206685066223145
z4,medium,-601.3029174804688,-0.5210582613945007
z4,medium,-597.3941650390625,-0.5213704109191895
z4,medium,-593.4853515625,-0.5215189456939697
z4,medium,-589.5765380859375,-0.5215384364128113
z4,medium,-585.667724609375,-0.5214987993240356
z4,medium,-581.7589721679688,-0.5214440822601318
z4,medium,-577.8501586914062,-0.5214375257492065
z4,medium,-573.9413452148438,-0.5215107202529907
z4,medium,-570.0325927734375,-0.5216132998466492
z4,medium,-566.123779296875,-0.5217299461364746
z4,medium,-562.2149658203125,-0.5218116641044617
z4,medium,-558.3062133789062,-0.5218186378479004
z4,medium,-554.3973999023438,-0.5217222571372986
z4,medium,-550.4885864257812,-0.5215020775794983
z4,medium,-546.579833984375,-0.5212465524673462
z4,medium,-542.6710205078125,-0.5211151242256165
z4,medium,-538.76220703125,-0.5211678147315979
z4,medium,-534.8533935546875,-0.5213695764541626
z4,medium,-530.9446411132812,-0.5216354131698608
z4,medium,-527.0358276367188,-0.5219541788101196
z4,medium,-523.1270141601562,-0.5223724246025085
z4,medium,-519.21826171875,-0.5228927731513977
z4,medium,-515.3094482421875,-0.523463249206543
z4,medium,-511.4006652832031,-0.524075448513031
z4,medium,-507.4918518066406,-0.5248094797134399
z4,medium,-503.58306884765625,-0.5257327556610107
z4,medium,-499.67425537109375,-0.5267729759216309
z4,medium,-495.7654724121094,-0.5277876853942871
z4,medium,-491.856689453125,-0.5286402702331543
z4,medium,-487.9478759765625,-0.5292586088180542
z4,medium,-484.0390930175781,-0.5296354293823242
z4,medium,-480.1302795410156,-0.529801070690155
z4,medium,-476.22149658203125,-0.5297970771789551
z4,medium,-472.3127136230469,-0.5296980142593384
z4,medium,-468.4039001464844,-0.529574453830719
z4,medium,-464.4951171875,-0.5294729471206665
z4,medium,-460.5863342285156,-0.5294175148010254
z4,medium,-456.6775207519531,-0.529417872428894
z4,medium,-452.76873779296875,-0.529464066028595
z4,medium,-448.85992431640625,-0.5295214653015137
z4,medium,-444.9511413574219,-0.529542088508606
z4,medium,-441.0423583984375,-0.5294798016548157
z4,medium,-437.133544921875,-0.5293295383453369
z4,medium,-433.2247619628906,-0.5291300415992737
z4,medium,-429.3159484863281,-0.528907299041748
z4,medium,-425.40716552734375,-0.528658926486969
z4,medium,-421.4983825683594,-0.5284342169761658
z4,medium,-417.5895690917969,-0.5282899737358093
z4,medium,-413.6807861328125,-0.5282353162765503
z4,medium,-409.77197265625,-0.5282890200614929
z4,medium,-405.8631896972656,-0.5284991264343262
z4,medium,-401.95440673828125,-0.5288249254226685
z4,medium,-398.04559326171875,-0.5291854739189148
z4,medium,-394.1368103027344,-0.5295343995094299
z4,medium,-390.22802734375,-0.529830276966095
z4,medium,-386.3192138671875,-0.5300581455230713
z4,medium,-382.4104309082031,-0.5302619338035583
z4,medium,-378.5016174316406,-0.5305253267288208
z4,medium,-374.59283447265625,-0.5309106111526489
z4,medium,-370.6840515136719,-0.5314226746559143
z4,medium,-366.7752380371094,-0.5319890975952148
z4,medium,-362.866455078125,-0.532511830329895
z4,medium,-358.9576416015625,-0.5329446792602539
z4,medium,-355.0488586425781,-0.5332951545715332
z4,medium,-351.14007568359375,-0.533551812171936
z4,medium,-347.23126220703125,-0.5336857438087463
z4,medium,-343.3224792480469,-0.53371661901474
z4,medium,-339.4136657714844,-0.5337111949920654
z4,medium,-335.5048828125,-0.5337589979171753
z4,medium,-331.5960998535156,-0.5339112877845764
z4,medium,-327.6872863769531,-0.5341361165046692
z4,medium,-323.77850341796875,-0.5343356728553772
z4,medium,-319.8697204589844,-0.5344049334526062
z4,medium,-315.9609069824219,-0.5343047976493835
z4,medium,-312.0521240234375,-0.5340747237205505
z4,medium,-308.143310546875,-0.5338121056556702
z4,medium,-304.2345275878906,-0.5336259007453918
z4,medium,-300.32574462890625,-0.5336042046546936
z4,medium,-296.41693115234375,-0.5338046550750732
z4,medium,-292.5081481933594,-0.5342099666595459
z4,medium,-288.5993347167969,-0.5347514152526855
z4,medium,-284.6905517578125,-0.5353452563285828
z4,medium,-280.7817687988281,-0.5359415411949158
z4,medium,-276.8729553222656,-0.5364916920661926
z4,medium,-272.96417236328125,-0.5369617342948914
z4,medium,-269.0553894042969,-0.5373727679252625
z4,medium,-265.1465759277344,-0.5377646088600159
z4,medium,-261.23779296875,-0.5381296277046204
z4,medium,-257.3289794921875,-0.5384336113929749
z4,medium,-253.42019653320312,-0.5386707186698914
z4,medium,-249.5113983154297,-0.5388579368591309
z4,medium,-245.60260009765625,-0.5389930605888367
z4,medium,-241.69381713867188,-0.5390543341636658
z4,medium,-237.78501892089844,-0.5390454530715942
z4,medium,-233.876220703125,-0.5389990210533142
z4,medium,-229.96742248535156,-0.5389440655708313
z4,medium,-226.0586395263672,-0.5389246344566345
z4,medium,-222.14984130859375,-0.5390011072158813
z4,medium,-218.2410430908203,-0.5391865968704224
z4,medium,-214.33224487304688,-0.539481520652771
z4,medium,-210.42344665527344,-0.5398834347724915
z4,medium,-206.51466369628906,-0.5403513312339783
z4,medium,-202.60586547851562,-0.5408380031585693
z4,medium,-198.6970672607422,-0.541313886642456
z4,medium,-194.78826904296875,-0.5417689681053162
z4,medium,-190.87948608398438,-0.5421561002731323
z4,medium,-186.97068786621094,-0.5424192547798157
z4,medium,-183.0618896484375,-0.542551577091217
z4,medium,-179.15309143066406,-0.5425761342048645
z4,medium,-175.24429321289062,-0.5424934029579163
z4,medium,-171.33551025390625,-0.5423125624656677
z4,medium,-167.4267120361328,-0.5420743227005005
z4,medium,-163.51791381835938,-0.5418035387992859
z4,medium,-159.60911560058594,-0.541528046131134
z4,medium,-155.70033264160156,-0.5412641763687134
z4,medium,-151.79153442382812,-0.5410133600234985
z4,medium,-147.8827362060547,-0.5408127903938293
z4,medium,-143.97393798828125,-0.5406858325004578
z4,medium,-140.0651397705078,-0.5406386256217957
z4,medium,-136.15635681152344,-0.5406449437141418
z4,medium,-132.24755859375,-0.5406566858291626
z4,medium,-128.33876037597656,-0.5406761169433594
z4,medium,-124.42996978759766,-0.5407406687736511
z4,medium,-120.52117156982422,-0.5408759713172913
z4,medium,-116.61238098144531,-0.54108726978302
z4,medium,-112.70358276367188,-0.5413501262664795
z4,medium,-108.79478454589844,-0.5416256189346313
z4,medium,-104.88599395751953,-0.5418707728385925
z4,medium,-100.9771957397461,-0.5420631766319275
z4,medium,-97.06840515136719,-0.5421748161315918
z4,medium,-93.15960693359375,-0.5421801805496216
z4,medium,-89.25081634521484,-0.5420719385147095
z4,medium,-85.3420181274414,-0.5418531894683838
z4,medium,-81.4332275390625,-0.5415711402893066
z4,medium,-77.52442932128906,-0.5413026809692383
z4,medium,-73.61563873291016,-0.5411063432693481
z4,medium,-69.70684051513672,-0.5409840941429138
z4,medium,-65.79804229736328,-0.5409130454063416
z4,medium,-61.889251708984375,-0.5408607125282288
z4,medium,-57.9804573059082,-0.5408051013946533
z4,medium,-54.07166290283203,-0.5407360196113586
z4,medium,-50.162864685058594,-0.5406143069267273
z4,medium,-46.25407028198242,-0.5403664708137512
z4,medium,-42.34527587890625,-0.5399324893951416
z4,medium,-38.43648147583008,-0.5393707156181335
z4,medium,-34.527687072753906,-0.5388349890708923
z4,medium,-30.618892669677734,-0.5384754538536072
z4,medium,-26.710098266601562,-0.5383563041687012
z4,medium,-22.80130386352539,-0.5384255051612854
z4,medium,-18.892507553100586,-0.5385826826095581
z4,medium,-14.983713150024414,-0.5387423634529114
z4,medium,-11.074918746948242,-0.5388226509094238
z4,medium,-7.166123867034912,-0.538764476776123
z4,medium,-3.257328987121582,-0.5385791063308716
z4,medium,0.6514657735824585,-0.5383293628692627
z4,medium,4.560260772705078,-0.538112223148346
z4,medium,8.46905517578125,-0.5380025506019592
z4,medium,12.377850532531738,-0.5380389094352722
z4,medium,16.286645889282227,-0.5381878018379211
z4,medium,20.1954402923584,-0.5383657813072205
z4,medium,24.10423469543457,-0.5384814739227295
z4,medium,28.013029098510742,-0.5384500622749329
z4,medium,31.921823501586914,-0.538244366645813
z4,medium,35.83061981201172,-0.5379096865653992
z4,medium,39.73941421508789,-0.5375118255615234
z4,medium,43.64820861816406,-0.5371140241622925
z4,medium,47.557003021240234,-0.5367612838745117
z4,medium,51.465797424316406,-0.5364488363265991
z4,medium,55.37459182739258,-0.536144495010376
z4,medium,59.28338623046875,-0.535860538482666
z4,medium,63.19218063354492,-0.535605788230896
z4,medium,67.1009750366211,-0.5353843569755554
z4,medium,71.00977325439453,-0.5352402925491333
z4,medium,74.91856384277344,-0.5352055430412292
z4,medium,78.82736206054688,-0.5352264642715454
z4,medium,82.73615264892578,-0.5351848602294922
z4,medium,86.64495086669922,-0.5350260734558105
z4,medium,90.55374908447266,-0.5348373055458069
z4,medium,94.46253967285156,-0.5346856117248535
z4,medium,98.371337890625,-0.5345629453659058
z4,medium,102.2801284790039,-0.5344603061676025
z4,medium,106.18892669677734,-0.5344003438949585
z4,medium,110.09771728515625,-0.5344358682632446
z4,medium,114.00651550292969,-0.5346152782440186
z4,medium,117.9153060913086,-0.5349229574203491
z4,medium,121.82410430908203,-0.535264253616333
z4,medium,125.73290252685547,-0.535570502281189
z4,medium,129.64169311523438,-0.5358195304870605
z4,medium,133.5504913330078,-0.5359803438186646
z4,medium,137.45928955078125,-0.5360545516014099
z4,medium,141.36807250976562,-0.5360801815986633
z4,medium,145.27687072753906,-0.5360386967658997
z4,medium,149.1856689453125,-0.5358633995056152
z4,medium,153.09446716308594,-0.5354755520820618
z4,medium,157.0032501220703,-0.5348954200744629
z4,medium,160.91204833984375,-0.5342694520950317
z4,medium,164.8208465576172,-0.5337651968002319
z4,medium,168.72964477539062,-0.5334804058074951
z4,medium,172.63844299316406,-0.5334316492080688
z4,medium,176.54722595214844,-0.5335512757301331
z4,medium,180.45602416992188,-0.5337114930152893
z4,medium,184.3648223876953,-0.533796489238739
z4,medium,188.27362060546875,-0.5337783694267273
z4,medium,192.18240356445312,-0.5337005853652954
z4,medium,196.09120178222656,-0.5336229205131531
z4,medium,200.0,-0.5335927605628967
z4,slow,-1000.0,-0.12282469123601913
z4,slow,-996.0911865234375,-0.21017299592494965
z4,slow,-992.1824340820312,-0.2774754464626312
z4,slow,-988.2736206054688,-0.3304569721221924
z4,slow,-984.3648071289062,-0.3724190890789032
z4,slow,-980.4560546875,-0.40570491552352905
z4,slow,-976.5472412109375,-0.43204644322395325
z4,slow,-972.638427734375,-0.45283573865890503
z4,slow,-968.7296142578125,-0.46919432282447815
z4,slow,-964.8208618164062,-0.48200562596321106
z4,slow,-960.9120483398438,-0.49195295572280884
z4,slow,-957.0032348632812,-0.49956437945365906
z4,slow,-953.094482421875,-0.5053149461746216
z4,slow,-949.1856689453125,-0.5095991492271423
z4,slow,-945.27685546875,-0.5127506256103516
z4,slow,-941.3681030273438,-0.515124499797821
z4,slow,-937.4592895507812,-0.5170344710350037
z4,slow,-933.5504760742188,-0.5186694860458374
z4,slow,-929.6417236328125,-0.5201066732406616
z4,slow,-925.73291015625,-0.5213949084281921
z4,slow,-921.8240966796875,-0.5225732922554016
z4,slow,-917.915283203125,-0.5236751437187195
z4,slow,-914.0065307617188,-0.5247082710266113
z4,slow,-910.0977172851562,-0.5256254076957703
z4,slow,-906.1889038085938,-0.526343047618866
z4,slow,-902.2801513671875,-0.526803195476532
z4,slow,-898.371337890625,-0.5270084738731384
z4,slow,-894.4625244140625,-0.5270093083381653
z4,slow,-890.5537719726562,-0.5268588066101074
z4,slow,-886.6449584960938,-0.5266208052635193
z4,slow,-882.7361450195312,-0.5263285636901855
z4,slow,-878.8273315429688,-0.5259730219841003
z4,slow,-874.9185791015625,-0.5255876183509827
z4,slow,-871.009765625,-0.5252133011817932
z4,slow,-867.1009521484375,-0.5248706340789795
z4,slow,-863.1921997070312,-0.524605929851532
z4,slow,-859.2833862304688,-0.5244991183280945
z4,slow,-855.3745727539062,-0.5245845317840576
z4,slow,-851.4658203125,-0.5248217582702637
z4,slow,-847.5570068359375,-0.5251439809799194
z4,slow,-843.648193359375,-0.5254696011543274
z4,slow,-839.7394409179688,-0.5257940888404846
z4,slow,-835.8306274414062,-0.5261609554290771
z4,slow,-831.9218139648438,-0.5265346765518188
z4,slow,-828.0130004882812,-0.5268546342849731
z4,slow,-824.104248046875,-0.5270593762397766
z4,slow,-820.1954345703125,-0.5271735191345215
z4,slow,-816.28662109375,-0.5273216366767883
z4,slow,-812.3778686523438,-0.5276252627372742
z4,slow,-808.4690551757812,-0.5280613303184509
z4,slow,-804.5602416992188,-0.5285477638244629
z4,slow,-800.6514892578125,-0.5289881229400635
z4,slow,-796.74267578125,-0.5293048024177551
z4,slow,-792.8338623046875,-0.5294559597969055
z4,slow,-788.9251098632812,-0.529482364654541
z4,slow,-785.0162963867188,-0.5293784737586975
z4,slow,-781.1074829101562,-0.5291285514831543
z4,slow,-777.1986694335938,-0.5287769436836243
z4,slow,-773.2899169921875,-0.528374195098877
z4,slow,-769.381103515625,-0.527954638004303
z4,slow,-765.4722900390625,-0.5275881290435791
z4,slow,-761.5635375976562,-0.5273489356040955
z4,slow,-757.6547241210938,-0.5273122787475586
z4,slow,-753.7459106445312,-0.5275138020515442
z4,slow,-749.837158203125,-0.5279526710510254
z4,slow,-745.9283447265625,-0.5286002159118652
z4,slow,-742.01953125,-0.5293771028518677
z4,slow,-738.1107788085938,-0.5301692485809326
z4,slow,-734.2019653320312,-0.5308801531791687
z4,slow,-730.2931518554688,-0.5314738750457764
z4,slow,-726.3843383789062,-0.5319862961769104
z4,slow,-722.4755859375,-0.532450258731842
z4,slow,-718.5667724609375,-0.5328710079193115
z4,slow,-714.657958984375,-0.5332447290420532
z4,slow,-710.7492065429688,-0.5335662961006165
z4,slow,-706.8403930664062,-0.5338326096534729
z4,slow,-702.9315795898438,-0.5340640544891357
z4,slow,-699.0228271484375,-0.5342785120010376
z4,slow,-695.114013671875,-0.5344939231872559
z4,slow,-691.2052001953125,-0.5347210764884949
z4,slow,-687.29638671875,-0.5349588394165039
z4,slow,-683.3876342773438,-0.5351759791374207
z4,slow,-679.4788208007812,-0.5353360772132874
z4,slow,-675.5700073242188,-0.5353947281837463
z4,slow,-671.6612548828125,-0.5353263020515442
z4,slow,-667.75244140625,-0.5351879596710205
z4,slow,-663.8436279296875,-0.5350691080093384
z4,slow,-659.9348754882812,-0.5350044369697571
z4,slow,-656.0260620117188,-0.5350030660629272
z4,slow,-652.1172485351562,-0.5350274443626404
z4,slow,-648.20849609375,-0.5350254774093628
z4,slow,-644.2996826171875,-0.5349576473236084
z4,slow,-640.390869140625,-0.5348155498504639
z4,slow,-636.4820556640625,-0.5346283912658691
z4,slow,-632.5733032226562,-0.5344738960266113
z4,slow,-628.6644897460938,-0.5344266295433044
z4,slow,-624.7556762695312,-0.5345397591590881
z4,slow,-620.846923828125,-0.5348191261291504
z4,slow,-616.9381103515625,-0.5351977348327637
z4,slow,-613.029296875,-0.5355678796768188
z4,slow,-609.1205444335938,-0.5358408093452454
z4,slow,-605.2117309570312,-0.5359705686569214
z4,slow,-601.3029174804688,-0.5359622240066528
z4,slow,-597.3941650390625,-0.5358859896659851
z4,slow,-593.4853515625,-0.5357944369316101
z4,slow,-589.5765380859375,-0.5357061624526978
z4,slow,-585.667724609375,-0.5356249809265137
z4,slow,-581.7589721679688,-0.5355684757232666
z4,slow,-577.8501586914062,-0.535517692565918
z4,slow,-573.9413452148438,-0.5354484915733337
z4,slow,-570.0325927734375,-0.5353977084159851
z4,slow,-566.123779296875,-0.5354265570640564
z4,slow,-562.2149658203125,-0.5355686545372009
z4,slow,-558.3062133789062,-0.5358029007911682
z4,slow,-554.3973999023438,-0.5360886454582214
z4,slow,-550.4885864257812,-0.5363513231277466
z4,slow,-546.579833984375,-0.5365214347839355
z4,slow,-542.6710205078125,-0.536551296710968
z4,slow,-538.76220703125,-0.5364347696304321
z4,slow,-534.8533935546875,-0.5362296104431152
z4,slow,-530.9446411132812,-0.536054790019989
z4,slow,-527.0358276367188,-0.5360285639762878
z4,slow,-523.1270141601562,-0.5362133383750916
z4,slow,-519.21826171875,-0.5365777015686035
z4,slow,-515.3094482421875,-0.5370098352432251
z4,slow,-511.4006652832031,-0.5374316573143005
z4,slow,-507.4918518066406,-0.5377923250198364
z4,slow,-503.58306884765625,-0.5380447506904602
z4,slow,-499.67425537109375,-0.5381618142127991
z4,slow,-495.7654724121094,-0.5381497144699097
z4,slow,-491.856689453125,-0.5380542874336243
z4,slow,-487.9478759765625,-0.5379141569137573
z4,slow,-484.0390930175781,-0.5377485752105713
z4,slow,-480.1302795410156,-0.5375726819038391
z4,slow,-476.22149658203125,-0.537437915802002
z4,slow,-472.3127136230469,-0.5373866558074951
z4,slow,-468.4039001464844,-0.5373899936676025
z4,slow,-464.4951171875,-0.5373966097831726
z4,slow,-460.5863342285156,-0.5373871326446533
z4,slow,-456.6775207519531,-0.5373495221138
z4,slow,-452.76873779296875,-0.5372426509857178
z4,slow,-448.85992431640625,-0.5370376706123352
z4,slow,-444.9511413574219,-0.5367586612701416
z4,slow,-441.0423583984375,-0.5365222096443176
z4,slow,-437.133544921875,-0.5364699959754944
z4,slow,-433.2247619628906,-0.5366880893707275
z4,slow,-429.3159484863281,-0.537157416343689
z4,slow,-425.40716552734375,-0.5377586483955383
z4,slow,-421.4983825683594,-0.5383419394493103
z4,slow,-417.5895690917969,-0.5387553572654724
z4,slow,-413.6807861328125,-0.5389375686645508
z4,slow,-409.77197265625,-0.5388973355293274
z4,slow,-405.8631896972656,-0.5387109518051147
z4,slow,-401.95440673828125,-0.5384732484817505
z4,slow,-398.04559326171875,-0.5382904410362244
z4,slow,-394.1368103027344,-0.5382640957832336
z4,slow,-390.22802734375,-0.5384097099304199
z4,slow,-386.3192138671875,-0.5386381149291992
z4,slow,-382.4104309082031,-0.5388238430023193
z4,slow,-378.5016174316406,-0.5388984084129333
z4,slow,-374.59283447265625,-0.5388638377189636
z4,slow,-370.6840515136719,-0.5387788414955139
z4,slow,-366.7752380371094,-0.5386980175971985
z4,slow,-362.866455078125,-0.5386511087417603
z4,slow,-358.9576416015625,-0.5386326313018799
z4,slow,-355.0488586425781,-0.538579523563385
z4,slow,-351.14007568359375,-0.5384215116500854
z4,slow,-347.23126220703125,-0.5381435751914978
z4,slow,-343.3224792480469,-0.5377853512763977
z4,slow,-339.4136657714844,-0.5374293923377991
z4,slow,-335.5048828125,-0.5371891260147095
z4,slow,-331.5960998535156,-0.5371489524841309
z4,slow,-327.6872863769531,-0.5373435020446777
z4,slow,-323.77850341796875,-0.5377500653266907
z4,slow,-319.8697204589844,-0.538239598274231
z4,slow,-315.9609069824219,-0.5386485457420349
z4,slow,-312.0521240234375,-0.5388467907905579
z4,slow,-308.143310546875,-0.5388045310974121
z4,slow,-304.2345275878906,-0.5385740399360657
z4,slow,-300.32574462890625,-0.5382465720176697
z4,slow,-296.41693115234375,-0.5379171967506409
z4,slow,-292.5081481933594,-0.5376387238502502
z4,slow,-288.5993347167969,-0.5374132990837097
z4,slow,-284.6905517578125,-0.537182629108429
z4,slow,-280.7817687988281,-0.5368955731391907
z4,slow,-276.8729553222656,-0.5365324020385742
z4,slow,-272.96417236328125,-0.536128044128418
z4,slow,-269.0553894042969,-0.5357347130775452
z4,slow,-265.1465759277344,-0.5353974103927612
z4,slow,-261.23779296875,-0.5351211428642273
z4,slow,-257.3289794921875,-0.5349195003509521
z4,slow,-253.42019653320312,-0.5347968935966492
z4,slow,-249.5113983154297,-0.5347205996513367
z4,slow,-245.60260009765625,-0.534670352935791
z4,slow,-241.69381713867188,-0.5346556305885315
z4,slow,-237.78501892089844,-0.5346736311912537
z4,slow,-233.876220703125,-0.5347291827201843
z4,slow,-229.96742248535156,-0.5348655581474304
z4,slow,-226.0586395263672,-0.535097599029541
z4,slow,-222.14984130859375,-0.5353776812553406
z4,slow,-218.2410430908203,-0.535622775554657
z4,slow,-214.33224487304688,-0.5357505679130554
z4,slow,-210.42344665527344,-0.5357459783554077
z4,slow,-206.51466369628906,-0.5356467366218567
z4,slow,-202.60586547851562,-0.5355089902877808
z4,slow,-198.6970672607422,-0.5353606939315796
z4,slow,-194.78826904296875,-0.5351647138595581
z4,slow,-190.87948608398438,-0.5348626375198364
z4,slow,-186.97068786621094,-0.5344449877738953
z4,slow,-183.0618896484375,-0.5339458584785461
z4,slow,-179.15309143066406,-0.5333979725837708
z4,slow,-175.24429321289062,-0.5328439474105835
z4,slow,-171.33551025390625,-0.5323837399482727
z4,slow,-167.4267120361328,-0.5321625471115112
z4,slow,-163.51791381835938,-0.5322777032852173
z4,slow,-159.60911560058594,-0.5326951742172241
z4,slow,-155.70033264160156,-0.5332632064819336
z4,slow,-151.79153442382812,-0.5338220000267029
z4,slow,-147.8827362060547,-0.5342693328857422
z4,slow,-143.97393798828125,-0.5346096754074097
z4,slow,-140.0651397705078,-0.5349048972129822
z4,slow,-136.15635681152344,-0.5352088212966919
z4,slow,-132.24755859375,-0.5355194211006165
z4,slow,-128.33876037597656,-0.5357515215873718
z4,slow,-124.42996978759766,-0.5357818007469177
z4,slow,-120.52117156982422,-0.5355345606803894
z4,slow,-116.61238098144531,-0.535043478012085
z4,slow,-112.70358276367188,-0.5344468355178833
z4,slow,-108.79478454589844,-0.5339584946632385
z4,slow,-104.88599395751953,-0.5337026715278625
z4,slow,-100.9771957397461,-0.5336799025535583
z4,slow,-97.06840515136719,-0.5337916016578674
z4,slow,-93.15960693359375,-0.5338791608810425
z4,slow,-89.25081634521484,-0.5338397026062012
z4,slow,-85.3420181274414,-0.5336771011352539
z4,slow,-81.4332275390625,-0.5334448218345642
z4,slow,-77.52442932128906,-0.5332310795783997
z4,slow,-73.61563873291016,-0.5331426858901978
z4,slow,-69.70684051513672,-0.5332546830177307
z4,slow,-65.79804229736328,-0.5335654616355896
z4,slow,-61.889251708984375,-0.5339617729187012
z4,slow,-57.9804573059082,-0.5342956781387329
z4,slow,-54.07166290283203,-0.5344551205635071
z4,slow,-50.162864685058594,-0.5343785285949707
z4,slow,-46.25407028198242,-0.5341124534606934
z4,slow,-42.34527587890625,-0.5337918400764465
z4,slow,-38.43648147583008,-0.5335049629211426
z4,slow,-34.527687072753906,-0.533324122428894
z4,slow,-30.618892669677734,-0.5332804918289185
z4,slow,-26.710098266601562,-0.5333500504493713
z4,slow,-22.80130386352539,-0.5334919095039368
z4,slow,-18.892507553100586,-0.5336548686027527
z4,slow,-14.983713150024414,-0.5337744951248169
z4,slow,-11.074918746948242,-0.5337958335876465
z4,slow,-7.166123867034912,-0.5337280035018921
z4,slow,-3.257328987121582,-0.5336265563964844
z4,slow,0.6514657735824585,-0.5335686802864075
z4,slow,4.560260772705078,-0.5336335301399231
z4,slow,8.46905517578125,-0.5338514447212219
z4,slow,12.377850532531738,-0.534182071685791
z4,slow,16.286645889282227,-0.5345733761787415
z4,slow,20.1954402923584,-0.5349937081336975
z4,slow,24.10423469543457,-0.5354089140892029
z4,slow,28.013029098510742,-0.5357702374458313
z4,slow,31.921823501586914,-0.5360072255134583
z4,slow,35.83061981201172,-0.5360854268074036
z4,slow,39.73941421508789,-0.5359913110733032
z4,slow,43.64820861816406,-0.5357240438461304
z4,slow,47.557003021240234,-0.535290002822876
z4,slow,51.465797424316406,-0.5347437262535095
z4,slow,55.37459182739258,-0.5341895818710327
z4,slow,59.28338623046875,-0.5337653756141663
z4,slow,63.19218063354492,-0.533557116985321
z4,slow,67.1009750366211,-0.5335560441017151
z4,slow,71.00977325439453,-0.5336675047874451
z4,slow,74.91856384277344,-0.5337767601013184
z4,slow,78.82736206054688,-0.5338190197944641
z4,slow,82.73615264892578,-0.5338468551635742
z4,slow,86.64495086669922,-0.533965528011322
z4,slow,90.55374908447266,-0.5342263579368591
z4,slow,94.46253967285156,-0.5346278548240662
z4,slow,98.371337890625,-0.5351120829582214
z4,slow,102.2801284790039,-0.5356037616729736
z4,slow,106.18892669677734,-0.5359914898872375
z4,slow,110.09771728515625,-0.5361642837524414
z4,slow,114.00651550292969,-0.5360901355743408
z4,slow,117.9153060913086,-0.5358034372329712
z4,slow,121.82410430908203,-0.5353670120239258
z4,slow,125.73290252685547,-0.534856915473938
z4,slow,129.64169311523438,-0.5343829989433289
z4,slow,133.5504913330078,-0.5340374112129211
z4,slow,137.45928955078125,-0.533829927444458
z4,slow,141.36807250976562,-0.5337122082710266
z4,slow,145.27687072753906,-0.5336151719093323
z4,slow,149.1856689453125,-0.5334811210632324
z4,slow,153.09446716308594,-0.5332692265510559
z4,slow,157.0032501220703,-0.532984733581543
z4,slow,160.91204833984375,-0.5326876044273376
z4,slow,164.8208465576172,-0.532448947429657
z4,slow,168.72964477539062,-0.5323179364204407
z4,slow,172.63844299316406,-0.5323013663291931
z4,slow,176.54722595214844,-0.5323653817176819
z4,slow,180.45602416992188,-0.5324816703796387
z4,slow,184.3648223876953,-0.5326581001281738
z4,slow,188.27362060546875,-0.532925546169281
z4,slow,192.18240356445312,-0.5332990288734436
z4,slow,196.09120178222656,-0.5337502956390381
z4,slow,200.0,-0.5342390537261963
z5,fast,-1000.0,0.06636838614940643
z5,fast,-996.0911865234375,0.12049965560436249
z5,fast,-992.1824340820312,0.1642027050256729
z5,fast,-988.2736206054688,0.19894954562187195
z5,fast,-984.3648071289062,0.22631898522377014
z5,fast,-980.4560546875,0.24778813123703003
z5,fast,-976.5472412109375,0.26458996534347534
z5,fast,-972.638427734375,0.27771496772766113
z5,fast,-968.7296142578125,0.28792431950569153
z5,fast,-964.8208618164062,0.2958330512046814
z5,fast,-960.9120483398438,0.3019966781139374
z5,fast,-957.0032348632812,0.3069242835044861
z5,fast,-953.094482421875,0.31102222204208374
z5,fast,-949.1856689453125,0.3145829141139984
z5,fast,-945.27685546875,0.31774675846099854
z5,fast,-941.3681030273438,0.3205428421497345
z5,fast,-937.4592895507812,0.3229776918888092
z5,fast,-933.5504760742188,0.32501769065856934
z5,fast,-929.6417236328125,0.32661280035972595
z5,fast,-925.73291015625,0.32774481177330017
z5,fast,-921.8240966796875,0.3284398317337036
z5,fast,-917.915283203125,0.3288034498691559
z5,fast,-914.0065307617188,0.3289760649204254
z5,fast,-910.0977172851562,0.32910972833633423
z5,fast,-906.1889038085938,0.3293226957321167
z5,fast,-902.2801513671875,0.3296412527561188
z5,fast,-898.371337890625,0.33005213737487793
z5,fast,-894.4625244140625,0.3305298089981079
z5,fast,-890.5537719726562,0.3310275077819824
z5,fast,-886.6449584960938,0.3314966559410095
z5,fast,-882.7361450195312,0.3319021761417389
z5,fast,-878.8273315429688,0.3321869969367981
z5,fast,-874.9185791015625,0.3322937488555908
z5,fast,-871.009765625,0.3321986496448517
z5,fast,-867.1009521484375,0.3319161832332611
z5,fast,-863.1921997070312,0.33156222105026245
z5,fast,-859.2833862304688,0.3312866985797882
z5,fast,-855.3745727539062,0.33119770884513855
z5,fast,-851.4658203125,0.33138641715049744
z5,fast,-847.5570068359375,0.33191511034965515
z5,fast,-843.648193359375,0.3327084183692932
z5,fast,-839.7394409179688,0.3336161971092224
z5,fast,-835.8306274414062,0.3344799876213074
z5,fast,-831.9218139648438,0.3351832926273346
z5,fast,-828.0130004882812,0.33571135997772217
z5,fast,-824.104248046875,0.3361140787601471
z5,fast,-820.1954345703125,0.33644726872444153
z5,fast,-816.28662109375,0.3367377817630768
z5,fast,-812.3778686523438,0.3369743824005127
z5,fast,-808.4690551757812,0.33712688088417053
z5,fast,-804.5602416992188,0.3371925354003906
z5,fast,-800.6514892578125,0.33720913529396057
z5,fast,-796.74267578125,0.33726292848587036
z5,fast,-792.8338623046875,0.3373754918575287
z5,fast,-788.9251098632812,0.3374961018562317
z5,fast,-785.0162963867188,0.3375139534473419
z5,fast,-781.1074829101562,0.3373813331127167
z5,fast,-777.1986694335938,0.3371381163597107
z5,fast,-773.2899169921875,0.33689481019973755
z5,fast,-769.381103515625,0.33679285645484924
z5,fast,-765.4722900390625,0.33694252371788025
z5,fast,-761.5635375976562,0.3374021351337433
z5,fast,-757.6547241210938,0.3381624221801758
z5,fast,-753.7459106445312,0.3391358554363251
z5,fast,-749.837158203125,0.34016135334968567
z5,fast,-745.9283447265625,0.34103670716285706
z5,fast,-742.01953125,0.3415992558002472
z5,fast,-738.1107788085938,0.3417850732803345
z5,fast,-734.2019653320312,0.34165921807289124
z5,fast,-730.2931518554688,0.3414316177368164
z5,fast,-726.3843383789062,0.34129083156585693
z5,fast,-722.4755859375,0.3412868082523346
z5,fast,-718.5667724609375,0.3413844704627991
z5,fast,-714.657958984375,0.3415297865867615
z5,fast,-710.7492065429688,0.34163808822631836
z5,fast,-706.8403930664062,0.3416086435317993
z5,fast,-702.9315795898438,0.3414064645767212
z5,fast,-699.0228271484375,0.3411093056201935
z5,fast,-695.114013671875,0.3408864438533783
z5,fast,-691.2052001953125,0.34093552827835083
z5,fast,-687.29638671875,0.3413887917995453
z5,fast,-683.3876342773438,0.3422260284423828
z5,fast,-679.4788208007812,0.34332340955734253
z5,fast,-675.5700073242188,0.3444841206073761
z5,fast,-671.6612548828125,0.34549251198768616
z5,fast,-667.75244140625,0.34619513154029846
z5,fast,-663.8436279296875,0.34652841091156006
z5,fast,-659.9348754882812,0.3465282917022705
z5,fast,-656.0260620117188,0.34631866216659546
z5,fast,-652.1172485351562,0.3460324704647064
z5,fast,-648.20849609375,0.34573090076446533
z5,fast,-644.2996826171875,0.3454201817512512
z5,fast,-640.390869140625,0.3450304865837097
z5,fast,-636.4820556640625,0.3444494307041168
z5,fast,-632.5733032226562,0.34364211559295654
z5,fast,-628.6644897460938,0.34270787239074707
z5,fast,-624.7556762695312,0.341778963804245
z5,fast,-620.846923828125,0.340989887714386
z5,fast,-616.9381103515625,0.3404501974582672
z5,fast,-613.029296875,0.3402149975299835
z5,fast,-609.1205444335938,0.3402620255947113
z5,fast,-605.2117309570312,0.34047913551330566
z5,fast,-601.3029174804688,0.3407568037509918
z5,fast,-597.3941650390625,0.3410584032535553
z5,fast,-593.4853515625,0.3414326012134552
z5,fast,-589.5765380859375,0.34193217754364014
z5,fast,-585.667724609375,0.3426017761230469
z5,fast,-581.7589721679688,0.3434760570526123
z5,fast,-577.8501586914062,0.3445073962211609
z5,fast,-573.9413452148438,0.3455565571784973
z5,fast,-570.0325927734375,0.3464721739292145
z5,fast,-566.123779296875,0.34714964032173157
z5,fast,-562.2149658203125,0.347568154335022
z5,fast,-558.3062133789062,0.34776702523231506
z5,fast,-554.3973999023438,0.3478291928768158
z5,fast,-550.4885864257812,0.3478529751300812
z5,fast,-546.579833984375,0.3479161560535431
z5,fast,-542.6710205078125,0.3479975163936615
z5,fast,-538.76220703125,0.34802258014678955
z5,fast,-534.8533935546875,0.34795546531677246
z5,fast,-530.9446411132812,0.3478059470653534
z5,fast,-527.0358276367188,0.3476226031780243
z5,fast,-523.1270141601562,0.34746238589286804
z5,fast,-519.21826171875,0.3473507761955261
z5,fast,-515.3094482421875,0.34727680683135986
z5,fast,-511.4006652832031,0.347223699092865
z5,fast,-507.4918518066406,0.34719544649124146
z5,fast,-503.58306884765625,0.34720176458358765
z5,fast,-499.67425537109375,0.34724318981170654
z5,fast,-495.7654724121094,0.3473305404186249
z5,fast,-491.856689453125,0.34742093086242676
z5,fast,-487.9478759765625,0.3474070429801941
z5,fast,-484.0390930175781,0.34720975160598755
z5,fast,-480.1302795410156,0.34682995080947876
z5,fast,-476.22149658203125,0.3463306725025177
z5,fast,-472.3127136230469,0.34579265117645264
z5,fast,-468.4039001464844,0.34528103470802307
z5,fast,-464.4951171875,0.3448621332645416
z5,fast,-460.5863342285156,0.3445635139942169
z5,fast,-456.6775207519531,0.34430837631225586
z5,fast,-452.76873779296875,0.3439507484436035
z5,fast,-448.85992431640625,0.3433320224285126
z5,fast,-444.9511413574219,0.34230855107307434
z5,fast,-441.0423583984375,0.3408106863498688
z5,fast,-437.133544921875,0.33886730670928955
z5,fast,-433.2247619628906,0.33662641048431396
z5,fast,-429.3159484863281,0.33431005477905273
z5,fast,-425.40716552734375,0.3321759104728699
z5,fast,-421.4983825683594,0.330418199300766
z5,fast,-417.5895690917969,0.3291258215904236
z5,fast,-413.6807861328125,0.3282946050167084
z5,fast,-409.77197265625,0.3278324007987976
z5,fast,-405.8631896972656,0.32756274938583374
z5,fast,-401.95440673828125,0.32729676365852356
z5,fast,-398.04559326171875,0.3269050121307373
z5,fast,-394.1368103027344,0.3263390064239502
z5,fast,-390.22802734375,0.3256087601184845
z5,fast,-386.3192138671875,0.32475364208221436
z5,fast,-382.4104309082031,0.32383105158805847
z5,fast,-378.5016174316406,0.32289737462997437
z5,fast,-374.59283447265625,0.3219794034957886
z5,fast,-370.6840515136719,0.32108956575393677
z5,fast,-366.7752380371094,0.3201873302459717
z5,fast,-362.866455078125,0.31918370723724365
z5,fast,-358.9576416015625,0.318031907081604
z5,fast,-355.0488586425781,0.31671079993247986
z5,fast,-351.14007568359375,0.31519749760627747
z5,fast,-347.23126220703125,0.3135133385658264
z5,fast,-343.3224792480469,0.31173112988471985
z5,fast,-339.4136657714844,0.30995532870292664
z5,fast,-335.5048828125,0.3083129823207855
z5,fast,-331.5960998535156,0.30691269040107727
z5,fast,-327.6872863769531,0.30581432580947876
z5,fast,-323.77850341796875,0.30503103137016296
z5,fast,-319.8697204589844,0.30453503131866455
z5,fast,-315.9609069824219,0.3042750656604767
z5,fast,-312.0521240234375,0.30420053005218506
z5,fast,-308.143310546875,0.30427947640419006
z5,fast,-304.2345275878906,0.30451640486717224
z5,fast,-300.32574462890625,0.30489128828048706
z5,fast,-296.41693115234375,0.30529916286468506
z5,fast,-292.5081481933594,0.30558985471725464
z5,fast,-288.5993347167969,0.30564844608306885
z5,fast,-284.6905517578125,0.30545440316200256
z5,fast,-280.7817687988281,0.3050965964794159
z5,fast,-276.8729553222656,0.3047308921813965
z5,fast,-272.96417236328125,0.3045591711997986
z5,fast,-269.0553894042969,0.3047596216201782
z5,fast,-265.1465759277344,0.3054039478302002
z5,fast,-261.23779296875,0.3064359128475189
z5,fast,-257.3289794921875,0.30768245458602905
z5,fast,-253.42019653320312,0.30890727043151855
z5,fast,-249.5113983154297,0.3098682761192322
z5,fast,-245.60260009765625,0.310385137796402
z5,fast,-241.69381713867188,0.31041771173477173
z5,fast,-237.78501892089844,0.31006327271461487
z5,fast,-233.876220703125,0.30948278307914734
z5,fast,-229.96742248535156,0.3088279068470001
z5,fast,-226.0586395263672,0.30819112062454224
z5,fast,-222.14984130859375,0.307599812746048
z5,fast,-218.2410430908203,0.30707091093063354
z5,fast,-214.33224487304688,0.3066500723361969
z5,fast,-210.42344665527344,0.30640867352485657
z5,fast,-206.51466369628906,0.3063890337944031
z5,fast,-202.60586547851562,0.30656349658966064
z5,fast,-198.6970672607422,0.3068259060382843
z5,fast,-194.78826904296875,0.30704668164253235
z5,fast,-190.87948608398438,0.3071404695510864
z5,fast,-186.97068786621094,0.3071027398109436
z5,fast,-183.0618896484375,0.3069741129875183
z5,fast,-179.15309143066406,0.3067852854728699
z5,fast,-175.24429321289062,0.30652815103530884
z5,fast,-171.33551025390625,0.30616143345832825
z5,fast,-167.4267120361328,0.30562624335289
z5,fast,-163.51791381835938,0.30487608909606934
z5,fast,-159.60911560058594,0.30395054817199707
z5,fast,-155.70033264160156,0.30299055576324463
z5,fast,-151.79153442382812,0.30217939615249634
z5,fast,-147.8827362060547,0.301650732755661
z5,fast,-143.97393798828125,0.30146098136901855
z5,fast,-140.0651397705078,0.30157461762428284
z5,fast,-136.15635681152344,0.3018621504306793
z5,fast,-132.24755859375,0.3021301031112671
z5,fast,-128.33876037597656,0.30217865109443665
z5,fast,-124.42996978759766,0.3018566370010376
z5,fast,-120.52117156982422,0.3011130392551422
z5,fast,-116.61238098144531,0.30002301931381226
z5,fast,-112.70358276367188,0.29873940348625183
z5,fast,-108.79478454589844,0.2974379062652588
z5,fast,-104.88599395751953,0.29627999663352966
z5,fast,-100.9771957397461,0.29541364312171936
z5,fast,-97.06840515136719,0.29493454098701477
z5,fast,-93.15960693359375,0.2948627769947052
z5,fast,-89.25081634521484,0.29512742161750793
z5,fast,-85.3420181274414,0.29558753967285156
z5,fast,-81.4332275390625,0.2960679233074188
z5,fast,-77.52442932128906,0.29640379548072815
z5,fast,-73.61563873291016,0.29649412631988525
z5,fast,-69.70684051513672,0.2963046431541443
z5,fast,-65.79804229736328,0.2958712875843048
z5,fast,-61.889251708984375,0.2952841520309448
z5,fast,-57.9804573059082,0.29464778304100037
z5,fast,-54.07166290283203,0.2940455973148346
z5,fast,-50.162864685058594,0.293533593416214
z5,fast,-46.25407028198242,0.2931021451950073
z5,fast,-42.34527587890625,0.29267531633377075
z5,fast,-38.43648147583008,0.2921539843082428
z5,fast,-34.527687072753906,0.2914775311946869
z5,fast,-30.618892669677734,0.2906477451324463
z5,fast,-26.710098266601562,0.28974607586860657
z5,fast,-22.80130386352539,0.28888699412345886
z5,fast,-18.892507553100586,0.28820133209228516
z5,fast,-14.983713150024414,0.28778451681137085
z5,fast,-11.074918746948242,0.28765666484832764
z5,fast,-7.166123867034912,0.28777971863746643
z5,fast,-3.257328987121582,0.28809306025505066
z5,fast,0.6514657735824585,0.28853127360343933
z5,fast,4.560260772705078,0.28903621435165405
z5,fast,8.46905517578125,0.2895797789096832
z5,fast,12.377850532531738,0.29016149044036865
z5,fast,16.286645889282227,0.29082196950912476
z5,fast,20.1954402923584,0.2916426658630371
z5,fast,24.10423469543457,0.29267406463623047
z5,fast,28.013029098510742,0.29387766122817993
z5,fast,31.921823501586914,0.29511886835098267
z5,fast,35.83061981201172,0.2962253987789154
z5,fast,39.73941421508789,0.29706406593322754
z5,fast,43.64820861816406,0.29760897159576416
z5,fast,47.557003021240234,0.29794755578041077
z5,fast,51.465797424316406,0.2982231676578522
z5,fast,55.37459182739258,0.29855823516845703
z5,fast,59.28338623046875,0.2990100085735321
z5,fast,63.19218063354492,0.2995947003364563
z5,fast,67.1009750366211,0.30029159784317017
z5,fast,71.00977325439453,0.30103468894958496
z5,fast,74.91856384277344,0.3017702102661133
z5,fast,78.82736206054688,0.302496075630188
z5,fast,82.73615264892578,0.30326056480407715
z5,fast,86.64495086669922,0.30410036444664
z5,fast,90.55374908447266,0.30498144030570984
z5,fast,94.46253967285156,0.30582523345947266
z5,fast,98.371337890625,0.30655497312545776
z5,fast,102.2801284790039,0.30709996819496155
z5,fast,106.18892669677734,0.3074386417865753
z5,fast,110.09771728515625,0.30765509605407715
z5,fast,114.00651550292969,0.30791977047920227
z5,fast,117.9153060913086,0.30839651823043823
z5,fast,121.82410430908203,0.3091646730899811
z5,fast,125.73290252685547,0.3101988136768341
z5,fast,129.64169311523438,0.3113594055175781
z5,fast,133.5504913330078,0.31241756677627563
z5,fast,137.45928955078125,0.31316837668418884
z5,fast,141.36807250976562,0.3135250508785248
z5,fast,145.27687072753906,0.313557505607605
z5,fast,149.1856689453125,0.31344449520111084
z5,fast,153.09446716308594,0.31339818239212036
z5,fast,157.0032501220703,0.3135792315006256
z5,fast,160.91204833984375,0.31402167677879333
z5,fast,164.8208465576172,0.31463900208473206
z5,fast,168.72964477539062,0.3153010606765747
z5,fast,172.63844299316406,0.31591796875
z5,fast,176.54722595214844,0.3164629638195038
z5,fast,180.45602416992188,0.31697624921798706
z5,fast,184.3648223876953,0.317507803440094
z5,fast,188.27362060546875,0.31807878613471985
z5,fast,192.18240356445312,0.3186904788017273
z5,fast,196.09120178222656,0.3193210959434509
z5,fast,200.0,0.3199267089366913
z5,medium,-1000.0,0.06789884716272354
z5,medium,-996.0911865234375,0.12319764494895935
z5,medium,-992.1824340820312,0.16833050549030304
z5,medium,-988.2736206054688,0.20465750992298126
z5,medium,-984.3648071289062,0.23349766433238983
z5,medium,-980.4560546875,0.2560797333717346
z5,medium,-976.5472412109375,0.2735035717487335
z5,medium,-972.638427734375,0.286844938993454
z5,medium,-968.7296142578125,0.2971325218677521
z5,medium,-964.8208618164062,0.3052521049976349
z5,medium,-960.9120483398438,0.3118623197078705
z5,medium,-957.0032348632812,0.31735295057296753
z5,medium,-953.094482421875,0.32188287377357483
z5,medium,-949.1856689453125,0.32548967003822327
z5,medium,-945.27685546875,0.32824039459228516
z5,medium,-941.3681030273438,0.3303026258945465
z5,medium,-937.4592895507812,0.3319244384765625
z5,medium,-933.5504760742188,0.33336377143859863
z5,medium,-929.6417236328125,0.3348238468170166
z5,medium,-925.73291015625,0.33637624979019165
z5,medium,-921.8240966796875,0.33792394399642944
z5,medium,-917.915283203125,0.3392845392227173
z5,medium,-914.0065307617188,0.3402826488018036
z5,medium,-910.0977172851562,0.3408516049385071
z5,medium,-906.1889038085938,0.3410734236240387
z5,medium,-902.2801513671875,0.34115222096443176
z5,medium,-898.371337890625,0.3413166105747223
z5,medium,-894.4625244140625,0.3417261838912964
z5,medium,-890.5537719726562,0.34238216280937195
z5,medium,-886.6449584960938,0.34315061569213867
z5,medium,-882.7361450195312,0.3438499867916107
z5,medium,-878.8273315429688,0.34432974457740784
z5,medium,-874.9185791015625,0.34450897574424744
z5,medium,-871.009765625,0.34439197182655334
z5,medium,-867.1009521484375,0.3440665304660797
z5,medium,-863.1921997070312,0.3436618447303772
z5,medium,-859.2833862304688,0.3433149456977844
z5,medium,-855.3745727539062,0.34310588240623474
z5,medium,-851.4658203125,0.3430345952510834
z5,medium,-847.5570068359375,0.3430626392364502
z5,medium,-843.648193359375,0.3431597054004669
z5,medium,-839.7394409179688,0.34332504868507385
z5,medium,-835.8306274414062,0.3435433506965637
z5,medium,-831.9218139648438,0.3437892198562622
z5,medium,-828.0130004882812,0.34400835633277893
z5,medium,-824.104248046875,0.34415099024772644
z5,medium,-820.1954345703125,0.3441934883594513
z5,medium,-816.28662109375,0.3440779149532318
z5,medium,-812.3778686523438,0.34377169609069824
z5,medium,-808.4690551757812,0.34336087107658386
z5,medium,-804.5602416992188,0.34302663803100586
z5,medium,-800.6514892578125,0.34291669726371765
z5,medium,-796.74267578125,0.3431245684623718
z5,medium,-792.8338623046875,0.34370261430740356
z5,medium,-788.9251098632812,0.34464094042778015
z5,medium,-785.0162963867188,0.34583592414855957
z5,medium,-781.1074829101562,0.3470855951309204
z5,medium,-777.1986694335938,0.348123162984848
z5,medium,-773.2899169921875,0.3487304449081421
z5,medium,-769.381103515625,0.3488239347934723
z5,medium,-765.4722900390625,0.34848278760910034
z5,medium,-761.5635375976562,0.3479095697402954
z5,medium,-757.6547241210938,0.3473778963088989
z5,medium,-753.7459106445312,0.3470996916294098
z5,medium,-749.837158203125,0.34716612100601196
z5,medium,-745.9283447265625,0.3475269675254822
z5,medium,-742.01953125,0.347997784614563
z5,medium,-738.1107788085938,0.3483702540397644
z5,medium,-734.2019653320312,0.3484971821308136
z5,medium,-730.2931518554688,0.34829553961753845
z5,medium,-726.3843383789062,0.3477853834629059
z5,medium,-722.4755859375,0.3470645844936371
z5,medium,-718.5667724609375,0.34622085094451904
z5,medium,-714.657958984375,0.34533828496932983
z5,medium,-710.7492065429688,0.3444873094558716
z5,medium,-706.8403930664062,0.343695729970932
z5,medium,-702.9315795898438,0.3429966866970062
z5,medium,-699.0228271484375,0.3425205945968628
z5,medium,-695.114013671875,0.34242281317710876
z5,medium,-691.2052001953125,0.3427868187427521
z5,medium,-687.29638671875,0.34353694319725037
z5,medium,-683.3876342773438,0.34442296624183655
z5,medium,-679.4788208007812,0.345087468624115
z5,medium,-675.5700073242188,0.3452419340610504
z5,medium,-671.6612548828125,0.34482112526893616
z5,medium,-667.75244140625,0.3439813554286957
z5,medium,-663.8436279296875,0.34302273392677307
z5,medium,-659.9348754882812,0.34223994612693787
z5,medium,-656.0260620117188,0.3417872190475464
z5,medium,-652.1172485351562,0.3416249454021454
z5,medium,-648.20849609375,0.3415379822254181
z5,medium,-644.2996826171875,0.3412570357322693
z5,medium,-640.390869140625,0.3405977785587311
z5,medium,-636.4820556640625,0.339530348777771
z5,medium,-632.5733032226562,0.3381795287132263
z5,medium,-628.6644897460938,0.3367830216884613
z5,medium,-624.7556762695312,0.33556294441223145
z5,medium,-620.846923828125,0.33461886644363403
z5,medium,-616.9381103515625,0.33391037583351135
z5,medium,-613.029296875,0.33328646421432495
z5,medium,-609.1205444335938,0.3325979709625244
z5,medium,-605.2117309570312,0.33181676268577576
z5,medium,-601.3029174804688,0.3310401439666748
z5,medium,-597.3941650390625,0.3303798735141754
z5,medium,-593.4853515625,0.32988500595092773
z5,medium,-589.5765380859375,0.3295430839061737
z5,medium,-585.667724609375,0.3292928636074066
z5,medium,-581.7589721679688,0.3289927542209625
z5,medium,-577.8501586914062,0.32848477363586426
z5,medium,-573.9413452148438,0.32770535349845886
z5,medium,-570.0325927734375,0.3267703950405121
z5,medium,-566.123779296875,0.32592812180519104
z5,medium,-562.2149658203125,0.32539042830467224
z5,medium,-558.3062133789062,0.32521191239356995
z5,medium,-554.3973999023438,0.32527679204940796
z5,medium,-550.4885864257812,0.3253202438354492
z5,medium,-546.579833984375,0.32506048679351807
z5,medium,-542.6710205078125,0.3243447542190552
z5,medium,-538.76220703125,0.32322433590888977
z5,medium,-534.8533935546875,0.321906179189682
z5,medium,-530.9446411132812,0.3206242024898529
z5,medium,-527.0358276367188,0.31954002380371094
z5,medium,-523.1270141601562,0.318693608045578
z5,medium,-519.21826171875,0.31800347566604614
z5,medium,-515.3094482421875,0.317300945520401
z5,medium,-511.4006652832031,0.31639376282691956
z5,medium,-507.4918518066406,0.31517574191093445
z5,medium,-503.58306884765625,0.313681423664093
z5,medium,-499.67425537109375,0.31207188963890076
z5,medium,-495.7654724121094,0.31058117747306824
z5,medium,-491.856689453125,0.3094189465045929
z5,medium,-487.9478759765625,0.30868327617645264
z5,medium,-484.0390930175781,0.30835065245628357
z5,medium,-480.1302795410156,0.30828237533569336
z5,medium,-476.22149658203125,0.30827006697654724
z5,medium,-472.3127136230469,0.30813106894493103
z5,medium,-468.4039001464844,0.3077705204486847
z5,medium,-464.4951171875,0.3071790337562561
z5,medium,-460.5863342285156,0.3064383268356323
z5,medium,-456.6775207519531,0.3056982755661011
z5,medium,-452.76873779296875,0.3050743043422699
z5,medium,-448.85992431640625,0.3046334981918335
z5,medium,-444.9511413574219,0.3044106960296631
z5,medium,-441.0423583984375,0.3043939769268036
z5,medium,-437.133544921875,0.30457359552383423
z5,medium,-433.2247619628906,0.304954469203949
z5,medium,-429.3159484863281,0.30549702048301697
z5,medium,-425.40716552734375,0.3061022162437439
z5,medium,-421.4983825683594,0.30667874217033386
z5,medium,-417.5895690917969,0.30716681480407715
z5,medium,-413.6807861328125,0.3075399398803711
z5,medium,-409.77197265625,0.30779558420181274
z5,medium,-405.8631896972656,0.308001309633255
z5,medium,-401.95440673828125,0.30822277069091797
z5,medium,-398.04559326171875,0.30846843123435974
z5,medium,-394.1368103027344,0.3086836338043213
z5,medium,-390.22802734375,0.3087722957134247
z5,medium,-386.3192138671875,0.30865442752838135
z5,medium,-382.4104309082031,0.3083037734031677
z5,medium,-378.5016174316406,0.3077391982078552
z5,medium,-374.59283447265625,0.30698198080062866
z5,medium,-370.6840515136719,0.3060688078403473
z5,medium,-366.7752380371094,0.3050726056098938
z5,medium,-362.866455078125,0.3041093647480011
z5,medium,-358.9576416015625,0.3033047020435333
z5,medium,-355.0488586425781,0.3027636408805847
z5,medium,-351.14007568359375,0.30253514647483826
z5,medium,-347.23126220703125,0.30259302258491516
z5,medium,-343.3224792480469,0.30284997820854187
z5,medium,-339.4136657714844,0.3031924366950989
z5,medium,-335.5048828125,0.3035050928592682
z5,medium,-331.5960998535156,0.30371466279029846
z5,medium,-327.6872863769531,0.30379706621170044
z5,medium,-323.77850341796875,0.30376896262168884
z5,medium,-319.8697204589844,0.3036949634552002
z5,medium,-315.9609069824219,0.3036782741546631
z5,medium,-312.0521240234375,0.30378279089927673
z5,medium,-308.143310546875,0.30398029088974
z5,medium,-304.2345275878906,0.30414387583732605
z5,medium,-300.32574462890625,0.30409613251686096
z5,medium,-296.41693115234375,0.3037007451057434
z5,medium,-292.5081481933594,0.3029307425022125
z5,medium,-288.5993347167969,0.3018733859062195
z5,medium,-284.6905517578125,0.3006902039051056
z5,medium,-280.7817687988281,0.29956498742103577
z5,medium,-276.8729553222656,0.29862093925476074
z5,medium,-272.96417236328125,0.29788675904273987
z5,medium,-269.0553894042969,0.29729488492012024
z5,medium,-265.1465759277344,0.29671934247016907
z5,medium,-261.23779296875,0.29602572321891785
z5,medium,-257.3289794921875,0.2951503396034241
z5,medium,-253.42019653320312,0.2941763401031494
z5,medium,-249.5113983154297,0.2932863235473633
z5,medium,-245.60260009765625,0.2926444113254547
z5,medium,-241.69381713867188,0.2922961115837097
z5,medium,-237.78501892089844,0.29219040274620056
z5,medium,-233.876220703125,0.2922435700893402
z5,medium,-229.96742248535156,0.2923743724822998
z5,medium,-226.0586395263672,0.29250985383987427
z5,medium,-222.14984130859375,0.2925916612148285
z5,medium,-218.2410430908203,0.29260173439979553
z5,medium,-214.33224487304688,0.2925296127796173
z5,medium,-210.42344665527344,0.29235461354255676
z5,medium,-206.51466369628906,0.29206380248069763
z5,medium,-202.60586547851562,0.2916804254055023
z5,medium,-198.6970672607422,0.29123827815055847
z5,medium,-194.78826904296875,0.2908208668231964
z5,medium,-190.87948608398438,0.29054391384124756
z5,medium,-186.97068786621094,0.29048144817352295
z5,medium,-183.0618896484375,0.2906491756439209
z5,medium,-179.15309143066406,0.29101839661598206
z5,medium,-175.24429321289062,0.2915264070034027
z5,medium,-171.33551025390625,0.2920893430709839
z5,medium,-167.4267120361328,0.2926309108734131
z5,medium,-163.51791381835938,0.29312506318092346
z5,medium,-159.60911560058594,0.29361048340797424
z5,medium,-155.70033264160156,0.294142484664917
z5,medium,-151.79153442382812,0.29473018646240234
z5,medium,-147.8827362060547,0.29532870650291443
z5,medium,-143.97393798828125,0.2958518862724304
z5,medium,-140.0651397705078,0.29621103405952454
z5,medium,-136.15635681152344,0.2963602542877197
z5,medium,-132.24755859375,0.296310693025589
z5,medium,-128.33876037597656,0.29614174365997314
z5,medium,-124.42996978759766,0.29598528146743774
z5,medium,-120.52117156982422,0.2959481179714203
z5,medium,-116.61238098144531,0.2960865795612335
z5,medium,-112.70358276367188,0.29640835523605347
z5,medium,-108.79478454589844,0.2968803644180298
z5,medium,-104.88599395751953,0.29744964838027954
z5,medium,-100.9771957397461,0.29808032512664795
z5,medium,-97.06840515136719,0.2987452745437622
z5,medium,-93.15960693359375,0.2994057536125183
z5,medium,-89.25081634521484,0.3000313639640808
z5,medium,-85.3420181274414,0.3006023168563843
z5,medium,-81.4332275390625,0.3010936677455902
z5,medium,-77.52442932128906,0.3014676570892334
z5,medium,-73.61563873291016,0.3017119765281677
z5,medium,-69.70684051513672,0.3018868863582611
z5,medium,-65.79804229736328,0.3020997941493988
z5,medium,-61.889251708984375,0.3024459779262543
z5,medium,-57.9804573059082,0.3030085861682892
z5,medium,-54.07166290283203,0.3038363754749298
z5,medium,-50.162864685058594,0.3049129545688629
z5,medium,-46.25407028198242,0.30614137649536133
z5,medium,-42.34527587890625,0.3073889911174774
z5,medium,-38.43648147583008,0.30855923891067505
z5,medium,-34.527687072753906,0.30958250164985657
z5,medium,-30.618892669677734,0.310406357049942
z5,medium,-26.710098266601562,0.31102272868156433
z5,medium,-22.80130386352539,0.3114701509475708
z5,medium,-18.892507553100586,0.3118025064468384
z5,medium,-14.983713150024414,0.31205934286117554
z5,medium,-11.074918746948242,0.31226906180381775
z5,medium,-7.166123867034912,0.31243953108787537
z5,medium,-3.257328987121582,0.31257364153862
z5,medium,0.6514657735824585,0.3126832842826843
z5,medium,4.560260772705078,0.31280434131622314
z5,medium,8.46905517578125,0.3129701018333435
z5,medium,12.377850532531738,0.31318044662475586
z5,medium,16.286645889282227,0.31341037154197693
z5,medium,20.1954402923584,0.31364238262176514
z5,medium,24.10423469543457,0.3139115571975708
z5,medium,28.013029098510742,0.31427544355392456
z5,medium,31.921823501586914,0.3147864043712616
z5,medium,35.83061981201172,0.3154701888561249
z5,medium,39.73941421508789,0.3163163661956787
z5,medium,43.64820861816406,0.3172606825828552
z5,medium,47.557003021240234,0.31819525361061096
z5,medium,51.465797424316406,0.3190139830112457
z5,medium,55.37459182739258,0.31967198848724365
z5,medium,59.28338623046875,0.32017287611961365
z5,medium,63.19218063354492,0.320555180311203
z5,medium,67.1009750366211,0.32086580991744995
z5,medium,71.00977325439453,0.32116401195526123
z5,medium,74.91856384277344,0.32149210572242737
z5,medium,78.82736206054688,0.3218478560447693
z5,medium,82.73615264892578,0.322218656539917
z5,medium,86.64495086669922,0.3226083815097809
z5,medium,90.55374908447266,0.3230479955673218
z5,medium,94.46253967285156,0.3235462009906769
z5,medium,98.371337890625,0.32404041290283203
z5,medium,102.2801284790039,0.32439953088760376
z5,medium,106.18892669677734,0.3245173692703247
z5,medium,110.09771728515625,0.32437846064567566
z5,medium,114.00651550292969,0.3240543305873871
z5,medium,117.9153060913086,0.3236556947231293
z5,medium,121.82410430908203,0.32328757643699646
z5,medium,125.73290252685547,0.3230116665363312
z5,medium,129.64169311523438,0.3228713870048523
z5,medium,133.5504913330078,0.3228956162929535
z5,medium,137.45928955078125,0.323091983795166
z5,medium,141.36807250976562,0.32347095012664795
z5,medium,145.27687072753906,0.3240380585193634
z5,medium,149.1856689453125,0.3247648775577545
z5,medium,153.09446716308594,0.3255941867828369
z5,medium,157.0032501220703,0.32645121216773987
z5,medium,160.91204833984375,0.3272474408149719
z5,medium,164.8208465576172,0.32788410782814026
z5,medium,168.72964477539062,0.3283073306083679
z5,medium,172.63844299316406,0.3285385072231293
z5,medium,176.54722595214844,0.32866209745407104
z5,medium,180.45602416992188,0.3287845849990845
z5,medium,184.3648223876953,0.32896870374679565
z5,medium,188.27362060546875,0.3292093276977539
z5,medium,192.18240356445312,0.32945317029953003
z5,medium,196.09120178222656,0.3296267092227936
z5,medium,200.0,0.3296773135662079
z5,slow,-1000.0,0.07056431472301483
z5,slow,-996.0911865234375,0.12630511820316315
z5,slow,-992.1824340820312,0.17051883041858673
z5,slow,-988.2736206054688,0.2051674872636795
z5,slow,-984.3648071289062,0.2320740818977356
z5,slow,-980.4560546875,0.2529044449329376
z5,slow,-976.5472412109375,0.26906052231788635
z5,slow,-972.638427734375,0.28168851137161255
z5,slow,-968.7296142578125,0.2916751503944397
z5,slow,-964.8208618164062,0.2997034192085266
z5,slow,-960.9120483398438,0.3062911927700043
z5,slow,-957.0032348632812,0.3117746412754059
z5,slow,-953.094482421875,0.3163626790046692
z5,slow,-949.1856689453125,0.32018211483955383
z5,slow,-945.27685546875,0.3232824504375458
z5,slow,-941.3681030273438,0.3256829082965851
z5,slow,-937.4592895507812,0.3273707330226898
z5,slow,-933.5504760742188,0.3283330202102661
z5,slow,-929.6417236328125,0.32863274216651917
z5,slow,-925.73291015625,0.3283936679363251
z5,slow,-921.8240966796875,0.32777073979377747
z5,slow,-917.915283203125,0.32694584131240845
z5,slow,-914.0065307617188,0.3261098563671112
z5,slow,-910.0977172851562,0.32541796565055847
z5,slow,-906.1889038085938,0.32495012879371643
z5,slow,-902.2801513671875,0.32474130392074585
z5,slow,-898.371337890625,0.3248055577278137
z5,slow,-894.4625244140625,0.3251197338104248
z5,slow,-890.5537719726562,0.32558494806289673
z5,slow,-886.6449584960938,0.32606828212738037
z5,slow,-882.7361450195312,0.3264490067958832
z5,slow,-878.8273315429688,0.32664576172828674
z5,slow,-874.9185791015625,0.32667258381843567
z5,slow,-871.009765625,0.3265855312347412
z5,slow,-867.1009521484375,0.3264325261116028
z5,slow,-863.1921997070312,0.32624372839927673
z5,slow,-859.2833862304688,0.3260433077812195
z5,slow,-855.3745727539062,0.32578906416893005
z5,slow,-851.4658203125,0.3254009187221527
z5,slow,-847.5570068359375,0.32481104135513306
z5,slow,-843.648193359375,0.32400935888290405
z5,slow,-839.7394409179688,0.3230612277984619
z5,slow,-835.8306274414062,0.32208195328712463
z5,slow,-831.9218139648438,0.3211831748485565
z5,slow,-828.0130004882812,0.32041478157043457
z5,slow,-824.104248046875,0.3197712004184723
z5,slow,-820.1954345703125,0.31922632455825806
z5,slow,-816.28662109375,0.31876441836357117
z5,slow,-812.3778686523438,0.3183821439743042
z5,slow,-808.4690551757812,0.31810539960861206
z5,slow,-804.5602416992188,0.317931592464447
z5,slow,-800.6514892578125,0.3178504705429077
z5,slow,-796.74267578125,0.3178492486476898
z5,slow,-792.8338623046875,0.3178609609603882
z5,slow,-788.9251098632812,0.3178393244743347
z5,slow,-785.0162963867188,0.3177987039089203
z5,slow,-781.1074829101562,0.31780606508255005
z5,slow,-777.1986694335938,0.317918062210083
z5,slow,-773.2899169921875,0.3181288242340088
z5,slow,-769.381103515625,0.3183310925960541
z5,slow,-765.4722900390625,0.31835809350013733
z5,slow,-761.5635375976562,0.31803110241889954
z5,slow,-757.6547241210938,0.31722813844680786
z5,slow,-753.7459106445312,0.315945029258728
z5,slow,-749.837158203125,0.3143342435359955
z5,slow,-745.9283447265625,0.3126877248287201
z5,slow,-742.01953125,0.3113013505935669
z5,slow,-738.1107788085938,0.31033873558044434
z5,slow,-734.2019653320312,0.30978384613990784
z5,slow,-730.2931518554688,0.3094802796840668
z5,slow,-726.3843383789062,0.30923914909362793
z5,slow,-722.4755859375,0.30893102288246155
z5,slow,-718.5667724609375,0.30852410197257996
z5,slow,-714.657958984375,0.308050274848938
z5,slow,-710.7492065429688,0.30756333470344543
z5,slow,-706.8403930664062,0.30711862444877625
z5,slow,-702.9315795898438,0.3067129850387573
z5,slow,-699.0228271484375,0.30626562237739563
z5,slow,-695.114013671875,0.30570361018180847
z5,slow,-691.2052001953125,0.30503883957862854
z5,slow,-687.29638671875,0.304387629032135
z5,slow,-683.3876342773438,0.3039196729660034
z5,slow,-679.4788208007812,0.3038069009780884
z5,slow,-675.5700073242188,0.3041268587112427
z5,slow,-671.6612548828125,0.30477625131607056
z5,slow,-667.75244140625,0.3055543005466461
z5,slow,-663.8436279296875,0.3062930405139923
z5,slow,-659.9348754882812,0.30691418051719666
z5,slow,-656.0260620117188,0.3074186146259308
z5,slow,-652.1172485351562,0.3078203797340393
z5,slow,-648.20849609375,0.30812543630599976
z5,slow,-644.2996826171875,0.308336466550827
z5,slow,-640.390869140625,0.30844688415527344
z5,slow,-636.4820556640625,0.3084162175655365
z5,slow,-632.5733032226562,0.30819058418273926
z5,slow,-628.6644897460938,0.30774855613708496
z5,slow,-624.7556762695312,0.307140588760376
z5,slow,-620.846923828125,0.30648332834243774
z5,slow,-616.9381103515625,0.3059242069721222
z5,slow,-613.029296875,0.305586040019989
z5,slow,-609.1205444335938,0.30548548698425293
z5,slow,-605.2117309570312,0.30556803941726685
z5,slow,-601.3029174804688,0.30573031306266785
z5,slow,-597.3941650390625,0.30583417415618896
z5,slow,-593.4853515625,0.30579906702041626
z5,slow,-589.5765380859375,0.30563583970069885
z5,slow,-585.667724609375,0.30544352531433105
z5,slow,-581.7589721679688,0.3053613603115082
z5,slow,-577.8501586914062,0.3055192828178406
z5,slow,-573.9413452148438,0.30595389008522034
z5,slow,-570.0325927734375,0.3065672814846039
z5,slow,-566.123779296875,0.3072180151939392
z5,slow,-562.2149658203125,0.3077769875526428
z5,slow,-558.3062133789062,0.30815640091896057
z5,slow,-554.3973999023438,0.30835604667663574
z5,slow,-550.4885864257812,0.3084721267223358
z5,slow,-546.579833984375,0.30864500999450684
z5,slow,-542.6710205078125,0.3089834749698639
z5,slow,-538.76220703125,0.3094902038574219
z5,slow,-534.8533935546875,0.3100232183933258
z5,slow,-530.9446411132812,0.3103494644165039
z5,slow,-527.0358276367188,0.31026366353034973
z5,slow,-523.1270141601562,0.30968794226646423
z5,slow,-519.21826171875,0.3087386190891266
z5,slow,-515.3094482421875,0.30769145488739014
z5,slow,-511.4006652832031,0.3068663775920868
z5,slow,-507.4918518066406,0.30648964643478394
z5,slow,-503.58306884765625,0.3065815567970276
z5,slow,-499.67425537109375,0.3069989085197449
z5,slow,-495.7654724121094,0.3075020909309387
z5,slow,-491.856689453125,0.3078698217868805
z5,slow,-487.9478759765625,0.30801910161972046
z5,slow,-484.0390930175781,0.30800360441207886
z5,slow,-480.1302795410156,0.30791163444519043
z5,slow,-476.22149658203125,0.30782246589660645
z5,slow,-472.3127136230469,0.3077782690525055
z5,slow,-468.4039001464844,0.3077712953090668
z5,slow,-464.4951171875,0.3077724575996399
z5,slow,-460.5863342285156,0.30778706073760986
z5,slow,-456.6775207519531,0.3078747093677521
z5,slow,-452.76873779296875,0.3081175982952118
z5,slow,-448.85992431640625,0.30853766202926636
z5,slow,-444.9511413574219,0.3090460002422333
z5,slow,-441.0423583984375,0.30948445200920105
z5,slow,-437.133544921875,0.30970528721809387
z5,slow,-433.2247619628906,0.30961301922798157
z5,slow,-429.3159484863281,0.30920660495758057
z5,slow,-425.40716552734375,0.3086017668247223
z5,slow,-421.4983825683594,0.30801984667778015
z5,slow,-417.5895690917969,0.3076937794685364
z5,slow,-413.6807861328125,0.3077333867549896
z5,slow,-409.77197265625,0.3080747127532959
z5,slow,-405.8631896972656,0.30853140354156494
z5,slow,-401.95440673828125,0.3089231550693512
z5,slow,-398.04559326171875,0.3091751039028168
z5,slow,-394.1368103027344,0.3093309998512268
z5,slow,-390.22802734375,0.3095043897628784
z5,slow,-386.3192138671875,0.30981358885765076
z5,slow,-382.4104309082031,0.3103078603744507
z5,slow,-378.5016174316406,0.3109269440174103
z5,slow,-374.59283447265625,0.3115324378013611
z5,slow,-370.6840515136719,0.31199559569358826
z5,slow,-366.7752380371094,0.31226810812950134
z5,slow,-362.866455078125,0.3124156594276428
z5,slow,-358.9576416015625,0.31261149048805237
z5,slow,-355.0488586425781,0.3130294978618622
z5,slow,-351.14007568359375,0.31373342871665955
z5,slow,-347.23126220703125,0.3146466612815857
z5,slow,-343.3224792480469,0.31557944416999817
z5,slow,-339.4136657714844,0.316304475069046
z5,slow,-335.5048828125,0.3166414797306061
z5,slow,-331.5960998535156,0.316521555185318
z5,slow,-327.6872863769531,0.31602200865745544
z5,slow,-323.77850341796875,0.31535544991493225
z5,slow,-319.8697204589844,0.3147800862789154
z5,slow,-315.9609069824219,0.3145016133785248
z5,slow,-312.0521240234375,0.31461063027381897
z5,slow,-308.143310546875,0.3151043653488159
z5,slow,-304.2345275878906,0.3159184455871582
z5,slow,-300.32574462890625,0.3169500529766083
z5,slow,-296.41693115234375,0.31807318329811096
z5,slow,-292.5081481933594,0.31917157769203186
z5,slow,-288.5993347167969,0.3201620876789093
z5,slow,-284.6905517578125,0.3209972083568573
z5,slow,-280.7817687988281,0.32166653871536255
z5,slow,-276.8729553222656,0.32220542430877686
z5,slow,-272.96417236328125,0.322689414024353
z5,slow,-269.0553894042969,0.32317906618118286
z5,slow,-265.1465759277344,0.32367321848869324
z5,slow,-261.23779296875,0.3241139054298401
z5,slow,-257.3289794921875,0.32442909479141235
z5,slow,-253.42019653320312,0.324625164270401
z5,slow,-249.5113983154297,0.3247329592704773
z5,slow,-245.60260009765625,0.32475826144218445
z5,slow,-241.69381713867188,0.3246888518333435
z5,slow,-237.78501892089844,0.3245123326778412
z5,slow,-233.876220703125,0.32421359419822693
z5,slow,-229.96742248535156,0.32383909821510315
z5,slow,-226.0586395263672,0.32348698377609253
z5,slow,-222.14984130859375,0.3232470452785492
z5,slow,-218.2410430908203,0.3231886923313141
z5,slow,-214.33224487304688,0.32334333658218384
z5,slow,-210.42344665527344,0.3236960172653198
z5,slow,-206.51466369628906,0.3241937458515167
z5,slow,-202.60586547851562,0.324780136346817
z5,slow,-198.6970672607422,0.3254244923591614
z5,slow,-194.78826904296875,0.3261370062828064
z5,slow,-190.87948608398438,0.3269574046134949
z5,slow,-186.97068786621094,0.3279031217098236
z5,slow,-183.0618896484375,0.3289344310760498
z5,slow,-179.15309143066406,0.3299376368522644
z5,slow,-175.24429321289062,0.3307422399520874
z5,slow,-171.33551025390625,0.3311821520328522
z5,slow,-167.4267120361328,0.33118948340415955
z5,slow,-163.51791381835938,0.3308136463165283
z5,slow,-159.60911560058594,0.3301893174648285
z5,slow,-155.70033264160156,0.32947343587875366
z5,slow,-151.79153442382812,0.3287932574748993
z5,slow,-147.8827362060547,0.3282015323638916
z5,slow,-143.97393798828125,0.3276843726634979
z5,slow,-140.0651397705078,0.32721444964408875
z5,slow,-136.15635681152344,0.3268296718597412
z5,slow,-132.24755859375,0.3266391456127167
z5,slow,-128.33876037597656,0.3267611563205719
z5,slow,-124.42996978759766,0.3272618055343628
z5,slow,-120.52117156982422,0.328095406293869
z5,slow,-116.61238098144531,0.3290913701057434
z5,slow,-112.70358276367188,0.3300251066684723
z5,slow,-108.79478454589844,0.3307226896286011
z5,slow,-104.88599395751953,0.33112820982933044
z5,slow,-100.9771957397461,0.331303209066391
z5,slow,-97.06840515136719,0.33140793442726135
z5,slow,-93.15960693359375,0.33160510659217834
z5,slow,-89.25081634521484,0.3319509029388428
z5,slow,-85.3420181274414,0.33239060640335083
z5,slow,-81.4332275390625,0.3327793478965759
z5,slow,-77.52442932128906,0.33295392990112305
z5,slow,-73.61563873291016,0.332829087972641
z5,slow,-69.70684051513672,0.33248114585876465
z5,slow,-65.79804229736328,0.332121342420578
z5,slow,-61.889251708984375,0.331971675157547
z5,slow,-57.9804573059082,0.3321699798107147
z5,slow,-54.07166290283203,0.33274325728416443
z5,slow,-50.162864685058594,0.3335742652416229
z5,slow,-46.25407028198242,0.3344172239303589
z5,slow,-42.34527587890625,0.3350079357624054
z5,slow,-38.43648147583008,0.3352013826370239
z5,slow,-34.527687072753906,0.3350311815738678
z5,slow,-30.618892669677734,0.3346294164657593
z5,slow,-26.710098266601562,0.3341659605503082
z5,slow,-22.80130386352539,0.33381059765815735
z5,slow,-18.892507553100586,0.33369749784469604
z5,slow,-14.983713150024414,0.3338458240032196
z5,slow,-11.074918746948242,0.334152489900589
z5,slow,-7.166123867034912,0.3344403803348541
z5,slow,-3.257328987121582,0.33453622460365295
z5,slow,0.6514657735824585,0.33434736728668213
z5,slow,4.560260772705078,0.3338870406150818
z5,slow,8.46905517578125,0.33327236771583557
z5,slow,12.377850532531738,0.3326484262943268
z5,slow,16.286645889282227,0.3321143090724945
z5,slow,20.1954402923584,0.3317354917526245
z5,slow,24.10423469543457,0.33154648542404175
z5,slow,28.013029098510742,0.33152440190315247
z5,slow,31.921823501586914,0.3316231071949005
z5,slow,35.83061981201172,0.3318357765674591
z5,slow,39.73941421508789,0.332185298204422
z5,slow,43.64820861816406,0.33267903327941895
z5,slow,47.557003021240234,0.33326730132102966
z5,slow,51.465797424316406,0.3338460326194763
z5,slow,55.37459182739258,0.3342992067337036
z5,slow,59.28338623046875,0.33453628420829773
z5,slow,63.19218063354492,0.3345296084880829
z5,slow,67.1009750366211,0.33433064818382263
z5,slow,71.00977325439453,0.3340526819229126
z5,slow,74.91856384277344,0.3338364064693451
z5,slow,78.82736206054688,0.3337484896183014
z5,slow,82.73615264892578,0.333730012178421
z5,slow,86.64495086669922,0.33362358808517456
z5,slow,90.55374908447266,0.3332579731941223
z5,slow,94.46253967285156,0.33254459500312805
z5,slow,98.371337890625,0.3315482437610626
z5,slow,102.2801284790039,0.3304958641529083
z5,slow,106.18892669677734,0.3297126889228821
z5,slow,110.09771728515625,0.3294976055622101
z5,slow,114.00651550292969,0.3299631178379059
z5,slow,117.9153060913086,0.3309844136238098
z5,slow,121.82410430908203,0.33226168155670166
z5,slow,125.73290252685547,0.3334393799304962
z5,slow,129.64169311523438,0.33425164222717285
z5,slow,133.5504913330078,0.3346213400363922
z5,slow,137.45928955078125,0.3346671462059021
z5,slow,141.36807250976562,0.33460667729377747
z5,slow,145.27687072753906,0.3346228301525116
z5,slow,149.1856689453125,0.33480310440063477
z5,slow,153.09446716308594,0.3351120948791504
z5,slow,157.0032501220703,0.33541879057884216
z5,slow,160.91204833984375,0.33562952280044556
z5,slow,164.8208465576172,0.3357883393764496
z5,slow,168.72964477539062,0.3360224664211273
z5,slow,172.63844299316406,0.33641746640205383
z5,slow,176.54722595214844,0.3369203507900238
z5,slow,180.45602416992188,0.337355375289917
z5,slow,184.3648223876953,0.33751580119132996
z5,slow,188.27362060546875,0.3372296392917633
z5,slow,192.18240356445312,0.3364359736442566
z5,slow,196.09120178222656,0.33529794216156006
z5,slow,200.0,0.3341359496116638
