window,target,model,fold,feature,coefficient,alpha
full_pre_response,log_RT_ms,hidden,1,hidden_00,-0.1381554901599884,46.41588833612773
full_pre_response,log_RT_ms,hidden,1,hidden_01,0.004368963651359081,46.41588833612773
full_pre_response,log_RT_ms,hidden,1,hidden_02,0.03243706002831459,46.41588833612773
full_pre_response,log_RT_ms,hidden,1,hidden_03,0.08282172679901123,46.41588833612773
full_pre_response,log_RT_ms,hidden,1,hidden_04,-0.02059483528137207,46.41588833612773
full_pre_response,log_RT_ms,hidden,1,hidden_05,0.0005821228842251003,46.41588833612773
full_pre_response,log_RT_ms,hidden,1,hidden_06,0.012863732874393463,46.41588833612773
full_pre_response,log_RT_ms,hidden,1,hidden_07,0.09265504032373428,46.41588833612773
full_pre_response,log_RT_ms,hidden,1,hidden_08,0.02451632171869278,46.41588833612773
full_pre_response,log_RT_ms,hidden,1,hidden_09,0.025295743718743324,46.41588833612773
full_pre_response,log_RT_ms,hidden,1,hidden_10,0.07076411694288254,46.41588833612773
full_pre_response,log_RT_ms,hidden,1,hidden_11,-0.06464389711618423,46.41588833612773
full_pre_response,log_RT_ms,hidden,1,hidden_12,0.030824027955532074,46.41588833612773
full_pre_response,log_RT_ms,hidden,1,hidden_13,-0.11178869009017944,46.41588833612773
full_pre_response,log_RT_ms,hidden,1,hidden_14,0.007171900011599064,46.41588833612773
full_pre_response,log_RT_ms,hidden,1,hidden_15,0.0018886111211031675,46.41588833612773
full_pre_response,log_RT_ms,hidden,1,hidden_16,-0.06632283329963684,46.41588833612773
full_pre_response,log_RT_ms,hidden,1,hidden_17,0.046680573374032974,46.41588833612773
full_pre_response,log_RT_ms,hidden,1,hidden_18,0.1095423623919487,46.41588833612773
full_pre_response,log_RT_ms,hidden,1,hidden_19,0.056568555533885956,46.41588833612773
full_pre_response,log_RT_ms,hidden,1,hidden_20,0.05798948183655739,46.41588833612773
full_pre_response,log_RT_ms,hidden,1,hidden_21,0.01903146505355835,46.41588833612773
full_pre_response,log_RT_ms,hidden,1,hidden_22,-0.027584463357925415,46.41588833612773
full_pre_response,log_RT_ms,hidden,1,hidden_23,0.0136438999325037,46.41588833612773
full_pre_response,log_RT_ms,hidden,1,hidden_24,-0.01767842285335064,46.41588833612773
full_pre_response,log_RT_ms,hidden,1,hidden_25,0.03939090669155121,46.41588833612773
full_pre_response,log_RT_ms,hidden,1,hidden_26,0.012925360351800919,46.41588833612773
full_pre_response,log_RT_ms,hidden,1,hidden_27,0.029637889936566353,46.41588833612773
full_pre_response,log_RT_ms,hidden,1,hidden_28,0.02068067155778408,46.41588833612773
full_pre_response,log_RT_ms,hidden,1,hidden_29,0.01811004988849163,46.41588833612773
full_pre_response,log_RT_ms,hidden,1,hidden_30,-0.15147051215171814,46.41588833612773
full_pre_response,log_RT_ms,hidden,1,hidden_31,-0.04300607368350029,46.41588833612773
full_pre_response,log_RT_ms,hidden,2,hidden_00,-0.0180544164031744,1000.0
full_pre_response,log_RT_ms,hidden,2,hidden_01,-0.00499216141179204,1000.0
full_pre_response,log_RT_ms,hidden,2,hidden_02,0.007854403927922249,1000.0
full_pre_response,log_RT_ms,hidden,2,hidden_03,0.013894155621528625,1000.0
full_pre_response,log_RT_ms,hidden,2,hidden_04,-0.027562662959098816,1000.0
full_pre_response,log_RT_ms,hidden,2,hidden_05,0.0056581925600767136,1000.0
full_pre_response,log_RT_ms,hidden,2,hidden_06,-0.0024037936236709356,1000.0
full_pre_response,log_RT_ms,hidden,2,hidden_07,0.06266636401414871,1000.0
full_pre_response,log_RT_ms,hidden,2,hidden_08,0.011633955873548985,1000.0
full_pre_response,log_RT_ms,hidden,2,hidden_09,0.004580570384860039,1000.0
full_pre_response,log_RT_ms,hidden,2,hidden_10,0.03137770667672157,1000.0
full_pre_response,log_RT_ms,hidden,2,hidden_11,-0.025513919070363045,1000.0
full_pre_response,log_RT_ms,hidden,2,hidden_12,0.0336996391415596,1000.0
full_pre_response,log_RT_ms,hidden,2,hidden_13,-0.005763133522123098,1000.0
full_pre_response,log_RT_ms,hidden,2,hidden_14,-0.00526398653164506,1000.0
full_pre_response,log_RT_ms,hidden,2,hidden_15,-0.005289746914058924,1000.0
full_pre_response,log_RT_ms,hidden,2,hidden_16,-0.03102634847164154,1000.0
full_pre_response,log_RT_ms,hidden,2,hidden_17,-0.002168143866583705,1000.0
full_pre_response,log_RT_ms,hidden,2,hidden_18,0.018172210082411766,1000.0
full_pre_response,log_RT_ms,hidden,2,hidden_19,0.028091710060834885,1000.0
full_pre_response,log_RT_ms,hidden,2,hidden_20,0.01877012476325035,1000.0
full_pre_response,log_RT_ms,hidden,2,hidden_21,0.005258441437035799,1000.0
full_pre_response,log_RT_ms,hidden,2,hidden_22,-0.015885386615991592,1000.0
full_pre_response,log_RT_ms,hidden,2,hidden_23,0.005737474653869867,1000.0
full_pre_response,log_RT_ms,hidden,2,hidden_24,-0.006888051517307758,1000.0
full_pre_response,log_RT_ms,hidden,2,hidden_25,0.006984029430896044,1000.0
full_pre_response,log_RT_ms,hidden,2,hidden_26,-0.004256990738213062,1000.0
full_pre_response,log_RT_ms,hidden,2,hidden_27,0.0002857052313629538,1000.0
full_pre_response,log_RT_ms,hidden,2,hidden_28,-0.00901764165610075,1000.0
full_pre_response,log_RT_ms,hidden,2,hidden_29,0.004446617793291807,1000.0
full_pre_response,log_RT_ms,hidden,2,hidden_30,-0.020281119272112846,1000.0
full_pre_response,log_RT_ms,hidden,2,hidden_31,-0.011718129739165306,1000.0
full_pre_response,log_RT_ms,hidden,3,hidden_00,-0.12735401093959808,46.41588833612773
full_pre_response,log_RT_ms,hidden,3,hidden_01,0.0017297945450991392,46.41588833612773
full_pre_response,log_RT_ms,hidden,3,hidden_02,0.03906456381082535,46.41588833612773
full_pre_response,log_RT_ms,hidden,3,hidden_03,0.0754065066576004,46.41588833612773
full_pre_response,log_RT_ms,hidden,3,hidden_04,-0.009311988949775696,46.41588833612773
full_pre_response,log_RT_ms,hidden,3,hidden_05,-0.0003725176793523133,46.41588833612773
full_pre_response,log_RT_ms,hidden,3,hidden_06,0.015616015531122684,46.41588833612773
full_pre_response,log_RT_ms,hidden,3,hidden_07,0.1007411926984787,46.41588833612773
full_pre_response,log_RT_ms,hidden,3,hidden_08,0.02340880036354065,46.41588833612773
full_pre_response,log_RT_ms,hidden,3,hidden_09,0.02995811589062214,46.41588833612773
full_pre_response,log_RT_ms,hidden,3,hidden_10,0.06253882497549057,46.41588833612773
full_pre_response,log_RT_ms,hidden,3,hidden_11,-0.04661005362868309,46.41588833612773
full_pre_response,log_RT_ms,hidden,3,hidden_12,0.031521085649728775,46.41588833612773
full_pre_response,log_RT_ms,hidden,3,hidden_13,-0.11716252565383911,46.41588833612773
full_pre_response,log_RT_ms,hidden,3,hidden_14,0.014107005670666695,46.41588833612773
full_pre_response,log_RT_ms,hidden,3,hidden_15,0.0012810726184397936,46.41588833612773
full_pre_response,log_RT_ms,hidden,3,hidden_16,-0.05959000438451767,46.41588833612773
full_pre_response,log_RT_ms,hidden,3,hidden_17,0.030305104330182076,46.41588833612773
full_pre_response,log_RT_ms,hidden,3,hidden_18,0.0860159620642662,46.41588833612773
full_pre_response,log_RT_ms,hidden,3,hidden_19,0.05889207124710083,46.41588833612773
full_pre_response,log_RT_ms,hidden,3,hidden_20,0.0637446865439415,46.41588833612773
full_pre_response,log_RT_ms,hidden,3,hidden_21,0.005235336720943451,46.41588833612773
full_pre_response,log_RT_ms,hidden,3,hidden_22,-0.027582718059420586,46.41588833612773
full_pre_response,log_RT_ms,hidden,3,hidden_23,0.01811874285340309,46.41588833612773
full_pre_response,log_RT_ms,hidden,3,hidden_24,-0.02266794443130493,46.41588833612773
full_pre_response,log_RT_ms,hidden,3,hidden_25,0.016410216689109802,46.41588833612773
full_pre_response,log_RT_ms,hidden,3,hidden_26,0.01620836928486824,46.41588833612773
full_pre_response,log_RT_ms,hidden,3,hidden_27,0.010877154767513275,46.41588833612773
full_pre_response,log_RT_ms,hidden,3,hidden_28,0.005135810934007168,46.41588833612773
full_pre_response,log_RT_ms,hidden,3,hidden_29,0.011944197118282318,46.41588833612773
full_pre_response,log_RT_ms,hidden,3,hidden_30,-0.1329999566078186,46.41588833612773
full_pre_response,log_RT_ms,hidden,3,hidden_31,-0.03803400695323944,46.41588833612773
full_pre_response,log_RT_ms,hidden,4,hidden_00,-0.12701596319675446,46.41588833612773
full_pre_response,log_RT_ms,hidden,4,hidden_01,0.01026185229420662,46.41588833612773
full_pre_response,log_RT_ms,hidden,4,hidden_02,0.02990064024925232,46.41588833612773
full_pre_response,log_RT_ms,hidden,4,hidden_03,0.09027855843305588,46.41588833612773
full_pre_response,log_RT_ms,hidden,4,hidden_04,0.000468116020783782,46.41588833612773
full_pre_response,log_RT_ms,hidden,4,hidden_05,0.0016924117226153612,46.41588833612773
full_pre_response,log_RT_ms,hidden,4,hidden_06,0.010197953321039677,46.41588833612773
full_pre_response,log_RT_ms,hidden,4,hidden_07,0.0968029573559761,46.41588833612773
full_pre_response,log_RT_ms,hidden,4,hidden_08,0.034533385187387466,46.41588833612773
full_pre_response,log_RT_ms,hidden,4,hidden_09,0.02178882621228695,46.41588833612773
full_pre_response,log_RT_ms,hidden,4,hidden_10,0.06549755483865738,46.41588833612773
full_pre_response,log_RT_ms,hidden,4,hidden_11,-0.06132816895842552,46.41588833612773
full_pre_response,log_RT_ms,hidden,4,hidden_12,0.03389535844326019,46.41588833612773
full_pre_response,log_RT_ms,hidden,4,hidden_13,-0.116813063621521,46.41588833612773
full_pre_response,log_RT_ms,hidden,4,hidden_14,0.00991899985820055,46.41588833612773
full_pre_response,log_RT_ms,hidden,4,hidden_15,-0.0009567143279127777,46.41588833612773
full_pre_response,log_RT_ms,hidden,4,hidden_16,-0.06687179207801819,46.41588833612773
full_pre_response,log_RT_ms,hidden,4,hidden_17,0.041815925389528275,46.41588833612773
full_pre_response,log_RT_ms,hidden,4,hidden_18,0.11503025889396667,46.41588833612773
full_pre_response,log_RT_ms,hidden,4,hidden_19,0.05390935018658638,46.41588833612773
full_pre_response,log_RT_ms,hidden,4,hidden_20,0.058936331421136856,46.41588833612773
full_pre_response,log_RT_ms,hidden,4,hidden_21,0.018733706325292587,46.41588833612773
full_pre_response,log_RT_ms,hidden,4,hidden_22,-0.02388046868145466,46.41588833612773
full_pre_response,log_RT_ms,hidden,4,hidden_23,0.014053132385015488,46.41588833612773
full_pre_response,log_RT_ms,hidden,4,hidden_24,-0.019555049017071724,46.41588833612773
full_pre_response,log_RT_ms,hidden,4,hidden_25,0.01564401015639305,46.41588833612773
full_pre_response,log_RT_ms,hidden,4,hidden_26,0.012297426350414753,46.41588833612773
full_pre_response,log_RT_ms,hidden,4,hidden_27,0.02243863046169281,46.41588833612773
full_pre_response,log_RT_ms,hidden,4,hidden_28,0.00771286292001605,46.41588833612773
full_pre_response,log_RT_ms,hidden,4,hidden_29,0.014791073277592659,46.41588833612773
full_pre_response,log_RT_ms,hidden,4,hidden_30,-0.1418716460466385,46.41588833612773
full_pre_response,log_RT_ms,hidden,4,hidden_31,-0.04190368205308914,46.41588833612773
full_pre_response,log_RT_ms,hidden,5,hidden_00,-0.1242474839091301,46.41588833612773
full_pre_response,log_RT_ms,hidden,5,hidden_01,0.00284850993193686,46.41588833612773
full_pre_response,log_RT_ms,hidden,5,hidden_02,0.061637308448553085,46.41588833612773
full_pre_response,log_RT_ms,hidden,5,hidden_03,0.09221150726079941,46.41588833612773
full_pre_response,log_RT_ms,hidden,5,hidden_04,-0.00831668358296156,46.41588833612773
full_pre_response,log_RT_ms,hidden,5,hidden_05,-0.008874131366610527,46.41588833612773
full_pre_response,log_RT_ms,hidden,5,hidden_06,0.01611511781811714,46.41588833612773
full_pre_response,log_RT_ms,hidden,5,hidden_07,0.09667307883501053,46.41588833612773
full_pre_response,log_RT_ms,hidden,5,hidden_08,0.016626514494419098,46.41588833612773
full_pre_response,log_RT_ms,hidden,5,hidden_09,0.0223382618278265,46.41588833612773
full_pre_response,log_RT_ms,hidden,5,hidden_10,0.08367696404457092,46.41588833612773
full_pre_response,log_RT_ms,hidden,5,hidden_11,-0.05343445762991905,46.41588833612773
full_pre_response,log_RT_ms,hidden,5,hidden_12,0.031157489866018295,46.41588833612773
full_pre_response,log_RT_ms,hidden,5,hidden_13,-0.10415933281183243,46.41588833612773
full_pre_response,log_RT_ms,hidden,5,hidden_14,0.0017563424771651626,46.41588833612773
full_pre_response,log_RT_ms,hidden,5,hidden_15,9.526513167656958e-05,46.41588833612773
full_pre_response,log_RT_ms,hidden,5,hidden_16,-0.06870225816965103,46.41588833612773
full_pre_response,log_RT_ms,hidden,5,hidden_17,0.03804146125912666,46.41588833612773
full_pre_response,log_RT_ms,hidden,5,hidden_18,0.09242767095565796,46.41588833612773
full_pre_response,log_RT_ms,hidden,5,hidden_19,0.05323372408747673,46.41588833612773
full_pre_response,log_RT_ms,hidden,5,hidden_20,0.06492991745471954,46.41588833612773
full_pre_response,log_RT_ms,hidden,5,hidden_21,0.008147605694830418,46.41588833612773
full_pre_response,log_RT_ms,hidden,5,hidden_22,-0.03956971690058708,46.41588833612773
full_pre_response,log_RT_ms,hidden,5,hidden_23,0.025194484740495682,46.41588833612773
full_pre_response,log_RT_ms,hidden,5,hidden_24,-0.010368592105805874,46.41588833612773
full_pre_response,log_RT_ms,hidden,5,hidden_25,0.02807125821709633,46.41588833612773
full_pre_response,log_RT_ms,hidden,5,hidden_26,0.006670560222119093,46.41588833612773
full_pre_response,log_RT_ms,hidden,5,hidden_27,0.008567946031689644,46.41588833612773
full_pre_response,log_RT_ms,hidden,5,hidden_28,0.013519163243472576,46.41588833612773
full_pre_response,log_RT_ms,hidden,5,hidden_29,0.011872979812324047,46.41588833612773
full_pre_response,log_RT_ms,hidden,5,hidden_30,-0.12486433237791061,46.41588833612773
full_pre_response,log_RT_ms,hidden,5,hidden_31,-0.04045553505420685,46.41588833612773
full_pre_response,log_RT_ms,baseline_plus_hidden,1,hidden_00,-0.1680174712362797,21.54434690031882
full_pre_response,log_RT_ms,baseline_plus_hidden,1,hidden_01,-0.030026233685444267,21.54434690031882
full_pre_response,log_RT_ms,baseline_plus_hidden,1,hidden_02,0.0716863189404897,21.54434690031882
full_pre_response,log_RT_ms,baseline_plus_hidden,1,hidden_03,0.09208182484192923,21.54434690031882
full_pre_response,log_RT_ms,baseline_plus_hidden,1,hidden_04,-0.003989986899657477,21.54434690031882
full_pre_response,log_RT_ms,baseline_plus_hidden,1,hidden_05,-0.0014020235642373407,21.54434690031882
full_pre_response,log_RT_ms,baseline_plus_hidden,1,hidden_06,0.02615703188153028,21.54434690031882
full_pre_response,log_RT_ms,baseline_plus_hidden,1,hidden_07,0.08671844038663795,21.54434690031882
full_pre_response,log_RT_ms,baseline_plus_hidden,1,hidden_08,0.03151717564302173,21.54434690031882
full_pre_response,log_RT_ms,baseline_plus_hidden,1,hidden_09,0.01744526477659062,21.54434690031882
full_pre_response,log_RT_ms,baseline_plus_hidden,1,hidden_10,0.0661395132704165,21.54434690031882
full_pre_response,log_RT_ms,baseline_plus_hidden,1,hidden_11,-0.04011531446978879,21.54434690031882
full_pre_response,log_RT_ms,baseline_plus_hidden,1,hidden_12,0.01642133491031443,21.54434690031882
full_pre_response,log_RT_ms,baseline_plus_hidden,1,hidden_13,-0.145005306704618,21.54434690031882
full_pre_response,log_RT_ms,baseline_plus_hidden,1,hidden_14,-0.005620973061308921,21.54434690031882
full_pre_response,log_RT_ms,baseline_plus_hidden,1,hidden_15,-0.000605745058653294,21.54434690031882
full_pre_response,log_RT_ms,baseline_plus_hidden,1,hidden_16,-0.032516345581988765,21.54434690031882
full_pre_response,log_RT_ms,baseline_plus_hidden,1,hidden_17,0.0395533299539264,21.54434690031882
full_pre_response,log_RT_ms,baseline_plus_hidden,1,hidden_18,0.11023354336659849,21.54434690031882
full_pre_response,log_RT_ms,baseline_plus_hidden,1,hidden_19,0.053188459405100356,21.54434690031882
full_pre_response,log_RT_ms,baseline_plus_hidden,1,hidden_20,0.05102652069167868,21.54434690031882
full_pre_response,log_RT_ms,baseline_plus_hidden,1,hidden_21,0.015243651190727518,21.54434690031882
full_pre_response,log_RT_ms,baseline_plus_hidden,1,hidden_22,-0.017280255553862117,21.54434690031882
full_pre_response,log_RT_ms,baseline_plus_hidden,1,hidden_23,0.003208301376199235,21.54434690031882
full_pre_response,log_RT_ms,baseline_plus_hidden,1,hidden_24,-0.004825038046046175,21.54434690031882
full_pre_response,log_RT_ms,baseline_plus_hidden,1,hidden_25,0.059054143368926636,21.54434690031882
full_pre_response,log_RT_ms,baseline_plus_hidden,1,hidden_26,0.013117049775157123,21.54434690031882
full_pre_response,log_RT_ms,baseline_plus_hidden,1,hidden_27,0.0037458952068536,21.54434690031882
full_pre_response,log_RT_ms,baseline_plus_hidden,1,hidden_28,0.026975977255630525,21.54434690031882
full_pre_response,log_RT_ms,baseline_plus_hidden,1,hidden_29,0.02573110946792309,21.54434690031882
full_pre_response,log_RT_ms,baseline_plus_hidden,1,hidden_30,-0.15645479328463374,21.54434690031882
full_pre_response,log_RT_ms,baseline_plus_hidden,1,hidden_31,-0.027541682991416683,21.54434690031882
full_pre_response,log_RT_ms,baseline_plus_hidden,2,hidden_00,-0.06882156358187738,100.0
full_pre_response,log_RT_ms,baseline_plus_hidden,2,hidden_01,-0.03688297848637257,100.0
full_pre_response,log_RT_ms,baseline_plus_hidden,2,hidden_02,0.023751203352786823,100.0
full_pre_response,log_RT_ms,baseline_plus_hidden,2,hidden_03,0.0512386732133233,100.0
full_pre_response,log_RT_ms,baseline_plus_hidden,2,hidden_04,-0.035978640814720166,100.0
full_pre_response,log_RT_ms,baseline_plus_hidden,2,hidden_05,0.010574841096933758,100.0
full_pre_response,log_RT_ms,baseline_plus_hidden,2,hidden_06,9.677424906315666e-05,100.0
full_pre_response,log_RT_ms,baseline_plus_hidden,2,hidden_07,0.08450912861597266,100.0
full_pre_response,log_RT_ms,baseline_plus_hidden,2,hidden_08,0.012369782784154331,100.0
full_pre_response,log_RT_ms,baseline_plus_hidden,2,hidden_09,-5.604339891577672e-05,100.0
full_pre_response,log_RT_ms,baseline_plus_hidden,2,hidden_10,0.04337866884654527,100.0
full_pre_response,log_RT_ms,baseline_plus_hidden,2,hidden_11,-0.05295325475336549,100.0
full_pre_response,log_RT_ms,baseline_plus_hidden,2,hidden_12,0.021281633297591654,100.0
full_pre_response,log_RT_ms,baseline_plus_hidden,2,hidden_13,-0.04980733716163551,100.0
full_pre_response,log_RT_ms,baseline_plus_hidden,2,hidden_14,-0.00867630651429856,100.0
full_pre_response,log_RT_ms,baseline_plus_hidden,2,hidden_15,-0.00512547189360288,100.0
full_pre_response,log_RT_ms,baseline_plus_hidden,2,hidden_16,-0.036477535800646145,100.0
full_pre_response,log_RT_ms,baseline_plus_hidden,2,hidden_17,0.01392819400287773,100.0
full_pre_response,log_RT_ms,baseline_plus_hidden,2,hidden_18,0.06086615913286711,100.0
full_pre_response,log_RT_ms,baseline_plus_hidden,2,hidden_19,0.04844456432833838,100.0
full_pre_response,log_RT_ms,baseline_plus_hidden,2,hidden_20,0.03739396510689727,100.0
full_pre_response,log_RT_ms,baseline_plus_hidden,2,hidden_21,0.009098658023383723,100.0
full_pre_response,log_RT_ms,baseline_plus_hidden,2,hidden_22,-0.020339043484817285,100.0
full_pre_response,log_RT_ms,baseline_plus_hidden,2,hidden_23,0.0052471632035914545,100.0
full_pre_response,log_RT_ms,baseline_plus_hidden,2,hidden_24,-0.006725216418039525,100.0
full_pre_response,log_RT_ms,baseline_plus_hidden,2,hidden_25,0.021751446679827275,100.0
full_pre_response,log_RT_ms,baseline_plus_hidden,2,hidden_26,-0.004249782881474881,100.0
full_pre_response,log_RT_ms,baseline_plus_hidden,2,hidden_27,-0.010822716711493189,100.0
full_pre_response,log_RT_ms,baseline_plus_hidden,2,hidden_28,0.008034481195339891,100.0
full_pre_response,log_RT_ms,baseline_plus_hidden,2,hidden_29,0.009008054258118847,100.0
full_pre_response,log_RT_ms,baseline_plus_hidden,2,hidden_30,-0.06849400974784002,100.0
full_pre_response,log_RT_ms,baseline_plus_hidden,2,hidden_31,-0.020515377213466576,100.0
full_pre_response,log_RT_ms,baseline_plus_hidden,3,hidden_00,-0.11036009067041556,46.41588833612773
full_pre_response,log_RT_ms,baseline_plus_hidden,3,hidden_01,-0.03699806816897888,46.41588833612773
full_pre_response,log_RT_ms,baseline_plus_hidden,3,hidden_02,0.044757269483775466,46.41588833612773
full_pre_response,log_RT_ms,baseline_plus_hidden,3,hidden_03,0.05659827913261601,46.41588833612773
full_pre_response,log_RT_ms,baseline_plus_hidden,3,hidden_04,-0.022907105870147892,46.41588833612773
full_pre_response,log_RT_ms,baseline_plus_hidden,3,hidden_05,-0.002369199334577769,46.41588833612773
full_pre_response,log_RT_ms,baseline_plus_hidden,3,hidden_06,0.014637533897250877,46.41588833612773
full_pre_response,log_RT_ms,baseline_plus_hidden,3,hidden_07,0.08645013569075106,46.41588833612773
full_pre_response,log_RT_ms,baseline_plus_hidden,3,hidden_08,0.022266811794531136,46.41588833612773
full_pre_response,log_RT_ms,baseline_plus_hidden,3,hidden_09,0.010156744602579187,46.41588833612773
full_pre_response,log_RT_ms,baseline_plus_hidden,3,hidden_10,0.05036736447751008,46.41588833612773
full_pre_response,log_RT_ms,baseline_plus_hidden,3,hidden_11,-0.036962350782024214,46.41588833612773
full_pre_response,log_RT_ms,baseline_plus_hidden,3,hidden_12,0.01875950793732183,46.41588833612773
full_pre_response,log_RT_ms,baseline_plus_hidden,3,hidden_13,-0.09425408887700534,46.41588833612773
full_pre_response,log_RT_ms,baseline_plus_hidden,3,hidden_14,-0.00496401279821562,46.41588833612773
full_pre_response,log_RT_ms,baseline_plus_hidden,3,hidden_15,-0.00257575880527671,46.41588833612773
full_pre_response,log_RT_ms,baseline_plus_hidden,3,hidden_16,-0.03380333747411295,46.41588833612773
full_pre_response,log_RT_ms,baseline_plus_hidden,3,hidden_17,0.016289221871154808,46.41588833612773
full_pre_response,log_RT_ms,baseline_plus_hidden,3,hidden_18,0.058682421583816126,46.41588833612773
full_pre_response,log_RT_ms,baseline_plus_hidden,3,hidden_19,0.05668624638865235,46.41588833612773
full_pre_response,log_RT_ms,baseline_plus_hidden,3,hidden_20,0.04675457378780267,46.41588833612773
full_pre_response,log_RT_ms,baseline_plus_hidden,3,hidden_21,0.00472878484483024,46.41588833612773
full_pre_response,log_RT_ms,baseline_plus_hidden,3,hidden_22,-0.016177905913226914,46.41588833612773
full_pre_response,log_RT_ms,baseline_plus_hidden,3,hidden_23,0.009313810782655764,46.41588833612773
full_pre_response,log_RT_ms,baseline_plus_hidden,3,hidden_24,-0.02055955308727368,46.41588833612773
full_pre_response,log_RT_ms,baseline_plus_hidden,3,hidden_25,0.02745120169102415,46.41588833612773
full_pre_response,log_RT_ms,baseline_plus_hidden,3,hidden_26,0.005290260750212434,46.41588833612773
full_pre_response,log_RT_ms,baseline_plus_hidden,3,hidden_27,-0.013380817900661047,46.41588833612773
full_pre_response,log_RT_ms,baseline_plus_hidden,3,hidden_28,0.001092276587300495,46.41588833612773
full_pre_response,log_RT_ms,baseline_plus_hidden,3,hidden_29,0.011896194556576709,46.41588833612773
full_pre_response,log_RT_ms,baseline_plus_hidden,3,hidden_30,-0.09347462212045579,46.41588833612773
full_pre_response,log_RT_ms,baseline_plus_hidden,3,hidden_31,-0.02187288316911426,46.41588833612773
full_pre_response,log_RT_ms,baseline_plus_hidden,4,hidden_00,-0.1111597307093664,46.41588833612773
full_pre_response,log_RT_ms,baseline_plus_hidden,4,hidden_01,-0.026788560098499295,46.41588833612773
full_pre_response,log_RT_ms,baseline_plus_hidden,4,hidden_02,0.038810594856769465,46.41588833612773
full_pre_response,log_RT_ms,baseline_plus_hidden,4,hidden_03,0.06285601177535687,46.41588833612773
full_pre_response,log_RT_ms,baseline_plus_hidden,4,hidden_04,-0.017703637882736267,46.41588833612773
full_pre_response,log_RT_ms,baseline_plus_hidden,4,hidden_05,0.0026728101620665866,46.41588833612773
full_pre_response,log_RT_ms,baseline_plus_hidden,4,hidden_06,0.012193719155267058,46.41588833612773
full_pre_response,log_RT_ms,baseline_plus_hidden,4,hidden_07,0.08387376555162039,46.41588833612773
full_pre_response,log_RT_ms,baseline_plus_hidden,4,hidden_08,0.029726211255758812,46.41588833612773
full_pre_response,log_RT_ms,baseline_plus_hidden,4,hidden_09,0.009484563941615468,46.41588833612773
full_pre_response,log_RT_ms,baseline_plus_hidden,4,hidden_10,0.04556667845825838,46.41588833612773
full_pre_response,log_RT_ms,baseline_plus_hidden,4,hidden_11,-0.042047183571199236,46.41588833612773
full_pre_response,log_RT_ms,baseline_plus_hidden,4,hidden_12,0.020541617244901802,46.41588833612773
full_pre_response,log_RT_ms,baseline_plus_hidden,4,hidden_13,-0.08791229774598046,46.41588833612773
full_pre_response,log_RT_ms,baseline_plus_hidden,4,hidden_14,-0.01526206202658795,46.41588833612773
full_pre_response,log_RT_ms,baseline_plus_hidden,4,hidden_15,-0.0018011774807832298,46.41588833612773
full_pre_response,log_RT_ms,baseline_plus_hidden,4,hidden_16,-0.04345624445038718,46.41588833612773
full_pre_response,log_RT_ms,baseline_plus_hidden,4,hidden_17,0.026535925396345982,46.41588833612773
full_pre_response,log_RT_ms,baseline_plus_hidden,4,hidden_18,0.09002327541624837,46.41588833612773
full_pre_response,log_RT_ms,baseline_plus_hidden,4,hidden_19,0.05334023577047517,46.41588833612773
full_pre_response,log_RT_ms,baseline_plus_hidden,4,hidden_20,0.0514551134942751,46.41588833612773
full_pre_response,log_RT_ms,baseline_plus_hidden,4,hidden_21,0.01150252589366441,46.41588833612773
full_pre_response,log_RT_ms,baseline_plus_hidden,4,hidden_22,-0.018243818726233502,46.41588833612773
full_pre_response,log_RT_ms,baseline_plus_hidden,4,hidden_23,0.009716352267411053,46.41588833612773
full_pre_response,log_RT_ms,baseline_plus_hidden,4,hidden_24,-0.016449196407224607,46.41588833612773
full_pre_response,log_RT_ms,baseline_plus_hidden,4,hidden_25,0.024813597158412207,46.41588833612773
full_pre_response,log_RT_ms,baseline_plus_hidden,4,hidden_26,0.005757630379416423,46.41588833612773
full_pre_response,log_RT_ms,baseline_plus_hidden,4,hidden_27,-0.0020998277741362367,46.41588833612773
full_pre_response,log_RT_ms,baseline_plus_hidden,4,hidden_28,0.011761499680438003,46.41588833612773
full_pre_response,log_RT_ms,baseline_plus_hidden,4,hidden_29,0.012231681098738479,46.41588833612773
full_pre_response,log_RT_ms,baseline_plus_hidden,4,hidden_30,-0.10852961133789361,46.41588833612773
full_pre_response,log_RT_ms,baseline_plus_hidden,4,hidden_31,-0.028055848926119127,46.41588833612773
full_pre_response,log_RT_ms,baseline_plus_hidden,5,hidden_00,-0.1078785238194953,46.41588833612773
full_pre_response,log_RT_ms,baseline_plus_hidden,5,hidden_01,-0.04053796779068275,46.41588833612773
full_pre_response,log_RT_ms,baseline_plus_hidden,5,hidden_02,0.06654371345032528,46.41588833612773
full_pre_response,log_RT_ms,baseline_plus_hidden,5,hidden_03,0.06814890447244976,46.41588833612773
full_pre_response,log_RT_ms,baseline_plus_hidden,5,hidden_04,-0.018631502883434722,46.41588833612773
full_pre_response,log_RT_ms,baseline_plus_hidden,5,hidden_05,-0.005879824423862659,46.41588833612773
full_pre_response,log_RT_ms,baseline_plus_hidden,5,hidden_06,0.018333171132339156,46.41588833612773
full_pre_response,log_RT_ms,baseline_plus_hidden,5,hidden_07,0.08882415336781642,46.41588833612773
full_pre_response,log_RT_ms,baseline_plus_hidden,5,hidden_08,0.014199847630417838,46.41588833612773
full_pre_response,log_RT_ms,baseline_plus_hidden,5,hidden_09,0.006490661678135327,46.41588833612773
full_pre_response,log_RT_ms,baseline_plus_hidden,5,hidden_10,0.05992686331629876,46.41588833612773
full_pre_response,log_RT_ms,baseline_plus_hidden,5,hidden_11,-0.037221173694280525,46.41588833612773
full_pre_response,log_RT_ms,baseline_plus_hidden,5,hidden_12,0.018440419218505255,46.41588833612773
full_pre_response,log_RT_ms,baseline_plus_hidden,5,hidden_13,-0.07926394829744962,46.41588833612773
full_pre_response,log_RT_ms,baseline_plus_hidden,5,hidden_14,-0.024754666516962766,46.41588833612773
full_pre_response,log_RT_ms,baseline_plus_hidden,5,hidden_15,-0.005555255635526024,46.41588833612773
full_pre_response,log_RT_ms,baseline_plus_hidden,5,hidden_16,-0.04345458099573116,46.41588833612773
full_pre_response,log_RT_ms,baseline_plus_hidden,5,hidden_17,0.02732449585290848,46.41588833612773
full_pre_response,log_RT_ms,baseline_plus_hidden,5,hidden_18,0.06550222608974363,46.41588833612773
full_pre_response,log_RT_ms,baseline_plus_hidden,5,hidden_19,0.04860135433071989,46.41588833612773
full_pre_response,log_RT_ms,baseline_plus_hidden,5,hidden_20,0.038477207230625546,46.41588833612773
full_pre_response,log_RT_ms,baseline_plus_hidden,5,hidden_21,0.00770998992376393,46.41588833612773
full_pre_response,log_RT_ms,baseline_plus_hidden,5,hidden_22,-0.029711721562259312,46.41588833612773
full_pre_response,log_RT_ms,baseline_plus_hidden,5,hidden_23,0.020098186763016453,46.41588833612773
full_pre_response,log_RT_ms,baseline_plus_hidden,5,hidden_24,-0.004178960252850271,46.41588833612773
full_pre_response,log_RT_ms,baseline_plus_hidden,5,hidden_25,0.041035135026413726,46.41588833612773
full_pre_response,log_RT_ms,baseline_plus_hidden,5,hidden_26,-0.006909466165375954,46.41588833612773
full_pre_response,log_RT_ms,baseline_plus_hidden,5,hidden_27,-0.015952604922816478,46.41588833612773
full_pre_response,log_RT_ms,baseline_plus_hidden,5,hidden_28,0.008283978649089726,46.41588833612773
full_pre_response,log_RT_ms,baseline_plus_hidden,5,hidden_29,0.00594779855781105,46.41588833612773
full_pre_response,log_RT_ms,baseline_plus_hidden,5,hidden_30,-0.08893691287860443,46.41588833612773
full_pre_response,log_RT_ms,baseline_plus_hidden,5,hidden_31,-0.018014967511636237,46.41588833612773
full_pre_response,log_RT_ms,baseline_plus_shuffled_hidden,1,shuffled_hidden_00,-0.0038658067970355724,1000.0
full_pre_response,log_RT_ms,baseline_plus_shuffled_hidden,1,shuffled_hidden_01,8.003895415252367e-05,1000.0
full_pre_response,log_RT_ms,baseline_plus_shuffled_hidden,1,shuffled_hidden_02,0.0019622321743303,1000.0
full_pre_response,log_RT_ms,baseline_plus_shuffled_hidden,1,shuffled_hidden_03,-0.0016994257425955223,1000.0
full_pre_response,log_RT_ms,baseline_plus_shuffled_hidden,1,shuffled_hidden_04,-0.0014913938646266634,1000.0
full_pre_response,log_RT_ms,baseline_plus_shuffled_hidden,1,shuffled_hidden_05,1.2213546441562314e-05,1000.0
full_pre_response,log_RT_ms,baseline_plus_shuffled_hidden,1,shuffled_hidden_06,-0.0016790553345714199,1000.0
full_pre_response,log_RT_ms,baseline_plus_shuffled_hidden,1,shuffled_hidden_07,-0.0031065160872299816,1000.0
full_pre_response,log_RT_ms,baseline_plus_shuffled_hidden,1,shuffled_hidden_08,-0.0026186548406194827,1000.0
full_pre_response,log_RT_ms,baseline_plus_shuffled_hidden,1,shuffled_hidden_09,-0.0033712431205816322,1000.0
full_pre_response,log_RT_ms,baseline_plus_shuffled_hidden,1,shuffled_hidden_10,0.0009310057896089942,1000.0
full_pre_response,log_RT_ms,baseline_plus_shuffled_hidden,1,shuffled_hidden_11,0.0010279391702990852,1000.0
full_pre_response,log_RT_ms,baseline_plus_shuffled_hidden,1,shuffled_hidden_12,-0.0025716833169357333,1000.0
full_pre_response,log_RT_ms,baseline_plus_shuffled_hidden,1,shuffled_hidden_13,0.0009531252877713024,1000.0
full_pre_response,log_RT_ms,baseline_plus_shuffled_hidden,1,shuffled_hidden_14,-0.0036299181906838075,1000.0
full_pre_response,log_RT_ms,baseline_plus_shuffled_hidden,1,shuffled_hidden_15,-0.009146410104438375,1000.0
full_pre_response,log_RT_ms,baseline_plus_shuffled_hidden,1,shuffled_hidden_16,-0.0019697235248548046,1000.0
full_pre_response,log_RT_ms,baseline_plus_shuffled_hidden,1,shuffled_hidden_17,0.00744826228851805,1000.0
full_pre_response,log_RT_ms,baseline_plus_shuffled_hidden,1,shuffled_hidden_18,0.0036882834226970806,1000.0
full_pre_response,log_RT_ms,baseline_plus_shuffled_hidden,1,shuffled_hidden_19,-0.008571942414681554,1000.0
full_pre_response,log_RT_ms,baseline_plus_shuffled_hidden,1,shuffled_hidden_20,0.0038670849893975325,1000.0
full_pre_response,log_RT_ms,baseline_plus_shuffled_hidden,1,shuffled_hidden_21,-0.0004882555907408279,1000.0
full_pre_response,log_RT_ms,baseline_plus_shuffled_hidden,1,shuffled_hidden_22,0.0014815526791859164,1000.0
full_pre_response,log_RT_ms,baseline_plus_shuffled_hidden,1,shuffled_hidden_23,0.0034198325657192516,1000.0
full_pre_response,log_RT_ms,baseline_plus_shuffled_hidden,1,shuffled_hidden_24,-0.002443330537180618,1000.0
full_pre_response,log_RT_ms,baseline_plus_shuffled_hidden,1,shuffled_hidden_25,-0.007335285551706368,1000.0
full_pre_response,log_RT_ms,baseline_plus_shuffled_hidden,1,shuffled_hidden_26,-0.0032648866986141785,1000.0
full_pre_response,log_RT_ms,baseline_plus_shuffled_hidden,1,shuffled_hidden_27,-0.004174591669058521,1000.0
full_pre_response,log_RT_ms,baseline_plus_shuffled_hidden,1,shuffled_hidden_28,-0.0028890404770853416,1000.0
full_pre_response,log_RT_ms,baseline_plus_shuffled_hidden,1,shuffled_hidden_29,0.0007189941174731406,1000.0
full_pre_response,log_RT_ms,baseline_plus_shuffled_hidden,1,shuffled_hidden_30,-0.0004412069632572,1000.0
full_pre_response,log_RT_ms,baseline_plus_shuffled_hidden,1,shuffled_hidden_31,0.001481827913966718,1000.0
full_pre_response,log_RT_ms,baseline_plus_shuffled_hidden,2,shuffled_hidden_00,-0.005716024006388744,1000.0
full_pre_response,log_RT_ms,baseline_plus_shuffled_hidden,2,shuffled_hidden_01,-0.0033239794058601267,1000.0
full_pre_response,log_RT_ms,baseline_plus_shuffled_hidden,2,shuffled_hidden_02,0.0016189936112768588,1000.0
full_pre_response,log_RT_ms,baseline_plus_shuffled_hidden,2,shuffled_hidden_03,-0.004808307079550046,1000.0
full_pre_response,log_RT_ms,baseline_plus_shuffled_hidden,2,shuffled_hidden_04,-0.002248041901748299,1000.0
full_pre_response,log_RT_ms,baseline_plus_shuffled_hidden,2,shuffled_hidden_05,0.0035064160695198244,1000.0
full_pre_response,log_RT_ms,baseline_plus_shuffled_hidden,2,shuffled_hidden_06,-0.0013869271663637616,1000.0
full_pre_response,log_RT_ms,baseline_plus_shuffled_hidden,2,shuffled_hidden_07,-0.004001505243795345,1000.0
full_pre_response,log_RT_ms,baseline_plus_shuffled_hidden,2,shuffled_hidden_08,-0.004815725277806537,1000.0
full_pre_response,log_RT_ms,baseline_plus_shuffled_hidden,2,shuffled_hidden_09,-0.003258390123870075,1000.0
full_pre_response,log_RT_ms,baseline_plus_shuffled_hidden,2,shuffled_hidden_10,0.0011839011430558792,1000.0
full_pre_response,log_RT_ms,baseline_plus_shuffled_hidden,2,shuffled_hidden_11,0.003916556054543651,1000.0
full_pre_response,log_RT_ms,baseline_plus_shuffled_hidden,2,shuffled_hidden_12,-0.0014740539313784038,1000.0
full_pre_response,log_RT_ms,baseline_plus_shuffled_hidden,2,shuffled_hidden_13,0.0015630634750848802,1000.0
full_pre_response,log_RT_ms,baseline_plus_shuffled_hidden,2,shuffled_hidden_14,-0.00337265851402266,1000.0
full_pre_response,log_RT_ms,baseline_plus_shuffled_hidden,2,shuffled_hidden_15,-0.00943207916629256,1000.0
full_pre_response,log_RT_ms,baseline_plus_shuffled_hidden,2,shuffled_hidden_16,0.000563623248871546,1000.0
full_pre_response,log_RT_ms,baseline_plus_shuffled_hidden,2,shuffled_hidden_17,0.0059080294010067395,1000.0
full_pre_response,log_RT_ms,baseline_plus_shuffled_hidden,2,shuffled_hidden_18,0.003477206302982363,1000.0
full_pre_response,log_RT_ms,baseline_plus_shuffled_hidden,2,shuffled_hidden_19,-0.00959480307534831,1000.0
full_pre_response,log_RT_ms,baseline_plus_shuffled_hidden,2,shuffled_hidden_20,0.004878861885320789,1000.0
full_pre_response,log_RT_ms,baseline_plus_shuffled_hidden,2,shuffled_hidden_21,-0.0014843223188529542,1000.0
full_pre_response,log_RT_ms,baseline_plus_shuffled_hidden,2,shuffled_hidden_22,0.004167146559510923,1000.0
full_pre_response,log_RT_ms,baseline_plus_shuffled_hidden,2,shuffled_hidden_23,0.002172838132971266,1000.0
full_pre_response,log_RT_ms,baseline_plus_shuffled_hidden,2,shuffled_hidden_24,-0.003333719737422599,1000.0
full_pre_response,log_RT_ms,baseline_plus_shuffled_hidden,2,shuffled_hidden_25,-0.006692117556913161,1000.0
full_pre_response,log_RT_ms,baseline_plus_shuffled_hidden,2,shuffled_hidden_26,-0.0014029214504169506,1000.0
full_pre_response,log_RT_ms,baseline_plus_shuffled_hidden,2,shuffled_hidden_27,-0.004091685817122875,1000.0
full_pre_response,log_RT_ms,baseline_plus_shuffled_hidden,2,shuffled_hidden_28,-0.005309998564622401,1000.0
full_pre_response,log_RT_ms,baseline_plus_shuffled_hidden,2,shuffled_hidden_29,-0.0031219208809540023,1000.0
full_pre_response,log_RT_ms,baseline_plus_shuffled_hidden,2,shuffled_hidden_30,-0.001040782209921488,1000.0
full_pre_response,log_RT_ms,baseline_plus_shuffled_hidden,2,shuffled_hidden_31,-0.0008867073061572394,1000.0
full_pre_response,log_RT_ms,baseline_plus_shuffled_hidden,3,shuffled_hidden_00,-0.004134079282574824,1000.0
full_pre_response,log_RT_ms,baseline_plus_shuffled_hidden,3,shuffled_hidden_01,0.0002576820232085223,1000.0
full_pre_response,log_RT_ms,baseline_plus_shuffled_hidden,3,shuffled_hidden_02,0.0013236642101776854,1000.0
full_pre_response,log_RT_ms,baseline_plus_shuffled_hidden,3,shuffled_hidden_03,-0.0034535970041263335,1000.0
full_pre_response,log_RT_ms,baseline_plus_shuffled_hidden,3,shuffled_hidden_04,-0.003319231004560292,1000.0
full_pre_response,log_RT_ms,baseline_plus_shuffled_hidden,3,shuffled_hidden_05,0.00015962067942827102,1000.0
full_pre_response,log_RT_ms,baseline_plus_shuffled_hidden,3,shuffled_hidden_06,-0.0008273589374391227,1000.0
full_pre_response,log_RT_ms,baseline_plus_shuffled_hidden,3,shuffled_hidden_07,-0.0020927004601079594,1000.0
full_pre_response,log_RT_ms,baseline_plus_shuffled_hidden,3,shuffled_hidden_08,-0.0015615385716163173,1000.0
full_pre_response,log_RT_ms,baseline_plus_shuffled_hidden,3,shuffled_hidden_09,-0.002778153555124718,1000.0
full_pre_response,log_RT_ms,baseline_plus_shuffled_hidden,3,shuffled_hidden_10,0.0005673350332230391,1000.0
full_pre_response,log_RT_ms,baseline_plus_shuffled_hidden,3,shuffled_hidden_11,0.0021244915499628483,1000.0
full_pre_response,log_RT_ms,baseline_plus_shuffled_hidden,3,shuffled_hidden_12,0.0004471389309659685,1000.0
full_pre_response,log_RT_ms,baseline_plus_shuffled_hidden,3,shuffled_hidden_13,0.0013615278817280187,1000.0
full_pre_response,log_RT_ms,baseline_plus_shuffled_hidden,3,shuffled_hidden_14,-0.0032763699384571934,1000.0
full_pre_response,log_RT_ms,baseline_plus_shuffled_hidden,3,shuffled_hidden_15,-0.002335976635441989,1000.0
full_pre_response,log_RT_ms,baseline_plus_shuffled_hidden,3,shuffled_hidden_16,-0.0032897569632955636,1000.0
full_pre_response,log_RT_ms,baseline_plus_shuffled_hidden,3,shuffled_hidden_17,0.0064507631815324895,1000.0
full_pre_response,log_RT_ms,baseline_plus_shuffled_hidden,3,shuffled_hidden_18,0.0040259267375948055,1000.0
full_pre_response,log_RT_ms,baseline_plus_shuffled_hidden,3,shuffled_hidden_19,-0.008163815007998223,1000.0
full_pre_response,log_RT_ms,baseline_plus_shuffled_hidden,3,shuffled_hidden_20,0.0019565715330834114,1000.0
full_pre_response,log_RT_ms,baseline_plus_shuffled_hidden,3,shuffled_hidden_21,0.0017847025231978039,1000.0
full_pre_response,log_RT_ms,baseline_plus_shuffled_hidden,3,shuffled_hidden_22,0.003851661618046046,1000.0
full_pre_response,log_RT_ms,baseline_plus_shuffled_hidden,3,shuffled_hidden_23,0.0026379042392657135,1000.0
full_pre_response,log_RT_ms,baseline_plus_shuffled_hidden,3,shuffled_hidden_24,-0.0045600659569944545,1000.0
full_pre_response,log_RT_ms,baseline_plus_shuffled_hidden,3,shuffled_hidden_25,-0.0027210438799909315,1000.0
full_pre_response,log_RT_ms,baseline_plus_shuffled_hidden,3,shuffled_hidden_26,-0.002531085462023784,1000.0
full_pre_response,log_RT_ms,baseline_plus_shuffled_hidden,3,shuffled_hidden_27,-0.005580227938005565,1000.0
full_pre_response,log_RT_ms,baseline_plus_shuffled_hidden,3,shuffled_hidden_28,-0.004278270847256648,1000.0
full_pre_response,log_RT_ms,baseline_plus_shuffled_hidden,3,shuffled_hidden_29,-0.0009419399219983972,1000.0
full_pre_response,log_RT_ms,baseline_plus_shuffled_hidden,3,shuffled_hidden_30,-0.0004000007093878834,1000.0
full_pre_response,log_RT_ms,baseline_plus_shuffled_hidden,3,shuffled_hidden_31,0.0025556979352920075,1000.0
full_pre_response,log_RT_ms,baseline_plus_shuffled_hidden,4,shuffled_hidden_00,-0.005216715524098193,1000.0
full_pre_response,log_RT_ms,baseline_plus_shuffled_hidden,4,shuffled_hidden_01,-0.001131653498559938,1000.0
full_pre_response,log_RT_ms,baseline_plus_shuffled_hidden,4,shuffled_hidden_02,0.00010274356988926795,1000.0
full_pre_response,log_RT_ms,baseline_plus_shuffled_hidden,4,shuffled_hidden_03,-0.0023514010454805433,1000.0
full_pre_response,log_RT_ms,baseline_plus_shuffled_hidden,4,shuffled_hidden_04,-0.0010536301279201875,1000.0
full_pre_response,log_RT_ms,baseline_plus_shuffled_hidden,4,shuffled_hidden_05,0.0011660708126693807,1000.0
full_pre_response,log_RT_ms,baseline_plus_shuffled_hidden,4,shuffled_hidden_06,-0.001614062209929561,1000.0
full_pre_response,log_RT_ms,baseline_plus_shuffled_hidden,4,shuffled_hidden_07,-0.0034625536664565273,1000.0
full_pre_response,log_RT_ms,baseline_plus_shuffled_hidden,4,shuffled_hidden_08,-0.005349450168549538,1000.0
full_pre_response,log_RT_ms,baseline_plus_shuffled_hidden,4,shuffled_hidden_09,-0.003298378228294452,1000.0
full_pre_response,log_RT_ms,baseline_plus_shuffled_hidden,4,shuffled_hidden_10,0.0011317501494105902,1000.0
full_pre_response,log_RT_ms,baseline_plus_shuffled_hidden,4,shuffled_hidden_11,0.00235123629468677,1000.0
full_pre_response,log_RT_ms,baseline_plus_shuffled_hidden,4,shuffled_hidden_12,-0.0016118398076830531,1000.0
full_pre_response,log_RT_ms,baseline_plus_shuffled_hidden,4,shuffled_hidden_13,0.00028466498528142915,1000.0
full_pre_response,log_RT_ms,baseline_plus_shuffled_hidden,4,shuffled_hidden_14,-0.0026305721695472507,1000.0
full_pre_response,log_RT_ms,baseline_plus_shuffled_hidden,4,shuffled_hidden_15,-0.0067607643975283235,1000.0
full_pre_response,log_RT_ms,baseline_plus_shuffled_hidden,4,shuffled_hidden_16,-0.0004841778221560427,1000.0
full_pre_response,log_RT_ms,baseline_plus_shuffled_hidden,4,shuffled_hidden_17,0.004523597529198425,1000.0
full_pre_response,log_RT_ms,baseline_plus_shuffled_hidden,4,shuffled_hidden_18,0.0014444040102577027,1000.0
full_pre_response,log_RT_ms,baseline_plus_shuffled_hidden,4,shuffled_hidden_19,-0.00785866831443392,1000.0
full_pre_response,log_RT_ms,baseline_plus_shuffled_hidden,4,shuffled_hidden_20,0.0031280716651389405,1000.0
full_pre_response,log_RT_ms,baseline_plus_shuffled_hidden,4,shuffled_hidden_21,-0.0004950294368960256,1000.0
full_pre_response,log_RT_ms,baseline_plus_shuffled_hidden,4,shuffled_hidden_22,-0.0033461381244044024,1000.0
full_pre_response,log_RT_ms,baseline_plus_shuffled_hidden,4,shuffled_hidden_23,0.0008351594407141848,1000.0
full_pre_response,log_RT_ms,baseline_plus_shuffled_hidden,4,shuffled_hidden_24,-0.0026196701811573913,1000.0
full_pre_response,log_RT_ms,baseline_plus_shuffled_hidden,4,shuffled_hidden_25,-0.005520055491136354,1000.0
full_pre_response,log_RT_ms,baseline_plus_shuffled_hidden,4,shuffled_hidden_26,-0.0029983993550959276,1000.0
full_pre_response,log_RT_ms,baseline_plus_shuffled_hidden,4,shuffled_hidden_27,-0.0040598148375647625,1000.0
full_pre_response,log_RT_ms,baseline_plus_shuffled_hidden,4,shuffled_hidden_28,-0.002669414490244881,1000.0
full_pre_response,log_RT_ms,baseline_plus_shuffled_hidden,4,shuffled_hidden_29,-0.0026607902490194553,1000.0
full_pre_response,log_RT_ms,baseline_plus_shuffled_hidden,4,shuffled_hidden_30,-0.001063449839533994,1000.0
full_pre_response,log_RT_ms,baseline_plus_shuffled_hidden,4,shuffled_hidden_31,0.0012093270345337776,1000.0
full_pre_response,log_RT_ms,baseline_plus_shuffled_hidden,5,shuffled_hidden_00,-0.002493413906094669,1000.0
full_pre_response,log_RT_ms,baseline_plus_shuffled_hidden,5,shuffled_hidden_01,-6.127885301930537e-05,1000.0
full_pre_response,log_RT_ms,baseline_plus_shuffled_hidden,5,shuffled_hidden_02,0.001359362203770468,1000.0
full_pre_response,log_RT_ms,baseline_plus_shuffled_hidden,5,shuffled_hidden_03,-0.0007988883258795075,1000.0
full_pre_response,log_RT_ms,baseline_plus_shuffled_hidden,5,shuffled_hidden_04,-0.002240190461829293,1000.0
full_pre_response,log_RT_ms,baseline_plus_shuffled_hidden,5,shuffled_hidden_05,-0.00271939145509506,1000.0
full_pre_response,log_RT_ms,baseline_plus_shuffled_hidden,5,shuffled_hidden_06,-0.000872430855147338,1000.0
full_pre_response,log_RT_ms,baseline_plus_shuffled_hidden,5,shuffled_hidden_07,-0.002502475392431303,1000.0
full_pre_response,log_RT_ms,baseline_plus_shuffled_hidden,5,shuffled_hidden_08,-0.0038422220589246527,1000.0
full_pre_response,log_RT_ms,baseline_plus_shuffled_hidden,5,shuffled_hidden_09,-0.0021802416978863775,1000.0
full_pre_response,log_RT_ms,baseline_plus_shuffled_hidden,5,shuffled_hidden_10,0.0005892638767536274,1000.0
full_pre_response,log_RT_ms,baseline_plus_shuffled_hidden,5,shuffled_hidden_11,0.0013601052343817496,1000.0
full_pre_response,log_RT_ms,baseline_plus_shuffled_hidden,5,shuffled_hidden_12,0.0036237066022743766,1000.0
full_pre_response,log_RT_ms,baseline_plus_shuffled_hidden,5,shuffled_hidden_13,0.0016055254035317295,1000.0
full_pre_response,log_RT_ms,baseline_plus_shuffled_hidden,5,shuffled_hidden_14,-0.001708184002163793,1000.0
full_pre_response,log_RT_ms,baseline_plus_shuffled_hidden,5,shuffled_hidden_15,-0.00719039015273292,1000.0
full_pre_response,log_RT_ms,baseline_plus_shuffled_hidden,5,shuffled_hidden_16,-0.0024932817523809652,1000.0
full_pre_response,log_RT_ms,baseline_plus_shuffled_hidden,5,shuffled_hidden_17,0.0008896728740033845,1000.0
full_pre_response,log_RT_ms,baseline_plus_shuffled_hidden,5,shuffled_hidden_18,0.0019760729394471205,1000.0
full_pre_response,log_RT_ms,baseline_plus_shuffled_hidden,5,shuffled_hidden_19,-0.004701753825920597,1000.0
full_pre_response,log_RT_ms,baseline_plus_shuffled_hidden,5,shuffled_hidden_20,0.0040060122074254715,1000.0
full_pre_response,log_RT_ms,baseline_plus_shuffled_hidden,5,shuffled_hidden_21,-0.0010919487507250313,1000.0
full_pre_response,log_RT_ms,baseline_plus_shuffled_hidden,5,shuffled_hidden_22,0.0032887968895172234,1000.0
full_pre_response,log_RT_ms,baseline_plus_shuffled_hidden,5,shuffled_hidden_23,-0.0005128794802809835,1000.0
full_pre_response,log_RT_ms,baseline_plus_shuffled_hidden,5,shuffled_hidden_24,-0.0008740553399724615,1000.0
full_pre_response,log_RT_ms,baseline_plus_shuffled_hidden,5,shuffled_hidden_25,-0.0038379888502836986,1000.0
full_pre_response,log_RT_ms,baseline_plus_shuffled_hidden,5,shuffled_hidden_26,-0.0015439276589156812,1000.0
full_pre_response,log_RT_ms,baseline_plus_shuffled_hidden,5,shuffled_hidden_27,-0.0048564605822867925,1000.0
full_pre_response,log_RT_ms,baseline_plus_shuffled_hidden,5,shuffled_hidden_28,-0.0029490721489414187,1000.0
full_pre_response,log_RT_ms,baseline_plus_shuffled_hidden,5,shuffled_hidden_29,-0.001106509940461863,1000.0
full_pre_response,log_RT_ms,baseline_plus_shuffled_hidden,5,shuffled_hidden_30,-0.00023409850906841426,1000.0
full_pre_response,log_RT_ms,baseline_plus_shuffled_hidden,5,shuffled_hidden_31,0.0003817354891692235,1000.0
full_pre_response,RT_ms,hidden,1,hidden_00,-100.45650482177734,46.41588833612773
full_pre_response,RT_ms,hidden,1,hidden_01,1.960209846496582,46.41588833612773
full_pre_response,RT_ms,hidden,1,hidden_02,26.46095848083496,46.41588833612773
full_pre_response,RT_ms,hidden,1,hidden_03,84.10142517089844,46.41588833612773
full_pre_response,RT_ms,hidden,1,hidden_04,-18.952442169189453,46.41588833612773
full_pre_response,RT_ms,hidden,1,hidden_05,-1.073862910270691,46.41588833612773
full_pre_response,RT_ms,hidden,1,hidden_06,10.2560396194458,46.41588833612773
full_pre_response,RT_ms,hidden,1,hidden_07,80.05767059326172,46.41588833612773
full_pre_response,RT_ms,hidden,1,hidden_08,21.33866310119629,46.41588833612773
full_pre_response,RT_ms,hidden,1,hidden_09,20.625972747802734,46.41588833612773
full_pre_response,RT_ms,hidden,1,hidden_10,57.33360290527344,46.41588833612773
full_pre_response,RT_ms,hidden,1,hidden_11,-61.520320892333984,46.41588833612773
full_pre_response,RT_ms,hidden,1,hidden_12,37.78367233276367,46.41588833612773
full_pre_response,RT_ms,hidden,1,hidden_13,-87.84500885009766,46.41588833612773
full_pre_response,RT_ms,hidden,1,hidden_14,8.696272850036621,46.41588833612773
full_pre_response,RT_ms,hidden,1,hidden_15,0.27246296405792236,46.41588833612773
full_pre_response,RT_ms,hidden,1,hidden_16,-54.06507873535156,46.41588833612773
full_pre_response,RT_ms,hidden,1,hidden_17,42.66670227050781,46.41588833612773
full_pre_response,RT_ms,hidden,1,hidden_18,84.7540283203125,46.41588833612773
full_pre_response,RT_ms,hidden,1,hidden_19,46.23667526245117,46.41588833612773
full_pre_response,RT_ms,hidden,1,hidden_20,48.690547943115234,46.41588833612773
full_pre_response,RT_ms,hidden,1,hidden_21,14.709253311157227,46.41588833612773
full_pre_response,RT_ms,hidden,1,hidden_22,-23.001726150512695,46.41588833612773
full_pre_response,RT_ms,hidden,1,hidden_23,12.546753883361816,46.41588833612773
full_pre_response,RT_ms,hidden,1,hidden_24,-15.606346130371094,46.41588833612773
full_pre_response,RT_ms,hidden,1,hidden_25,38.0831298828125,46.41588833612773
full_pre_response,RT_ms,hidden,1,hidden_26,20.461833953857422,46.41588833612773
full_pre_response,RT_ms,hidden,1,hidden_27,21.463214874267578,46.41588833612773
full_pre_response,RT_ms,hidden,1,hidden_28,17.078311920166016,46.41588833612773
full_pre_response,RT_ms,hidden,1,hidden_29,11.276823043823242,46.41588833612773
full_pre_response,RT_ms,hidden,1,hidden_30,-130.69261169433594,46.41588833612773
full_pre_response,RT_ms,hidden,1,hidden_31,-34.926414489746094,46.41588833612773
full_pre_response,RT_ms,hidden,2,hidden_00,-55.94953155517578,100.0
full_pre_response,RT_ms,hidden,2,hidden_01,-9.238439559936523,100.0
full_pre_response,RT_ms,hidden,2,hidden_02,16.664134979248047,100.0
full_pre_response,RT_ms,hidden,2,hidden_03,66.18576049804688,100.0
full_pre_response,RT_ms,hidden,2,hidden_04,-25.313430786132812,100.0
full_pre_response,RT_ms,hidden,2,hidden_05,7.107170581817627,100.0
full_pre_response,RT_ms,hidden,2,hidden_06,4.253037452697754,100.0
full_pre_response,RT_ms,hidden,2,hidden_07,83.46427154541016,100.0
full_pre_response,RT_ms,hidden,2,hidden_08,7.445185661315918,100.0
full_pre_response,RT_ms,hidden,2,hidden_09,9.494827270507812,100.0
full_pre_response,RT_ms,hidden,2,hidden_10,43.61286163330078,100.0
full_pre_response,RT_ms,hidden,2,hidden_11,-59.2459716796875,100.0
full_pre_response,RT_ms,hidden,2,hidden_12,37.97156524658203,100.0
full_pre_response,RT_ms,hidden,2,hidden_13,-49.75013732910156,100.0
full_pre_response,RT_ms,hidden,2,hidden_14,1.8544565439224243,100.0
full_pre_response,RT_ms,hidden,2,hidden_15,-3.829819679260254,100.0
full_pre_response,RT_ms,hidden,2,hidden_16,-49.60992431640625,100.0
full_pre_response,RT_ms,hidden,2,hidden_17,20.584665298461914,100.0
full_pre_response,RT_ms,hidden,2,hidden_18,62.601383209228516,100.0
full_pre_response,RT_ms,hidden,2,hidden_19,45.4394645690918,100.0
full_pre_response,RT_ms,hidden,2,hidden_20,37.04013442993164,100.0
full_pre_response,RT_ms,hidden,2,hidden_21,7.216460704803467,100.0
full_pre_response,RT_ms,hidden,2,hidden_22,-19.93547248840332,100.0
full_pre_response,RT_ms,hidden,2,hidden_23,8.577980995178223,100.0
full_pre_response,RT_ms,hidden,2,hidden_24,-10.718305587768555,100.0
full_pre_response,RT_ms,hidden,2,hidden_25,15.066478729248047,100.0
full_pre_response,RT_ms,hidden,2,hidden_26,6.906816482543945,100.0
full_pre_response,RT_ms,hidden,2,hidden_27,2.584994077682495,100.0
full_pre_response,RT_ms,hidden,2,hidden_28,7.123007297515869,100.0
full_pre_response,RT_ms,hidden,2,hidden_29,4.8973259925842285,100.0
full_pre_response,RT_ms,hidden,2,hidden_30,-82.90190124511719,100.0
full_pre_response,RT_ms,hidden,2,hidden_31,-26.640443801879883,100.0
full_pre_response,RT_ms,hidden,3,hidden_00,-94.12840270996094,46.41588833612773
full_pre_response,RT_ms,hidden,3,hidden_01,-1.47078275680542,46.41588833612773
full_pre_response,RT_ms,hidden,3,hidden_02,32.25922775268555,46.41588833612773
full_pre_response,RT_ms,hidden,3,hidden_03,75.59505462646484,46.41588833612773
full_pre_response,RT_ms,hidden,3,hidden_04,-10.635782241821289,46.41588833612773
full_pre_response,RT_ms,hidden,3,hidden_05,-1.3320180177688599,46.41588833612773
full_pre_response,RT_ms,hidden,3,hidden_06,13.006240844726562,46.41588833612773
full_pre_response,RT_ms,hidden,3,hidden_07,87.31727600097656,46.41588833612773
full_pre_response,RT_ms,hidden,3,hidden_08,19.92029571533203,46.41588833612773
full_pre_response,RT_ms,hidden,3,hidden_09,25.430505752563477,46.41588833612773
full_pre_response,RT_ms,hidden,3,hidden_10,49.494850158691406,46.41588833612773
full_pre_response,RT_ms,hidden,3,hidden_11,-44.67314147949219,46.41588833612773
full_pre_response,RT_ms,hidden,3,hidden_12,37.883033752441406,46.41588833612773
full_pre_response,RT_ms,hidden,3,hidden_13,-93.9674301147461,46.41588833612773
full_pre_response,RT_ms,hidden,3,hidden_14,13.154439926147461,46.41588833612773
full_pre_response,RT_ms,hidden,3,hidden_15,0.7058255076408386,46.41588833612773
full_pre_response,RT_ms,hidden,3,hidden_16,-48.39505386352539,46.41588833612773
full_pre_response,RT_ms,hidden,3,hidden_17,25.975929260253906,46.41588833612773
full_pre_response,RT_ms,hidden,3,hidden_18,66.48226928710938,46.41588833612773
full_pre_response,RT_ms,hidden,3,hidden_19,48.77626419067383,46.41588833612773
full_pre_response,RT_ms,hidden,3,hidden_20,51.64022445678711,46.41588833612773
full_pre_response,RT_ms,hidden,3,hidden_21,1.971020221710205,46.41588833612773
full_pre_response,RT_ms,hidden,3,hidden_22,-22.747119903564453,46.41588833612773
full_pre_response,RT_ms,hidden,3,hidden_23,15.672711372375488,46.41588833612773
full_pre_response,RT_ms,hidden,3,hidden_24,-20.31377601623535,46.41588833612773
full_pre_response,RT_ms,hidden,3,hidden_25,19.215246200561523,46.41588833612773
full_pre_response,RT_ms,hidden,3,hidden_26,20.69155502319336,46.41588833612773
full_pre_response,RT_ms,hidden,3,hidden_27,6.7335124015808105,46.41588833612773
full_pre_response,RT_ms,hidden,3,hidden_28,4.5677080154418945,46.41588833612773
full_pre_response,RT_ms,hidden,3,hidden_29,6.101070880889893,46.41588833612773
full_pre_response,RT_ms,hidden,3,hidden_30,-113.2540054321289,46.41588833612773
full_pre_response,RT_ms,hidden,3,hidden_31,-31.244247436523438,46.41588833612773
full_pre_response,RT_ms,hidden,4,hidden_00,-94.63970947265625,46.41588833612773
full_pre_response,RT_ms,hidden,4,hidden_01,5.9594292640686035,46.41588833612773
full_pre_response,RT_ms,hidden,4,hidden_02,25.66699981689453,46.41588833612773
full_pre_response,RT_ms,hidden,4,hidden_03,88.37078094482422,46.41588833612773
full_pre_response,RT_ms,hidden,4,hidden_04,-1.0845474004745483,46.41588833612773
full_pre_response,RT_ms,hidden,4,hidden_05,0.13136303424835205,46.41588833612773
full_pre_response,RT_ms,hidden,4,hidden_06,10.16828441619873,46.41588833612773
full_pre_response,RT_ms,hidden,4,hidden_07,83.44554901123047,46.41588833612773
full_pre_response,RT_ms,hidden,4,hidden_08,29.43341064453125,46.41588833612773
full_pre_response,RT_ms,hidden,4,hidden_09,17.999692916870117,46.41588833612773
full_pre_response,RT_ms,hidden,4,hidden_10,52.24294662475586,46.41588833612773
full_pre_response,RT_ms,hidden,4,hidden_11,-58.366539001464844,46.41588833612773
full_pre_response,RT_ms,hidden,4,hidden_12,39.427207946777344,46.41588833612773
full_pre_response,RT_ms,hidden,4,hidden_13,-92.80256652832031,46.41588833612773
full_pre_response,RT_ms,hidden,4,hidden_14,7.852219581604004,46.41588833612773
full_pre_response,RT_ms,hidden,4,hidden_15,-1.8844037055969238,46.41588833612773
full_pre_response,RT_ms,hidden,4,hidden_16,-55.887420654296875,46.41588833612773
full_pre_response,RT_ms,hidden,4,hidden_17,38.29359436035156,46.41588833612773
full_pre_response,RT_ms,hidden,4,hidden_18,91.0626449584961,46.41588833612773
full_pre_response,RT_ms,hidden,4,hidden_19,45.56998825073242,46.41588833612773
full_pre_response,RT_ms,hidden,4,hidden_20,50.49483108520508,46.41588833612773
full_pre_response,RT_ms,hidden,4,hidden_21,15.114139556884766,46.41588833612773
full_pre_response,RT_ms,hidden,4,hidden_22,-19.74169921875,46.41588833612773
full_pre_response,RT_ms,hidden,4,hidden_23,12.61076545715332,46.41588833612773
full_pre_response,RT_ms,hidden,4,hidden_24,-17.249378204345703,46.41588833612773
full_pre_response,RT_ms,hidden,4,hidden_25,17.544445037841797,46.41588833612773
full_pre_response,RT_ms,hidden,4,hidden_26,18.26689338684082,46.41588833612773
full_pre_response,RT_ms,hidden,4,hidden_27,15.99129867553711,46.41588833612773
full_pre_response,RT_ms,hidden,4,hidden_28,6.779054164886475,46.41588833612773
full_pre_response,RT_ms,hidden,4,hidden_29,7.977810859680176,46.41588833612773
full_pre_response,RT_ms,hidden,4,hidden_30,-121.26316833496094,46.41588833612773
full_pre_response,RT_ms,hidden,4,hidden_31,-35.76569366455078,46.41588833612773
full_pre_response,RT_ms,hidden,5,hidden_00,-90.67832946777344,46.41588833612773
full_pre_response,RT_ms,hidden,5,hidden_01,0.2867933213710785,46.41588833612773
full_pre_response,RT_ms,hidden,5,hidden_02,52.795101165771484,46.41588833612773
full_pre_response,RT_ms,hidden,5,hidden_03,91.88196563720703,46.41588833612773
full_pre_response,RT_ms,hidden,5,hidden_04,-10.475325584411621,46.41588833612773
full_pre_response,RT_ms,hidden,5,hidden_05,-8.252824783325195,46.41588833612773
full_pre_response,RT_ms,hidden,5,hidden_06,14.36821460723877,46.41588833612773
full_pre_response,RT_ms,hidden,5,hidden_07,81.84801483154297,46.41588833612773
full_pre_response,RT_ms,hidden,5,hidden_08,16.101272583007812,46.41588833612773
full_pre_response,RT_ms,hidden,5,hidden_09,18.890771865844727,46.41588833612773
full_pre_response,RT_ms,hidden,5,hidden_10,68.5140609741211,46.41588833612773
full_pre_response,RT_ms,hidden,5,hidden_11,-50.598175048828125,46.41588833612773
full_pre_response,RT_ms,hidden,5,hidden_12,38.080909729003906,46.41588833612773
full_pre_response,RT_ms,hidden,5,hidden_13,-81.3152847290039,46.41588833612773
full_pre_response,RT_ms,hidden,5,hidden_14,3.5393049716949463,46.41588833612773
full_pre_response,RT_ms,hidden,5,hidden_15,-0.4808025658130646,46.41588833612773
full_pre_response,RT_ms,hidden,5,hidden_16,-56.35581588745117,46.41588833612773
full_pre_response,RT_ms,hidden,5,hidden_17,35.816429138183594,46.41588833612773
full_pre_response,RT_ms,hidden,5,hidden_18,72.91468811035156,46.41588833612773
full_pre_response,RT_ms,hidden,5,hidden_19,44.57078170776367,46.41588833612773
full_pre_response,RT_ms,hidden,5,hidden_20,55.724613189697266,46.41588833612773
full_pre_response,RT_ms,hidden,5,hidden_21,5.291261672973633,46.41588833612773
full_pre_response,RT_ms,hidden,5,hidden_22,-31.873062133789062,46.41588833612773
full_pre_response,RT_ms,hidden,5,hidden_23,20.000635147094727,46.41588833612773
full_pre_response,RT_ms,hidden,5,hidden_24,-8.432718276977539,46.41588833612773
full_pre_response,RT_ms,hidden,5,hidden_25,29.30531883239746,46.41588833612773
full_pre_response,RT_ms,hidden,5,hidden_26,13.399676322937012,46.41588833612773
full_pre_response,RT_ms,hidden,5,hidden_27,4.058613300323486,46.41588833612773
full_pre_response,RT_ms,hidden,5,hidden_28,13.168937683105469,46.41588833612773
full_pre_response,RT_ms,hidden,5,hidden_29,5.935562610626221,46.41588833612773
full_pre_response,RT_ms,hidden,5,hidden_30,-107.38684844970703,46.41588833612773
full_pre_response,RT_ms,hidden,5,hidden_31,-34.10573196411133,46.41588833612773
full_pre_response,RT_ms,baseline_plus_hidden,1,hidden_00,-86.35807290636279,46.41588833612773
full_pre_response,RT_ms,baseline_plus_hidden,1,hidden_01,-34.12484052702658,46.41588833612773
full_pre_response,RT_ms,baseline_plus_hidden,1,hidden_02,33.5518192675047,46.41588833612773
full_pre_response,RT_ms,baseline_plus_hidden,1,hidden_03,64.1174383196575,46.41588833612773
full_pre_response,RT_ms,baseline_plus_hidden,1,hidden_04,-35.04705501450052,46.41588833612773
full_pre_response,RT_ms,baseline_plus_hidden,1,hidden_05,0.7178493208599613,46.41588833612773
full_pre_response,RT_ms,baseline_plus_hidden,1,hidden_06,10.78378780844085,46.41588833612773
full_pre_response,RT_ms,baseline_plus_hidden,1,hidden_07,71.54253074882668,46.41588833612773
full_pre_response,RT_ms,baseline_plus_hidden,1,hidden_08,18.98000697110732,46.41588833612773
full_pre_response,RT_ms,baseline_plus_hidden,1,hidden_09,10.743387935225066,46.41588833612773
full_pre_response,RT_ms,baseline_plus_hidden,1,hidden_10,38.74696351701021,46.41588833612773
full_pre_response,RT_ms,baseline_plus_hidden,1,hidden_11,-45.51344974892549,46.41588833612773
full_pre_response,RT_ms,baseline_plus_hidden,1,hidden_12,26.532865436732568,46.41588833612773
full_pre_response,RT_ms,baseline_plus_hidden,1,hidden_13,-66.36103252863053,46.41588833612773
full_pre_response,RT_ms,baseline_plus_hidden,1,hidden_14,-7.157621686385932,46.41588833612773
full_pre_response,RT_ms,baseline_plus_hidden,1,hidden_15,-2.6934443352251836,46.41588833612773
full_pre_response,RT_ms,baseline_plus_hidden,1,hidden_16,-28.719828567152895,46.41588833612773
full_pre_response,RT_ms,baseline_plus_hidden,1,hidden_17,28.73720667867993,46.41588833612773
full_pre_response,RT_ms,baseline_plus_hidden,1,hidden_18,64.77532149806028,46.41588833612773
full_pre_response,RT_ms,baseline_plus_hidden,1,hidden_19,44.35121213737781,46.41588833612773
full_pre_response,RT_ms,baseline_plus_hidden,1,hidden_20,33.03244291580713,46.41588833612773
full_pre_response,RT_ms,baseline_plus_hidden,1,hidden_21,6.28442375338296,46.41588833612773
full_pre_response,RT_ms,baseline_plus_hidden,1,hidden_22,-16.81813503353648,46.41588833612773
full_pre_response,RT_ms,baseline_plus_hidden,1,hidden_23,5.9893295847703385,46.41588833612773
full_pre_response,RT_ms,baseline_plus_hidden,1,hidden_24,-9.533394351827539,46.41588833612773
full_pre_response,RT_ms,baseline_plus_hidden,1,hidden_25,43.23093974342322,46.41588833612773
full_pre_response,RT_ms,baseline_plus_hidden,1,hidden_26,8.679449416182209,46.41588833612773
full_pre_response,RT_ms,baseline_plus_hidden,1,hidden_27,-0.029970043867556917,46.41588833612773
full_pre_response,RT_ms,baseline_plus_hidden,1,hidden_28,15.065295784152577,46.41588833612773
full_pre_response,RT_ms,baseline_plus_hidden,1,hidden_29,13.360650743818459,46.41588833612773
full_pre_response,RT_ms,baseline_plus_hidden,1,hidden_30,-99.93927768058775,46.41588833612773
full_pre_response,RT_ms,baseline_plus_hidden,1,hidden_31,-18.522292167654573,46.41588833612773
full_pre_response,RT_ms,baseline_plus_hidden,2,hidden_00,-48.25223255963683,100.0
full_pre_response,RT_ms,baseline_plus_hidden,2,hidden_01,-32.97183922485146,100.0
full_pre_response,RT_ms,baseline_plus_hidden,2,hidden_02,19.633662866715845,100.0
full_pre_response,RT_ms,baseline_plus_hidden,2,hidden_03,48.858906874664385,100.0
full_pre_response,RT_ms,baseline_plus_hidden,2,hidden_04,-31.88086890999402,100.0
full_pre_response,RT_ms,baseline_plus_hidden,2,hidden_05,8.97009112736674,100.0
full_pre_response,RT_ms,baseline_plus_hidden,2,hidden_06,2.589309701040484,100.0
full_pre_response,RT_ms,baseline_plus_hidden,2,hidden_07,71.04527694966387,100.0
full_pre_response,RT_ms,baseline_plus_hidden,2,hidden_08,9.367263890547777,100.0
full_pre_response,RT_ms,baseline_plus_hidden,2,hidden_09,2.3556666998783804,100.0
full_pre_response,RT_ms,baseline_plus_hidden,2,hidden_10,32.855685964110386,100.0
full_pre_response,RT_ms,baseline_plus_hidden,2,hidden_11,-45.34787775604273,100.0
full_pre_response,RT_ms,baseline_plus_hidden,2,hidden_12,28.31846468046407,100.0
full_pre_response,RT_ms,baseline_plus_hidden,2,hidden_13,-36.79784291726995,100.0
full_pre_response,RT_ms,baseline_plus_hidden,2,hidden_14,-8.758653113028938,100.0
full_pre_response,RT_ms,baseline_plus_hidden,2,hidden_15,-3.836451660124835,100.0
full_pre_response,RT_ms,baseline_plus_hidden,2,hidden_16,-28.55111519196698,100.0
full_pre_response,RT_ms,baseline_plus_hidden,2,hidden_17,11.045821842987092,100.0
full_pre_response,RT_ms,baseline_plus_hidden,2,hidden_18,48.03840845233561,100.0
full_pre_response,RT_ms,baseline_plus_hidden,2,hidden_19,41.65500500732766,100.0
full_pre_response,RT_ms,baseline_plus_hidden,2,hidden_20,30.547253105021966,100.0
full_pre_response,RT_ms,baseline_plus_hidden,2,hidden_21,5.163096621698611,100.0
full_pre_response,RT_ms,baseline_plus_hidden,2,hidden_22,-17.32664266992464,100.0
full_pre_response,RT_ms,baseline_plus_hidden,2,hidden_23,4.853318040995009,100.0
full_pre_response,RT_ms,baseline_plus_hidden,2,hidden_24,-5.663385166033435,100.0
full_pre_response,RT_ms,baseline_plus_hidden,2,hidden_25,20.845789397584674,100.0
full_pre_response,RT_ms,baseline_plus_hidden,2,hidden_26,1.1528951952057944,100.0
full_pre_response,RT_ms,baseline_plus_hidden,2,hidden_27,-11.554372241314278,100.0
full_pre_response,RT_ms,baseline_plus_hidden,2,hidden_28,7.729137239634931,100.0
full_pre_response,RT_ms,baseline_plus_hidden,2,hidden_29,6.302722306371781,100.0
full_pre_response,RT_ms,baseline_plus_hidden,2,hidden_30,-57.8295269661385,100.0
full_pre_response,RT_ms,baseline_plus_hidden,2,hidden_31,-16.498175855643645,100.0
full_pre_response,RT_ms,baseline_plus_hidden,3,hidden_00,-80.38624653303569,46.41588833612773
full_pre_response,RT_ms,baseline_plus_hidden,3,hidden_01,-35.58476186109367,46.41588833612773
full_pre_response,RT_ms,baseline_plus_hidden,3,hidden_02,37.81024328543073,46.41588833612773
full_pre_response,RT_ms,baseline_plus_hidden,3,hidden_03,55.9153112511981,46.41588833612773
full_pre_response,RT_ms,baseline_plus_hidden,3,hidden_04,-23.63889842420103,46.41588833612773
full_pre_response,RT_ms,baseline_plus_hidden,3,hidden_05,-2.3901925905439705,46.41588833612773
full_pre_response,RT_ms,baseline_plus_hidden,3,hidden_06,14.29973490366819,46.41588833612773
full_pre_response,RT_ms,baseline_plus_hidden,3,hidden_07,74.8308044658626,46.41588833612773
full_pre_response,RT_ms,baseline_plus_hidden,3,hidden_08,16.878719396483472,46.41588833612773
full_pre_response,RT_ms,baseline_plus_hidden,3,hidden_09,10.632017724120162,46.41588833612773
full_pre_response,RT_ms,baseline_plus_hidden,3,hidden_10,35.864027691500816,46.41588833612773
full_pre_response,RT_ms,baseline_plus_hidden,3,hidden_11,-32.46876648354731,46.41588833612773
full_pre_response,RT_ms,baseline_plus_hidden,3,hidden_12,26.5680141808876,46.41588833612773
full_pre_response,RT_ms,baseline_plus_hidden,3,hidden_13,-71.95920196168325,46.41588833612773
full_pre_response,RT_ms,baseline_plus_hidden,3,hidden_14,-5.497169619911031,46.41588833612773
full_pre_response,RT_ms,baseline_plus_hidden,3,hidden_15,-1.801802239929873,46.41588833612773
full_pre_response,RT_ms,baseline_plus_hidden,3,hidden_16,-26.379101557271767,46.41588833612773
full_pre_response,RT_ms,baseline_plus_hidden,3,hidden_17,12.585072986240336,46.41588833612773
full_pre_response,RT_ms,baseline_plus_hidden,3,hidden_18,45.10658393427098,46.41588833612773
full_pre_response,RT_ms,baseline_plus_hidden,3,hidden_19,47.093456126616225,46.41588833612773
full_pre_response,RT_ms,baseline_plus_hidden,3,hidden_20,36.34726121809595,46.41588833612773
full_pre_response,RT_ms,baseline_plus_hidden,3,hidden_21,-1.9559277592189153,46.41588833612773
full_pre_response,RT_ms,baseline_plus_hidden,3,hidden_22,-12.76726504898615,46.41588833612773
full_pre_response,RT_ms,baseline_plus_hidden,3,hidden_23,8.230841324013534,46.41588833612773
full_pre_response,RT_ms,baseline_plus_hidden,3,hidden_24,-18.032929774757076,46.41588833612773
full_pre_response,RT_ms,baseline_plus_hidden,3,hidden_25,26.216800764811552,46.41588833612773
full_pre_response,RT_ms,baseline_plus_hidden,3,hidden_26,9.290909884649716,46.41588833612773
full_pre_response,RT_ms,baseline_plus_hidden,3,hidden_27,-14.559775959883048,46.41588833612773
full_pre_response,RT_ms,baseline_plus_hidden,3,hidden_28,1.863232490823343,46.41588833612773
full_pre_response,RT_ms,baseline_plus_hidden,3,hidden_29,6.770443101320647,46.41588833612773
full_pre_response,RT_ms,baseline_plus_hidden,3,hidden_30,-78.67917463723171,46.41588833612773
full_pre_response,RT_ms,baseline_plus_hidden,3,hidden_31,-16.96618483517412,46.41588833612773
full_pre_response,RT_ms,baseline_plus_hidden,4,hidden_00,-81.67962788129933,46.41588833612773
full_pre_response,RT_ms,baseline_plus_hidden,4,hidden_01,-26.091966430446295,46.41588833612773
full_pre_response,RT_ms,baseline_plus_hidden,4,hidden_02,33.865585931916996,46.41588833612773
full_pre_response,RT_ms,baseline_plus_hidden,4,hidden_03,60.33826425284664,46.41588833612773
full_pre_response,RT_ms,baseline_plus_hidden,4,hidden_04,-18.123574662721637,46.41588833612773
full_pre_response,RT_ms,baseline_plus_hidden,4,hidden_05,1.7054383901947687,46.41588833612773
full_pre_response,RT_ms,baseline_plus_hidden,4,hidden_06,14.186355239349032,46.41588833612773
full_pre_response,RT_ms,baseline_plus_hidden,4,hidden_07,72.63264854139244,46.41588833612773
full_pre_response,RT_ms,baseline_plus_hidden,4,hidden_08,23.3574681917126,46.41588833612773
full_pre_response,RT_ms,baseline_plus_hidden,4,hidden_09,10.063925608666631,46.41588833612773
full_pre_response,RT_ms,baseline_plus_hidden,4,hidden_10,31.301680922340136,46.41588833612773
full_pre_response,RT_ms,baseline_plus_hidden,4,hidden_11,-37.23427037162088,46.41588833612773
full_pre_response,RT_ms,baseline_plus_hidden,4,hidden_12,27.283725634626673,46.41588833612773
full_pre_response,RT_ms,baseline_plus_hidden,4,hidden_13,-65.19290685382718,46.41588833612773
full_pre_response,RT_ms,baseline_plus_hidden,4,hidden_14,-15.680532705799198,46.41588833612773
full_pre_response,RT_ms,baseline_plus_hidden,4,hidden_15,-1.4531351426572163,46.41588833612773
full_pre_response,RT_ms,baseline_plus_hidden,4,hidden_16,-35.79631385249585,46.41588833612773
full_pre_response,RT_ms,baseline_plus_hidden,4,hidden_17,23.36112242469618,46.41588833612773
full_pre_response,RT_ms,baseline_plus_hidden,4,hidden_18,71.35804950837112,46.41588833612773
full_pre_response,RT_ms,baseline_plus_hidden,4,hidden_19,44.842618392618476,46.41588833612773
full_pre_response,RT_ms,baseline_plus_hidden,4,hidden_20,43.23123890264828,46.41588833612773
full_pre_response,RT_ms,baseline_plus_hidden,4,hidden_21,5.107800943551789,46.41588833612773
full_pre_response,RT_ms,baseline_plus_hidden,4,hidden_22,-14.962938435385391,46.41588833612773
full_pre_response,RT_ms,baseline_plus_hidden,4,hidden_23,9.04203144066304,46.41588833612773
full_pre_response,RT_ms,baseline_plus_hidden,4,hidden_24,-14.330522896336245,46.41588833612773
full_pre_response,RT_ms,baseline_plus_hidden,4,hidden_25,23.35332401165286,46.41588833612773
full_pre_response,RT_ms,baseline_plus_hidden,4,hidden_26,11.000274728923733,46.41588833612773
full_pre_response,RT_ms,baseline_plus_hidden,4,hidden_27,-5.056298839246308,46.41588833612773
full_pre_response,RT_ms,baseline_plus_hidden,4,hidden_28,11.0410299671386,46.41588833612773
full_pre_response,RT_ms,baseline_plus_hidden,4,hidden_29,6.892674416668583,46.41588833612773
full_pre_response,RT_ms,baseline_plus_hidden,4,hidden_30,-91.70003683673526,46.41588833612773
full_pre_response,RT_ms,baseline_plus_hidden,4,hidden_31,-23.64040456866137,46.41588833612773
full_pre_response,RT_ms,baseline_plus_hidden,5,hidden_00,-77.32124424188599,46.41588833612773
full_pre_response,RT_ms,baseline_plus_hidden,5,hidden_01,-38.017391091948234,46.41588833612773
full_pre_response,RT_ms,baseline_plus_hidden,5,hidden_02,57.35565332248832,46.41588833612773
full_pre_response,RT_ms,baseline_plus_hidden,5,hidden_03,66.65762834339401,46.41588833612773
full_pre_response,RT_ms,baseline_plus_hidden,5,hidden_04,-20.06883537656777,46.41588833612773
full_pre_response,RT_ms,baseline_plus_hidden,5,hidden_05,-4.811276477517601,46.41588833612773
full_pre_response,RT_ms,baseline_plus_hidden,5,hidden_06,18.603452131770315,46.41588833612773
full_pre_response,RT_ms,baseline_plus_hidden,5,hidden_07,75.74329360953091,46.41588833612773
full_pre_response,RT_ms,baseline_plus_hidden,5,hidden_08,11.131579205696836,46.41588833612773
full_pre_response,RT_ms,baseline_plus_hidden,5,hidden_09,7.765634302659056,46.41588833612773
full_pre_response,RT_ms,baseline_plus_hidden,5,hidden_10,44.165232553540896,46.41588833612773
full_pre_response,RT_ms,baseline_plus_hidden,5,hidden_11,-32.37643595646882,46.41588833612773
full_pre_response,RT_ms,baseline_plus_hidden,5,hidden_12,26.658780647278707,46.41588833612773
full_pre_response,RT_ms,baseline_plus_hidden,5,hidden_13,-57.06447097070717,46.41588833612773
full_pre_response,RT_ms,baseline_plus_hidden,5,hidden_14,-21.816487565562525,46.41588833612773
full_pre_response,RT_ms,baseline_plus_hidden,5,hidden_15,-4.314729399552508,46.41588833612773
full_pre_response,RT_ms,baseline_plus_hidden,5,hidden_16,-34.42681048788408,46.41588833612773
full_pre_response,RT_ms,baseline_plus_hidden,5,hidden_17,24.589499790291885,46.41588833612773
full_pre_response,RT_ms,baseline_plus_hidden,5,hidden_18,51.639284988211614,46.41588833612773
full_pre_response,RT_ms,baseline_plus_hidden,5,hidden_19,40.44462524632251,46.41588833612773
full_pre_response,RT_ms,baseline_plus_hidden,5,hidden_20,32.010113232219425,46.41588833612773
full_pre_response,RT_ms,baseline_plus_hidden,5,hidden_21,1.6898348014470286,46.41588833612773
full_pre_response,RT_ms,baseline_plus_hidden,5,hidden_22,-23.201755447950063,46.41588833612773
full_pre_response,RT_ms,baseline_plus_hidden,5,hidden_23,16.182015407035266,46.41588833612773
full_pre_response,RT_ms,baseline_plus_hidden,5,hidden_24,-2.9153994662052125,46.41588833612773
full_pre_response,RT_ms,baseline_plus_hidden,5,hidden_25,38.14695154061586,46.41588833612773
full_pre_response,RT_ms,baseline_plus_hidden,5,hidden_26,-0.464836528548055,46.41588833612773
full_pre_response,RT_ms,baseline_plus_hidden,5,hidden_27,-17.639369443681723,46.41588833612773
full_pre_response,RT_ms,baseline_plus_hidden,5,hidden_28,9.216887331847825,46.41588833612773
full_pre_response,RT_ms,baseline_plus_hidden,5,hidden_29,1.1087391387754661,46.41588833612773
full_pre_response,RT_ms,baseline_plus_hidden,5,hidden_30,-75.36071985371014,46.41588833612773
full_pre_response,RT_ms,baseline_plus_hidden,5,hidden_31,-14.42283930818265,46.41588833612773
full_pre_response,RT_ms,baseline_plus_shuffled_hidden,1,shuffled_hidden_00,-3.67582816949801,1000.0
full_pre_response,RT_ms,baseline_plus_shuffled_hidden,1,shuffled_hidden_01,-0.832795729631725,1000.0
full_pre_response,RT_ms,baseline_plus_shuffled_hidden,1,shuffled_hidden_02,2.0541172404431123,1000.0
full_pre_response,RT_ms,baseline_plus_shuffled_hidden,1,shuffled_hidden_03,-1.546386734435242,1000.0
full_pre_response,RT_ms,baseline_plus_shuffled_hidden,1,shuffled_hidden_04,-1.1763839526578441,1000.0
full_pre_response,RT_ms,baseline_plus_shuffled_hidden,1,shuffled_hidden_05,0.051679583344255195,1000.0
full_pre_response,RT_ms,baseline_plus_shuffled_hidden,1,shuffled_hidden_06,-1.5861991455515938,1000.0
full_pre_response,RT_ms,baseline_plus_shuffled_hidden,1,shuffled_hidden_07,-2.596318148686155,1000.0
full_pre_response,RT_ms,baseline_plus_shuffled_hidden,1,shuffled_hidden_08,-2.4715809353142877,1000.0
full_pre_response,RT_ms,baseline_plus_shuffled_hidden,1,shuffled_hidden_09,-2.8101463527965724,1000.0
full_pre_response,RT_ms,baseline_plus_shuffled_hidden,1,shuffled_hidden_10,0.9879077317927819,1000.0
full_pre_response,RT_ms,baseline_plus_shuffled_hidden,1,shuffled_hidden_11,1.1147369319778295,1000.0
full_pre_response,RT_ms,baseline_plus_shuffled_hidden,1,shuffled_hidden_12,-2.324806937624149,1000.0
full_pre_response,RT_ms,baseline_plus_shuffled_hidden,1,shuffled_hidden_13,0.6661776424299962,1000.0
full_pre_response,RT_ms,baseline_plus_shuffled_hidden,1,shuffled_hidden_14,-2.9238368069771026,1000.0
full_pre_response,RT_ms,baseline_plus_shuffled_hidden,1,shuffled_hidden_15,-9.169482304584394,1000.0
full_pre_response,RT_ms,baseline_plus_shuffled_hidden,1,shuffled_hidden_16,-0.5397686087984874,1000.0
full_pre_response,RT_ms,baseline_plus_shuffled_hidden,1,shuffled_hidden_17,6.890652671947069,1000.0
full_pre_response,RT_ms,baseline_plus_shuffled_hidden,1,shuffled_hidden_18,2.6512783941025098,1000.0
full_pre_response,RT_ms,baseline_plus_shuffled_hidden,1,shuffled_hidden_19,-7.171104915948446,1000.0
full_pre_response,RT_ms,baseline_plus_shuffled_hidden,1,shuffled_hidden_20,2.8287523768705274,1000.0
full_pre_response,RT_ms,baseline_plus_shuffled_hidden,1,shuffled_hidden_21,-1.3140121747735312,1000.0
full_pre_response,RT_ms,baseline_plus_shuffled_hidden,1,shuffled_hidden_22,1.6891196656189815,1000.0
full_pre_response,RT_ms,baseline_plus_shuffled_hidden,1,shuffled_hidden_23,2.7849639310857444,1000.0
full_pre_response,RT_ms,baseline_plus_shuffled_hidden,1,shuffled_hidden_24,-1.839540675603582,1000.0
full_pre_response,RT_ms,baseline_plus_shuffled_hidden,1,shuffled_hidden_25,-6.465049485834678,1000.0
full_pre_response,RT_ms,baseline_plus_shuffled_hidden,1,shuffled_hidden_26,-3.0586445977583314,1000.0
full_pre_response,RT_ms,baseline_plus_shuffled_hidden,1,shuffled_hidden_27,-3.221302929250727,1000.0
full_pre_response,RT_ms,baseline_plus_shuffled_hidden,1,shuffled_hidden_28,-2.398162298609104,1000.0
full_pre_response,RT_ms,baseline_plus_shuffled_hidden,1,shuffled_hidden_29,0.7802623170372395,1000.0
full_pre_response,RT_ms,baseline_plus_shuffled_hidden,1,shuffled_hidden_30,-0.1446834794402799,1000.0
full_pre_response,RT_ms,baseline_plus_shuffled_hidden,1,shuffled_hidden_31,0.9196288773044248,1000.0
full_pre_response,RT_ms,baseline_plus_shuffled_hidden,2,shuffled_hidden_00,-4.828553861953497,1000.0
full_pre_response,RT_ms,baseline_plus_shuffled_hidden,2,shuffled_hidden_01,-3.2674536918736434,1000.0
full_pre_response,RT_ms,baseline_plus_shuffled_hidden,2,shuffled_hidden_02,1.490861410395706,1000.0
full_pre_response,RT_ms,baseline_plus_shuffled_hidden,2,shuffled_hidden_03,-4.435613272375423,1000.0
full_pre_response,RT_ms,baseline_plus_shuffled_hidden,2,shuffled_hidden_04,-1.5750735983970443,1000.0
full_pre_response,RT_ms,baseline_plus_shuffled_hidden,2,shuffled_hidden_05,2.962137032090802,1000.0
full_pre_response,RT_ms,baseline_plus_shuffled_hidden,2,shuffled_hidden_06,-1.1277842388825106,1000.0
full_pre_response,RT_ms,baseline_plus_shuffled_hidden,2,shuffled_hidden_07,-3.333760540554437,1000.0
full_pre_response,RT_ms,baseline_plus_shuffled_hidden,2,shuffled_hidden_08,-3.8110996829902968,1000.0
full_pre_response,RT_ms,baseline_plus_shuffled_hidden,2,shuffled_hidden_09,-2.565637262292962,1000.0
full_pre_response,RT_ms,baseline_plus_shuffled_hidden,2,shuffled_hidden_10,1.1829300432599192,1000.0
full_pre_response,RT_ms,baseline_plus_shuffled_hidden,2,shuffled_hidden_11,4.040345525358636,1000.0
full_pre_response,RT_ms,baseline_plus_shuffled_hidden,2,shuffled_hidden_12,-1.2895422280005326,1000.0
full_pre_response,RT_ms,baseline_plus_shuffled_hidden,2,shuffled_hidden_13,1.3923506054037014,1000.0
full_pre_response,RT_ms,baseline_plus_shuffled_hidden,2,shuffled_hidden_14,-2.690334461920841,1000.0
full_pre_response,RT_ms,baseline_plus_shuffled_hidden,2,shuffled_hidden_15,-9.459800930367315,1000.0
full_pre_response,RT_ms,baseline_plus_shuffled_hidden,2,shuffled_hidden_16,1.482115681790892,1000.0
full_pre_response,RT_ms,baseline_plus_shuffled_hidden,2,shuffled_hidden_17,5.41862727546861,1000.0
full_pre_response,RT_ms,baseline_plus_shuffled_hidden,2,shuffled_hidden_18,2.6236651422279236,1000.0
full_pre_response,RT_ms,baseline_plus_shuffled_hidden,2,shuffled_hidden_19,-8.102012317729155,1000.0
full_pre_response,RT_ms,baseline_plus_shuffled_hidden,2,shuffled_hidden_20,3.9898884778295436,1000.0
full_pre_response,RT_ms,baseline_plus_shuffled_hidden,2,shuffled_hidden_21,-1.9875562571784615,1000.0
full_pre_response,RT_ms,baseline_plus_shuffled_hidden,2,shuffled_hidden_22,3.513918498628097,1000.0
full_pre_response,RT_ms,baseline_plus_shuffled_hidden,2,shuffled_hidden_23,1.707526756451688,1000.0
full_pre_response,RT_ms,baseline_plus_shuffled_hidden,2,shuffled_hidden_24,-2.2003027779264084,1000.0
full_pre_response,RT_ms,baseline_plus_shuffled_hidden,2,shuffled_hidden_25,-5.823291214392646,1000.0
full_pre_response,RT_ms,baseline_plus_shuffled_hidden,2,shuffled_hidden_26,-1.2174702290160269,1000.0
full_pre_response,RT_ms,baseline_plus_shuffled_hidden,2,shuffled_hidden_27,-3.1628404335540896,1000.0
full_pre_response,RT_ms,baseline_plus_shuffled_hidden,2,shuffled_hidden_28,-4.19622673770842,1000.0
full_pre_response,RT_ms,baseline_plus_shuffled_hidden,2,shuffled_hidden_29,-2.5757883469164757,1000.0
full_pre_response,RT_ms,baseline_plus_shuffled_hidden,2,shuffled_hidden_30,-0.6748941328596383,1000.0
full_pre_response,RT_ms,baseline_plus_shuffled_hidden,2,shuffled_hidden_31,-1.3457643732650826,1000.0
full_pre_response,RT_ms,baseline_plus_shuffled_hidden,3,shuffled_hidden_00,-2.219442224169502,2154.4346900318824
full_pre_response,RT_ms,baseline_plus_shuffled_hidden,3,shuffled_hidden_01,0.4218472639214219,2154.4346900318824
full_pre_response,RT_ms,baseline_plus_shuffled_hidden,3,shuffled_hidden_02,0.8747231234281836,2154.4346900318824
full_pre_response,RT_ms,baseline_plus_shuffled_hidden,3,shuffled_hidden_03,-1.971680355258143,2154.4346900318824
full_pre_response,RT_ms,baseline_plus_shuffled_hidden,3,shuffled_hidden_04,-1.250802707088164,2154.4346900318824
full_pre_response,RT_ms,baseline_plus_shuffled_hidden,3,shuffled_hidden_05,0.28842240657259643,2154.4346900318824
full_pre_response,RT_ms,baseline_plus_shuffled_hidden,3,shuffled_hidden_06,-0.5644783178162528,2154.4346900318824
full_pre_response,RT_ms,baseline_plus_shuffled_hidden,3,shuffled_hidden_07,-1.0643870671263338,2154.4346900318824
full_pre_response,RT_ms,baseline_plus_shuffled_hidden,3,shuffled_hidden_08,-0.26902808977359327,2154.4346900318824
full_pre_response,RT_ms,baseline_plus_shuffled_hidden,3,shuffled_hidden_09,-1.5929998387954931,2154.4346900318824
full_pre_response,RT_ms,baseline_plus_shuffled_hidden,3,shuffled_hidden_10,0.094043695856555,2154.4346900318824
full_pre_response,RT_ms,baseline_plus_shuffled_hidden,3,shuffled_hidden_11,1.3172347481617586,2154.4346900318824
full_pre_response,RT_ms,baseline_plus_shuffled_hidden,3,shuffled_hidden_12,0.7250654291140202,2154.4346900318824
full_pre_response,RT_ms,baseline_plus_shuffled_hidden,3,shuffled_hidden_13,0.4072060508426176,2154.4346900318824
full_pre_response,RT_ms,baseline_plus_shuffled_hidden,3,shuffled_hidden_14,-1.4762635379778484,2154.4346900318824
full_pre_response,RT_ms,baseline_plus_shuffled_hidden,3,shuffled_hidden_15,-1.605928685266517,2154.4346900318824
full_pre_response,RT_ms,baseline_plus_shuffled_hidden,3,shuffled_hidden_16,-1.3647121028806757,2154.4346900318824
full_pre_response,RT_ms,baseline_plus_shuffled_hidden,3,shuffled_hidden_17,4.66853768429504,2154.4346900318824
full_pre_response,RT_ms,baseline_plus_shuffled_hidden,3,shuffled_hidden_18,1.7298265358287455,2154.4346900318824
full_pre_response,RT_ms,baseline_plus_shuffled_hidden,3,shuffled_hidden_19,-4.54276306239649,2154.4346900318824
full_pre_response,RT_ms,baseline_plus_shuffled_hidden,3,shuffled_hidden_20,0.7580910951966608,2154.4346900318824
full_pre_response,RT_ms,baseline_plus_shuffled_hidden,3,shuffled_hidden_21,0.7373047734462362,2154.4346900318824
full_pre_response,RT_ms,baseline_plus_shuffled_hidden,3,shuffled_hidden_22,2.017193785011941,2154.4346900318824
full_pre_response,RT_ms,baseline_plus_shuffled_hidden,3,shuffled_hidden_23,1.5746620822009894,2154.4346900318824
full_pre_response,RT_ms,baseline_plus_shuffled_hidden,3,shuffled_hidden_24,-3.036750632162569,2154.4346900318824
full_pre_response,RT_ms,baseline_plus_shuffled_hidden,3,shuffled_hidden_25,-1.6321853765528567,2154.4346900318824
full_pre_response,RT_ms,baseline_plus_shuffled_hidden,3,shuffled_hidden_26,-1.3868159870873522,2154.4346900318824
full_pre_response,RT_ms,baseline_plus_shuffled_hidden,3,shuffled_hidden_27,-2.5803961618579603,2154.4346900318824
full_pre_response,RT_ms,baseline_plus_shuffled_hidden,3,shuffled_hidden_28,-2.2321410536992006,2154.4346900318824
full_pre_response,RT_ms,baseline_plus_shuffled_hidden,3,shuffled_hidden_29,-0.2732597302855274,2154.4346900318824
full_pre_response,RT_ms,baseline_plus_shuffled_hidden,3,shuffled_hidden_30,0.2612075617166273,2154.4346900318824
full_pre_response,RT_ms,baseline_plus_shuffled_hidden,3,shuffled_hidden_31,1.0284946263794892,2154.4346900318824
full_pre_response,RT_ms,baseline_plus_shuffled_hidden,4,shuffled_hidden_00,-4.51889483867107,1000.0
full_pre_response,RT_ms,baseline_plus_shuffled_hidden,4,shuffled_hidden_01,-1.4301771770212661,1000.0
full_pre_response,RT_ms,baseline_plus_shuffled_hidden,4,shuffled_hidden_02,0.07087606223845772,1000.0
full_pre_response,RT_ms,baseline_plus_shuffled_hidden,4,shuffled_hidden_03,-2.0376434422180933,1000.0
full_pre_response,RT_ms,baseline_plus_shuffled_hidden,4,shuffled_hidden_04,-0.32213001290637133,1000.0
full_pre_response,RT_ms,baseline_plus_shuffled_hidden,4,shuffled_hidden_05,1.1081963021420964,1000.0
full_pre_response,RT_ms,baseline_plus_shuffled_hidden,4,shuffled_hidden_06,-1.431246650395957,1000.0
full_pre_response,RT_ms,baseline_plus_shuffled_hidden,4,shuffled_hidden_07,-3.0605972792099125,1000.0
full_pre_response,RT_ms,baseline_plus_shuffled_hidden,4,shuffled_hidden_08,-4.13217115254054,1000.0
full_pre_response,RT_ms,baseline_plus_shuffled_hidden,4,shuffled_hidden_09,-2.7347690238342497,1000.0
full_pre_response,RT_ms,baseline_plus_shuffled_hidden,4,shuffled_hidden_10,0.8855361317740311,1000.0
full_pre_response,RT_ms,baseline_plus_shuffled_hidden,4,shuffled_hidden_11,2.2893100022990405,1000.0
full_pre_response,RT_ms,baseline_plus_shuffled_hidden,4,shuffled_hidden_12,-1.5881701742461867,1000.0
full_pre_response,RT_ms,baseline_plus_shuffled_hidden,4,shuffled_hidden_13,0.10281188431065494,1000.0
full_pre_response,RT_ms,baseline_plus_shuffled_hidden,4,shuffled_hidden_14,-1.9117938974185478,1000.0
full_pre_response,RT_ms,baseline_plus_shuffled_hidden,4,shuffled_hidden_15,-6.675309314028004,1000.0
full_pre_response,RT_ms,baseline_plus_shuffled_hidden,4,shuffled_hidden_16,0.8011077983049475,1000.0
full_pre_response,RT_ms,baseline_plus_shuffled_hidden,4,shuffled_hidden_17,4.580145029207647,1000.0
full_pre_response,RT_ms,baseline_plus_shuffled_hidden,4,shuffled_hidden_18,0.735854750403126,1000.0
full_pre_response,RT_ms,baseline_plus_shuffled_hidden,4,shuffled_hidden_19,-6.627130578037125,1000.0
full_pre_response,RT_ms,baseline_plus_shuffled_hidden,4,shuffled_hidden_20,2.2117685359868857,1000.0
full_pre_response,RT_ms,baseline_plus_shuffled_hidden,4,shuffled_hidden_21,-1.0896219981050783,1000.0
full_pre_response,RT_ms,baseline_plus_shuffled_hidden,4,shuffled_hidden_22,-2.618784187490993,1000.0
full_pre_response,RT_ms,baseline_plus_shuffled_hidden,4,shuffled_hidden_23,0.5461531818709187,1000.0
full_pre_response,RT_ms,baseline_plus_shuffled_hidden,4,shuffled_hidden_24,-1.786689276447919,1000.0
full_pre_response,RT_ms,baseline_plus_shuffled_hidden,4,shuffled_hidden_25,-5.097876928603934,1000.0
full_pre_response,RT_ms,baseline_plus_shuffled_hidden,4,shuffled_hidden_26,-2.8476439309405697,1000.0
full_pre_response,RT_ms,baseline_plus_shuffled_hidden,4,shuffled_hidden_27,-3.0727281179188344,1000.0
full_pre_response,RT_ms,baseline_plus_shuffled_hidden,4,shuffled_hidden_28,-1.841896963414159,1000.0
full_pre_response,RT_ms,baseline_plus_shuffled_hidden,4,shuffled_hidden_29,-2.125845216023232,1000.0
full_pre_response,RT_ms,baseline_plus_shuffled_hidden,4,shuffled_hidden_30,-0.5634944478304789,1000.0
full_pre_response,RT_ms,baseline_plus_shuffled_hidden,4,shuffled_hidden_31,0.5240800110336558,1000.0
full_pre_response,RT_ms,baseline_plus_shuffled_hidden,5,shuffled_hidden_00,-1.610935675609287,2154.4346900318824
full_pre_response,RT_ms,baseline_plus_shuffled_hidden,5,shuffled_hidden_01,0.7390919679601875,2154.4346900318824
full_pre_response,RT_ms,baseline_plus_shuffled_hidden,5,shuffled_hidden_02,0.7795108447758621,2154.4346900318824
full_pre_response,RT_ms,baseline_plus_shuffled_hidden,5,shuffled_hidden_03,-0.6855593950648369,2154.4346900318824
full_pre_response,RT_ms,baseline_plus_shuffled_hidden,5,shuffled_hidden_04,-0.7389829103799677,2154.4346900318824
full_pre_response,RT_ms,baseline_plus_shuffled_hidden,5,shuffled_hidden_05,-1.5198756648472853,2154.4346900318824
full_pre_response,RT_ms,baseline_plus_shuffled_hidden,5,shuffled_hidden_06,-0.6492782064167779,2154.4346900318824
full_pre_response,RT_ms,baseline_plus_shuffled_hidden,5,shuffled_hidden_07,-1.272319240220005,2154.4346900318824
full_pre_response,RT_ms,baseline_plus_shuffled_hidden,5,shuffled_hidden_08,-2.215927062787668,2154.4346900318824
full_pre_response,RT_ms,baseline_plus_shuffled_hidden,5,shuffled_hidden_09,-1.3185604488428508,2154.4346900318824
full_pre_response,RT_ms,baseline_plus_shuffled_hidden,5,shuffled_hidden_10,-0.0817273483258583,2154.4346900318824
full_pre_response,RT_ms,baseline_plus_shuffled_hidden,5,shuffled_hidden_11,0.9447030265758352,2154.4346900318824
full_pre_response,RT_ms,baseline_plus_shuffled_hidden,5,shuffled_hidden_12,2.7932517436943667,2154.4346900318824
full_pre_response,RT_ms,baseline_plus_shuffled_hidden,5,shuffled_hidden_13,0.7481918132580857,2154.4346900318824
full_pre_response,RT_ms,baseline_plus_shuffled_hidden,5,shuffled_hidden_14,-0.6895085997797451,2154.4346900318824
full_pre_response,RT_ms,baseline_plus_shuffled_hidden,5,shuffled_hidden_15,-5.597520621678759,2154.4346900318824
full_pre_response,RT_ms,baseline_plus_shuffled_hidden,5,shuffled_hidden_16,-0.8752256347324099,2154.4346900318824
full_pre_response,RT_ms,baseline_plus_shuffled_hidden,5,shuffled_hidden_17,0.9635048437848209,2154.4346900318824
full_pre_response,RT_ms,baseline_plus_shuffled_hidden,5,shuffled_hidden_18,0.3872746565303134,2154.4346900318824
full_pre_response,RT_ms,baseline_plus_shuffled_hidden,5,shuffled_hidden_19,-2.002734759214662,2154.4346900318824
full_pre_response,RT_ms,baseline_plus_shuffled_hidden,5,shuffled_hidden_20,1.8728157972910864,2154.4346900318824
full_pre_response,RT_ms,baseline_plus_shuffled_hidden,5,shuffled_hidden_21,-0.6900669573383508,2154.4346900318824
full_pre_response,RT_ms,baseline_plus_shuffled_hidden,5,shuffled_hidden_22,1.6753094609139652,2154.4346900318824
full_pre_response,RT_ms,baseline_plus_shuffled_hidden,5,shuffled_hidden_23,-0.20823923745922981,2154.4346900318824
full_pre_response,RT_ms,baseline_plus_shuffled_hidden,5,shuffled_hidden_24,-0.5071136223038463,2154.4346900318824
full_pre_response,RT_ms,baseline_plus_shuffled_hidden,5,shuffled_hidden_25,-1.5981799278175133,2154.4346900318824
full_pre_response,RT_ms,baseline_plus_shuffled_hidden,5,shuffled_hidden_26,-1.0121445790611134,2154.4346900318824
full_pre_response,RT_ms,baseline_plus_shuffled_hidden,5,shuffled_hidden_27,-2.2067555116763122,2154.4346900318824
full_pre_response,RT_ms,baseline_plus_shuffled_hidden,5,shuffled_hidden_28,-1.2373755671245903,2154.4346900318824
full_pre_response,RT_ms,baseline_plus_shuffled_hidden,5,shuffled_hidden_29,-0.18051687329909247,2154.4346900318824
full_pre_response,RT_ms,baseline_plus_shuffled_hidden,5,shuffled_hidden_30,-0.09884195912283916,2154.4346900318824
full_pre_response,RT_ms,baseline_plus_shuffled_hidden,5,shuffled_hidden_31,-0.05065745997830685,2154.4346900318824
early_pre_response,log_RT_ms,hidden,1,hidden_00,-0.10674190521240234,46.41588833612773
early_pre_response,log_RT_ms,hidden,1,hidden_01,0.03159448876976967,46.41588833612773
early_pre_response,log_RT_ms,hidden,1,hidden_02,0.01853403076529503,46.41588833612773
early_pre_response,log_RT_ms,hidden,1,hidden_03,0.03496658802032471,46.41588833612773
early_pre_response,log_RT_ms,hidden,1,hidden_04,-0.0037735640071332455,46.41588833612773
early_pre_response,log_RT_ms,hidden,1,hidden_05,0.010182703845202923,46.41588833612773
early_pre_response,log_RT_ms,hidden,1,hidden_06,-0.033440154045820236,46.41588833612773
early_pre_response,log_RT_ms,hidden,1,hidden_07,0.0776720717549324,46.41588833612773
early_pre_response,log_RT_ms,hidden,1,hidden_08,0.06393883377313614,46.41588833612773
early_pre_response,log_RT_ms,hidden,1,hidden_09,0.013466657139360905,46.41588833612773
early_pre_response,log_RT_ms,hidden,1,hidden_10,0.05745227634906769,46.41588833612773
early_pre_response,log_RT_ms,hidden,1,hidden_11,-0.03992616757750511,46.41588833612773
early_pre_response,log_RT_ms,hidden,1,hidden_12,0.0039071086794137955,46.41588833612773
early_pre_response,log_RT_ms,hidden,1,hidden_13,-0.09544913470745087,46.41588833612773
early_pre_response,log_RT_ms,hidden,1,hidden_14,0.008127275854349136,46.41588833612773
early_pre_response,log_RT_ms,hidden,1,hidden_15,-0.0008107603061944246,46.41588833612773
early_pre_response,log_RT_ms,hidden,1,hidden_16,-0.05822115018963814,46.41588833612773
early_pre_response,log_RT_ms,hidden,1,hidden_17,0.05462313070893288,46.41588833612773
early_pre_response,log_RT_ms,hidden,1,hidden_18,0.09334053844213486,46.41588833612773
early_pre_response,log_RT_ms,hidden,1,hidden_19,0.025543704628944397,46.41588833612773
early_pre_response,log_RT_ms,hidden,1,hidden_20,0.06782226264476776,46.41588833612773
early_pre_response,log_RT_ms,hidden,1,hidden_21,0.01276888232678175,46.41588833612773
early_pre_response,log_RT_ms,hidden,1,hidden_22,-0.033324383199214935,46.41588833612773
early_pre_response,log_RT_ms,hidden,1,hidden_23,0.009387482888996601,46.41588833612773
early_pre_response,log_RT_ms,hidden,1,hidden_24,-0.004613021854311228,46.41588833612773
early_pre_response,log_RT_ms,hidden,1,hidden_25,0.005380775313824415,46.41588833612773
early_pre_response,log_RT_ms,hidden,1,hidden_26,0.019179655238986015,46.41588833612773
early_pre_response,log_RT_ms,hidden,1,hidden_27,0.03939233720302582,46.41588833612773
early_pre_response,log_RT_ms,hidden,1,hidden_28,0.012410026043653488,46.41588833612773
early_pre_response,log_RT_ms,hidden,1,hidden_29,0.029375433921813965,46.41588833612773
early_pre_response,log_RT_ms,hidden,1,hidden_30,-0.1211579218506813,46.41588833612773
early_pre_response,log_RT_ms,hidden,1,hidden_31,-0.044639695435762405,46.41588833612773
early_pre_response,log_RT_ms,hidden,2,hidden_00,-0.04506297782063484,215.44346900318823
early_pre_response,log_RT_ms,hidden,2,hidden_01,0.016677219420671463,215.44346900318823
early_pre_response,log_RT_ms,hidden,2,hidden_02,0.01580187678337097,215.44346900318823
early_pre_response,log_RT_ms,hidden,2,hidden_03,0.00723737059161067,215.44346900318823
early_pre_response,log_RT_ms,hidden,2,hidden_04,-0.017219053581357002,215.44346900318823
early_pre_response,log_RT_ms,hidden,2,hidden_05,0.008952905423939228,215.44346900318823
early_pre_response,log_RT_ms,hidden,2,hidden_06,-0.018952790647745132,215.44346900318823
early_pre_response,log_RT_ms,hidden,2,hidden_07,0.08115442097187042,215.44346900318823
early_pre_response,log_RT_ms,hidden,2,hidden_08,0.03446759656071663,215.44346900318823
early_pre_response,log_RT_ms,hidden,2,hidden_09,0.00027843052521348,215.44346900318823
early_pre_response,log_RT_ms,hidden,2,hidden_10,0.041328512132167816,215.44346900318823
early_pre_response,log_RT_ms,hidden,2,hidden_11,-0.03441459685564041,215.44346900318823
early_pre_response,log_RT_ms,hidden,2,hidden_12,0.008636352606117725,215.44346900318823
early_pre_response,log_RT_ms,hidden,2,hidden_13,-0.02910446934401989,215.44346900318823
early_pre_response,log_RT_ms,hidden,2,hidden_14,0.004050612915307283,215.44346900318823
early_pre_response,log_RT_ms,hidden,2,hidden_15,-0.007695309352129698,215.44346900318823
early_pre_response,log_RT_ms,hidden,2,hidden_16,-0.05097901448607445,215.44346900318823
early_pre_response,log_RT_ms,hidden,2,hidden_17,0.02268562838435173,215.44346900318823
early_pre_response,log_RT_ms,hidden,2,hidden_18,0.03244820237159729,215.44346900318823
early_pre_response,log_RT_ms,hidden,2,hidden_19,0.021471833810210228,215.44346900318823
early_pre_response,log_RT_ms,hidden,2,hidden_20,0.04946385696530342,215.44346900318823
early_pre_response,log_RT_ms,hidden,2,hidden_21,0.0066386922262609005,215.44346900318823
early_pre_response,log_RT_ms,hidden,2,hidden_22,-0.03270088508725166,215.44346900318823
early_pre_response,log_RT_ms,hidden,2,hidden_23,0.005648700054734945,215.44346900318823
early_pre_response,log_RT_ms,hidden,2,hidden_24,-0.005367250647395849,215.44346900318823
early_pre_response,log_RT_ms,hidden,2,hidden_25,-0.0073273987509310246,215.44346900318823
early_pre_response,log_RT_ms,hidden,2,hidden_26,-0.0034813913516700268,215.44346900318823
early_pre_response,log_RT_ms,hidden,2,hidden_27,0.011268231086432934,215.44346900318823
early_pre_response,log_RT_ms,hidden,2,hidden_28,-0.006773106288164854,215.44346900318823
early_pre_response,log_RT_ms,hidden,2,hidden_29,0.009075255133211613,215.44346900318823
early_pre_response,log_RT_ms,hidden,2,hidden_30,-0.03959072008728981,215.44346900318823
early_pre_response,log_RT_ms,hidden,2,hidden_31,-0.031739242374897,215.44346900318823
early_pre_response,log_RT_ms,hidden,3,hidden_00,-0.07099177688360214,100.0
early_pre_response,log_RT_ms,hidden,3,hidden_01,0.017952093854546547,100.0
early_pre_response,log_RT_ms,hidden,3,hidden_02,0.0158058013767004,100.0
early_pre_response,log_RT_ms,hidden,3,hidden_03,0.012457482516765594,100.0
early_pre_response,log_RT_ms,hidden,3,hidden_04,-0.01853788085281849,100.0
early_pre_response,log_RT_ms,hidden,3,hidden_05,0.014135878533124924,100.0
early_pre_response,log_RT_ms,hidden,3,hidden_06,-0.022664831951260567,100.0
early_pre_response,log_RT_ms,hidden,3,hidden_07,0.07552163302898407,100.0
early_pre_response,log_RT_ms,hidden,3,hidden_08,0.052806656807661057,100.0
early_pre_response,log_RT_ms,hidden,3,hidden_09,0.003952729050070047,100.0
early_pre_response,log_RT_ms,hidden,3,hidden_10,0.04995197802782059,100.0
early_pre_response,log_RT_ms,hidden,3,hidden_11,-0.030925432220101357,100.0
early_pre_response,log_RT_ms,hidden,3,hidden_12,0.007474842946976423,100.0
early_pre_response,log_RT_ms,hidden,3,hidden_13,-0.05393426492810249,100.0
early_pre_response,log_RT_ms,hidden,3,hidden_14,0.012838182970881462,100.0
early_pre_response,log_RT_ms,hidden,3,hidden_15,-0.0034220400266349316,100.0
early_pre_response,log_RT_ms,hidden,3,hidden_16,-0.0540788397192955,100.0
early_pre_response,log_RT_ms,hidden,3,hidden_17,0.03383108600974083,100.0
early_pre_response,log_RT_ms,hidden,3,hidden_18,0.054155927151441574,100.0
early_pre_response,log_RT_ms,hidden,3,hidden_19,0.028496362268924713,100.0
early_pre_response,log_RT_ms,hidden,3,hidden_20,0.06567397713661194,100.0
early_pre_response,log_RT_ms,hidden,3,hidden_21,0.00846068188548088,100.0
early_pre_response,log_RT_ms,hidden,3,hidden_22,-0.03608063980937004,100.0
early_pre_response,log_RT_ms,hidden,3,hidden_23,0.014048303477466106,100.0
early_pre_response,log_RT_ms,hidden,3,hidden_24,-0.010386382229626179,100.0
early_pre_response,log_RT_ms,hidden,3,hidden_25,-0.007176707964390516,100.0
early_pre_response,log_RT_ms,hidden,3,hidden_26,0.004139131400734186,100.0
early_pre_response,log_RT_ms,hidden,3,hidden_27,0.018360432237386703,100.0
early_pre_response,log_RT_ms,hidden,3,hidden_28,0.0007620861288160086,100.0
early_pre_response,log_RT_ms,hidden,3,hidden_29,0.019472341984510422,100.0
early_pre_response,log_RT_ms,hidden,3,hidden_30,-0.06311780959367752,100.0
early_pre_response,log_RT_ms,hidden,3,hidden_31,-0.036375656723976135,100.0
early_pre_response,log_RT_ms,hidden,4,hidden_00,-0.09825584292411804,46.41588833612773
early_pre_response,log_RT_ms,hidden,4,hidden_01,0.03714098036289215,46.41588833612773
early_pre_response,log_RT_ms,hidden,4,hidden_02,0.018127156421542168,46.41588833612773
early_pre_response,log_RT_ms,hidden,4,hidden_03,0.04555031284689903,46.41588833612773
early_pre_response,log_RT_ms,hidden,4,hidden_04,0.01242727693170309,46.41588833612773
early_pre_response,log_RT_ms,hidden,4,hidden_05,0.011614923365414143,46.41588833612773
early_pre_response,log_RT_ms,hidden,4,hidden_06,-0.038965821266174316,46.41588833612773
early_pre_response,log_RT_ms,hidden,4,hidden_07,0.07599291205406189,46.41588833612773
early_pre_response,log_RT_ms,hidden,4,hidden_08,0.07380126416683197,46.41588833612773
early_pre_response,log_RT_ms,hidden,4,hidden_09,0.004700890742242336,46.41588833612773
early_pre_response,log_RT_ms,hidden,4,hidden_10,0.058580510318279266,46.41588833612773
early_pre_response,log_RT_ms,hidden,4,hidden_11,-0.04132671654224396,46.41588833612773
early_pre_response,log_RT_ms,hidden,4,hidden_12,0.008288045413792133,46.41588833612773
early_pre_response,log_RT_ms,hidden,4,hidden_13,-0.10783855617046356,46.41588833612773
early_pre_response,log_RT_ms,hidden,4,hidden_14,0.005011789035052061,46.41588833612773
early_pre_response,log_RT_ms,hidden,4,hidden_15,-0.006466081831604242,46.41588833612773
early_pre_response,log_RT_ms,hidden,4,hidden_16,-0.05788601189851761,46.41588833612773
early_pre_response,log_RT_ms,hidden,4,hidden_17,0.049751367419958115,46.41588833612773
early_pre_response,log_RT_ms,hidden,4,hidden_18,0.09597524255514145,46.41588833612773
early_pre_response,log_RT_ms,hidden,4,hidden_19,0.029664618894457817,46.41588833612773
early_pre_response,log_RT_ms,hidden,4,hidden_20,0.0705113559961319,46.41588833612773
early_pre_response,log_RT_ms,hidden,4,hidden_21,0.014130860567092896,46.41588833612773
early_pre_response,log_RT_ms,hidden,4,hidden_22,-0.029876522719860077,46.41588833612773
early_pre_response,log_RT_ms,hidden,4,hidden_23,0.008897507563233376,46.41588833612773
early_pre_response,log_RT_ms,hidden,4,hidden_24,-0.006305092014372349,46.41588833612773
early_pre_response,log_RT_ms,hidden,4,hidden_25,-0.015393334440886974,46.41588833612773
early_pre_response,log_RT_ms,hidden,4,hidden_26,0.015553849749267101,46.41588833612773
early_pre_response,log_RT_ms,hidden,4,hidden_27,0.035617221146821976,46.41588833612773
early_pre_response,log_RT_ms,hidden,4,hidden_28,-7.472597644664347e-05,46.41588833612773
early_pre_response,log_RT_ms,hidden,4,hidden_29,0.023880481719970703,46.41588833612773
early_pre_response,log_RT_ms,hidden,4,hidden_30,-0.11189466714859009,46.41588833612773
early_pre_response,log_RT_ms,hidden,4,hidden_31,-0.04506254196166992,46.41588833612773
early_pre_response,log_RT_ms,hidden,5,hidden_00,-0.13624516129493713,21.54434690031882
early_pre_response,log_RT_ms,hidden,5,hidden_01,0.05770739167928696,21.54434690031882
early_pre_response,log_RT_ms,hidden,5,hidden_02,0.07620186358690262,21.54434690031882
early_pre_response,log_RT_ms,hidden,5,hidden_03,0.080551378428936,21.54434690031882
early_pre_response,log_RT_ms,hidden,5,hidden_04,0.0479191429913044,21.54434690031882
early_pre_response,log_RT_ms,hidden,5,hidden_05,-0.0008265929645858705,21.54434690031882
early_pre_response,log_RT_ms,hidden,5,hidden_06,-0.023731406778097153,21.54434690031882
early_pre_response,log_RT_ms,hidden,5,hidden_07,0.07671704888343811,21.54434690031882
early_pre_response,log_RT_ms,hidden,5,hidden_08,0.07669525593519211,21.54434690031882
early_pre_response,log_RT_ms,hidden,5,hidden_09,0.017428109422326088,21.54434690031882
early_pre_response,log_RT_ms,hidden,5,hidden_10,0.08881330490112305,21.54434690031882
early_pre_response,log_RT_ms,hidden,5,hidden_11,-0.024992812424898148,21.54434690031882
early_pre_response,log_RT_ms,hidden,5,hidden_12,0.004431987181305885,21.54434690031882
early_pre_response,log_RT_ms,hidden,5,hidden_13,-0.1564491242170334,21.54434690031882
early_pre_response,log_RT_ms,hidden,5,hidden_14,0.0031026843935251236,21.54434690031882
early_pre_response,log_RT_ms,hidden,5,hidden_15,0.0020585746970027685,21.54434690031882
early_pre_response,log_RT_ms,hidden,5,hidden_16,-0.05379626154899597,21.54434690031882
early_pre_response,log_RT_ms,hidden,5,hidden_17,0.044606104493141174,21.54434690031882
early_pre_response,log_RT_ms,hidden,5,hidden_18,0.11401770263910294,21.54434690031882
early_pre_response,log_RT_ms,hidden,5,hidden_19,0.015635546296834946,21.54434690031882
early_pre_response,log_RT_ms,hidden,5,hidden_20,0.09075246751308441,21.54434690031882
early_pre_response,log_RT_ms,hidden,5,hidden_21,0.008053615689277649,21.54434690031882
early_pre_response,log_RT_ms,hidden,5,hidden_22,-0.017222950235009193,21.54434690031882
early_pre_response,log_RT_ms,hidden,5,hidden_23,0.011296829208731651,21.54434690031882
early_pre_response,log_RT_ms,hidden,5,hidden_24,-0.013057207688689232,21.54434690031882
early_pre_response,log_RT_ms,hidden,5,hidden_25,0.010155851021409035,21.54434690031882
early_pre_response,log_RT_ms,hidden,5,hidden_26,0.027918456122279167,21.54434690031882
early_pre_response,log_RT_ms,hidden,5,hidden_27,0.032801754772663116,21.54434690031882
early_pre_response,log_RT_ms,hidden,5,hidden_28,0.012937315739691257,21.54434690031882
early_pre_response,log_RT_ms,hidden,5,hidden_29,0.024800483137369156,21.54434690031882
early_pre_response,log_RT_ms,hidden,5,hidden_30,-0.14525631070137024,21.54434690031882
early_pre_response,log_RT_ms,hidden,5,hidden_31,-0.059488363564014435,21.54434690031882
early_pre_response,log_RT_ms,baseline_plus_hidden,1,hidden_00,-0.09908478280578305,46.41588833612773
early_pre_response,log_RT_ms,baseline_plus_hidden,1,hidden_01,-0.005047130129067907,46.41588833612773
early_pre_response,log_RT_ms,baseline_plus_hidden,1,hidden_02,0.02558013489603614,46.41588833612773
early_pre_response,log_RT_ms,baseline_plus_hidden,1,hidden_03,0.026204208857458708,46.41588833612773
early_pre_response,log_RT_ms,baseline_plus_hidden,1,hidden_04,-0.017735499881548003,46.41588833612773
early_pre_response,log_RT_ms,baseline_plus_hidden,1,hidden_05,0.006274580173008902,46.41588833612773
early_pre_response,log_RT_ms,baseline_plus_hidden,1,hidden_06,-0.022228882054386702,46.41588833612773
early_pre_response,log_RT_ms,baseline_plus_hidden,1,hidden_07,0.0653667140506631,46.41588833612773
early_pre_response,log_RT_ms,baseline_plus_hidden,1,hidden_08,0.05861372279459052,46.41588833612773
early_pre_response,log_RT_ms,baseline_plus_hidden,1,hidden_09,0.005734788059092626,46.41588833612773
early_pre_response,log_RT_ms,baseline_plus_hidden,1,hidden_10,0.04294062474777869,46.41588833612773
early_pre_response,log_RT_ms,baseline_plus_hidden,1,hidden_11,-0.03229054539568888,46.41588833612773
early_pre_response,log_RT_ms,baseline_plus_hidden,1,hidden_12,-0.0030828165495019053,46.41588833612773
early_pre_response,log_RT_ms,baseline_plus_hidden,1,hidden_13,-0.08747005960129983,46.41588833612773
early_pre_response,log_RT_ms,baseline_plus_hidden,1,hidden_14,0.003917596002660948,46.41588833612773
early_pre_response,log_RT_ms,baseline_plus_hidden,1,hidden_15,-0.00534302651682191,46.41588833612773
early_pre_response,log_RT_ms,baseline_plus_hidden,1,hidden_16,-0.03411223632591093,46.41588833612773
early_pre_response,log_RT_ms,baseline_plus_hidden,1,hidden_17,0.040867387946840444,46.41588833612773
early_pre_response,log_RT_ms,baseline_plus_hidden,1,hidden_18,0.06619678793880408,46.41588833612773
early_pre_response,log_RT_ms,baseline_plus_hidden,1,hidden_19,0.02799774361761866,46.41588833612773
early_pre_response,log_RT_ms,baseline_plus_hidden,1,hidden_20,0.04308711583160707,46.41588833612773
early_pre_response,log_RT_ms,baseline_plus_hidden,1,hidden_21,0.008708373373357753,46.41588833612773
early_pre_response,log_RT_ms,baseline_plus_hidden,1,hidden_22,-0.024712890314054763,46.41588833612773
early_pre_response,log_RT_ms,baseline_plus_hidden,1,hidden_23,0.001566390231746666,46.41588833612773
early_pre_response,log_RT_ms,baseline_plus_hidden,1,hidden_24,-0.0020673783360324986,46.41588833612773
early_pre_response,log_RT_ms,baseline_plus_hidden,1,hidden_25,0.015096873282216452,46.41588833612773
early_pre_response,log_RT_ms,baseline_plus_hidden,1,hidden_26,0.00838851767992406,46.41588833612773
early_pre_response,log_RT_ms,baseline_plus_hidden,1,hidden_27,0.02041133446200063,46.41588833612773
early_pre_response,log_RT_ms,baseline_plus_hidden,1,hidden_28,0.00858164079535198,46.41588833612773
early_pre_response,log_RT_ms,baseline_plus_hidden,1,hidden_29,0.03126301437062263,46.41588833612773
early_pre_response,log_RT_ms,baseline_plus_hidden,1,hidden_30,-0.09311864692550385,46.41588833612773
early_pre_response,log_RT_ms,baseline_plus_hidden,1,hidden_31,-0.029071912304308556,46.41588833612773
early_pre_response,log_RT_ms,baseline_plus_hidden,2,hidden_00,-0.058467790108746615,100.0
early_pre_response,log_RT_ms,baseline_plus_hidden,2,hidden_01,-0.001968040025641378,100.0
early_pre_response,log_RT_ms,baseline_plus_hidden,2,hidden_02,0.02404941005543497,100.0
early_pre_response,log_RT_ms,baseline_plus_hidden,2,hidden_03,0.013108028885868928,100.0
early_pre_response,log_RT_ms,baseline_plus_hidden,2,hidden_04,-0.015827043137890448,100.0
early_pre_response,log_RT_ms,baseline_plus_hidden,2,hidden_05,0.007473003437642822,100.0
early_pre_response,log_RT_ms,baseline_plus_hidden,2,hidden_06,-0.018951534985892745,100.0
early_pre_response,log_RT_ms,baseline_plus_hidden,2,hidden_07,0.06956906640684105,100.0
early_pre_response,log_RT_ms,baseline_plus_hidden,2,hidden_08,0.040854110780543476,100.0
early_pre_response,log_RT_ms,baseline_plus_hidden,2,hidden_09,-0.0033534184059591772,100.0
early_pre_response,log_RT_ms,baseline_plus_hidden,2,hidden_10,0.038651823562318464,100.0
early_pre_response,log_RT_ms,baseline_plus_hidden,2,hidden_11,-0.03127274420730542,100.0
early_pre_response,log_RT_ms,baseline_plus_hidden,2,hidden_12,0.001624594288014256,100.0
early_pre_response,log_RT_ms,baseline_plus_hidden,2,hidden_13,-0.052743113746838606,100.0
early_pre_response,log_RT_ms,baseline_plus_hidden,2,hidden_14,0.003218023417550862,100.0
early_pre_response,log_RT_ms,baseline_plus_hidden,2,hidden_15,-0.007674933078390477,100.0
early_pre_response,log_RT_ms,baseline_plus_hidden,2,hidden_16,-0.033685117149675196,100.0
early_pre_response,log_RT_ms,baseline_plus_hidden,2,hidden_17,0.02207439221611302,100.0
early_pre_response,log_RT_ms,baseline_plus_hidden,2,hidden_18,0.03403044784633064,100.0
early_pre_response,log_RT_ms,baseline_plus_hidden,2,hidden_19,0.021272157439284407,100.0
early_pre_response,log_RT_ms,baseline_plus_hidden,2,hidden_20,0.04676350326549973,100.0
early_pre_response,log_RT_ms,baseline_plus_hidden,2,hidden_21,0.006014401786671624,100.0
early_pre_response,log_RT_ms,baseline_plus_hidden,2,hidden_22,-0.03043442699652693,100.0
early_pre_response,log_RT_ms,baseline_plus_hidden,2,hidden_23,0.0019032585859498578,100.0
early_pre_response,log_RT_ms,baseline_plus_hidden,2,hidden_24,0.002241110656978372,100.0
early_pre_response,log_RT_ms,baseline_plus_hidden,2,hidden_25,0.0014651234483635594,100.0
early_pre_response,log_RT_ms,baseline_plus_hidden,2,hidden_26,0.002214005385978989,100.0
early_pre_response,log_RT_ms,baseline_plus_hidden,2,hidden_27,0.0031830495153502393,100.0
early_pre_response,log_RT_ms,baseline_plus_hidden,2,hidden_28,-0.00131705495269318,100.0
early_pre_response,log_RT_ms,baseline_plus_hidden,2,hidden_29,0.017672580668395062,100.0
early_pre_response,log_RT_ms,baseline_plus_hidden,2,hidden_30,-0.04510352165227006,100.0
early_pre_response,log_RT_ms,baseline_plus_hidden,2,hidden_31,-0.02762451651629102,100.0
early_pre_response,log_RT_ms,baseline_plus_hidden,3,hidden_00,-0.0683964413918596,100.0
early_pre_response,log_RT_ms,baseline_plus_hidden,3,hidden_01,-0.0121531539217591,100.0
early_pre_response,log_RT_ms,baseline_plus_hidden,3,hidden_02,0.02000830886447076,100.0
early_pre_response,log_RT_ms,baseline_plus_hidden,3,hidden_03,0.010277444001952766,100.0
early_pre_response,log_RT_ms,baseline_plus_hidden,3,hidden_04,-0.02612831411866568,100.0
early_pre_response,log_RT_ms,baseline_plus_hidden,3,hidden_05,0.008094441897390902,100.0
early_pre_response,log_RT_ms,baseline_plus_hidden,3,hidden_06,-0.015118563278795431,100.0
early_pre_response,log_RT_ms,baseline_plus_hidden,3,hidden_07,0.06285779782179754,100.0
early_pre_response,log_RT_ms,baseline_plus_hidden,3,hidden_08,0.04870556154531336,100.0
early_pre_response,log_RT_ms,baseline_plus_hidden,3,hidden_09,-0.0027714363247300284,100.0
early_pre_response,log_RT_ms,baseline_plus_hidden,3,hidden_10,0.039932638202561446,100.0
early_pre_response,log_RT_ms,baseline_plus_hidden,3,hidden_11,-0.027649078203992813,100.0
early_pre_response,log_RT_ms,baseline_plus_hidden,3,hidden_12,-0.00020786817388043302,100.0
early_pre_response,log_RT_ms,baseline_plus_hidden,3,hidden_13,-0.04975424358022451,100.0
early_pre_response,log_RT_ms,baseline_plus_hidden,3,hidden_14,0.006599126525747164,100.0
early_pre_response,log_RT_ms,baseline_plus_hidden,3,hidden_15,-0.007801198487177086,100.0
early_pre_response,log_RT_ms,baseline_plus_hidden,3,hidden_16,-0.03374978487466831,100.0
early_pre_response,log_RT_ms,baseline_plus_hidden,3,hidden_17,0.023755474852287073,100.0
early_pre_response,log_RT_ms,baseline_plus_hidden,3,hidden_18,0.03282699102013105,100.0
early_pre_response,log_RT_ms,baseline_plus_hidden,3,hidden_19,0.02886430401207528,100.0
early_pre_response,log_RT_ms,baseline_plus_hidden,3,hidden_20,0.042131628881854476,100.0
early_pre_response,log_RT_ms,baseline_plus_hidden,3,hidden_21,0.005376920247236627,100.0
early_pre_response,log_RT_ms,baseline_plus_hidden,3,hidden_22,-0.025794028409281654,100.0
early_pre_response,log_RT_ms,baseline_plus_hidden,3,hidden_23,0.00582464208260537,100.0
early_pre_response,log_RT_ms,baseline_plus_hidden,3,hidden_24,-0.010265842137845529,100.0
early_pre_response,log_RT_ms,baseline_plus_hidden,3,hidden_25,0.0024930846758895553,100.0
early_pre_response,log_RT_ms,baseline_plus_hidden,3,hidden_26,-0.0009635940013220129,100.0
early_pre_response,log_RT_ms,baseline_plus_hidden,3,hidden_27,0.0024324145689832858,100.0
early_pre_response,log_RT_ms,baseline_plus_hidden,3,hidden_28,-0.0026012420098003785,100.0
early_pre_response,log_RT_ms,baseline_plus_hidden,3,hidden_29,0.021507609954022077,100.0
early_pre_response,log_RT_ms,baseline_plus_hidden,3,hidden_30,-0.043470845093381325,100.0
early_pre_response,log_RT_ms,baseline_plus_hidden,3,hidden_31,-0.022208806958215786,100.0
early_pre_response,log_RT_ms,baseline_plus_hidden,4,hidden_00,-0.06612401495458203,100.0
early_pre_response,log_RT_ms,baseline_plus_hidden,4,hidden_01,-0.0043618080413041676,100.0
early_pre_response,log_RT_ms,baseline_plus_hidden,4,hidden_02,0.01623316831437633,100.0
early_pre_response,log_RT_ms,baseline_plus_hidden,4,hidden_03,0.014419942295161482,100.0
early_pre_response,log_RT_ms,baseline_plus_hidden,4,hidden_04,-0.018169113208321576,100.0
early_pre_response,log_RT_ms,baseline_plus_hidden,4,hidden_05,0.009070354602039735,100.0
early_pre_response,log_RT_ms,baseline_plus_hidden,4,hidden_06,-0.021768268706189926,100.0
early_pre_response,log_RT_ms,baseline_plus_hidden,4,hidden_07,0.06413398634403475,100.0
early_pre_response,log_RT_ms,baseline_plus_hidden,4,hidden_08,0.052844152494012316,100.0
early_pre_response,log_RT_ms,baseline_plus_hidden,4,hidden_09,-0.0027498140441225153,100.0
early_pre_response,log_RT_ms,baseline_plus_hidden,4,hidden_10,0.03476830140245944,100.0
early_pre_response,log_RT_ms,baseline_plus_hidden,4,hidden_11,-0.030891600073981767,100.0
early_pre_response,log_RT_ms,baseline_plus_hidden,4,hidden_12,0.001624662430889595,100.0
early_pre_response,log_RT_ms,baseline_plus_hidden,4,hidden_13,-0.054808262995840205,100.0
early_pre_response,log_RT_ms,baseline_plus_hidden,4,hidden_14,-0.003036337935247669,100.0
early_pre_response,log_RT_ms,baseline_plus_hidden,4,hidden_15,-0.009401807084969505,100.0
early_pre_response,log_RT_ms,baseline_plus_hidden,4,hidden_16,-0.03890492405242762,100.0
early_pre_response,log_RT_ms,baseline_plus_hidden,4,hidden_17,0.028690004236390076,100.0
early_pre_response,log_RT_ms,baseline_plus_hidden,4,hidden_18,0.047472153620987896,100.0
early_pre_response,log_RT_ms,baseline_plus_hidden,4,hidden_19,0.03403982443648834,100.0
early_pre_response,log_RT_ms,baseline_plus_hidden,4,hidden_20,0.04555967329826873,100.0
early_pre_response,log_RT_ms,baseline_plus_hidden,4,hidden_21,0.008740026076044556,100.0
early_pre_response,log_RT_ms,baseline_plus_hidden,4,hidden_22,-0.023035586741475027,100.0
early_pre_response,log_RT_ms,baseline_plus_hidden,4,hidden_23,0.0048003361870154575,100.0
early_pre_response,log_RT_ms,baseline_plus_hidden,4,hidden_24,-0.008838808358150646,100.0
early_pre_response,log_RT_ms,baseline_plus_hidden,4,hidden_25,-0.009594016690129334,100.0
early_pre_response,log_RT_ms,baseline_plus_hidden,4,hidden_26,-0.0023200127637681782,100.0
early_pre_response,log_RT_ms,baseline_plus_hidden,4,hidden_27,0.010014375940153272,100.0
early_pre_response,log_RT_ms,baseline_plus_hidden,4,hidden_28,-0.004027120182119173,100.0
early_pre_response,log_RT_ms,baseline_plus_hidden,4,hidden_29,0.01688861260692857,100.0
early_pre_response,log_RT_ms,baseline_plus_hidden,4,hidden_30,-0.05424055172540059,100.0
early_pre_response,log_RT_ms,baseline_plus_hidden,4,hidden_31,-0.026902997076964953,100.0
early_pre_response,log_RT_ms,baseline_plus_hidden,5,hidden_00,-0.12105893819692387,21.54434690031882
early_pre_response,log_RT_ms,baseline_plus_hidden,5,hidden_01,0.007594314568842506,21.54434690031882
early_pre_response,log_RT_ms,baseline_plus_hidden,5,hidden_02,0.07848062569910173,21.54434690031882
early_pre_response,log_RT_ms,baseline_plus_hidden,5,hidden_03,0.053748983482456325,21.54434690031882
early_pre_response,log_RT_ms,baseline_plus_hidden,5,hidden_04,0.0311868280702398,21.54434690031882
early_pre_response,log_RT_ms,baseline_plus_hidden,5,hidden_05,-0.00045083584409889355,21.54434690031882
early_pre_response,log_RT_ms,baseline_plus_hidden,5,hidden_06,0.0012602304781859138,21.54434690031882
early_pre_response,log_RT_ms,baseline_plus_hidden,5,hidden_07,0.07093215479294517,21.54434690031882
early_pre_response,log_RT_ms,baseline_plus_hidden,5,hidden_08,0.06435504927300441,21.54434690031882
early_pre_response,log_RT_ms,baseline_plus_hidden,5,hidden_09,0.005926545785443167,21.54434690031882
early_pre_response,log_RT_ms,baseline_plus_hidden,5,hidden_10,0.060293894120558036,21.54434690031882
early_pre_response,log_RT_ms,baseline_plus_hidden,5,hidden_11,-0.01503129107371809,21.54434690031882
early_pre_response,log_RT_ms,baseline_plus_hidden,5,hidden_12,-0.002428298457791241,21.54434690031882
early_pre_response,log_RT_ms,baseline_plus_hidden,5,hidden_13,-0.1338554794778344,21.54434690031882
early_pre_response,log_RT_ms,baseline_plus_hidden,5,hidden_14,-0.008794762870870906,21.54434690031882
early_pre_response,log_RT_ms,baseline_plus_hidden,5,hidden_15,-0.006442864762440258,21.54434690031882
early_pre_response,log_RT_ms,baseline_plus_hidden,5,hidden_16,-0.03389678517839559,21.54434690031882
early_pre_response,log_RT_ms,baseline_plus_hidden,5,hidden_17,0.03199872990508096,21.54434690031882
early_pre_response,log_RT_ms,baseline_plus_hidden,5,hidden_18,0.07694550896510104,21.54434690031882
early_pre_response,log_RT_ms,baseline_plus_hidden,5,hidden_19,0.019235134931357416,21.54434690031882
early_pre_response,log_RT_ms,baseline_plus_hidden,5,hidden_20,0.06056559509214283,21.54434690031882
early_pre_response,log_RT_ms,baseline_plus_hidden,5,hidden_21,0.004572811241337043,21.54434690031882
early_pre_response,log_RT_ms,baseline_plus_hidden,5,hidden_22,-0.014770002330027262,21.54434690031882
early_pre_response,log_RT_ms,baseline_plus_hidden,5,hidden_23,0.008490215880690447,21.54434690031882
early_pre_response,log_RT_ms,baseline_plus_hidden,5,hidden_24,-0.008117699190950409,21.54434690031882
early_pre_response,log_RT_ms,baseline_plus_hidden,5,hidden_25,0.019019161157944015,21.54434690031882
early_pre_response,log_RT_ms,baseline_plus_hidden,5,hidden_26,0.01249985816826914,21.54434690031882
early_pre_response,log_RT_ms,baseline_plus_hidden,5,hidden_27,0.0019908736186147746,21.54434690031882
early_pre_response,log_RT_ms,baseline_plus_hidden,5,hidden_28,0.007587332148732434,21.54434690031882
early_pre_response,log_RT_ms,baseline_plus_hidden,5,hidden_29,0.02169252237896472,21.54434690031882
early_pre_response,log_RT_ms,baseline_plus_hidden,5,hidden_30,-0.10421183537379339,21.54434690031882
early_pre_response,log_RT_ms,baseline_plus_hidden,5,hidden_31,-0.035942189708303166,21.54434690031882
early_pre_response,log_RT_ms,baseline_plus_shuffled_hidden,1,shuffled_hidden_00,0.0022811750560711107,1000.0
early_pre_response,log_RT_ms,baseline_plus_shuffled_hidden,1,shuffled_hidden_01,-0.0007596145058688033,1000.0
early_pre_response,log_RT_ms,baseline_plus_shuffled_hidden,1,shuffled_hidden_02,-0.0008466998843876684,1000.0
early_pre_response,log_RT_ms,baseline_plus_shuffled_hidden,1,shuffled_hidden_03,0.002757471084094112,1000.0
early_pre_response,log_RT_ms,baseline_plus_shuffled_hidden,1,shuffled_hidden_04,-0.0012320935405708872,1000.0
early_pre_response,log_RT_ms,baseline_plus_shuffled_hidden,1,shuffled_hidden_05,-0.0043182409502009675,1000.0
early_pre_response,log_RT_ms,baseline_plus_shuffled_hidden,1,shuffled_hidden_06,0.002115118273283437,1000.0
early_pre_response,log_RT_ms,baseline_plus_shuffled_hidden,1,shuffled_hidden_07,-0.00631322682359368,1000.0
early_pre_response,log_RT_ms,baseline_plus_shuffled_hidden,1,shuffled_hidden_08,-0.0003409827499590645,1000.0
early_pre_response,log_RT_ms,baseline_plus_shuffled_hidden,1,shuffled_hidden_09,-0.0008868919897597798,1000.0
early_pre_response,log_RT_ms,baseline_plus_shuffled_hidden,1,shuffled_hidden_10,6.0834813393416e-05,1000.0
early_pre_response,log_RT_ms,baseline_plus_shuffled_hidden,1,shuffled_hidden_11,-0.0022173474211563456,1000.0
early_pre_response,log_RT_ms,baseline_plus_shuffled_hidden,1,shuffled_hidden_12,-0.0015541431759462541,1000.0
early_pre_response,log_RT_ms,baseline_plus_shuffled_hidden,1,shuffled_hidden_13,0.003954679063326343,1000.0
early_pre_response,log_RT_ms,baseline_plus_shuffled_hidden,1,shuffled_hidden_14,-0.003184193699305162,1000.0
early_pre_response,log_RT_ms,baseline_plus_shuffled_hidden,1,shuffled_hidden_15,-0.0003988014901785168,1000.0
early_pre_response,log_RT_ms,baseline_plus_shuffled_hidden,1,shuffled_hidden_16,0.002220402201347532,1000.0
early_pre_response,log_RT_ms,baseline_plus_shuffled_hidden,1,shuffled_hidden_17,-0.004692376715295292,1000.0
early_pre_response,log_RT_ms,baseline_plus_shuffled_hidden,1,shuffled_hidden_18,0.0019522718627709385,1000.0
early_pre_response,log_RT_ms,baseline_plus_shuffled_hidden,1,shuffled_hidden_19,-0.002236626199030278,1000.0
early_pre_response,log_RT_ms,baseline_plus_shuffled_hidden,1,shuffled_hidden_20,0.0027378281747128122,1000.0
early_pre_response,log_RT_ms,baseline_plus_shuffled_hidden,1,shuffled_hidden_21,0.004005853363225008,1000.0
early_pre_response,log_RT_ms,baseline_plus_shuffled_hidden,1,shuffled_hidden_22,-0.0004674619338644436,1000.0
early_pre_response,log_RT_ms,baseline_plus_shuffled_hidden,1,shuffled_hidden_23,-0.0004417286642504837,1000.0
early_pre_response,log_RT_ms,baseline_plus_shuffled_hidden,1,shuffled_hidden_24,-0.0027707657558346966,1000.0
early_pre_response,log_RT_ms,baseline_plus_shuffled_hidden,1,shuffled_hidden_25,0.0012967950466731737,1000.0
early_pre_response,log_RT_ms,baseline_plus_shuffled_hidden,1,shuffled_hidden_26,-0.0008024464798572659,1000.0
early_pre_response,log_RT_ms,baseline_plus_shuffled_hidden,1,shuffled_hidden_27,-0.004104709568077997,1000.0
early_pre_response,log_RT_ms,baseline_plus_shuffled_hidden,1,shuffled_hidden_28,-0.00022874678085906615,1000.0
early_pre_response,log_RT_ms,baseline_plus_shuffled_hidden,1,shuffled_hidden_29,0.0031099363223106966,1000.0
early_pre_response,log_RT_ms,baseline_plus_shuffled_hidden,1,shuffled_hidden_30,-0.0014960971293077857,1000.0
early_pre_response,log_RT_ms,baseline_plus_shuffled_hidden,1,shuffled_hidden_31,0.0020729041232556435,1000.0
early_pre_response,log_RT_ms,baseline_plus_shuffled_hidden,2,shuffled_hidden_00,0.0026912363025618597,1000.0
early_pre_response,log_RT_ms,baseline_plus_shuffled_hidden,2,shuffled_hidden_01,-0.003970377197097818,1000.0
early_pre_response,log_RT_ms,baseline_plus_shuffled_hidden,2,shuffled_hidden_02,-0.0010744344321255127,1000.0
early_pre_response,log_RT_ms,baseline_plus_shuffled_hidden,2,shuffled_hidden_03,0.0032577123973334125,1000.0
early_pre_response,log_RT_ms,baseline_plus_shuffled_hidden,2,shuffled_hidden_04,-0.0007966394774819465,1000.0
early_pre_response,log_RT_ms,baseline_plus_shuffled_hidden,2,shuffled_hidden_05,-0.007454642790338153,1000.0
early_pre_response,log_RT_ms,baseline_plus_shuffled_hidden,2,shuffled_hidden_06,0.0027203242379028763,1000.0
early_pre_response,log_RT_ms,baseline_plus_shuffled_hidden,2,shuffled_hidden_07,-0.006110532131666791,1000.0
early_pre_response,log_RT_ms,baseline_plus_shuffled_hidden,2,shuffled_hidden_08,0.003049251974636135,1000.0
early_pre_response,log_RT_ms,baseline_plus_shuffled_hidden,2,shuffled_hidden_09,-0.0007693934934592767,1000.0
early_pre_response,log_RT_ms,baseline_plus_shuffled_hidden,2,shuffled_hidden_10,0.0004056697005185626,1000.0
early_pre_response,log_RT_ms,baseline_plus_shuffled_hidden,2,shuffled_hidden_11,-0.0010473191620739572,1000.0
early_pre_response,log_RT_ms,baseline_plus_shuffled_hidden,2,shuffled_hidden_12,-0.0022268899762519084,1000.0
early_pre_response,log_RT_ms,baseline_plus_shuffled_hidden,2,shuffled_hidden_13,0.002385263144268499,1000.0
early_pre_response,log_RT_ms,baseline_plus_shuffled_hidden,2,shuffled_hidden_14,-0.0036518226321179837,1000.0
early_pre_response,log_RT_ms,baseline_plus_shuffled_hidden,2,shuffled_hidden_15,0.0010917705651555703,1000.0
early_pre_response,log_RT_ms,baseline_plus_shuffled_hidden,2,shuffled_hidden_16,0.003742300970100993,1000.0
early_pre_response,log_RT_ms,baseline_plus_shuffled_hidden,2,shuffled_hidden_17,-0.004517016177992643,1000.0
early_pre_response,log_RT_ms,baseline_plus_shuffled_hidden,2,shuffled_hidden_18,-5.349776582541055e-05,1000.0
early_pre_response,log_RT_ms,baseline_plus_shuffled_hidden,2,shuffled_hidden_19,0.0014999965493697027,1000.0
early_pre_response,log_RT_ms,baseline_plus_shuffled_hidden,2,shuffled_hidden_20,0.00133570332897522,1000.0
early_pre_response,log_RT_ms,baseline_plus_shuffled_hidden,2,shuffled_hidden_21,0.002720099056530825,1000.0
early_pre_response,log_RT_ms,baseline_plus_shuffled_hidden,2,shuffled_hidden_22,-0.0016264264086002346,1000.0
early_pre_response,log_RT_ms,baseline_plus_shuffled_hidden,2,shuffled_hidden_23,0.0014478747098537065,1000.0
early_pre_response,log_RT_ms,baseline_plus_shuffled_hidden,2,shuffled_hidden_24,-0.0008585397458526308,1000.0
early_pre_response,log_RT_ms,baseline_plus_shuffled_hidden,2,shuffled_hidden_25,0.0022401634772204163,1000.0
early_pre_response,log_RT_ms,baseline_plus_shuffled_hidden,2,shuffled_hidden_26,-0.00036279342729059227,1000.0
early_pre_response,log_RT_ms,baseline_plus_shuffled_hidden,2,shuffled_hidden_27,-0.0036079766061446143,1000.0
early_pre_response,log_RT_ms,baseline_plus_shuffled_hidden,2,shuffled_hidden_28,-0.0010463136328000635,1000.0
early_pre_response,log_RT_ms,baseline_plus_shuffled_hidden,2,shuffled_hidden_29,0.0030349030150187578,1000.0
early_pre_response,log_RT_ms,baseline_plus_shuffled_hidden,2,shuffled_hidden_30,-0.001560287990902237,1000.0
early_pre_response,log_RT_ms,baseline_plus_shuffled_hidden,2,shuffled_hidden_31,0.00045936990587797365,1000.0
early_pre_response,log_RT_ms,baseline_plus_shuffled_hidden,3,shuffled_hidden_00,0.004416260661741913,1000.0
early_pre_response,log_RT_ms,baseline_plus_shuffled_hidden,3,shuffled_hidden_01,-0.0006608954106070126,1000.0
early_pre_response,log_RT_ms,baseline_plus_shuffled_hidden,3,shuffled_hidden_02,-0.002549773493826899,1000.0
early_pre_response,log_RT_ms,baseline_plus_shuffled_hidden,3,shuffled_hidden_03,0.004807342580760059,1000.0
early_pre_response,log_RT_ms,baseline_plus_shuffled_hidden,3,shuffled_hidden_04,0.0014047952930631086,1000.0
early_pre_response,log_RT_ms,baseline_plus_shuffled_hidden,3,shuffled_hidden_05,-0.008318405123102356,1000.0
early_pre_response,log_RT_ms,baseline_plus_shuffled_hidden,3,shuffled_hidden_06,0.0024529943207329476,1000.0
early_pre_response,log_RT_ms,baseline_plus_shuffled_hidden,3,shuffled_hidden_07,-0.005558876530080505,1000.0
early_pre_response,log_RT_ms,baseline_plus_shuffled_hidden,3,shuffled_hidden_08,0.00395375434657576,1000.0
early_pre_response,log_RT_ms,baseline_plus_shuffled_hidden,3,shuffled_hidden_09,-0.0009656995566622588,1000.0
early_pre_response,log_RT_ms,baseline_plus_shuffled_hidden,3,shuffled_hidden_10,-0.0013682854628634892,1000.0
early_pre_response,log_RT_ms,baseline_plus_shuffled_hidden,3,shuffled_hidden_11,-0.0030398440821078035,1000.0
early_pre_response,log_RT_ms,baseline_plus_shuffled_hidden,3,shuffled_hidden_12,0.0007439684507733031,1000.0
early_pre_response,log_RT_ms,baseline_plus_shuffled_hidden,3,shuffled_hidden_13,0.004417154717269481,1000.0
early_pre_response,log_RT_ms,baseline_plus_shuffled_hidden,3,shuffled_hidden_14,-0.0031147869429752287,1000.0
early_pre_response,log_RT_ms,baseline_plus_shuffled_hidden,3,shuffled_hidden_15,8.562373950487563e-05,1000.0
early_pre_response,log_RT_ms,baseline_plus_shuffled_hidden,3,shuffled_hidden_16,0.0024867203095210837,1000.0
early_pre_response,log_RT_ms,baseline_plus_shuffled_hidden,3,shuffled_hidden_17,-0.00471038142745818,1000.0
early_pre_response,log_RT_ms,baseline_plus_shuffled_hidden,3,shuffled_hidden_18,0.0019808903739496264,1000.0
early_pre_response,log_RT_ms,baseline_plus_shuffled_hidden,3,shuffled_hidden_19,-0.0019259126144899096,1000.0
early_pre_response,log_RT_ms,baseline_plus_shuffled_hidden,3,shuffled_hidden_20,0.0026476683835873352,1000.0
early_pre_response,log_RT_ms,baseline_plus_shuffled_hidden,3,shuffled_hidden_21,0.004586792336153375,1000.0
early_pre_response,log_RT_ms,baseline_plus_shuffled_hidden,3,shuffled_hidden_22,0.0005635975794230808,1000.0
early_pre_response,log_RT_ms,baseline_plus_shuffled_hidden,3,shuffled_hidden_23,-0.00042519366819603353,1000.0
early_pre_response,log_RT_ms,baseline_plus_shuffled_hidden,3,shuffled_hidden_24,-0.0029951332274049296,1000.0
early_pre_response,log_RT_ms,baseline_plus_shuffled_hidden,3,shuffled_hidden_25,0.00032162365359755265,1000.0
early_pre_response,log_RT_ms,baseline_plus_shuffled_hidden,3,shuffled_hidden_26,-0.0015414917769123986,1000.0
early_pre_response,log_RT_ms,baseline_plus_shuffled_hidden,3,shuffled_hidden_27,-0.0025455063990520417,1000.0
early_pre_response,log_RT_ms,baseline_plus_shuffled_hidden,3,shuffled_hidden_28,-0.003802699993187455,1000.0
early_pre_response,log_RT_ms,baseline_plus_shuffled_hidden,3,shuffled_hidden_29,0.002810200322685497,1000.0
early_pre_response,log_RT_ms,baseline_plus_shuffled_hidden,3,shuffled_hidden_30,-0.0016132849694385663,1000.0
early_pre_response,log_RT_ms,baseline_plus_shuffled_hidden,3,shuffled_hidden_31,0.0011548687915067652,1000.0
early_pre_response,log_RT_ms,baseline_plus_shuffled_hidden,4,shuffled_hidden_00,0.003795522107828618,1000.0
early_pre_response,log_RT_ms,baseline_plus_shuffled_hidden,4,shuffled_hidden_01,0.0009673384866874535,1000.0
early_pre_response,log_RT_ms,baseline_plus_shuffled_hidden,4,shuffled_hidden_02,-0.001880611008800277,1000.0
early_pre_response,log_RT_ms,baseline_plus_shuffled_hidden,4,shuffled_hidden_03,0.0018038956925022732,1000.0
early_pre_response,log_RT_ms,baseline_plus_shuffled_hidden,4,shuffled_hidden_04,-4.955320314238038e-05,1000.0
early_pre_response,log_RT_ms,baseline_plus_shuffled_hidden,4,shuffled_hidden_05,-0.0052882279459425495,1000.0
early_pre_response,log_RT_ms,baseline_plus_shuffled_hidden,4,shuffled_hidden_06,0.002062254904484189,1000.0
early_pre_response,log_RT_ms,baseline_plus_shuffled_hidden,4,shuffled_hidden_07,-0.005633456925937988,1000.0
early_pre_response,log_RT_ms,baseline_plus_shuffled_hidden,4,shuffled_hidden_08,0.002968751724434118,1000.0
early_pre_response,log_RT_ms,baseline_plus_shuffled_hidden,4,shuffled_hidden_09,-0.00015855874494103054,1000.0
early_pre_response,log_RT_ms,baseline_plus_shuffled_hidden,4,shuffled_hidden_10,0.0001624353104849584,1000.0
early_pre_response,log_RT_ms,baseline_plus_shuffled_hidden,4,shuffled_hidden_11,0.0006018703751956692,1000.0
early_pre_response,log_RT_ms,baseline_plus_shuffled_hidden,4,shuffled_hidden_12,0.0022395202324104017,1000.0
early_pre_response,log_RT_ms,baseline_plus_shuffled_hidden,4,shuffled_hidden_13,0.003032653698992963,1000.0
early_pre_response,log_RT_ms,baseline_plus_shuffled_hidden,4,shuffled_hidden_14,-0.0016582270434539574,1000.0
early_pre_response,log_RT_ms,baseline_plus_shuffled_hidden,4,shuffled_hidden_15,0.003759336074137135,1000.0
early_pre_response,log_RT_ms,baseline_plus_shuffled_hidden,4,shuffled_hidden_16,0.002659903779561278,1000.0
early_pre_response,log_RT_ms,baseline_plus_shuffled_hidden,4,shuffled_hidden_17,-0.0025118779754427518,1000.0
early_pre_response,log_RT_ms,baseline_plus_shuffled_hidden,4,shuffled_hidden_18,-0.0014134183719781664,1000.0
early_pre_response,log_RT_ms,baseline_plus_shuffled_hidden,4,shuffled_hidden_19,0.00019219075336800292,1000.0
early_pre_response,log_RT_ms,baseline_plus_shuffled_hidden,4,shuffled_hidden_20,0.00047431362179087305,1000.0
early_pre_response,log_RT_ms,baseline_plus_shuffled_hidden,4,shuffled_hidden_21,0.003702741024002691,1000.0
early_pre_response,log_RT_ms,baseline_plus_shuffled_hidden,4,shuffled_hidden_22,-0.0028145754235556863,1000.0
early_pre_response,log_RT_ms,baseline_plus_shuffled_hidden,4,shuffled_hidden_23,-0.0005671941929375534,1000.0
early_pre_response,log_RT_ms,baseline_plus_shuffled_hidden,4,shuffled_hidden_24,-0.002415948411286854,1000.0
early_pre_response,log_RT_ms,baseline_plus_shuffled_hidden,4,shuffled_hidden_25,0.002137163609789134,1000.0
early_pre_response,log_RT_ms,baseline_plus_shuffled_hidden,4,shuffled_hidden_26,0.0017305099423770363,1000.0
early_pre_response,log_RT_ms,baseline_plus_shuffled_hidden,4,shuffled_hidden_27,-0.003702909982302118,1000.0
early_pre_response,log_RT_ms,baseline_plus_shuffled_hidden,4,shuffled_hidden_28,0.0008064408954198812,1000.0
early_pre_response,log_RT_ms,baseline_plus_shuffled_hidden,4,shuffled_hidden_29,0.0016350466606852635,1000.0
early_pre_response,log_RT_ms,baseline_plus_shuffled_hidden,4,shuffled_hidden_30,-0.001780996372768944,1000.0
early_pre_response,log_RT_ms,baseline_plus_shuffled_hidden,4,shuffled_hidden_31,0.0006803893447383604,1000.0
early_pre_response,log_RT_ms,baseline_plus_shuffled_hidden,5,shuffled_hidden_00,0.002340350618016997,2154.4346900318824
early_pre_response,log_RT_ms,baseline_plus_shuffled_hidden,5,shuffled_hidden_01,0.0006128620989537412,2154.4346900318824
early_pre_response,log_RT_ms,baseline_plus_shuffled_hidden,5,shuffled_hidden_02,-0.0008200301893949492,2154.4346900318824
early_pre_response,log_RT_ms,baseline_plus_shuffled_hidden,5,shuffled_hidden_03,0.0019427086902259715,2154.4346900318824
early_pre_response,log_RT_ms,baseline_plus_shuffled_hidden,5,shuffled_hidden_04,0.0010453347734035105,2154.4346900318824
early_pre_response,log_RT_ms,baseline_plus_shuffled_hidden,5,shuffled_hidden_05,-0.003970325066868917,2154.4346900318824
early_pre_response,log_RT_ms,baseline_plus_shuffled_hidden,5,shuffled_hidden_06,0.002033827404197333,2154.4346900318824
early_pre_response,log_RT_ms,baseline_plus_shuffled_hidden,5,shuffled_hidden_07,-0.003672317664000577,2154.4346900318824
early_pre_response,log_RT_ms,baseline_plus_shuffled_hidden,5,shuffled_hidden_08,0.002681359929143276,2154.4346900318824
early_pre_response,log_RT_ms,baseline_plus_shuffled_hidden,5,shuffled_hidden_09,-0.000558997121070654,2154.4346900318824
early_pre_response,log_RT_ms,baseline_plus_shuffled_hidden,5,shuffled_hidden_10,-0.0012249093042315399,2154.4346900318824
early_pre_response,log_RT_ms,baseline_plus_shuffled_hidden,5,shuffled_hidden_11,-0.002018064604045567,2154.4346900318824
early_pre_response,log_RT_ms,baseline_plus_shuffled_hidden,5,shuffled_hidden_12,-0.00042599505319455697,2154.4346900318824
early_pre_response,log_RT_ms,baseline_plus_shuffled_hidden,5,shuffled_hidden_13,0.0017185758576680565,2154.4346900318824
early_pre_response,log_RT_ms,baseline_plus_shuffled_hidden,5,shuffled_hidden_14,-0.0031649506734453573,2154.4346900318824
early_pre_response,log_RT_ms,baseline_plus_shuffled_hidden,5,shuffled_hidden_15,-0.0028916570575041193,2154.4346900318824
early_pre_response,log_RT_ms,baseline_plus_shuffled_hidden,5,shuffled_hidden_16,0.003147976310506527,2154.4346900318824
early_pre_response,log_RT_ms,baseline_plus_shuffled_hidden,5,shuffled_hidden_17,-0.0020896470710101175,2154.4346900318824
early_pre_response,log_RT_ms,baseline_plus_shuffled_hidden,5,shuffled_hidden_18,0.0010692466750687288,2154.4346900318824
early_pre_response,log_RT_ms,baseline_plus_shuffled_hidden,5,shuffled_hidden_19,-0.0023062972384624114,2154.4346900318824
early_pre_response,log_RT_ms,baseline_plus_shuffled_hidden,5,shuffled_hidden_20,0.0012698018056986461,2154.4346900318824
early_pre_response,log_RT_ms,baseline_plus_shuffled_hidden,5,shuffled_hidden_21,0.0035805332796618513,2154.4346900318824
early_pre_response,log_RT_ms,baseline_plus_shuffled_hidden,5,shuffled_hidden_22,0.0004538495198867427,2154.4346900318824
early_pre_response,log_RT_ms,baseline_plus_shuffled_hidden,5,shuffled_hidden_23,-0.0005810398561943454,2154.4346900318824
early_pre_response,log_RT_ms,baseline_plus_shuffled_hidden,5,shuffled_hidden_24,-0.0007642818378907336,2154.4346900318824
early_pre_response,log_RT_ms,baseline_plus_shuffled_hidden,5,shuffled_hidden_25,0.0008428579784931643,2154.4346900318824
early_pre_response,log_RT_ms,baseline_plus_shuffled_hidden,5,shuffled_hidden_26,-0.0018178124374990398,2154.4346900318824
early_pre_response,log_RT_ms,baseline_plus_shuffled_hidden,5,shuffled_hidden_27,-2.4457490283939776e-05,2154.4346900318824
early_pre_response,log_RT_ms,baseline_plus_shuffled_hidden,5,shuffled_hidden_28,-0.0002816062267556022,2154.4346900318824
early_pre_response,log_RT_ms,baseline_plus_shuffled_hidden,5,shuffled_hidden_29,0.0029808454455122727,2154.4346900318824
early_pre_response,log_RT_ms,baseline_plus_shuffled_hidden,5,shuffled_hidden_30,-0.0007251489969201738,2154.4346900318824
early_pre_response,log_RT_ms,baseline_plus_shuffled_hidden,5,shuffled_hidden_31,0.0014085586158198169,2154.4346900318824
early_pre_response,RT_ms,hidden,1,hidden_00,-81.50212860107422,46.41588833612773
early_pre_response,RT_ms,hidden,1,hidden_01,22.275087356567383,46.41588833612773
early_pre_response,RT_ms,hidden,1,hidden_02,16.15866470336914,46.41588833612773
early_pre_response,RT_ms,hidden,1,hidden_03,44.4196891784668,46.41588833612773
early_pre_response,RT_ms,hidden,1,hidden_04,-6.05213737487793,46.41588833612773
early_pre_response,RT_ms,hidden,1,hidden_05,6.175646781921387,46.41588833612773
early_pre_response,RT_ms,hidden,1,hidden_06,-24.524860382080078,46.41588833612773
early_pre_response,RT_ms,hidden,1,hidden_07,67.76262664794922,46.41588833612773
early_pre_response,RT_ms,hidden,1,hidden_08,51.645790100097656,46.41588833612773
early_pre_response,RT_ms,hidden,1,hidden_09,10.170125961303711,46.41588833612773
early_pre_response,RT_ms,hidden,1,hidden_10,47.91875076293945,46.41588833612773
early_pre_response,RT_ms,hidden,1,hidden_11,-42.17030715942383,46.41588833612773
early_pre_response,RT_ms,hidden,1,hidden_12,14.857361793518066,46.41588833612773
early_pre_response,RT_ms,hidden,1,hidden_13,-73.7928695678711,46.41588833612773
early_pre_response,RT_ms,hidden,1,hidden_14,7.735728740692139,46.41588833612773
early_pre_response,RT_ms,hidden,1,hidden_15,-2.2988688945770264,46.41588833612773
early_pre_response,RT_ms,hidden,1,hidden_16,-48.8885383605957,46.41588833612773
early_pre_response,RT_ms,hidden,1,hidden_17,52.72239303588867,46.41588833612773
early_pre_response,RT_ms,hidden,1,hidden_18,73.3824234008789,46.41588833612773
early_pre_response,RT_ms,hidden,1,hidden_19,20.010780334472656,46.41588833612773
early_pre_response,RT_ms,hidden,1,hidden_20,57.29267501831055,46.41588833612773
early_pre_response,RT_ms,hidden,1,hidden_21,11.494437217712402,46.41588833612773
early_pre_response,RT_ms,hidden,1,hidden_22,-26.828765869140625,46.41588833612773
early_pre_response,RT_ms,hidden,1,hidden_23,8.574721336364746,46.41588833612773
early_pre_response,RT_ms,hidden,1,hidden_24,-4.402888774871826,46.41588833612773
early_pre_response,RT_ms,hidden,1,hidden_25,11.332561492919922,46.41588833612773
early_pre_response,RT_ms,hidden,1,hidden_26,25.638837814331055,46.41588833612773
early_pre_response,RT_ms,hidden,1,hidden_27,27.55080223083496,46.41588833612773
early_pre_response,RT_ms,hidden,1,hidden_28,10.646324157714844,46.41588833612773
early_pre_response,RT_ms,hidden,1,hidden_29,20.85325050354004,46.41588833612773
early_pre_response,RT_ms,hidden,1,hidden_30,-109.54531860351562,46.41588833612773
early_pre_response,RT_ms,hidden,1,hidden_31,-35.71233367919922,46.41588833612773
early_pre_response,RT_ms,hidden,2,hidden_00,-48.576698303222656,100.0
early_pre_response,RT_ms,hidden,2,hidden_01,19.301475524902344,100.0
early_pre_response,RT_ms,hidden,2,hidden_02,17.43412208557129,100.0
early_pre_response,RT_ms,hidden,2,hidden_03,25.66789436340332,100.0
early_pre_response,RT_ms,hidden,2,hidden_04,-11.519655227661133,100.0
early_pre_response,RT_ms,hidden,2,hidden_05,7.84000301361084,100.0
early_pre_response,RT_ms,hidden,2,hidden_06,-17.79766082763672,100.0
early_pre_response,RT_ms,hidden,2,hidden_07,70.19551849365234,100.0
early_pre_response,RT_ms,hidden,2,hidden_08,37.32319259643555,100.0
early_pre_response,RT_ms,hidden,2,hidden_09,3.4782967567443848,100.0
early_pre_response,RT_ms,hidden,2,hidden_10,38.95677947998047,100.0
early_pre_response,RT_ms,hidden,2,hidden_11,-37.90931701660156,100.0
early_pre_response,RT_ms,hidden,2,hidden_12,16.387672424316406,100.0
early_pre_response,RT_ms,hidden,2,hidden_13,-47.82152557373047,100.0
early_pre_response,RT_ms,hidden,2,hidden_14,5.5039777755737305,100.0
early_pre_response,RT_ms,hidden,2,hidden_15,-5.1444573402404785,100.0
early_pre_response,RT_ms,hidden,2,hidden_16,-46.43064880371094,100.0
early_pre_response,RT_ms,hidden,2,hidden_17,30.006759643554688,100.0
early_pre_response,RT_ms,hidden,2,hidden_18,43.86663818359375,100.0
early_pre_response,RT_ms,hidden,2,hidden_19,17.99384117126465,100.0
early_pre_response,RT_ms,hidden,2,hidden_20,51.42270278930664,100.0
early_pre_response,RT_ms,hidden,2,hidden_21,7.449739933013916,100.0
early_pre_response,RT_ms,hidden,2,hidden_22,-31.53803253173828,100.0
early_pre_response,RT_ms,hidden,2,hidden_23,6.231710910797119,100.0
early_pre_response,RT_ms,hidden,2,hidden_24,-2.398451328277588,100.0
early_pre_response,RT_ms,hidden,2,hidden_25,-1.3642789125442505,100.0
early_pre_response,RT_ms,hidden,2,hidden_26,10.699605941772461,100.0
early_pre_response,RT_ms,hidden,2,hidden_27,13.11751937866211,100.0
early_pre_response,RT_ms,hidden,2,hidden_28,2.2183241844177246,100.0
early_pre_response,RT_ms,hidden,2,hidden_29,12.769057273864746,100.0
early_pre_response,RT_ms,hidden,2,hidden_30,-64.05254364013672,100.0
early_pre_response,RT_ms,hidden,2,hidden_31,-33.31126022338867,100.0
early_pre_response,RT_ms,hidden,3,hidden_00,-54.16413497924805,100.0
early_pre_response,RT_ms,hidden,3,hidden_01,10.391921997070312,100.0
early_pre_response,RT_ms,hidden,3,hidden_02,13.83017349243164,100.0
early_pre_response,RT_ms,hidden,3,hidden_03,19.92987060546875,100.0
early_pre_response,RT_ms,hidden,3,hidden_04,-18.588590621948242,100.0
early_pre_response,RT_ms,hidden,3,hidden_05,10.69432258605957,100.0
early_pre_response,RT_ms,hidden,3,hidden_06,-16.77094268798828,100.0
early_pre_response,RT_ms,hidden,3,hidden_07,65.26317596435547,100.0
early_pre_response,RT_ms,hidden,3,hidden_08,42.2672119140625,100.0
early_pre_response,RT_ms,hidden,3,hidden_09,3.742048740386963,100.0
early_pre_response,RT_ms,hidden,3,hidden_10,40.584693908691406,100.0
early_pre_response,RT_ms,hidden,3,hidden_11,-32.024662017822266,100.0
early_pre_response,RT_ms,hidden,3,hidden_12,16.912370681762695,100.0
early_pre_response,RT_ms,hidden,3,hidden_13,-42.643043518066406,100.0
early_pre_response,RT_ms,hidden,3,hidden_14,9.129874229431152,100.0
early_pre_response,RT_ms,hidden,3,hidden_15,-3.3861639499664307,100.0
early_pre_response,RT_ms,hidden,3,hidden_16,-45.21875,100.0
early_pre_response,RT_ms,hidden,3,hidden_17,30.4379940032959,100.0
early_pre_response,RT_ms,hidden,3,hidden_18,42.428260803222656,100.0
early_pre_response,RT_ms,hidden,3,hidden_19,23.935230255126953,100.0
early_pre_response,RT_ms,hidden,3,hidden_20,53.245506286621094,100.0
early_pre_response,RT_ms,hidden,3,hidden_21,7.843273639678955,100.0
early_pre_response,RT_ms,hidden,3,hidden_22,-30.28588104248047,100.0
early_pre_response,RT_ms,hidden,3,hidden_23,11.739803314208984,100.0
early_pre_response,RT_ms,hidden,3,hidden_24,-9.839286804199219,100.0
early_pre_response,RT_ms,hidden,3,hidden_25,-0.5099064111709595,100.0
early_pre_response,RT_ms,hidden,3,hidden_26,8.990944862365723,100.0
early_pre_response,RT_ms,hidden,3,hidden_27,11.749629020690918,100.0
early_pre_response,RT_ms,hidden,3,hidden_28,0.8899098634719849,100.0
early_pre_response,RT_ms,hidden,3,hidden_29,14.435791015625,100.0
early_pre_response,RT_ms,hidden,3,hidden_30,-57.713897705078125,100.0
early_pre_response,RT_ms,hidden,3,hidden_31,-29.74721336364746,100.0
early_pre_response,RT_ms,hidden,4,hidden_00,-55.193359375,100.0
early_pre_response,RT_ms,hidden,4,hidden_01,14.113434791564941,100.0
early_pre_response,RT_ms,hidden,4,hidden_02,9.428783416748047,100.0
early_pre_response,RT_ms,hidden,4,hidden_03,32.205467224121094,100.0
early_pre_response,RT_ms,hidden,4,hidden_04,-10.549033164978027,100.0
early_pre_response,RT_ms,hidden,4,hidden_05,9.076173782348633,100.0
early_pre_response,RT_ms,hidden,4,hidden_06,-20.927003860473633,100.0
early_pre_response,RT_ms,hidden,4,hidden_07,65.54310607910156,100.0
early_pre_response,RT_ms,hidden,4,hidden_08,48.44805145263672,100.0
early_pre_response,RT_ms,hidden,4,hidden_09,0.12556219100952148,100.0
early_pre_response,RT_ms,hidden,4,hidden_10,38.436492919921875,100.0
early_pre_response,RT_ms,hidden,4,hidden_11,-43.12844467163086,100.0
early_pre_response,RT_ms,hidden,4,hidden_12,18.486780166625977,100.0
early_pre_response,RT_ms,hidden,4,hidden_13,-50.25529861450195,100.0
early_pre_response,RT_ms,hidden,4,hidden_14,2.9401066303253174,100.0
early_pre_response,RT_ms,hidden,4,hidden_15,-8.775407791137695,100.0
early_pre_response,RT_ms,hidden,4,hidden_16,-49.11479187011719,100.0
early_pre_response,RT_ms,hidden,4,hidden_17,38.01259231567383,100.0
early_pre_response,RT_ms,hidden,4,hidden_18,52.65831756591797,100.0
early_pre_response,RT_ms,hidden,4,hidden_19,28.08735466003418,100.0
early_pre_response,RT_ms,hidden,4,hidden_20,52.39971160888672,100.0
early_pre_response,RT_ms,hidden,4,hidden_21,14.943097114562988,100.0
early_pre_response,RT_ms,hidden,4,hidden_22,-24.533952713012695,100.0
early_pre_response,RT_ms,hidden,4,hidden_23,9.135223388671875,100.0
early_pre_response,RT_ms,hidden,4,hidden_24,-9.559757232666016,100.0
early_pre_response,RT_ms,hidden,4,hidden_25,-10.161178588867188,100.0
early_pre_response,RT_ms,hidden,4,hidden_26,6.594452857971191,100.0
early_pre_response,RT_ms,hidden,4,hidden_27,16.204299926757812,100.0
early_pre_response,RT_ms,hidden,4,hidden_28,-4.4191741943359375,100.0
early_pre_response,RT_ms,hidden,4,hidden_29,10.04271411895752,100.0
early_pre_response,RT_ms,hidden,4,hidden_30,-65.76283264160156,100.0
early_pre_response,RT_ms,hidden,4,hidden_31,-30.97002601623535,100.0
early_pre_response,RT_ms,hidden,5,hidden_00,-79.05577087402344,46.41588833612773
early_pre_response,RT_ms,hidden,5,hidden_01,28.98766326904297,46.41588833612773
early_pre_response,RT_ms,hidden,5,hidden_02,41.497406005859375,46.41588833612773
early_pre_response,RT_ms,hidden,5,hidden_03,54.92477035522461,46.41588833612773
early_pre_response,RT_ms,hidden,5,hidden_04,2.1364080905914307,46.41588833612773
early_pre_response,RT_ms,hidden,5,hidden_05,1.838862657546997,46.41588833612773
early_pre_response,RT_ms,hidden,5,hidden_06,-13.220927238464355,46.41588833612773
early_pre_response,RT_ms,hidden,5,hidden_07,67.92253112792969,46.41588833612773
early_pre_response,RT_ms,hidden,5,hidden_08,52.96527862548828,46.41588833612773
early_pre_response,RT_ms,hidden,5,hidden_09,6.704668998718262,46.41588833612773
early_pre_response,RT_ms,hidden,5,hidden_10,52.247188568115234,46.41588833612773
early_pre_response,RT_ms,hidden,5,hidden_11,-40.481632232666016,46.41588833612773
early_pre_response,RT_ms,hidden,5,hidden_12,16.030981063842773,46.41588833612773
early_pre_response,RT_ms,hidden,5,hidden_13,-80.53748321533203,46.41588833612773
early_pre_response,RT_ms,hidden,5,hidden_14,2.6120798587799072,46.41588833612773
early_pre_response,RT_ms,hidden,5,hidden_15,-2.087862253189087,46.41588833612773
early_pre_response,RT_ms,hidden,5,hidden_16,-47.73148727416992,46.41588833612773
early_pre_response,RT_ms,hidden,5,hidden_17,42.816829681396484,46.41588833612773
early_pre_response,RT_ms,hidden,5,hidden_18,66.70227813720703,46.41588833612773
early_pre_response,RT_ms,hidden,5,hidden_19,16.2780818939209,46.41588833612773
early_pre_response,RT_ms,hidden,5,hidden_20,70.79204559326172,46.41588833612773
early_pre_response,RT_ms,hidden,5,hidden_21,10.161310195922852,46.41588833612773
early_pre_response,RT_ms,hidden,5,hidden_22,-18.618886947631836,46.41588833612773
early_pre_response,RT_ms,hidden,5,hidden_23,11.689346313476562,46.41588833612773
early_pre_response,RT_ms,hidden,5,hidden_24,-8.899173736572266,46.41588833612773
early_pre_response,RT_ms,hidden,5,hidden_25,7.5559868812561035,46.41588833612773
early_pre_response,RT_ms,hidden,5,hidden_26,18.65291976928711,46.41588833612773
early_pre_response,RT_ms,hidden,5,hidden_27,14.607144355773926,46.41588833612773
early_pre_response,RT_ms,hidden,5,hidden_28,5.260215759277344,46.41588833612773
early_pre_response,RT_ms,hidden,5,hidden_29,10.455268859863281,46.41588833612773
early_pre_response,RT_ms,hidden,5,hidden_30,-92.00399017333984,46.41588833612773
early_pre_response,RT_ms,hidden,5,hidden_31,-43.1018180847168,46.41588833612773
early_pre_response,RT_ms,baseline_plus_hidden,1,hidden_00,-75.44122035695726,46.41588833612773
early_pre_response,RT_ms,baseline_plus_hidden,1,hidden_01,-9.25723258376641,46.41588833612773
early_pre_response,RT_ms,baseline_plus_hidden,1,hidden_02,22.335831282250837,46.41588833612773
early_pre_response,RT_ms,baseline_plus_hidden,1,hidden_03,33.3105393270754,46.41588833612773
early_pre_response,RT_ms,baseline_plus_hidden,1,hidden_04,-18.913820708559452,46.41588833612773
early_pre_response,RT_ms,baseline_plus_hidden,1,hidden_05,3.464402081442233,46.41588833612773
early_pre_response,RT_ms,baseline_plus_hidden,1,hidden_06,-12.30728538392912,46.41588833612773
early_pre_response,RT_ms,baseline_plus_hidden,1,hidden_07,57.30744190836105,46.41588833612773
early_pre_response,RT_ms,baseline_plus_hidden,1,hidden_08,45.450772348202946,46.41588833612773
early_pre_response,RT_ms,baseline_plus_hidden,1,hidden_09,5.355410114460574,46.41588833612773
early_pre_response,RT_ms,baseline_plus_hidden,1,hidden_10,32.84243718534328,46.41588833612773
early_pre_response,RT_ms,baseline_plus_hidden,1,hidden_11,-32.20418702333131,46.41588833612773
early_pre_response,RT_ms,baseline_plus_hidden,1,hidden_12,8.453439605605704,46.41588833612773
early_pre_response,RT_ms,baseline_plus_hidden,1,hidden_13,-64.95438107872182,46.41588833612773
early_pre_response,RT_ms,baseline_plus_hidden,1,hidden_14,2.3354413267354093,46.41588833612773
early_pre_response,RT_ms,baseline_plus_hidden,1,hidden_15,-5.604395887262211,46.41588833612773
early_pre_response,RT_ms,baseline_plus_hidden,1,hidden_16,-27.750379619539725,46.41588833612773
early_pre_response,RT_ms,baseline_plus_hidden,1,hidden_17,38.92998444060435,46.41588833612773
early_pre_response,RT_ms,baseline_plus_hidden,1,hidden_18,50.54766272744203,46.41588833612773
early_pre_response,RT_ms,baseline_plus_hidden,1,hidden_19,22.296890624677214,46.41588833612773
early_pre_response,RT_ms,baseline_plus_hidden,1,hidden_20,34.509201082630085,46.41588833612773
early_pre_response,RT_ms,baseline_plus_hidden,1,hidden_21,5.163384431151607,46.41588833612773
early_pre_response,RT_ms,baseline_plus_hidden,1,hidden_22,-19.566285562328634,46.41588833612773
early_pre_response,RT_ms,baseline_plus_hidden,1,hidden_23,1.8890180646653267,46.41588833612773
early_pre_response,RT_ms,baseline_plus_hidden,1,hidden_24,-1.9605891279471626,46.41588833612773
early_pre_response,RT_ms,baseline_plus_hidden,1,hidden_25,18.05207412897763,46.41588833612773
early_pre_response,RT_ms,baseline_plus_hidden,1,hidden_26,14.230361867286662,46.41588833612773
early_pre_response,RT_ms,baseline_plus_hidden,1,hidden_27,11.538083513460775,46.41588833612773
early_pre_response,RT_ms,baseline_plus_hidden,1,hidden_28,7.444726274525806,46.41588833612773
early_pre_response,RT_ms,baseline_plus_hidden,1,hidden_29,22.49666974951732,46.41588833612773
early_pre_response,RT_ms,baseline_plus_hidden,1,hidden_30,-83.89786752647386,46.41588833612773
early_pre_response,RT_ms,baseline_plus_hidden,1,hidden_31,-21.944831056601487,46.41588833612773
early_pre_response,RT_ms,baseline_plus_hidden,2,hidden_00,-44.28107700424444,100.0
early_pre_response,RT_ms,baseline_plus_hidden,2,hidden_01,-4.834545124796895,100.0
early_pre_response,RT_ms,baseline_plus_hidden,2,hidden_02,20.393000993755336,100.0
early_pre_response,RT_ms,baseline_plus_hidden,2,hidden_03,17.71633782578054,100.0
early_pre_response,RT_ms,baseline_plus_hidden,2,hidden_04,-16.58523697284269,100.0
early_pre_response,RT_ms,baseline_plus_hidden,2,hidden_05,5.813291368898744,100.0
early_pre_response,RT_ms,baseline_plus_hidden,2,hidden_06,-11.66034319317239,100.0
early_pre_response,RT_ms,baseline_plus_hidden,2,hidden_07,58.7058806028737,100.0
early_pre_response,RT_ms,baseline_plus_hidden,2,hidden_08,31.743540436838735,100.0
early_pre_response,RT_ms,baseline_plus_hidden,2,hidden_09,-1.2868084878684158,100.0
early_pre_response,RT_ms,baseline_plus_hidden,2,hidden_10,30.868563815742892,100.0
early_pre_response,RT_ms,baseline_plus_hidden,2,hidden_11,-29.55719416587979,100.0
early_pre_response,RT_ms,baseline_plus_hidden,2,hidden_12,11.70981618769279,100.0
early_pre_response,RT_ms,baseline_plus_hidden,2,hidden_13,-40.49572210478753,100.0
early_pre_response,RT_ms,baseline_plus_hidden,2,hidden_14,0.462231748983088,100.0
early_pre_response,RT_ms,baseline_plus_hidden,2,hidden_15,-6.253814467308805,100.0
early_pre_response,RT_ms,baseline_plus_hidden,2,hidden_16,-27.55241042357021,100.0
early_pre_response,RT_ms,baseline_plus_hidden,2,hidden_17,20.06922569611621,100.0
early_pre_response,RT_ms,baseline_plus_hidden,2,hidden_18,26.63285866685578,100.0
early_pre_response,RT_ms,baseline_plus_hidden,2,hidden_19,19.102687756816806,100.0
early_pre_response,RT_ms,baseline_plus_hidden,2,hidden_20,38.92345944227686,100.0
early_pre_response,RT_ms,baseline_plus_hidden,2,hidden_21,4.69096156237308,100.0
early_pre_response,RT_ms,baseline_plus_hidden,2,hidden_22,-25.79152247293616,100.0
early_pre_response,RT_ms,baseline_plus_hidden,2,hidden_23,2.070708285516944,100.0
early_pre_response,RT_ms,baseline_plus_hidden,2,hidden_24,1.7960510806046794,100.0
early_pre_response,RT_ms,baseline_plus_hidden,2,hidden_25,4.813580350113711,100.0
early_pre_response,RT_ms,baseline_plus_hidden,2,hidden_26,6.993149911612803,100.0
early_pre_response,RT_ms,baseline_plus_hidden,2,hidden_27,-0.49388791249057773,100.0
early_pre_response,RT_ms,baseline_plus_hidden,2,hidden_28,-0.19236634933089758,100.0
early_pre_response,RT_ms,baseline_plus_hidden,2,hidden_29,13.512825555234354,100.0
early_pre_response,RT_ms,baseline_plus_hidden,2,hidden_30,-42.60607707871021,100.0
early_pre_response,RT_ms,baseline_plus_hidden,2,hidden_31,-22.16867921689399,100.0
early_pre_response,RT_ms,baseline_plus_hidden,3,hidden_00,-52.350726886763674,100.0
early_pre_response,RT_ms,baseline_plus_hidden,3,hidden_01,-15.952023892852065,100.0
early_pre_response,RT_ms,baseline_plus_hidden,3,hidden_02,17.76912458010462,100.0
early_pre_response,RT_ms,baseline_plus_hidden,3,hidden_03,16.27906948813774,100.0
early_pre_response,RT_ms,baseline_plus_hidden,3,hidden_04,-25.374133300413753,100.0
early_pre_response,RT_ms,baseline_plus_hidden,3,hidden_05,5.758183570991159,100.0
early_pre_response,RT_ms,baseline_plus_hidden,3,hidden_06,-8.99139084306463,100.0
early_pre_response,RT_ms,baseline_plus_hidden,3,hidden_07,54.06156082890099,100.0
early_pre_response,RT_ms,baseline_plus_hidden,3,hidden_08,37.65675828237332,100.0
early_pre_response,RT_ms,baseline_plus_hidden,3,hidden_09,-1.0198289994387852,100.0
early_pre_response,RT_ms,baseline_plus_hidden,3,hidden_10,30.611619107915136,100.0
early_pre_response,RT_ms,baseline_plus_hidden,3,hidden_11,-26.708028444086853,100.0
early_pre_response,RT_ms,baseline_plus_hidden,3,hidden_12,9.911273640513027,100.0
early_pre_response,RT_ms,baseline_plus_hidden,3,hidden_13,-38.189005463689575,100.0
early_pre_response,RT_ms,baseline_plus_hidden,3,hidden_14,2.745206074398474,100.0
early_pre_response,RT_ms,baseline_plus_hidden,3,hidden_15,-6.794830410473491,100.0
early_pre_response,RT_ms,baseline_plus_hidden,3,hidden_16,-27.692698563257128,100.0
early_pre_response,RT_ms,baseline_plus_hidden,3,hidden_17,20.860306761425736,100.0
early_pre_response,RT_ms,baseline_plus_hidden,3,hidden_18,24.601270921242527,100.0
early_pre_response,RT_ms,baseline_plus_hidden,3,hidden_19,24.21330322080367,100.0
early_pre_response,RT_ms,baseline_plus_hidden,3,hidden_20,31.97337448746879,100.0
early_pre_response,RT_ms,baseline_plus_hidden,3,hidden_21,3.1427735882518983,100.0
early_pre_response,RT_ms,baseline_plus_hidden,3,hidden_22,-21.29600634718532,100.0
early_pre_response,RT_ms,baseline_plus_hidden,3,hidden_23,4.578629689621798,100.0
early_pre_response,RT_ms,baseline_plus_hidden,3,hidden_24,-9.414210408018754,100.0
early_pre_response,RT_ms,baseline_plus_hidden,3,hidden_25,6.820455377572212,100.0
early_pre_response,RT_ms,baseline_plus_hidden,3,hidden_26,3.58931312020638,100.0
early_pre_response,RT_ms,baseline_plus_hidden,3,hidden_27,-2.00818495639387,100.0
early_pre_response,RT_ms,baseline_plus_hidden,3,hidden_28,-1.7590261635876145,100.0
early_pre_response,RT_ms,baseline_plus_hidden,3,hidden_29,16.067970357988134,100.0
early_pre_response,RT_ms,baseline_plus_hidden,3,hidden_30,-40.1216569142861,100.0
early_pre_response,RT_ms,baseline_plus_hidden,3,hidden_31,-17.25312137190754,100.0
early_pre_response,RT_ms,baseline_plus_hidden,4,hidden_00,-51.76540384540868,100.0
early_pre_response,RT_ms,baseline_plus_hidden,4,hidden_01,-8.483667408043381,100.0
early_pre_response,RT_ms,baseline_plus_hidden,4,hidden_02,14.769469493089986,100.0
early_pre_response,RT_ms,baseline_plus_hidden,4,hidden_03,19.474552733031373,100.0
early_pre_response,RT_ms,baseline_plus_hidden,4,hidden_04,-18.69499905434099,100.0
early_pre_response,RT_ms,baseline_plus_hidden,4,hidden_05,6.559043847243393,100.0
early_pre_response,RT_ms,baseline_plus_hidden,4,hidden_06,-12.852329288256012,100.0
early_pre_response,RT_ms,baseline_plus_hidden,4,hidden_07,54.961273922017234,100.0
early_pre_response,RT_ms,baseline_plus_hidden,4,hidden_08,41.22734222456491,100.0
early_pre_response,RT_ms,baseline_plus_hidden,4,hidden_09,-0.8800789762611045,100.0
early_pre_response,RT_ms,baseline_plus_hidden,4,hidden_10,26.435961098698403,100.0
early_pre_response,RT_ms,baseline_plus_hidden,4,hidden_11,-29.53103318910562,100.0
early_pre_response,RT_ms,baseline_plus_hidden,4,hidden_12,10.949103868187356,100.0
early_pre_response,RT_ms,baseline_plus_hidden,4,hidden_13,-41.72358995478746,100.0
early_pre_response,RT_ms,baseline_plus_hidden,4,hidden_14,-5.648809582589474,100.0
early_pre_response,RT_ms,baseline_plus_hidden,4,hidden_15,-8.077339649145928,100.0
early_pre_response,RT_ms,baseline_plus_hidden,4,hidden_16,-32.82733398994759,100.0
early_pre_response,RT_ms,baseline_plus_hidden,4,hidden_17,26.143524089149675,100.0
early_pre_response,RT_ms,baseline_plus_hidden,4,hidden_18,37.64438480123847,100.0
early_pre_response,RT_ms,baseline_plus_hidden,4,hidden_19,29.323251947396134,100.0
early_pre_response,RT_ms,baseline_plus_hidden,4,hidden_20,37.416018626507665,100.0
early_pre_response,RT_ms,baseline_plus_hidden,4,hidden_21,6.75926919869687,100.0
early_pre_response,RT_ms,baseline_plus_hidden,4,hidden_22,-18.85106397502193,100.0
early_pre_response,RT_ms,baseline_plus_hidden,4,hidden_23,4.316821407533764,100.0
early_pre_response,RT_ms,baseline_plus_hidden,4,hidden_24,-8.53382335034088,100.0
early_pre_response,RT_ms,baseline_plus_hidden,4,hidden_25,-3.8464484138768635,100.0
early_pre_response,RT_ms,baseline_plus_hidden,4,hidden_26,3.547055905727272,100.0
early_pre_response,RT_ms,baseline_plus_hidden,4,hidden_27,4.763562345904537,100.0
early_pre_response,RT_ms,baseline_plus_hidden,4,hidden_28,-2.55751732106191,100.0
early_pre_response,RT_ms,baseline_plus_hidden,4,hidden_29,12.01155772169172,100.0
early_pre_response,RT_ms,baseline_plus_hidden,4,hidden_30,-50.80530773524034,100.0
early_pre_response,RT_ms,baseline_plus_hidden,4,hidden_31,-22.01188363240414,100.0
early_pre_response,RT_ms,baseline_plus_hidden,5,hidden_00,-95.34642436823648,21.54434690031882
early_pre_response,RT_ms,baseline_plus_hidden,5,hidden_01,-0.1096315133298983,21.54434690031882
early_pre_response,RT_ms,baseline_plus_hidden,5,hidden_02,70.7524625200131,21.54434690031882
early_pre_response,RT_ms,baseline_plus_hidden,5,hidden_03,60.0877686627737,21.54434690031882
early_pre_response,RT_ms,baseline_plus_hidden,5,hidden_04,21.038589650676872,21.54434690031882
early_pre_response,RT_ms,baseline_plus_hidden,5,hidden_05,-1.1168366375684509,21.54434690031882
early_pre_response,RT_ms,baseline_plus_hidden,5,hidden_06,10.333848395358256,21.54434690031882
early_pre_response,RT_ms,baseline_plus_hidden,5,hidden_07,62.37904394395873,21.54434690031882
early_pre_response,RT_ms,baseline_plus_hidden,5,hidden_08,50.23900709198153,21.54434690031882
early_pre_response,RT_ms,baseline_plus_hidden,5,hidden_09,6.0095069674511254,21.54434690031882
early_pre_response,RT_ms,baseline_plus_hidden,5,hidden_10,45.287122328710154,21.54434690031882
early_pre_response,RT_ms,baseline_plus_hidden,5,hidden_11,-18.06236896260292,21.54434690031882
early_pre_response,RT_ms,baseline_plus_hidden,5,hidden_12,8.992840343441628,21.54434690031882
early_pre_response,RT_ms,baseline_plus_hidden,5,hidden_13,-102.07858052808848,21.54434690031882
early_pre_response,RT_ms,baseline_plus_hidden,5,hidden_14,-11.149423519198033,21.54434690031882
early_pre_response,RT_ms,baseline_plus_hidden,5,hidden_15,-6.540890440035494,21.54434690031882
early_pre_response,RT_ms,baseline_plus_hidden,5,hidden_16,-27.92200568054594,21.54434690031882
early_pre_response,RT_ms,baseline_plus_hidden,5,hidden_17,33.97678632055055,21.54434690031882
early_pre_response,RT_ms,baseline_plus_hidden,5,hidden_18,60.21576649867893,21.54434690031882
early_pre_response,RT_ms,baseline_plus_hidden,5,hidden_19,14.5791476856042,21.54434690031882
early_pre_response,RT_ms,baseline_plus_hidden,5,hidden_20,50.18409509546435,21.54434690031882
early_pre_response,RT_ms,baseline_plus_hidden,5,hidden_21,-0.10762670769109219,21.54434690031882
early_pre_response,RT_ms,baseline_plus_hidden,5,hidden_22,-11.208927291374797,21.54434690031882
early_pre_response,RT_ms,baseline_plus_hidden,5,hidden_23,7.212867159188877,21.54434690031882
early_pre_response,RT_ms,baseline_plus_hidden,5,hidden_24,-4.785457578627719,21.54434690031882
early_pre_response,RT_ms,baseline_plus_hidden,5,hidden_25,22.455858414205274,21.54434690031882
early_pre_response,RT_ms,baseline_plus_hidden,5,hidden_26,16.94790270770374,21.54434690031882
early_pre_response,RT_ms,baseline_plus_hidden,5,hidden_27,-6.369752484806684,21.54434690031882
early_pre_response,RT_ms,baseline_plus_hidden,5,hidden_28,8.193671358186053,21.54434690031882
early_pre_response,RT_ms,baseline_plus_hidden,5,hidden_29,11.650261051861882,21.54434690031882
early_pre_response,RT_ms,baseline_plus_hidden,5,hidden_30,-91.72556875355282,21.54434690031882
early_pre_response,RT_ms,baseline_plus_hidden,5,hidden_31,-27.804527659858692,21.54434690031882
early_pre_response,RT_ms,baseline_plus_shuffled_hidden,1,shuffled_hidden_00,1.5903807196340953,1000.0
early_pre_response,RT_ms,baseline_plus_shuffled_hidden,1,shuffled_hidden_01,-1.0159447585616785,1000.0
early_pre_response,RT_ms,baseline_plus_shuffled_hidden,1,shuffled_hidden_02,-0.9050995423540523,1000.0
early_pre_response,RT_ms,baseline_plus_shuffled_hidden,1,shuffled_hidden_03,1.5595126868209455,1000.0
early_pre_response,RT_ms,baseline_plus_shuffled_hidden,1,shuffled_hidden_04,-1.0283589535489268,1000.0
early_pre_response,RT_ms,baseline_plus_shuffled_hidden,1,shuffled_hidden_05,-4.844187718202113,1000.0
early_pre_response,RT_ms,baseline_plus_shuffled_hidden,1,shuffled_hidden_06,1.8132901439771836,1000.0
early_pre_response,RT_ms,baseline_plus_shuffled_hidden,1,shuffled_hidden_07,-6.242951383916058,1000.0
early_pre_response,RT_ms,baseline_plus_shuffled_hidden,1,shuffled_hidden_08,-0.5397698896559361,1000.0
early_pre_response,RT_ms,baseline_plus_shuffled_hidden,1,shuffled_hidden_09,-1.0539198653441175,1000.0
early_pre_response,RT_ms,baseline_plus_shuffled_hidden,1,shuffled_hidden_10,0.480892056832046,1000.0
early_pre_response,RT_ms,baseline_plus_shuffled_hidden,1,shuffled_hidden_11,-1.383375754601578,1000.0
early_pre_response,RT_ms,baseline_plus_shuffled_hidden,1,shuffled_hidden_12,-1.9045027373895038,1000.0
early_pre_response,RT_ms,baseline_plus_shuffled_hidden,1,shuffled_hidden_13,3.614949501207937,1000.0
early_pre_response,RT_ms,baseline_plus_shuffled_hidden,1,shuffled_hidden_14,-2.82295713492982,1000.0
early_pre_response,RT_ms,baseline_plus_shuffled_hidden,1,shuffled_hidden_15,-0.5300792751660238,1000.0
early_pre_response,RT_ms,baseline_plus_shuffled_hidden,1,shuffled_hidden_16,1.216183956926839,1000.0
early_pre_response,RT_ms,baseline_plus_shuffled_hidden,1,shuffled_hidden_17,-3.9326569322150293,1000.0
early_pre_response,RT_ms,baseline_plus_shuffled_hidden,1,shuffled_hidden_18,1.697536037565613,1000.0
early_pre_response,RT_ms,baseline_plus_shuffled_hidden,1,shuffled_hidden_19,-2.8149898517743863,1000.0
early_pre_response,RT_ms,baseline_plus_shuffled_hidden,1,shuffled_hidden_20,3.182880739699828,1000.0
early_pre_response,RT_ms,baseline_plus_shuffled_hidden,1,shuffled_hidden_21,3.783066921395884,1000.0
early_pre_response,RT_ms,baseline_plus_shuffled_hidden,1,shuffled_hidden_22,-0.4475219137963189,1000.0
early_pre_response,RT_ms,baseline_plus_shuffled_hidden,1,shuffled_hidden_23,-0.03292604680304657,1000.0
early_pre_response,RT_ms,baseline_plus_shuffled_hidden,1,shuffled_hidden_24,-2.4859180095594096,1000.0
early_pre_response,RT_ms,baseline_plus_shuffled_hidden,1,shuffled_hidden_25,0.8968346303402019,1000.0
early_pre_response,RT_ms,baseline_plus_shuffled_hidden,1,shuffled_hidden_26,-0.9028374020565892,1000.0
early_pre_response,RT_ms,baseline_plus_shuffled_hidden,1,shuffled_hidden_27,-3.5256965661470305,1000.0
early_pre_response,RT_ms,baseline_plus_shuffled_hidden,1,shuffled_hidden_28,0.22268978399491576,1000.0
early_pre_response,RT_ms,baseline_plus_shuffled_hidden,1,shuffled_hidden_29,2.2760845313944595,1000.0
early_pre_response,RT_ms,baseline_plus_shuffled_hidden,1,shuffled_hidden_30,-1.6093366844000863,1000.0
early_pre_response,RT_ms,baseline_plus_shuffled_hidden,1,shuffled_hidden_31,1.4075539555782155,1000.0
early_pre_response,RT_ms,baseline_plus_shuffled_hidden,2,shuffled_hidden_00,1.9503881664834684,1000.0
early_pre_response,RT_ms,baseline_plus_shuffled_hidden,2,shuffled_hidden_01,-3.830917471412082,1000.0
early_pre_response,RT_ms,baseline_plus_shuffled_hidden,2,shuffled_hidden_02,-1.0480987606672487,1000.0
early_pre_response,RT_ms,baseline_plus_shuffled_hidden,2,shuffled_hidden_03,2.1858161255822224,1000.0
early_pre_response,RT_ms,baseline_plus_shuffled_hidden,2,shuffled_hidden_04,-0.6837086076780254,1000.0
early_pre_response,RT_ms,baseline_plus_shuffled_hidden,2,shuffled_hidden_05,-7.206886713812537,1000.0
early_pre_response,RT_ms,baseline_plus_shuffled_hidden,2,shuffled_hidden_06,2.3678171707305227,1000.0
early_pre_response,RT_ms,baseline_plus_shuffled_hidden,2,shuffled_hidden_07,-5.815930584236323,1000.0
early_pre_response,RT_ms,baseline_plus_shuffled_hidden,2,shuffled_hidden_08,2.4960519478679823,1000.0
early_pre_response,RT_ms,baseline_plus_shuffled_hidden,2,shuffled_hidden_09,-0.8848442445136409,1000.0
early_pre_response,RT_ms,baseline_plus_shuffled_hidden,2,shuffled_hidden_10,0.48862452051507127,1000.0
early_pre_response,RT_ms,baseline_plus_shuffled_hidden,2,shuffled_hidden_11,-0.21897371787726266,1000.0
early_pre_response,RT_ms,baseline_plus_shuffled_hidden,2,shuffled_hidden_12,-1.7433862066079937,1000.0
early_pre_response,RT_ms,baseline_plus_shuffled_hidden,2,shuffled_hidden_13,2.1623509142708683,1000.0
early_pre_response,RT_ms,baseline_plus_shuffled_hidden,2,shuffled_hidden_14,-3.1684503421102392,1000.0
early_pre_response,RT_ms,baseline_plus_shuffled_hidden,2,shuffled_hidden_15,1.1051147767701794,1000.0
early_pre_response,RT_ms,baseline_plus_shuffled_hidden,2,shuffled_hidden_16,3.1373248892514973,1000.0
early_pre_response,RT_ms,baseline_plus_shuffled_hidden,2,shuffled_hidden_17,-3.6596384042233,1000.0
early_pre_response,RT_ms,baseline_plus_shuffled_hidden,2,shuffled_hidden_18,0.0034769673432574607,1000.0
early_pre_response,RT_ms,baseline_plus_shuffled_hidden,2,shuffled_hidden_19,0.21968871764520118,1000.0
early_pre_response,RT_ms,baseline_plus_shuffled_hidden,2,shuffled_hidden_20,1.7279475050731576,1000.0
early_pre_response,RT_ms,baseline_plus_shuffled_hidden,2,shuffled_hidden_21,2.234233978771612,1000.0
early_pre_response,RT_ms,baseline_plus_shuffled_hidden,2,shuffled_hidden_22,-1.6851999152513684,1000.0
early_pre_response,RT_ms,baseline_plus_shuffled_hidden,2,shuffled_hidden_23,1.3364106556768853,1000.0
early_pre_response,RT_ms,baseline_plus_shuffled_hidden,2,shuffled_hidden_24,-0.4266146397753545,1000.0
early_pre_response,RT_ms,baseline_plus_shuffled_hidden,2,shuffled_hidden_25,1.673304526563246,1000.0
early_pre_response,RT_ms,baseline_plus_shuffled_hidden,2,shuffled_hidden_26,-0.35109680505241886,1000.0
early_pre_response,RT_ms,baseline_plus_shuffled_hidden,2,shuffled_hidden_27,-3.4272825439038748,1000.0
early_pre_response,RT_ms,baseline_plus_shuffled_hidden,2,shuffled_hidden_28,-0.43319615943110074,1000.0
early_pre_response,RT_ms,baseline_plus_shuffled_hidden,2,shuffled_hidden_29,1.9319869333255415,1000.0
early_pre_response,RT_ms,baseline_plus_shuffled_hidden,2,shuffled_hidden_30,-1.6128469166529853,1000.0
early_pre_response,RT_ms,baseline_plus_shuffled_hidden,2,shuffled_hidden_31,-0.0656984139958911,1000.0
early_pre_response,RT_ms,baseline_plus_shuffled_hidden,3,shuffled_hidden_00,2.144271041010347,2154.4346900318824
early_pre_response,RT_ms,baseline_plus_shuffled_hidden,3,shuffled_hidden_01,-0.5671397422776013,2154.4346900318824
early_pre_response,RT_ms,baseline_plus_shuffled_hidden,3,shuffled_hidden_02,-1.3661624053441217,2154.4346900318824
early_pre_response,RT_ms,baseline_plus_shuffled_hidden,3,shuffled_hidden_03,2.3928692729096026,2154.4346900318824
early_pre_response,RT_ms,baseline_plus_shuffled_hidden,3,shuffled_hidden_04,0.9404649096225811,2154.4346900318824
early_pre_response,RT_ms,baseline_plus_shuffled_hidden,3,shuffled_hidden_05,-6.045220222474771,2154.4346900318824
early_pre_response,RT_ms,baseline_plus_shuffled_hidden,3,shuffled_hidden_06,1.6037784547022427,2154.4346900318824
early_pre_response,RT_ms,baseline_plus_shuffled_hidden,3,shuffled_hidden_07,-3.4828198054662565,2154.4346900318824
early_pre_response,RT_ms,baseline_plus_shuffled_hidden,3,shuffled_hidden_08,2.188418327874646,2154.4346900318824
early_pre_response,RT_ms,baseline_plus_shuffled_hidden,3,shuffled_hidden_09,-0.7966863973695409,2154.4346900318824
early_pre_response,RT_ms,baseline_plus_shuffled_hidden,3,shuffled_hidden_10,-0.8526272671768134,2154.4346900318824
early_pre_response,RT_ms,baseline_plus_shuffled_hidden,3,shuffled_hidden_11,-1.4323866497007132,2154.4346900318824
early_pre_response,RT_ms,baseline_plus_shuffled_hidden,3,shuffled_hidden_12,-0.004898297749407026,2154.4346900318824
early_pre_response,RT_ms,baseline_plus_shuffled_hidden,3,shuffled_hidden_13,2.4579675380972037,2154.4346900318824
early_pre_response,RT_ms,baseline_plus_shuffled_hidden,3,shuffled_hidden_14,-2.263589863508384,2154.4346900318824
early_pre_response,RT_ms,baseline_plus_shuffled_hidden,3,shuffled_hidden_15,-0.11541409746461265,2154.4346900318824
early_pre_response,RT_ms,baseline_plus_shuffled_hidden,3,shuffled_hidden_16,1.7557868452647414,2154.4346900318824
early_pre_response,RT_ms,baseline_plus_shuffled_hidden,3,shuffled_hidden_17,-2.8090536865236624,2154.4346900318824
early_pre_response,RT_ms,baseline_plus_shuffled_hidden,3,shuffled_hidden_18,0.7070289951436963,2154.4346900318824
early_pre_response,RT_ms,baseline_plus_shuffled_hidden,3,shuffled_hidden_19,-2.0977828269730816,2154.4346900318824
early_pre_response,RT_ms,baseline_plus_shuffled_hidden,3,shuffled_hidden_20,2.3268079511985404,2154.4346900318824
early_pre_response,RT_ms,baseline_plus_shuffled_hidden,3,shuffled_hidden_21,2.5966033087931586,2154.4346900318824
early_pre_response,RT_ms,baseline_plus_shuffled_hidden,3,shuffled_hidden_22,-1.2647706247524686,2154.4346900318824
early_pre_response,RT_ms,baseline_plus_shuffled_hidden,3,shuffled_hidden_23,-0.6192546677718889,2154.4346900318824
early_pre_response,RT_ms,baseline_plus_shuffled_hidden,3,shuffled_hidden_24,-0.6803085713100288,2154.4346900318824
early_pre_response,RT_ms,baseline_plus_shuffled_hidden,3,shuffled_hidden_25,-0.07212758118691875,2154.4346900318824
early_pre_response,RT_ms,baseline_plus_shuffled_hidden,3,shuffled_hidden_26,-1.3785412589572341,2154.4346900318824
early_pre_response,RT_ms,baseline_plus_shuffled_hidden,3,shuffled_hidden_27,-1.184276279890894,2154.4346900318824
early_pre_response,RT_ms,baseline_plus_shuffled_hidden,3,shuffled_hidden_28,-2.3996050983191215,2154.4346900318824
early_pre_response,RT_ms,baseline_plus_shuffled_hidden,3,shuffled_hidden_29,2.2521211294419587,2154.4346900318824
early_pre_response,RT_ms,baseline_plus_shuffled_hidden,3,shuffled_hidden_30,-1.2655084968431096,2154.4346900318824
early_pre_response,RT_ms,baseline_plus_shuffled_hidden,3,shuffled_hidden_31,0.34262388627641827,2154.4346900318824
early_pre_response,RT_ms,baseline_plus_shuffled_hidden,4,shuffled_hidden_00,3.23501621364003,1000.0
early_pre_response,RT_ms,baseline_plus_shuffled_hidden,4,shuffled_hidden_01,0.2501640030147531,1000.0
early_pre_response,RT_ms,baseline_plus_shuffled_hidden,4,shuffled_hidden_02,-1.7736520642213822,1000.0
early_pre_response,RT_ms,baseline_plus_shuffled_hidden,4,shuffled_hidden_03,1.0759846806756255,1000.0
early_pre_response,RT_ms,baseline_plus_shuffled_hidden,4,shuffled_hidden_04,0.3264733106209296,1000.0
early_pre_response,RT_ms,baseline_plus_shuffled_hidden,4,shuffled_hidden_05,-5.421176145698165,1000.0
early_pre_response,RT_ms,baseline_plus_shuffled_hidden,4,shuffled_hidden_06,1.7870352563457221,1000.0
early_pre_response,RT_ms,baseline_plus_shuffled_hidden,4,shuffled_hidden_07,-5.6692790016828685,1000.0
early_pre_response,RT_ms,baseline_plus_shuffled_hidden,4,shuffled_hidden_08,2.5272655746365897,1000.0
early_pre_response,RT_ms,baseline_plus_shuffled_hidden,4,shuffled_hidden_09,-0.39150334565676914,1000.0
early_pre_response,RT_ms,baseline_plus_shuffled_hidden,4,shuffled_hidden_10,0.4215925477951639,1000.0
early_pre_response,RT_ms,baseline_plus_shuffled_hidden,4,shuffled_hidden_11,0.9459932804301948,1000.0
early_pre_response,RT_ms,baseline_plus_shuffled_hidden,4,shuffled_hidden_12,1.281623635660077,1000.0
early_pre_response,RT_ms,baseline_plus_shuffled_hidden,4,shuffled_hidden_13,2.8085685594393555,1000.0
early_pre_response,RT_ms,baseline_plus_shuffled_hidden,4,shuffled_hidden_14,-1.3234112449184414,1000.0
early_pre_response,RT_ms,baseline_plus_shuffled_hidden,4,shuffled_hidden_15,3.143713726040122,1000.0
early_pre_response,RT_ms,baseline_plus_shuffled_hidden,4,shuffled_hidden_16,1.6641113583086344,1000.0
early_pre_response,RT_ms,baseline_plus_shuffled_hidden,4,shuffled_hidden_17,-1.9713568832212205,1000.0
early_pre_response,RT_ms,baseline_plus_shuffled_hidden,4,shuffled_hidden_18,-1.554426473339041,1000.0
early_pre_response,RT_ms,baseline_plus_shuffled_hidden,4,shuffled_hidden_19,-0.6419045724426701,1000.0
early_pre_response,RT_ms,baseline_plus_shuffled_hidden,4,shuffled_hidden_20,0.9731171292296339,1000.0
early_pre_response,RT_ms,baseline_plus_shuffled_hidden,4,shuffled_hidden_21,3.264040586218383,1000.0
early_pre_response,RT_ms,baseline_plus_shuffled_hidden,4,shuffled_hidden_22,-2.64493904276209,1000.0
early_pre_response,RT_ms,baseline_plus_shuffled_hidden,4,shuffled_hidden_23,-0.4148222799695807,1000.0
early_pre_response,RT_ms,baseline_plus_shuffled_hidden,4,shuffled_hidden_24,-1.6949510655171809,1000.0
early_pre_response,RT_ms,baseline_plus_shuffled_hidden,4,shuffled_hidden_25,1.5654275720146766,1000.0
early_pre_response,RT_ms,baseline_plus_shuffled_hidden,4,shuffled_hidden_26,1.5259521645832812,1000.0
early_pre_response,RT_ms,baseline_plus_shuffled_hidden,4,shuffled_hidden_27,-3.1472269482887008,1000.0
early_pre_response,RT_ms,baseline_plus_shuffled_hidden,4,shuffled_hidden_28,1.2031997415242888,1000.0
early_pre_response,RT_ms,baseline_plus_shuffled_hidden,4,shuffled_hidden_29,1.0440935649860092,1000.0
early_pre_response,RT_ms,baseline_plus_shuffled_hidden,4,shuffled_hidden_30,-1.9429153650006328,1000.0
early_pre_response,RT_ms,baseline_plus_shuffled_hidden,4,shuffled_hidden_31,0.17890442791033168,1000.0
early_pre_response,RT_ms,baseline_plus_shuffled_hidden,5,shuffled_hidden_00,2.0184554932562655,2154.4346900318824
early_pre_response,RT_ms,baseline_plus_shuffled_hidden,5,shuffled_hidden_01,0.34883743941812895,2154.4346900318824
early_pre_response,RT_ms,baseline_plus_shuffled_hidden,5,shuffled_hidden_02,-0.7803814739625661,2154.4346900318824
early_pre_response,RT_ms,baseline_plus_shuffled_hidden,5,shuffled_hidden_03,1.2690118010033613,2154.4346900318824
early_pre_response,RT_ms,baseline_plus_shuffled_hidden,5,shuffled_hidden_04,1.269754065202474,2154.4346900318824
early_pre_response,RT_ms,baseline_plus_shuffled_hidden,5,shuffled_hidden_05,-3.2573792614178907,2154.4346900318824
early_pre_response,RT_ms,baseline_plus_shuffled_hidden,5,shuffled_hidden_06,1.886119909057233,2154.4346900318824
early_pre_response,RT_ms,baseline_plus_shuffled_hidden,5,shuffled_hidden_07,-3.890826018083182,2154.4346900318824
early_pre_response,RT_ms,baseline_plus_shuffled_hidden,5,shuffled_hidden_08,2.3203098388154,2154.4346900318824
early_pre_response,RT_ms,baseline_plus_shuffled_hidden,5,shuffled_hidden_09,-0.6050545490702591,2154.4346900318824
early_pre_response,RT_ms,baseline_plus_shuffled_hidden,5,shuffled_hidden_10,-1.0062312512056042,2154.4346900318824
early_pre_response,RT_ms,baseline_plus_shuffled_hidden,5,shuffled_hidden_11,-1.5406714942556659,2154.4346900318824
early_pre_response,RT_ms,baseline_plus_shuffled_hidden,5,shuffled_hidden_12,-0.5804975588378938,2154.4346900318824
early_pre_response,RT_ms,baseline_plus_shuffled_hidden,5,shuffled_hidden_13,1.7143019949973852,2154.4346900318824
early_pre_response,RT_ms,baseline_plus_shuffled_hidden,5,shuffled_hidden_14,-2.690023652623134,2154.4346900318824
early_pre_response,RT_ms,baseline_plus_shuffled_hidden,5,shuffled_hidden_15,-2.6717426588927253,2154.4346900318824
early_pre_response,RT_ms,baseline_plus_shuffled_hidden,5,shuffled_hidden_16,2.4555110740539448,2154.4346900318824
early_pre_response,RT_ms,baseline_plus_shuffled_hidden,5,shuffled_hidden_17,-1.6611531308917225,2154.4346900318824
early_pre_response,RT_ms,baseline_plus_shuffled_hidden,5,shuffled_hidden_18,0.9964062273106957,2154.4346900318824
early_pre_response,RT_ms,baseline_plus_shuffled_hidden,5,shuffled_hidden_19,-2.4367596960332136,2154.4346900318824
early_pre_response,RT_ms,baseline_plus_shuffled_hidden,5,shuffled_hidden_20,1.5849682065977402,2154.4346900318824
early_pre_response,RT_ms,baseline_plus_shuffled_hidden,5,shuffled_hidden_21,3.136778623792826,2154.4346900318824
early_pre_response,RT_ms,baseline_plus_shuffled_hidden,5,shuffled_hidden_22,0.6043251287396436,2154.4346900318824
early_pre_response,RT_ms,baseline_plus_shuffled_hidden,5,shuffled_hidden_23,-0.4553475700002835,2154.4346900318824
early_pre_response,RT_ms,baseline_plus_shuffled_hidden,5,shuffled_hidden_24,-0.7193006926438703,2154.4346900318824
early_pre_response,RT_ms,baseline_plus_shuffled_hidden,5,shuffled_hidden_25,0.3442309154191076,2154.4346900318824
early_pre_response,RT_ms,baseline_plus_shuffled_hidden,5,shuffled_hidden_26,-1.6199192046890096,2154.4346900318824
early_pre_response,RT_ms,baseline_plus_shuffled_hidden,5,shuffled_hidden_27,0.17309546021601793,2154.4346900318824
early_pre_response,RT_ms,baseline_plus_shuffled_hidden,5,shuffled_hidden_28,0.014954783151791594,2154.4346900318824
early_pre_response,RT_ms,baseline_plus_shuffled_hidden,5,shuffled_hidden_29,2.292577590087049,2154.4346900318824
early_pre_response,RT_ms,baseline_plus_shuffled_hidden,5,shuffled_hidden_30,-0.7580315960143945,2154.4346900318824
early_pre_response,RT_ms,baseline_plus_shuffled_hidden,5,shuffled_hidden_31,1.153771903334543,2154.4346900318824
mid_pre_response,log_RT_ms,hidden,1,hidden_00,0.020259305834770203,215.44346900318823
mid_pre_response,log_RT_ms,hidden,1,hidden_01,-0.006447833962738514,215.44346900318823
mid_pre_response,log_RT_ms,hidden,1,hidden_02,-0.0009730692254379392,215.44346900318823
mid_pre_response,log_RT_ms,hidden,1,hidden_03,0.04140981659293175,215.44346900318823
mid_pre_response,log_RT_ms,hidden,1,hidden_04,-0.020004387944936752,215.44346900318823
mid_pre_response,log_RT_ms,hidden,1,hidden_05,0.005492053460329771,215.44346900318823
mid_pre_response,log_RT_ms,hidden,1,hidden_06,0.024238957092165947,215.44346900318823
mid_pre_response,log_RT_ms,hidden,1,hidden_07,0.046256840229034424,215.44346900318823
mid_pre_response,log_RT_ms,hidden,1,hidden_08,0.029566606506705284,215.44346900318823
mid_pre_response,log_RT_ms,hidden,1,hidden_09,0.013136401772499084,215.44346900318823
mid_pre_response,log_RT_ms,hidden,1,hidden_10,0.017603065818548203,215.44346900318823
mid_pre_response,log_RT_ms,hidden,1,hidden_11,-0.042127739638090134,215.44346900318823
mid_pre_response,log_RT_ms,hidden,1,hidden_12,0.04300306364893913,215.44346900318823
mid_pre_response,log_RT_ms,hidden,1,hidden_13,0.03085586428642273,215.44346900318823
mid_pre_response,log_RT_ms,hidden,1,hidden_14,-0.006252989638596773,215.44346900318823
mid_pre_response,log_RT_ms,hidden,1,hidden_15,0.0006491409731097519,215.44346900318823
mid_pre_response,log_RT_ms,hidden,1,hidden_16,-0.02799788862466812,215.44346900318823
mid_pre_response,log_RT_ms,hidden,1,hidden_17,0.0124105429276824,215.44346900318823
mid_pre_response,log_RT_ms,hidden,1,hidden_18,0.02808873914182186,215.44346900318823
mid_pre_response,log_RT_ms,hidden,1,hidden_19,0.03606346622109413,215.44346900318823
mid_pre_response,log_RT_ms,hidden,1,hidden_20,0.0329056940972805,215.44346900318823
mid_pre_response,log_RT_ms,hidden,1,hidden_21,0.011349556036293507,215.44346900318823
mid_pre_response,log_RT_ms,hidden,1,hidden_22,-0.017541754990816116,215.44346900318823
mid_pre_response,log_RT_ms,hidden,1,hidden_23,0.013267002068459988,215.44346900318823
mid_pre_response,log_RT_ms,hidden,1,hidden_24,-0.017216471955180168,215.44346900318823
mid_pre_response,log_RT_ms,hidden,1,hidden_25,0.01762421615421772,215.44346900318823
mid_pre_response,log_RT_ms,hidden,1,hidden_26,0.026414837688207626,215.44346900318823
mid_pre_response,log_RT_ms,hidden,1,hidden_27,-0.010485561564564705,215.44346900318823
mid_pre_response,log_RT_ms,hidden,1,hidden_28,0.004247237462550402,215.44346900318823
mid_pre_response,log_RT_ms,hidden,1,hidden_29,0.00014577360707335174,215.44346900318823
mid_pre_response,log_RT_ms,hidden,1,hidden_30,-0.02542845346033573,215.44346900318823
mid_pre_response,log_RT_ms,hidden,1,hidden_31,-0.018945470452308655,215.44346900318823
mid_pre_response,log_RT_ms,hidden,2,hidden_00,0.01811373420059681,215.44346900318823
mid_pre_response,log_RT_ms,hidden,2,hidden_01,-0.006333684083074331,215.44346900318823
mid_pre_response,log_RT_ms,hidden,2,hidden_02,0.0016515578608959913,215.44346900318823
mid_pre_response,log_RT_ms,hidden,2,hidden_03,0.05130818858742714,215.44346900318823
mid_pre_response,log_RT_ms,hidden,2,hidden_04,-0.0270299781113863,215.44346900318823
mid_pre_response,log_RT_ms,hidden,2,hidden_05,-0.00018418743275105953,215.44346900318823
mid_pre_response,log_RT_ms,hidden,2,hidden_06,0.021267995238304138,215.44346900318823
mid_pre_response,log_RT_ms,hidden,2,hidden_07,0.04310563579201698,215.44346900318823
mid_pre_response,log_RT_ms,hidden,2,hidden_08,0.024695931002497673,215.44346900318823
mid_pre_response,log_RT_ms,hidden,2,hidden_09,0.010363499633967876,215.44346900318823
mid_pre_response,log_RT_ms,hidden,2,hidden_10,0.016211705282330513,215.44346900318823
mid_pre_response,log_RT_ms,hidden,2,hidden_11,-0.04239499196410179,215.44346900318823
mid_pre_response,log_RT_ms,hidden,2,hidden_12,0.03684428706765175,215.44346900318823
mid_pre_response,log_RT_ms,hidden,2,hidden_13,0.026412906125187874,215.44346900318823
mid_pre_response,log_RT_ms,hidden,2,hidden_14,-0.002201124094426632,215.44346900318823
mid_pre_response,log_RT_ms,hidden,2,hidden_15,-0.0021183595526963472,215.44346900318823
mid_pre_response,log_RT_ms,hidden,2,hidden_16,-0.028424695134162903,215.44346900318823
mid_pre_response,log_RT_ms,hidden,2,hidden_17,0.009097417816519737,215.44346900318823
mid_pre_response,log_RT_ms,hidden,2,hidden_18,0.029297584667801857,215.44346900318823
mid_pre_response,log_RT_ms,hidden,2,hidden_19,0.03514993563294411,215.44346900318823
mid_pre_response,log_RT_ms,hidden,2,hidden_20,0.031008968129754066,215.44346900318823
mid_pre_response,log_RT_ms,hidden,2,hidden_21,0.002468820894137025,215.44346900318823
mid_pre_response,log_RT_ms,hidden,2,hidden_22,-0.005391355603933334,215.44346900318823
mid_pre_response,log_RT_ms,hidden,2,hidden_23,0.004311041906476021,215.44346900318823
mid_pre_response,log_RT_ms,hidden,2,hidden_24,0.001644618227146566,215.44346900318823
mid_pre_response,log_RT_ms,hidden,2,hidden_25,0.0007340065785683692,215.44346900318823
mid_pre_response,log_RT_ms,hidden,2,hidden_26,0.018937839195132256,215.44346900318823
mid_pre_response,log_RT_ms,hidden,2,hidden_27,-0.017788462340831757,215.44346900318823
mid_pre_response,log_RT_ms,hidden,2,hidden_28,0.0007806655485183001,215.44346900318823
mid_pre_response,log_RT_ms,hidden,2,hidden_29,0.005393758416175842,215.44346900318823
mid_pre_response,log_RT_ms,hidden,2,hidden_30,-0.019691525027155876,215.44346900318823
mid_pre_response,log_RT_ms,hidden,2,hidden_31,-0.01260228268802166,215.44346900318823
mid_pre_response,log_RT_ms,hidden,3,hidden_00,0.02223207801580429,215.44346900318823
mid_pre_response,log_RT_ms,hidden,3,hidden_01,-0.001422934583388269,215.44346900318823
mid_pre_response,log_RT_ms,hidden,3,hidden_02,0.002748210681602359,215.44346900318823
mid_pre_response,log_RT_ms,hidden,3,hidden_03,0.03644559532403946,215.44346900318823
mid_pre_response,log_RT_ms,hidden,3,hidden_04,-0.01261184923350811,215.44346900318823
mid_pre_response,log_RT_ms,hidden,3,hidden_05,-0.001393187791109085,215.44346900318823
mid_pre_response,log_RT_ms,hidden,3,hidden_06,0.025480495765805244,215.44346900318823
mid_pre_response,log_RT_ms,hidden,3,hidden_07,0.05648822337388992,215.44346900318823
mid_pre_response,log_RT_ms,hidden,3,hidden_08,0.02489149384200573,215.44346900318823
mid_pre_response,log_RT_ms,hidden,3,hidden_09,0.01632036082446575,215.44346900318823
mid_pre_response,log_RT_ms,hidden,3,hidden_10,0.01193144079297781,215.44346900318823
mid_pre_response,log_RT_ms,hidden,3,hidden_11,-0.03292907029390335,215.44346900318823
mid_pre_response,log_RT_ms,hidden,3,hidden_12,0.03945337235927582,215.44346900318823
mid_pre_response,log_RT_ms,hidden,3,hidden_13,0.028368143364787102,215.44346900318823
mid_pre_response,log_RT_ms,hidden,3,hidden_14,-0.0036142191383987665,215.44346900318823
mid_pre_response,log_RT_ms,hidden,3,hidden_15,0.0002139279677066952,215.44346900318823
mid_pre_response,log_RT_ms,hidden,3,hidden_16,-0.02701306901872158,215.44346900318823
mid_pre_response,log_RT_ms,hidden,3,hidden_17,0.008008052594959736,215.44346900318823
mid_pre_response,log_RT_ms,hidden,3,hidden_18,0.013499523513019085,215.44346900318823
mid_pre_response,log_RT_ms,hidden,3,hidden_19,0.030100060626864433,215.44346900318823
mid_pre_response,log_RT_ms,hidden,3,hidden_20,0.040358707308769226,215.44346900318823
mid_pre_response,log_RT_ms,hidden,3,hidden_21,0.001112441997975111,215.44346900318823
mid_pre_response,log_RT_ms,hidden,3,hidden_22,-0.011451411060988903,215.44346900318823
mid_pre_response,log_RT_ms,hidden,3,hidden_23,0.011558562517166138,215.44346900318823
mid_pre_response,log_RT_ms,hidden,3,hidden_24,-0.020523402839899063,215.44346900318823
mid_pre_response,log_RT_ms,hidden,3,hidden_25,0.010519059374928474,215.44346900318823
mid_pre_response,log_RT_ms,hidden,3,hidden_26,0.030446499586105347,215.44346900318823
mid_pre_response,log_RT_ms,hidden,3,hidden_27,-0.013238021172583103,215.44346900318823
mid_pre_response,log_RT_ms,hidden,3,hidden_28,-0.007352238520979881,215.44346900318823
mid_pre_response,log_RT_ms,hidden,3,hidden_29,-0.006263492628931999,215.44346900318823
mid_pre_response,log_RT_ms,hidden,3,hidden_30,-0.01929725520312786,215.44346900318823
mid_pre_response,log_RT_ms,hidden,3,hidden_31,-0.023469530045986176,215.44346900318823
mid_pre_response,log_RT_ms,hidden,4,hidden_00,0.02219010703265667,215.44346900318823
mid_pre_response,log_RT_ms,hidden,4,hidden_01,-0.002252033445984125,215.44346900318823
mid_pre_response,log_RT_ms,hidden,4,hidden_02,-0.004905312787741423,215.44346900318823
mid_pre_response,log_RT_ms,hidden,4,hidden_03,0.041182685643434525,215.44346900318823
mid_pre_response,log_RT_ms,hidden,4,hidden_04,-0.011767229996621609,215.44346900318823
mid_pre_response,log_RT_ms,hidden,4,hidden_05,0.003176650498062372,215.44346900318823
mid_pre_response,log_RT_ms,hidden,4,hidden_06,0.024795344099402428,215.44346900318823
mid_pre_response,log_RT_ms,hidden,4,hidden_07,0.049605194479227066,215.44346900318823
mid_pre_response,log_RT_ms,hidden,4,hidden_08,0.033594824373722076,215.44346900318823
mid_pre_response,log_RT_ms,hidden,4,hidden_09,0.014102774672210217,215.44346900318823
mid_pre_response,log_RT_ms,hidden,4,hidden_10,0.014934477396309376,215.44346900318823
mid_pre_response,log_RT_ms,hidden,4,hidden_11,-0.03502122685313225,215.44346900318823
mid_pre_response,log_RT_ms,hidden,4,hidden_12,0.04381318390369415,215.44346900318823
mid_pre_response,log_RT_ms,hidden,4,hidden_13,0.032464656978845596,215.44346900318823
mid_pre_response,log_RT_ms,hidden,4,hidden_14,-0.0026425195392221212,215.44346900318823
mid_pre_response,log_RT_ms,hidden,4,hidden_15,-0.0010295406682416797,215.44346900318823
mid_pre_response,log_RT_ms,hidden,4,hidden_16,-0.031106851994991302,215.44346900318823
mid_pre_response,log_RT_ms,hidden,4,hidden_17,0.009763098321855068,215.44346900318823
mid_pre_response,log_RT_ms,hidden,4,hidden_18,0.0318923182785511,215.44346900318823
mid_pre_response,log_RT_ms,hidden,4,hidden_19,0.02703876607120037,215.44346900318823
mid_pre_response,log_RT_ms,hidden,4,hidden_20,0.03243110328912735,215.44346900318823
mid_pre_response,log_RT_ms,hidden,4,hidden_21,0.008379867300391197,215.44346900318823
mid_pre_response,log_RT_ms,hidden,4,hidden_22,-0.016165701672434807,215.44346900318823
mid_pre_response,log_RT_ms,hidden,4,hidden_23,0.013917387463152409,215.44346900318823
mid_pre_response,log_RT_ms,hidden,4,hidden_24,-0.01984895020723343,215.44346900318823
mid_pre_response,log_RT_ms,hidden,4,hidden_25,0.010216453112661839,215.44346900318823
mid_pre_response,log_RT_ms,hidden,4,hidden_26,0.026509080082178116,215.44346900318823
mid_pre_response,log_RT_ms,hidden,4,hidden_27,-0.011574452742934227,215.44346900318823
mid_pre_response,log_RT_ms,hidden,4,hidden_28,0.0025606718845665455,215.44346900318823
mid_pre_response,log_RT_ms,hidden,4,hidden_29,0.00023018433421384543,215.44346900318823
mid_pre_response,log_RT_ms,hidden,4,hidden_30,-0.02433689869940281,215.44346900318823
mid_pre_response,log_RT_ms,hidden,4,hidden_31,-0.018921110779047012,215.44346900318823
mid_pre_response,log_RT_ms,hidden,5,hidden_00,0.011882558465003967,21.54434690031882
mid_pre_response,log_RT_ms,hidden,5,hidden_01,-0.010766910389065742,21.54434690031882
mid_pre_response,log_RT_ms,hidden,5,hidden_02,0.011675584129989147,21.54434690031882
mid_pre_response,log_RT_ms,hidden,5,hidden_03,0.1050674244761467,21.54434690031882
mid_pre_response,log_RT_ms,hidden,5,hidden_04,-0.018625713884830475,21.54434690031882
mid_pre_response,log_RT_ms,hidden,5,hidden_05,-0.014349866658449173,21.54434690031882
mid_pre_response,log_RT_ms,hidden,5,hidden_06,0.06674550473690033,21.54434690031882
mid_pre_response,log_RT_ms,hidden,5,hidden_07,0.07952531427145004,21.54434690031882
mid_pre_response,log_RT_ms,hidden,5,hidden_08,0.015179204754531384,21.54434690031882
mid_pre_response,log_RT_ms,hidden,5,hidden_09,0.012467953376471996,21.54434690031882
mid_pre_response,log_RT_ms,hidden,5,hidden_10,0.0067807468585669994,21.54434690031882
mid_pre_response,log_RT_ms,hidden,5,hidden_11,-0.05499212443828583,21.54434690031882
mid_pre_response,log_RT_ms,hidden,5,hidden_12,0.044707998633384705,21.54434690031882
mid_pre_response,log_RT_ms,hidden,5,hidden_13,0.12659651041030884,21.54434690031882
mid_pre_response,log_RT_ms,hidden,5,hidden_14,0.01226892787963152,21.54434690031882
mid_pre_response,log_RT_ms,hidden,5,hidden_15,-0.004200886469334364,21.54434690031882
mid_pre_response,log_RT_ms,hidden,5,hidden_16,-0.05027540773153305,21.54434690031882
mid_pre_response,log_RT_ms,hidden,5,hidden_17,0.0627799853682518,21.54434690031882
mid_pre_response,log_RT_ms,hidden,5,hidden_18,0.019079914316534996,21.54434690031882
mid_pre_response,log_RT_ms,hidden,5,hidden_19,0.017608145251870155,21.54434690031882
mid_pre_response,log_RT_ms,hidden,5,hidden_20,0.04639656841754913,21.54434690031882
mid_pre_response,log_RT_ms,hidden,5,hidden_21,-0.026033489033579826,21.54434690031882
mid_pre_response,log_RT_ms,hidden,5,hidden_22,-0.03231652081012726,21.54434690031882
mid_pre_response,log_RT_ms,hidden,5,hidden_23,0.03162660449743271,21.54434690031882
mid_pre_response,log_RT_ms,hidden,5,hidden_24,0.010231130756437778,21.54434690031882
mid_pre_response,log_RT_ms,hidden,5,hidden_25,0.007429203484207392,21.54434690031882
mid_pre_response,log_RT_ms,hidden,5,hidden_26,0.08276774734258652,21.54434690031882
mid_pre_response,log_RT_ms,hidden,5,hidden_27,-0.03092437982559204,21.54434690031882
mid_pre_response,log_RT_ms,hidden,5,hidden_28,0.0022205107379704714,21.54434690031882
mid_pre_response,log_RT_ms,hidden,5,hidden_29,0.004134245682507753,21.54434690031882
mid_pre_response,log_RT_ms,hidden,5,hidden_30,-0.02337854728102684,21.54434690031882
mid_pre_response,log_RT_ms,hidden,5,hidden_31,-0.015018284320831299,21.54434690031882
mid_pre_response,log_RT_ms,baseline_plus_hidden,1,hidden_00,0.015556741404348049,100.0
mid_pre_response,log_RT_ms,baseline_plus_hidden,1,hidden_01,-0.027697293332257792,100.0
mid_pre_response,log_RT_ms,baseline_plus_hidden,1,hidden_02,-0.0004213493024013229,100.0
mid_pre_response,log_RT_ms,baseline_plus_hidden,1,hidden_03,0.045023574714440365,100.0
mid_pre_response,log_RT_ms,baseline_plus_hidden,1,hidden_04,-0.025955268528350253,100.0
mid_pre_response,log_RT_ms,baseline_plus_hidden,1,hidden_05,0.004837885719474339,100.0
mid_pre_response,log_RT_ms,baseline_plus_hidden,1,hidden_06,0.023981012225008785,100.0
mid_pre_response,log_RT_ms,baseline_plus_hidden,1,hidden_07,0.045103577809645176,100.0
mid_pre_response,log_RT_ms,baseline_plus_hidden,1,hidden_08,0.027378968857396352,100.0
mid_pre_response,log_RT_ms,baseline_plus_hidden,1,hidden_09,0.006889983645011246,100.0
mid_pre_response,log_RT_ms,baseline_plus_hidden,1,hidden_10,0.0076395349628799085,100.0
mid_pre_response,log_RT_ms,baseline_plus_hidden,1,hidden_11,-0.03919312371242003,100.0
mid_pre_response,log_RT_ms,baseline_plus_hidden,1,hidden_12,0.030183982827855334,100.0
mid_pre_response,log_RT_ms,baseline_plus_hidden,1,hidden_13,0.04528523577020765,100.0
mid_pre_response,log_RT_ms,baseline_plus_hidden,1,hidden_14,-0.006990155243969965,100.0
mid_pre_response,log_RT_ms,baseline_plus_hidden,1,hidden_15,0.0006929565595440746,100.0
mid_pre_response,log_RT_ms,baseline_plus_hidden,1,hidden_16,-0.017783751722926094,100.0
mid_pre_response,log_RT_ms,baseline_plus_hidden,1,hidden_17,0.014657198530271113,100.0
mid_pre_response,log_RT_ms,baseline_plus_hidden,1,hidden_18,0.020584668546561286,100.0
mid_pre_response,log_RT_ms,baseline_plus_hidden,1,hidden_19,0.025982598061674588,100.0
mid_pre_response,log_RT_ms,baseline_plus_hidden,1,hidden_20,0.019324580333811188,100.0
mid_pre_response,log_RT_ms,baseline_plus_hidden,1,hidden_21,0.00805913719186847,100.0
mid_pre_response,log_RT_ms,baseline_plus_hidden,1,hidden_22,-0.009744703894803837,100.0
mid_pre_response,log_RT_ms,baseline_plus_hidden,1,hidden_23,0.008304232865244107,100.0
mid_pre_response,log_RT_ms,baseline_plus_hidden,1,hidden_24,-0.013404870139387806,100.0
mid_pre_response,log_RT_ms,baseline_plus_hidden,1,hidden_25,0.026333743766195936,100.0
mid_pre_response,log_RT_ms,baseline_plus_hidden,1,hidden_26,0.027687582584062724,100.0
mid_pre_response,log_RT_ms,baseline_plus_hidden,1,hidden_27,-0.019028849522697962,100.0
mid_pre_response,log_RT_ms,baseline_plus_hidden,1,hidden_28,0.005063882231134417,100.0
mid_pre_response,log_RT_ms,baseline_plus_hidden,1,hidden_29,4.046389696649254e-05,100.0
mid_pre_response,log_RT_ms,baseline_plus_hidden,1,hidden_30,-0.02246416254867214,100.0
mid_pre_response,log_RT_ms,baseline_plus_hidden,1,hidden_31,-0.007750504215332896,100.0
mid_pre_response,log_RT_ms,baseline_plus_hidden,2,hidden_00,0.011144129773403011,215.44346900318823
mid_pre_response,log_RT_ms,baseline_plus_hidden,2,hidden_01,-0.021691942122463254,215.44346900318823
mid_pre_response,log_RT_ms,baseline_plus_hidden,2,hidden_02,0.00020130630107207035,215.44346900318823
mid_pre_response,log_RT_ms,baseline_plus_hidden,2,hidden_03,0.039158542239228,215.44346900318823
mid_pre_response,log_RT_ms,baseline_plus_hidden,2,hidden_04,-0.0237057612880099,215.44346900318823
mid_pre_response,log_RT_ms,baseline_plus_hidden,2,hidden_05,0.002347323788618315,215.44346900318823
mid_pre_response,log_RT_ms,baseline_plus_hidden,2,hidden_06,0.014395834883828012,215.44346900318823
mid_pre_response,log_RT_ms,baseline_plus_hidden,2,hidden_07,0.03575177099860241,215.44346900318823
mid_pre_response,log_RT_ms,baseline_plus_hidden,2,hidden_08,0.021002631384796827,215.44346900318823
mid_pre_response,log_RT_ms,baseline_plus_hidden,2,hidden_09,0.0042919238676591386,215.44346900318823
mid_pre_response,log_RT_ms,baseline_plus_hidden,2,hidden_10,0.010423424214527112,215.44346900318823
mid_pre_response,log_RT_ms,baseline_plus_hidden,2,hidden_11,-0.03222157849327171,215.44346900318823
mid_pre_response,log_RT_ms,baseline_plus_hidden,2,hidden_12,0.024420921272220442,215.44346900318823
mid_pre_response,log_RT_ms,baseline_plus_hidden,2,hidden_13,0.021687019075826566,215.44346900318823
mid_pre_response,log_RT_ms,baseline_plus_hidden,2,hidden_14,-0.006239765767966361,215.44346900318823
mid_pre_response,log_RT_ms,baseline_plus_hidden,2,hidden_15,-0.0014662237582432499,215.44346900318823
mid_pre_response,log_RT_ms,baseline_plus_hidden,2,hidden_16,-0.01784087398672036,215.44346900318823
mid_pre_response,log_RT_ms,baseline_plus_hidden,2,hidden_17,0.0026059197545448345,215.44346900318823
mid_pre_response,log_RT_ms,baseline_plus_hidden,2,hidden_18,0.018648702023774156,215.44346900318823
mid_pre_response,log_RT_ms,baseline_plus_hidden,2,hidden_19,0.02341070126426153,215.44346900318823
mid_pre_response,log_RT_ms,baseline_plus_hidden,2,hidden_20,0.015763488517268633,215.44346900318823
mid_pre_response,log_RT_ms,baseline_plus_hidden,2,hidden_21,0.005516753504760521,215.44346900318823
mid_pre_response,log_RT_ms,baseline_plus_hidden,2,hidden_22,-0.005842679013030074,215.44346900318823
mid_pre_response,log_RT_ms,baseline_plus_hidden,2,hidden_23,0.0005304861680773588,215.44346900318823
mid_pre_response,log_RT_ms,baseline_plus_hidden,2,hidden_24,-0.0012939429425965203,215.44346900318823
mid_pre_response,log_RT_ms,baseline_plus_hidden,2,hidden_25,0.0076318558943745144,215.44346900318823
mid_pre_response,log_RT_ms,baseline_plus_hidden,2,hidden_26,0.01235194563890799,215.44346900318823
mid_pre_response,log_RT_ms,baseline_plus_hidden,2,hidden_27,-0.017958683526044208,215.44346900318823
mid_pre_response,log_RT_ms,baseline_plus_hidden,2,hidden_28,0.001378928081916115,215.44346900318823
mid_pre_response,log_RT_ms,baseline_plus_hidden,2,hidden_29,0.0014999558771475175,215.44346900318823
mid_pre_response,log_RT_ms,baseline_plus_hidden,2,hidden_30,-0.012871057401056301,215.44346900318823
mid_pre_response,log_RT_ms,baseline_plus_hidden,2,hidden_31,-0.0087644068772807,215.44346900318823
mid_pre_response,log_RT_ms,baseline_plus_hidden,3,hidden_00,0.01368099338948494,215.44346900318823
mid_pre_response,log_RT_ms,baseline_plus_hidden,3,hidden_01,-0.01655520077847321,215.44346900318823
mid_pre_response,log_RT_ms,baseline_plus_hidden,3,hidden_02,0.0035692208888840797,215.44346900318823
mid_pre_response,log_RT_ms,baseline_plus_hidden,3,hidden_03,0.02581457147833003,215.44346900318823
mid_pre_response,log_RT_ms,baseline_plus_hidden,3,hidden_04,-0.014615421439316684,215.44346900318823
mid_pre_response,log_RT_ms,baseline_plus_hidden,3,hidden_05,-0.0029731781946448856,215.44346900318823
mid_pre_response,log_RT_ms,baseline_plus_hidden,3,hidden_06,0.01987647276566265,215.44346900318823
mid_pre_response,log_RT_ms,baseline_plus_hidden,3,hidden_07,0.04310205177057524,215.44346900318823
mid_pre_response,log_RT_ms,baseline_plus_hidden,3,hidden_08,0.021785587743873708,215.44346900318823
mid_pre_response,log_RT_ms,baseline_plus_hidden,3,hidden_09,0.008352613719005074,215.44346900318823
mid_pre_response,log_RT_ms,baseline_plus_hidden,3,hidden_10,0.009409567371644695,215.44346900318823
mid_pre_response,log_RT_ms,baseline_plus_hidden,3,hidden_11,-0.022894002066966613,215.44346900318823
mid_pre_response,log_RT_ms,baseline_plus_hidden,3,hidden_12,0.026839942157725623,215.44346900318823
mid_pre_response,log_RT_ms,baseline_plus_hidden,3,hidden_13,0.02263638193454975,215.44346900318823
mid_pre_response,log_RT_ms,baseline_plus_hidden,3,hidden_14,-0.008795918850665642,215.44346900318823
mid_pre_response,log_RT_ms,baseline_plus_hidden,3,hidden_15,0.00122426923925288,215.44346900318823
mid_pre_response,log_RT_ms,baseline_plus_hidden,3,hidden_16,-0.014616312335191069,215.44346900318823
mid_pre_response,log_RT_ms,baseline_plus_hidden,3,hidden_17,0.0029276766148268944,215.44346900318823
mid_pre_response,log_RT_ms,baseline_plus_hidden,3,hidden_18,0.003915467924911063,215.44346900318823
mid_pre_response,log_RT_ms,baseline_plus_hidden,3,hidden_19,0.0199846858206914,215.44346900318823
mid_pre_response,log_RT_ms,baseline_plus_hidden,3,hidden_20,0.02162586425429185,215.44346900318823
mid_pre_response,log_RT_ms,baseline_plus_hidden,3,hidden_21,0.0031652416805548964,215.44346900318823
mid_pre_response,log_RT_ms,baseline_plus_hidden,3,hidden_22,-0.0028666568133313133,215.44346900318823
mid_pre_response,log_RT_ms,baseline_plus_hidden,3,hidden_23,0.0036013744334191496,215.44346900318823
mid_pre_response,log_RT_ms,baseline_plus_hidden,3,hidden_24,-0.01771722585053539,215.44346900318823
mid_pre_response,log_RT_ms,baseline_plus_hidden,3,hidden_25,0.017253990331556876,215.44346900318823
mid_pre_response,log_RT_ms,baseline_plus_hidden,3,hidden_26,0.01925241751348048,215.44346900318823
mid_pre_response,log_RT_ms,baseline_plus_hidden,3,hidden_27,-0.012881573029949593,215.44346900318823
mid_pre_response,log_RT_ms,baseline_plus_hidden,3,hidden_28,-0.008495606626003533,215.44346900318823
mid_pre_response,log_RT_ms,baseline_plus_hidden,3,hidden_29,-0.00527867921779745,215.44346900318823
mid_pre_response,log_RT_ms,baseline_plus_hidden,3,hidden_30,-0.012722753249603414,215.44346900318823
mid_pre_response,log_RT_ms,baseline_plus_hidden,3,hidden_31,-0.015613144273754837,215.44346900318823
mid_pre_response,log_RT_ms,baseline_plus_hidden,4,hidden_00,0.012706430994796562,215.44346900318823
mid_pre_response,log_RT_ms,baseline_plus_hidden,4,hidden_01,-0.01596677869310471,215.44346900318823
mid_pre_response,log_RT_ms,baseline_plus_hidden,4,hidden_02,-0.0016000158111605612,215.44346900318823
mid_pre_response,log_RT_ms,baseline_plus_hidden,4,hidden_03,0.028601612075129134,215.44346900318823
mid_pre_response,log_RT_ms,baseline_plus_hidden,4,hidden_04,-0.014930876731725707,215.44346900318823
mid_pre_response,log_RT_ms,baseline_plus_hidden,4,hidden_05,0.0015948471952265456,215.44346900318823
mid_pre_response,log_RT_ms,baseline_plus_hidden,4,hidden_06,0.02081789370421544,215.44346900318823
mid_pre_response,log_RT_ms,baseline_plus_hidden,4,hidden_07,0.03752507560938986,215.44346900318823
mid_pre_response,log_RT_ms,baseline_plus_hidden,4,hidden_08,0.026257422449750014,215.44346900318823
mid_pre_response,log_RT_ms,baseline_plus_hidden,4,hidden_09,0.007867884078828042,215.44346900318823
mid_pre_response,log_RT_ms,baseline_plus_hidden,4,hidden_10,0.009737424363733016,215.44346900318823
mid_pre_response,log_RT_ms,baseline_plus_hidden,4,hidden_11,-0.022408952207888463,215.44346900318823
mid_pre_response,log_RT_ms,baseline_plus_hidden,4,hidden_12,0.030297815456344003,215.44346900318823
mid_pre_response,log_RT_ms,baseline_plus_hidden,4,hidden_13,0.028583442081349924,215.44346900318823
mid_pre_response,log_RT_ms,baseline_plus_hidden,4,hidden_14,-0.010389910431794554,215.44346900318823
mid_pre_response,log_RT_ms,baseline_plus_hidden,4,hidden_15,0.0014845522638791979,215.44346900318823
mid_pre_response,log_RT_ms,baseline_plus_hidden,4,hidden_16,-0.021234002026644584,215.44346900318823
mid_pre_response,log_RT_ms,baseline_plus_hidden,4,hidden_17,0.004235759210654446,215.44346900318823
mid_pre_response,log_RT_ms,baseline_plus_hidden,4,hidden_18,0.022107454048341076,215.44346900318823
mid_pre_response,log_RT_ms,baseline_plus_hidden,4,hidden_19,0.01753314959005685,215.44346900318823
mid_pre_response,log_RT_ms,baseline_plus_hidden,4,hidden_20,0.017697719884176677,215.44346900318823
mid_pre_response,log_RT_ms,baseline_plus_hidden,4,hidden_21,0.007813612071344863,215.44346900318823
mid_pre_response,log_RT_ms,baseline_plus_hidden,4,hidden_22,-0.008409584773627807,215.44346900318823
mid_pre_response,log_RT_ms,baseline_plus_hidden,4,hidden_23,0.007456388226553269,215.44346900318823
mid_pre_response,log_RT_ms,baseline_plus_hidden,4,hidden_24,-0.01707878035258124,215.44346900318823
mid_pre_response,log_RT_ms,baseline_plus_hidden,4,hidden_25,0.016430283704001323,215.44346900318823
mid_pre_response,log_RT_ms,baseline_plus_hidden,4,hidden_26,0.017691030120394975,215.44346900318823
mid_pre_response,log_RT_ms,baseline_plus_hidden,4,hidden_27,-0.013365495302016214,215.44346900318823
mid_pre_response,log_RT_ms,baseline_plus_hidden,4,hidden_28,0.003944232822143254,215.44346900318823
mid_pre_response,log_RT_ms,baseline_plus_hidden,4,hidden_29,-0.0017302181922254373,215.44346900318823
mid_pre_response,log_RT_ms,baseline_plus_hidden,4,hidden_30,-0.019989175219919265,215.44346900318823
mid_pre_response,log_RT_ms,baseline_plus_hidden,4,hidden_31,-0.010692545664909623,215.44346900318823
mid_pre_response,log_RT_ms,baseline_plus_hidden,5,hidden_00,-0.02210598067915393,10.0
mid_pre_response,log_RT_ms,baseline_plus_hidden,5,hidden_01,-0.05644706725943578,10.0
mid_pre_response,log_RT_ms,baseline_plus_hidden,5,hidden_02,0.026285766071001977,10.0
mid_pre_response,log_RT_ms,baseline_plus_hidden,5,hidden_03,0.10408304316302645,10.0
mid_pre_response,log_RT_ms,baseline_plus_hidden,5,hidden_04,-0.002937232219419789,10.0
mid_pre_response,log_RT_ms,baseline_plus_hidden,5,hidden_05,-0.007778324669692962,10.0
mid_pre_response,log_RT_ms,baseline_plus_hidden,5,hidden_06,0.08088994322747055,10.0
mid_pre_response,log_RT_ms,baseline_plus_hidden,5,hidden_07,0.08369073691184672,10.0
mid_pre_response,log_RT_ms,baseline_plus_hidden,5,hidden_08,0.0015544348408725037,10.0
mid_pre_response,log_RT_ms,baseline_plus_hidden,5,hidden_09,-0.031187734191234186,10.0
mid_pre_response,log_RT_ms,baseline_plus_hidden,5,hidden_10,-0.0241539316603973,10.0
mid_pre_response,log_RT_ms,baseline_plus_hidden,5,hidden_11,-0.030292928280478155,10.0
mid_pre_response,log_RT_ms,baseline_plus_hidden,5,hidden_12,0.031238090780756667,10.0
mid_pre_response,log_RT_ms,baseline_plus_hidden,5,hidden_13,0.147303830005009,10.0
mid_pre_response,log_RT_ms,baseline_plus_hidden,5,hidden_14,-0.023596679322071743,10.0
mid_pre_response,log_RT_ms,baseline_plus_hidden,5,hidden_15,-0.005867223425095669,10.0
mid_pre_response,log_RT_ms,baseline_plus_hidden,5,hidden_16,-0.032522141563302326,10.0
mid_pre_response,log_RT_ms,baseline_plus_hidden,5,hidden_17,0.048717265889461535,10.0
mid_pre_response,log_RT_ms,baseline_plus_hidden,5,hidden_18,-0.010945550862415656,10.0
mid_pre_response,log_RT_ms,baseline_plus_hidden,5,hidden_19,0.016899725940819402,10.0
mid_pre_response,log_RT_ms,baseline_plus_hidden,5,hidden_20,0.017604697209493633,10.0
mid_pre_response,log_RT_ms,baseline_plus_hidden,5,hidden_21,0.003744916940553533,10.0
mid_pre_response,log_RT_ms,baseline_plus_hidden,5,hidden_22,-0.020870885417402642,10.0
mid_pre_response,log_RT_ms,baseline_plus_hidden,5,hidden_23,0.03641559692021375,10.0
mid_pre_response,log_RT_ms,baseline_plus_hidden,5,hidden_24,0.019990444534699673,10.0
mid_pre_response,log_RT_ms,baseline_plus_hidden,5,hidden_25,0.019158983698755207,10.0
mid_pre_response,log_RT_ms,baseline_plus_hidden,5,hidden_26,0.08565855857277921,10.0
mid_pre_response,log_RT_ms,baseline_plus_hidden,5,hidden_27,-0.0434859339671193,10.0
mid_pre_response,log_RT_ms,baseline_plus_hidden,5,hidden_28,-0.009939512166118526,10.0
mid_pre_response,log_RT_ms,baseline_plus_hidden,5,hidden_29,-0.02052542204312416,10.0
mid_pre_response,log_RT_ms,baseline_plus_hidden,5,hidden_30,0.027877693286969027,10.0
mid_pre_response,log_RT_ms,baseline_plus_hidden,5,hidden_31,0.008426273733204169,10.0
mid_pre_response,log_RT_ms,baseline_plus_shuffled_hidden,1,shuffled_hidden_00,-0.0008124921906659911,1000.0
mid_pre_response,log_RT_ms,baseline_plus_shuffled_hidden,1,shuffled_hidden_01,-0.00240329298417461,1000.0
mid_pre_response,log_RT_ms,baseline_plus_shuffled_hidden,1,shuffled_hidden_02,0.0015618570032758551,1000.0
mid_pre_response,log_RT_ms,baseline_plus_shuffled_hidden,1,shuffled_hidden_03,0.0002766032959035473,1000.0
mid_pre_response,log_RT_ms,baseline_plus_shuffled_hidden,1,shuffled_hidden_04,0.0008426864463166734,1000.0
mid_pre_response,log_RT_ms,baseline_plus_shuffled_hidden,1,shuffled_hidden_05,0.0038446240982272393,1000.0
mid_pre_response,log_RT_ms,baseline_plus_shuffled_hidden,1,shuffled_hidden_06,0.00023288113446582898,1000.0
mid_pre_response,log_RT_ms,baseline_plus_shuffled_hidden,1,shuffled_hidden_07,0.001990318575476885,1000.0
mid_pre_response,log_RT_ms,baseline_plus_shuffled_hidden,1,shuffled_hidden_08,-0.007376130576821509,1000.0
mid_pre_response,log_RT_ms,baseline_plus_shuffled_hidden,1,shuffled_hidden_09,0.0012388403637204946,1000.0
mid_pre_response,log_RT_ms,baseline_plus_shuffled_hidden,1,shuffled_hidden_10,-0.001146077821779674,1000.0
mid_pre_response,log_RT_ms,baseline_plus_shuffled_hidden,1,shuffled_hidden_11,-0.003908598429186893,1000.0
mid_pre_response,log_RT_ms,baseline_plus_shuffled_hidden,1,shuffled_hidden_12,-0.0065001327379186746,1000.0
mid_pre_response,log_RT_ms,baseline_plus_shuffled_hidden,1,shuffled_hidden_13,0.00012336505890644532,1000.0
mid_pre_response,log_RT_ms,baseline_plus_shuffled_hidden,1,shuffled_hidden_14,-0.0007247858488033424,1000.0
mid_pre_response,log_RT_ms,baseline_plus_shuffled_hidden,1,shuffled_hidden_15,0.004738922435596152,1000.0
mid_pre_response,log_RT_ms,baseline_plus_shuffled_hidden,1,shuffled_hidden_16,-0.0010112473548797138,1000.0
mid_pre_response,log_RT_ms,baseline_plus_shuffled_hidden,1,shuffled_hidden_17,-0.004055418053579364,1000.0
mid_pre_response,log_RT_ms,baseline_plus_shuffled_hidden,1,shuffled_hidden_18,-0.0004650742655706576,1000.0
mid_pre_response,log_RT_ms,baseline_plus_shuffled_hidden,1,shuffled_hidden_19,0.003400858740000966,1000.0
mid_pre_response,log_RT_ms,baseline_plus_shuffled_hidden,1,shuffled_hidden_20,-0.004810278148953862,1000.0
mid_pre_response,log_RT_ms,baseline_plus_shuffled_hidden,1,shuffled_hidden_21,2.277743146896869e-05,1000.0
mid_pre_response,log_RT_ms,baseline_plus_shuffled_hidden,1,shuffled_hidden_22,-0.0037587184699315107,1000.0
mid_pre_response,log_RT_ms,baseline_plus_shuffled_hidden,1,shuffled_hidden_23,0.0021698642960615014,1000.0
mid_pre_response,log_RT_ms,baseline_plus_shuffled_hidden,1,shuffled_hidden_24,-0.004589948299225762,1000.0
mid_pre_response,log_RT_ms,baseline_plus_shuffled_hidden,1,shuffled_hidden_25,0.0037838864161467097,1000.0
mid_pre_response,log_RT_ms,baseline_plus_shuffled_hidden,1,shuffled_hidden_26,0.001954666294988119,1000.0
mid_pre_response,log_RT_ms,baseline_plus_shuffled_hidden,1,shuffled_hidden_27,0.0029552158931860626,1000.0
mid_pre_response,log_RT_ms,baseline_plus_shuffled_hidden,1,shuffled_hidden_28,0.0038278505653780307,1000.0
mid_pre_response,log_RT_ms,baseline_plus_shuffled_hidden,1,shuffled_hidden_29,-0.0017937829413340455,1000.0
mid_pre_response,log_RT_ms,baseline_plus_shuffled_hidden,1,shuffled_hidden_30,-0.0037941576962135406,1000.0
mid_pre_response,log_RT_ms,baseline_plus_shuffled_hidden,1,shuffled_hidden_31,0.004072255736504647,1000.0
mid_pre_response,log_RT_ms,baseline_plus_shuffled_hidden,2,shuffled_hidden_00,-0.0007537229535902511,1000.0
mid_pre_response,log_RT_ms,baseline_plus_shuffled_hidden,2,shuffled_hidden_01,-0.0004796237446100109,1000.0
mid_pre_response,log_RT_ms,baseline_plus_shuffled_hidden,2,shuffled_hidden_02,0.0006757019796826535,1000.0
mid_pre_response,log_RT_ms,baseline_plus_shuffled_hidden,2,shuffled_hidden_03,0.00030446651379748685,1000.0
mid_pre_response,log_RT_ms,baseline_plus_shuffled_hidden,2,shuffled_hidden_04,-0.00057359401543519,1000.0
mid_pre_response,log_RT_ms,baseline_plus_shuffled_hidden,2,shuffled_hidden_05,-0.002251653303275219,1000.0
mid_pre_response,log_RT_ms,baseline_plus_shuffled_hidden,2,shuffled_hidden_06,-0.00012789128062854326,1000.0
mid_pre_response,log_RT_ms,baseline_plus_shuffled_hidden,2,shuffled_hidden_07,0.00034766899486178446,1000.0
mid_pre_response,log_RT_ms,baseline_plus_shuffled_hidden,2,shuffled_hidden_08,-0.00723109088611215,1000.0
mid_pre_response,log_RT_ms,baseline_plus_shuffled_hidden,2,shuffled_hidden_09,0.0008446263416591715,1000.0
mid_pre_response,log_RT_ms,baseline_plus_shuffled_hidden,2,shuffled_hidden_10,-0.0027994612280175706,1000.0
mid_pre_response,log_RT_ms,baseline_plus_shuffled_hidden,2,shuffled_hidden_11,-0.003265184515751926,1000.0
mid_pre_response,log_RT_ms,baseline_plus_shuffled_hidden,2,shuffled_hidden_12,-0.005085823665105192,1000.0
mid_pre_response,log_RT_ms,baseline_plus_shuffled_hidden,2,shuffled_hidden_13,-0.0015155448346198443,1000.0
mid_pre_response,log_RT_ms,baseline_plus_shuffled_hidden,2,shuffled_hidden_14,-0.000932088389964685,1000.0
mid_pre_response,log_RT_ms,baseline_plus_shuffled_hidden,2,shuffled_hidden_15,0.004775301964686727,1000.0
mid_pre_response,log_RT_ms,baseline_plus_shuffled_hidden,2,shuffled_hidden_16,-0.0016691584614355712,1000.0
mid_pre_response,log_RT_ms,baseline_plus_shuffled_hidden,2,shuffled_hidden_17,-0.004169382626077475,1000.0
mid_pre_response,log_RT_ms,baseline_plus_shuffled_hidden,2,shuffled_hidden_18,0.0005790811457980405,1000.0
mid_pre_response,log_RT_ms,baseline_plus_shuffled_hidden,2,shuffled_hidden_19,0.002005633868778551,1000.0
mid_pre_response,log_RT_ms,baseline_plus_shuffled_hidden,2,shuffled_hidden_20,-0.0031542961732439977,1000.0
mid_pre_response,log_RT_ms,baseline_plus_shuffled_hidden,2,shuffled_hidden_21,0.0011510842429204497,1000.0
mid_pre_response,log_RT_ms,baseline_plus_shuffled_hidden,2,shuffled_hidden_22,-0.00045751913099905355,1000.0
mid_pre_response,log_RT_ms,baseline_plus_shuffled_hidden,2,shuffled_hidden_23,0.0044717729726983565,1000.0
mid_pre_response,log_RT_ms,baseline_plus_shuffled_hidden,2,shuffled_hidden_24,-0.002404952705408203,1000.0
mid_pre_response,log_RT_ms,baseline_plus_shuffled_hidden,2,shuffled_hidden_25,0.0030547894516741126,1000.0
mid_pre_response,log_RT_ms,baseline_plus_shuffled_hidden,2,shuffled_hidden_26,-0.00021920617838795182,1000.0
mid_pre_response,log_RT_ms,baseline_plus_shuffled_hidden,2,shuffled_hidden_27,0.0033050657032507045,1000.0
mid_pre_response,log_RT_ms,baseline_plus_shuffled_hidden,2,shuffled_hidden_28,0.0026487187531794936,1000.0
mid_pre_response,log_RT_ms,baseline_plus_shuffled_hidden,2,shuffled_hidden_29,-0.0018205370362026371,1000.0
mid_pre_response,log_RT_ms,baseline_plus_shuffled_hidden,2,shuffled_hidden_30,-0.003185469721190753,1000.0
mid_pre_response,log_RT_ms,baseline_plus_shuffled_hidden,2,shuffled_hidden_31,0.004458758109561649,1000.0
mid_pre_response,log_RT_ms,baseline_plus_shuffled_hidden,3,shuffled_hidden_00,-0.0028858337062621147,1000.0
mid_pre_response,log_RT_ms,baseline_plus_shuffled_hidden,3,shuffled_hidden_01,-0.004032102141511932,1000.0
mid_pre_response,log_RT_ms,baseline_plus_shuffled_hidden,3,shuffled_hidden_02,0.0004937983636455078,1000.0
mid_pre_response,log_RT_ms,baseline_plus_shuffled_hidden,3,shuffled_hidden_03,0.0009452217348522239,1000.0
mid_pre_response,log_RT_ms,baseline_plus_shuffled_hidden,3,shuffled_hidden_04,-0.0024994211390748362,1000.0
mid_pre_response,log_RT_ms,baseline_plus_shuffled_hidden,3,shuffled_hidden_05,0.003345330295004634,1000.0
mid_pre_response,log_RT_ms,baseline_plus_shuffled_hidden,3,shuffled_hidden_06,0.0003115186415099537,1000.0
mid_pre_response,log_RT_ms,baseline_plus_shuffled_hidden,3,shuffled_hidden_07,-0.0018858572504840004,1000.0
mid_pre_response,log_RT_ms,baseline_plus_shuffled_hidden,3,shuffled_hidden_08,-0.005123925655705328,1000.0
mid_pre_response,log_RT_ms,baseline_plus_shuffled_hidden,3,shuffled_hidden_09,0.0005136684057133412,1000.0
mid_pre_response,log_RT_ms,baseline_plus_shuffled_hidden,3,shuffled_hidden_10,0.000964081601046669,1000.0
mid_pre_response,log_RT_ms,baseline_plus_shuffled_hidden,3,shuffled_hidden_11,-0.0023250797796331097,1000.0
mid_pre_response,log_RT_ms,baseline_plus_shuffled_hidden,3,shuffled_hidden_12,-0.006379124941911812,1000.0
mid_pre_response,log_RT_ms,baseline_plus_shuffled_hidden,3,shuffled_hidden_13,-0.0006349360976985022,1000.0
mid_pre_response,log_RT_ms,baseline_plus_shuffled_hidden,3,shuffled_hidden_14,-0.001731792349110456,1000.0
mid_pre_response,log_RT_ms,baseline_plus_shuffled_hidden,3,shuffled_hidden_15,0.002835893244799811,1000.0
mid_pre_response,log_RT_ms,baseline_plus_shuffled_hidden,3,shuffled_hidden_16,-0.0007108182781614124,1000.0
mid_pre_response,log_RT_ms,baseline_plus_shuffled_hidden,3,shuffled_hidden_17,-0.004541411943886883,1000.0
mid_pre_response,log_RT_ms,baseline_plus_shuffled_hidden,3,shuffled_hidden_18,0.003022555383999615,1000.0
mid_pre_response,log_RT_ms,baseline_plus_shuffled_hidden,3,shuffled_hidden_19,0.004402764934635846,1000.0
mid_pre_response,log_RT_ms,baseline_plus_shuffled_hidden,3,shuffled_hidden_20,-0.002182478452040484,1000.0
mid_pre_response,log_RT_ms,baseline_plus_shuffled_hidden,3,shuffled_hidden_21,-7.147518539982755e-05,1000.0
mid_pre_response,log_RT_ms,baseline_plus_shuffled_hidden,3,shuffled_hidden_22,0.00043574501619434965,1000.0
mid_pre_response,log_RT_ms,baseline_plus_shuffled_hidden,3,shuffled_hidden_23,0.001632277456976941,1000.0
mid_pre_response,log_RT_ms,baseline_plus_shuffled_hidden,3,shuffled_hidden_24,0.002013151793707116,1000.0
mid_pre_response,log_RT_ms,baseline_plus_shuffled_hidden,3,shuffled_hidden_25,-0.0005092297129620855,1000.0
mid_pre_response,log_RT_ms,baseline_plus_shuffled_hidden,3,shuffled_hidden_26,0.0006283201383237741,1000.0
mid_pre_response,log_RT_ms,baseline_plus_shuffled_hidden,3,shuffled_hidden_27,0.0007228729760389724,1000.0
mid_pre_response,log_RT_ms,baseline_plus_shuffled_hidden,3,shuffled_hidden_28,0.002362710050275663,1000.0
mid_pre_response,log_RT_ms,baseline_plus_shuffled_hidden,3,shuffled_hidden_29,-0.004321979733556769,1000.0
mid_pre_response,log_RT_ms,baseline_plus_shuffled_hidden,3,shuffled_hidden_30,-0.002833812462718795,1000.0
mid_pre_response,log_RT_ms,baseline_plus_shuffled_hidden,3,shuffled_hidden_31,0.004779910109691266,1000.0
mid_pre_response,log_RT_ms,baseline_plus_shuffled_hidden,4,shuffled_hidden_00,-0.0020934788142257825,1000.0
mid_pre_response,log_RT_ms,baseline_plus_shuffled_hidden,4,shuffled_hidden_01,-0.005455445355593187,1000.0
mid_pre_response,log_RT_ms,baseline_plus_shuffled_hidden,4,shuffled_hidden_02,4.593873007270002e-05,1000.0
mid_pre_response,log_RT_ms,baseline_plus_shuffled_hidden,4,shuffled_hidden_03,0.00045633533601675634,1000.0
mid_pre_response,log_RT_ms,baseline_plus_shuffled_hidden,4,shuffled_hidden_04,-0.0022451211337803853,1000.0
mid_pre_response,log_RT_ms,baseline_plus_shuffled_hidden,4,shuffled_hidden_05,0.0019056337486854534,1000.0
mid_pre_response,log_RT_ms,baseline_plus_shuffled_hidden,4,shuffled_hidden_06,-0.0002479597865664532,1000.0
mid_pre_response,log_RT_ms,baseline_plus_shuffled_hidden,4,shuffled_hidden_07,-0.0007710428448714087,1000.0
mid_pre_response,log_RT_ms,baseline_plus_shuffled_hidden,4,shuffled_hidden_08,-0.00716152059039715,1000.0
mid_pre_response,log_RT_ms,baseline_plus_shuffled_hidden,4,shuffled_hidden_09,0.0009799410534371722,1000.0
mid_pre_response,log_RT_ms,baseline_plus_shuffled_hidden,4,shuffled_hidden_10,-0.001254062748605385,1000.0
mid_pre_response,log_RT_ms,baseline_plus_shuffled_hidden,4,shuffled_hidden_11,-0.0033462559453601407,1000.0
mid_pre_response,log_RT_ms,baseline_plus_shuffled_hidden,4,shuffled_hidden_12,-0.0009208312313571981,1000.0
mid_pre_response,log_RT_ms,baseline_plus_shuffled_hidden,4,shuffled_hidden_13,-0.0021912889469052495,1000.0
mid_pre_response,log_RT_ms,baseline_plus_shuffled_hidden,4,shuffled_hidden_14,-0.0008878769634316953,1000.0
mid_pre_response,log_RT_ms,baseline_plus_shuffled_hidden,4,shuffled_hidden_15,0.0035097538498723964,1000.0
mid_pre_response,log_RT_ms,baseline_plus_shuffled_hidden,4,shuffled_hidden_16,-0.0027746812377614795,1000.0
mid_pre_response,log_RT_ms,baseline_plus_shuffled_hidden,4,shuffled_hidden_17,-0.0020558851899315986,1000.0
mid_pre_response,log_RT_ms,baseline_plus_shuffled_hidden,4,shuffled_hidden_18,0.0007313231523066545,1000.0
mid_pre_response,log_RT_ms,baseline_plus_shuffled_hidden,4,shuffled_hidden_19,0.0017957825980774755,1000.0
mid_pre_response,log_RT_ms,baseline_plus_shuffled_hidden,4,shuffled_hidden_20,-0.002959836270670153,1000.0
mid_pre_response,log_RT_ms,baseline_plus_shuffled_hidden,4,shuffled_hidden_21,-0.000327596356565024,1000.0
mid_pre_response,log_RT_ms,baseline_plus_shuffled_hidden,4,shuffled_hidden_22,-2.8238249917212477e-05,1000.0
mid_pre_response,log_RT_ms,baseline_plus_shuffled_hidden,4,shuffled_hidden_23,0.00520040223378676,1000.0
mid_pre_response,log_RT_ms,baseline_plus_shuffled_hidden,4,shuffled_hidden_24,-0.004298647601041017,1000.0
mid_pre_response,log_RT_ms,baseline_plus_shuffled_hidden,4,shuffled_hidden_25,0.003510785139485995,1000.0
mid_pre_response,log_RT_ms,baseline_plus_shuffled_hidden,4,shuffled_hidden_26,0.0020788935277809644,1000.0
mid_pre_response,log_RT_ms,baseline_plus_shuffled_hidden,4,shuffled_hidden_27,0.001619522579180079,1000.0
mid_pre_response,log_RT_ms,baseline_plus_shuffled_hidden,4,shuffled_hidden_28,0.002316684611868537,1000.0
mid_pre_response,log_RT_ms,baseline_plus_shuffled_hidden,4,shuffled_hidden_29,-0.0018944311152359337,1000.0
mid_pre_response,log_RT_ms,baseline_plus_shuffled_hidden,4,shuffled_hidden_30,-0.005527100166680781,1000.0
mid_pre_response,log_RT_ms,baseline_plus_shuffled_hidden,4,shuffled_hidden_31,0.0020960138171988003,1000.0
mid_pre_response,log_RT_ms,baseline_plus_shuffled_hidden,5,shuffled_hidden_00,-0.0018948055854040408,2154.4346900318824
mid_pre_response,log_RT_ms,baseline_plus_shuffled_hidden,5,shuffled_hidden_01,-0.0025209838416992295,2154.4346900318824
mid_pre_response,log_RT_ms,baseline_plus_shuffled_hidden,5,shuffled_hidden_02,-0.00019738763577898522,2154.4346900318824
mid_pre_response,log_RT_ms,baseline_plus_shuffled_hidden,5,shuffled_hidden_03,-0.0005518264661247165,2154.4346900318824
mid_pre_response,log_RT_ms,baseline_plus_shuffled_hidden,5,shuffled_hidden_04,-0.0005444221349814533,2154.4346900318824
mid_pre_response,log_RT_ms,baseline_plus_shuffled_hidden,5,shuffled_hidden_05,0.0013807832353456998,2154.4346900318824
mid_pre_response,log_RT_ms,baseline_plus_shuffled_hidden,5,shuffled_hidden_06,-0.00012116099214330554,2154.4346900318824
mid_pre_response,log_RT_ms,baseline_plus_shuffled_hidden,5,shuffled_hidden_07,-0.0013243954834840242,2154.4346900318824
mid_pre_response,log_RT_ms,baseline_plus_shuffled_hidden,5,shuffled_hidden_08,-0.0035846250594717137,2154.4346900318824
mid_pre_response,log_RT_ms,baseline_plus_shuffled_hidden,5,shuffled_hidden_09,0.00022088395915677577,2154.4346900318824
mid_pre_response,log_RT_ms,baseline_plus_shuffled_hidden,5,shuffled_hidden_10,-0.0009348805017516922,2154.4346900318824
mid_pre_response,log_RT_ms,baseline_plus_shuffled_hidden,5,shuffled_hidden_11,-0.0004064773230668364,2154.4346900318824
mid_pre_response,log_RT_ms,baseline_plus_shuffled_hidden,5,shuffled_hidden_12,-0.0030171688900765647,2154.4346900318824
mid_pre_response,log_RT_ms,baseline_plus_shuffled_hidden,5,shuffled_hidden_13,-0.0015733299758003132,2154.4346900318824
mid_pre_response,log_RT_ms,baseline_plus_shuffled_hidden,5,shuffled_hidden_14,0.00033133046254333264,2154.4346900318824
mid_pre_response,log_RT_ms,baseline_plus_shuffled_hidden,5,shuffled_hidden_15,0.0035883153616771053,2154.4346900318824
mid_pre_response,log_RT_ms,baseline_plus_shuffled_hidden,5,shuffled_hidden_16,-0.0029596720421099544,2154.4346900318824
mid_pre_response,log_RT_ms,baseline_plus_shuffled_hidden,5,shuffled_hidden_17,0.0005408670070518301,2154.4346900318824
mid_pre_response,log_RT_ms,baseline_plus_shuffled_hidden,5,shuffled_hidden_18,0.0005324674940571403,2154.4346900318824
mid_pre_response,log_RT_ms,baseline_plus_shuffled_hidden,5,shuffled_hidden_19,0.0006335295111117636,2154.4346900318824
mid_pre_response,log_RT_ms,baseline_plus_shuffled_hidden,5,shuffled_hidden_20,-0.001672935968075177,2154.4346900318824
mid_pre_response,log_RT_ms,baseline_plus_shuffled_hidden,5,shuffled_hidden_21,-2.5174047377029905e-05,2154.4346900318824
mid_pre_response,log_RT_ms,baseline_plus_shuffled_hidden,5,shuffled_hidden_22,0.0008667203729994342,2154.4346900318824
mid_pre_response,log_RT_ms,baseline_plus_shuffled_hidden,5,shuffled_hidden_23,0.004198890622305085,2154.4346900318824
mid_pre_response,log_RT_ms,baseline_plus_shuffled_hidden,5,shuffled_hidden_24,-0.0019354986328174323,2154.4346900318824
mid_pre_response,log_RT_ms,baseline_plus_shuffled_hidden,5,shuffled_hidden_25,0.0014133261676007281,2154.4346900318824
mid_pre_response,log_RT_ms,baseline_plus_shuffled_hidden,5,shuffled_hidden_26,0.000889316720370355,2154.4346900318824
mid_pre_response,log_RT_ms,baseline_plus_shuffled_hidden,5,shuffled_hidden_27,0.0016071127941585056,2154.4346900318824
mid_pre_response,log_RT_ms,baseline_plus_shuffled_hidden,5,shuffled_hidden_28,0.0026893821124320846,2154.4346900318824
mid_pre_response,log_RT_ms,baseline_plus_shuffled_hidden,5,shuffled_hidden_29,-0.0034930657144952347,2154.4346900318824
mid_pre_response,log_RT_ms,baseline_plus_shuffled_hidden,5,shuffled_hidden_30,-0.0020650719868749623,2154.4346900318824
mid_pre_response,log_RT_ms,baseline_plus_shuffled_hidden,5,shuffled_hidden_31,0.0033197055790864867,2154.4346900318824
mid_pre_response,RT_ms,hidden,1,hidden_00,24.148597717285156,215.44346900318823
mid_pre_response,RT_ms,hidden,1,hidden_01,-6.1215128898620605,215.44346900318823
mid_pre_response,RT_ms,hidden,1,hidden_02,-1.7973157167434692,215.44346900318823
mid_pre_response,RT_ms,hidden,1,hidden_03,39.25856018066406,215.44346900318823
mid_pre_response,RT_ms,hidden,1,hidden_04,-14.437503814697266,215.44346900318823
mid_pre_response,RT_ms,hidden,1,hidden_05,4.377232551574707,215.44346900318823
mid_pre_response,RT_ms,hidden,1,hidden_06,17.410703659057617,215.44346900318823
mid_pre_response,RT_ms,hidden,1,hidden_07,39.04389953613281,215.44346900318823
mid_pre_response,RT_ms,hidden,1,hidden_08,24.851543426513672,215.44346900318823
mid_pre_response,RT_ms,hidden,1,hidden_09,11.642242431640625,215.44346900318823
mid_pre_response,RT_ms,hidden,1,hidden_10,15.566407203674316,215.44346900318823
mid_pre_response,RT_ms,hidden,1,hidden_11,-36.5057487487793,215.44346900318823
mid_pre_response,RT_ms,hidden,1,hidden_12,39.57383728027344,215.44346900318823
mid_pre_response,RT_ms,hidden,1,hidden_13,26.046695709228516,215.44346900318823
mid_pre_response,RT_ms,hidden,1,hidden_14,-4.461337089538574,215.44346900318823
mid_pre_response,RT_ms,hidden,1,hidden_15,0.22747564315795898,215.44346900318823
mid_pre_response,RT_ms,hidden,1,hidden_16,-20.155460357666016,215.44346900318823
mid_pre_response,RT_ms,hidden,1,hidden_17,9.599966049194336,215.44346900318823
mid_pre_response,RT_ms,hidden,1,hidden_18,21.666507720947266,215.44346900318823
mid_pre_response,RT_ms,hidden,1,hidden_19,31.696325302124023,215.44346900318823
mid_pre_response,RT_ms,hidden,1,hidden_20,26.8702449798584,215.44346900318823
mid_pre_response,RT_ms,hidden,1,hidden_21,9.82548713684082,215.44346900318823
mid_pre_response,RT_ms,hidden,1,hidden_22,-14.435864448547363,215.44346900318823
mid_pre_response,RT_ms,hidden,1,hidden_23,11.66368293762207,215.44346900318823
mid_pre_response,RT_ms,hidden,1,hidden_24,-14.667875289916992,215.44346900318823
mid_pre_response,RT_ms,hidden,1,hidden_25,15.869709014892578,215.44346900318823
mid_pre_response,RT_ms,hidden,1,hidden_26,24.471965789794922,215.44346900318823
mid_pre_response,RT_ms,hidden,1,hidden_27,-9.531630516052246,215.44346900318823
mid_pre_response,RT_ms,hidden,1,hidden_28,2.7533717155456543,215.44346900318823
mid_pre_response,RT_ms,hidden,1,hidden_29,1.166898250579834,215.44346900318823
mid_pre_response,RT_ms,hidden,1,hidden_30,-22.21425437927246,215.44346900318823
mid_pre_response,RT_ms,hidden,1,hidden_31,-15.247377395629883,215.44346900318823
mid_pre_response,RT_ms,hidden,2,hidden_00,22.12168312072754,215.44346900318823
mid_pre_response,RT_ms,hidden,2,hidden_01,-6.359401226043701,215.44346900318823
mid_pre_response,RT_ms,hidden,2,hidden_02,1.1408240795135498,215.44346900318823
mid_pre_response,RT_ms,hidden,2,hidden_03,46.85395812988281,215.44346900318823
mid_pre_response,RT_ms,hidden,2,hidden_04,-20.96851348876953,215.44346900318823
mid_pre_response,RT_ms,hidden,2,hidden_05,-0.6197417378425598,215.44346900318823
mid_pre_response,RT_ms,hidden,2,hidden_06,15.552767753601074,215.44346900318823
mid_pre_response,RT_ms,hidden,2,hidden_07,36.23811340332031,215.44346900318823
mid_pre_response,RT_ms,hidden,2,hidden_08,20.529775619506836,215.44346900318823
mid_pre_response,RT_ms,hidden,2,hidden_09,9.766900062561035,215.44346900318823
mid_pre_response,RT_ms,hidden,2,hidden_10,13.63237476348877,215.44346900318823
mid_pre_response,RT_ms,hidden,2,hidden_11,-35.876380920410156,215.44346900318823
mid_pre_response,RT_ms,hidden,2,hidden_12,34.31665802001953,215.44346900318823
mid_pre_response,RT_ms,hidden,2,hidden_13,23.013856887817383,215.44346900318823
mid_pre_response,RT_ms,hidden,2,hidden_14,-2.45523738861084,215.44346900318823
mid_pre_response,RT_ms,hidden,2,hidden_15,-2.337512731552124,215.44346900318823
mid_pre_response,RT_ms,hidden,2,hidden_16,-21.03716468811035,215.44346900318823
mid_pre_response,RT_ms,hidden,2,hidden_17,6.825077056884766,215.44346900318823
mid_pre_response,RT_ms,hidden,2,hidden_18,23.643526077270508,215.44346900318823
mid_pre_response,RT_ms,hidden,2,hidden_19,30.45139503479004,215.44346900318823
mid_pre_response,RT_ms,hidden,2,hidden_20,24.864877700805664,215.44346900318823
mid_pre_response,RT_ms,hidden,2,hidden_21,1.557069182395935,215.44346900318823
mid_pre_response,RT_ms,hidden,2,hidden_22,-3.834224224090576,215.44346900318823
mid_pre_response,RT_ms,hidden,2,hidden_23,3.812516212463379,215.44346900318823
mid_pre_response,RT_ms,hidden,2,hidden_24,1.1596513986587524,215.44346900318823
mid_pre_response,RT_ms,hidden,2,hidden_25,2.5449392795562744,215.44346900318823
mid_pre_response,RT_ms,hidden,2,hidden_26,17.476654052734375,215.44346900318823
mid_pre_response,RT_ms,hidden,2,hidden_27,-16.468408584594727,215.44346900318823
mid_pre_response,RT_ms,hidden,2,hidden_28,0.36353856325149536,215.44346900318823
mid_pre_response,RT_ms,hidden,2,hidden_29,5.4761152267456055,215.44346900318823
mid_pre_response,RT_ms,hidden,2,hidden_30,-16.442371368408203,215.44346900318823
mid_pre_response,RT_ms,hidden,2,hidden_31,-10.122270584106445,215.44346900318823
mid_pre_response,RT_ms,hidden,3,hidden_00,25.69137191772461,215.44346900318823
mid_pre_response,RT_ms,hidden,3,hidden_01,-2.0960471630096436,215.44346900318823
mid_pre_response,RT_ms,hidden,3,hidden_02,0.5540431141853333,215.44346900318823
mid_pre_response,RT_ms,hidden,3,hidden_03,34.90757751464844,215.44346900318823
mid_pre_response,RT_ms,hidden,3,hidden_04,-8.412579536437988,215.44346900318823
mid_pre_response,RT_ms,hidden,3,hidden_05,-1.0475605726242065,215.44346900318823
mid_pre_response,RT_ms,hidden,3,hidden_06,18.64731216430664,215.44346900318823
mid_pre_response,RT_ms,hidden,3,hidden_07,47.71120834350586,215.44346900318823
mid_pre_response,RT_ms,hidden,3,hidden_08,21.327045440673828,215.44346900318823
mid_pre_response,RT_ms,hidden,3,hidden_09,14.83033275604248,215.44346900318823
mid_pre_response,RT_ms,hidden,3,hidden_10,10.967727661132812,215.44346900318823
mid_pre_response,RT_ms,hidden,3,hidden_11,-28.145395278930664,215.44346900318823
mid_pre_response,RT_ms,hidden,3,hidden_12,36.501949310302734,215.44346900318823
mid_pre_response,RT_ms,hidden,3,hidden_13,24.087209701538086,215.44346900318823
mid_pre_response,RT_ms,hidden,3,hidden_14,-1.643944501876831,215.44346900318823
mid_pre_response,RT_ms,hidden,3,hidden_15,0.9027029871940613,215.44346900318823
mid_pre_response,RT_ms,hidden,3,hidden_16,-19.39283561706543,215.44346900318823
mid_pre_response,RT_ms,hidden,3,hidden_17,5.09480094909668,215.44346900318823
mid_pre_response,RT_ms,hidden,3,hidden_18,10.088963508605957,215.44346900318823
mid_pre_response,RT_ms,hidden,3,hidden_19,26.869951248168945,215.44346900318823
mid_pre_response,RT_ms,hidden,3,hidden_20,32.53554153442383,215.44346900318823
mid_pre_response,RT_ms,hidden,3,hidden_21,0.8644717931747437,215.44346900318823
mid_pre_response,RT_ms,hidden,3,hidden_22,-9.544634819030762,215.44346900318823
mid_pre_response,RT_ms,hidden,3,hidden_23,10.204643249511719,215.44346900318823
mid_pre_response,RT_ms,hidden,3,hidden_24,-17.196680068969727,215.44346900318823
mid_pre_response,RT_ms,hidden,3,hidden_25,10.56053352355957,215.44346900318823
mid_pre_response,RT_ms,hidden,3,hidden_26,27.537506103515625,215.44346900318823
mid_pre_response,RT_ms,hidden,3,hidden_27,-11.375618934631348,215.44346900318823
mid_pre_response,RT_ms,hidden,3,hidden_28,-5.917436599731445,215.44346900318823
mid_pre_response,RT_ms,hidden,3,hidden_29,-4.955634593963623,215.44346900318823
mid_pre_response,RT_ms,hidden,3,hidden_30,-16.554601669311523,215.44346900318823
mid_pre_response,RT_ms,hidden,3,hidden_31,-19.28279685974121,215.44346900318823
mid_pre_response,RT_ms,hidden,4,hidden_00,25.750465393066406,215.44346900318823
mid_pre_response,RT_ms,hidden,4,hidden_01,-2.5654921531677246,215.44346900318823
mid_pre_response,RT_ms,hidden,4,hidden_02,-4.6870341300964355,215.44346900318823
mid_pre_response,RT_ms,hidden,4,hidden_03,38.569908142089844,215.44346900318823
mid_pre_response,RT_ms,hidden,4,hidden_04,-7.008713722229004,215.44346900318823
mid_pre_response,RT_ms,hidden,4,hidden_05,2.5103213787078857,215.44346900318823
mid_pre_response,RT_ms,hidden,4,hidden_06,18.41750717163086,215.44346900318823
mid_pre_response,RT_ms,hidden,4,hidden_07,41.992706298828125,215.44346900318823
mid_pre_response,RT_ms,hidden,4,hidden_08,28.546524047851562,215.44346900318823
mid_pre_response,RT_ms,hidden,4,hidden_09,12.622892379760742,215.44346900318823
mid_pre_response,RT_ms,hidden,4,hidden_10,13.0667142868042,215.44346900318823
mid_pre_response,RT_ms,hidden,4,hidden_11,-30.651710510253906,215.44346900318823
mid_pre_response,RT_ms,hidden,4,hidden_12,40.010398864746094,215.44346900318823
mid_pre_response,RT_ms,hidden,4,hidden_13,27.483224868774414,215.44346900318823
mid_pre_response,RT_ms,hidden,4,hidden_14,-1.9371267557144165,215.44346900318823
mid_pre_response,RT_ms,hidden,4,hidden_15,-1.095827341079712,215.44346900318823
mid_pre_response,RT_ms,hidden,4,hidden_16,-23.51651954650879,215.44346900318823
mid_pre_response,RT_ms,hidden,4,hidden_17,7.314794063568115,215.44346900318823
mid_pre_response,RT_ms,hidden,4,hidden_18,25.519330978393555,215.44346900318823
mid_pre_response,RT_ms,hidden,4,hidden_19,23.949922561645508,215.44346900318823
mid_pre_response,RT_ms,hidden,4,hidden_20,27.434572219848633,215.44346900318823
mid_pre_response,RT_ms,hidden,4,hidden_21,7.498093128204346,215.44346900318823
mid_pre_response,RT_ms,hidden,4,hidden_22,-13.240190505981445,215.44346900318823
mid_pre_response,RT_ms,hidden,4,hidden_23,11.983959197998047,215.44346900318823
mid_pre_response,RT_ms,hidden,4,hidden_24,-16.960296630859375,215.44346900318823
mid_pre_response,RT_ms,hidden,4,hidden_25,9.826756477355957,215.44346900318823
mid_pre_response,RT_ms,hidden,4,hidden_26,24.282827377319336,215.44346900318823
mid_pre_response,RT_ms,hidden,4,hidden_27,-10.133776664733887,215.44346900318823
mid_pre_response,RT_ms,hidden,4,hidden_28,1.991068720817566,215.44346900318823
mid_pre_response,RT_ms,hidden,4,hidden_29,0.5944660902023315,215.44346900318823
mid_pre_response,RT_ms,hidden,4,hidden_30,-20.088504791259766,215.44346900318823
mid_pre_response,RT_ms,hidden,4,hidden_31,-16.799652099609375,215.44346900318823
mid_pre_response,RT_ms,hidden,5,hidden_00,32.89073181152344,21.54434690031882
mid_pre_response,RT_ms,hidden,5,hidden_01,-9.180143356323242,21.54434690031882
mid_pre_response,RT_ms,hidden,5,hidden_02,14.555087089538574,21.54434690031882
mid_pre_response,RT_ms,hidden,5,hidden_03,97.92462921142578,21.54434690031882
mid_pre_response,RT_ms,hidden,5,hidden_04,-10.88344955444336,21.54434690031882
mid_pre_response,RT_ms,hidden,5,hidden_05,-12.18417739868164,21.54434690031882
mid_pre_response,RT_ms,hidden,5,hidden_06,40.12944412231445,21.54434690031882
mid_pre_response,RT_ms,hidden,5,hidden_07,68.48448944091797,21.54434690031882
mid_pre_response,RT_ms,hidden,5,hidden_08,11.472009658813477,21.54434690031882
mid_pre_response,RT_ms,hidden,5,hidden_09,10.349045753479004,21.54434690031882
mid_pre_response,RT_ms,hidden,5,hidden_10,11.32956600189209,21.54434690031882
mid_pre_response,RT_ms,hidden,5,hidden_11,-46.03410339355469,21.54434690031882
mid_pre_response,RT_ms,hidden,5,hidden_12,42.47697067260742,21.54434690031882
mid_pre_response,RT_ms,hidden,5,hidden_13,104.90833282470703,21.54434690031882
mid_pre_response,RT_ms,hidden,5,hidden_14,13.508268356323242,21.54434690031882
mid_pre_response,RT_ms,hidden,5,hidden_15,-3.2663023471832275,21.54434690031882
mid_pre_response,RT_ms,hidden,5,hidden_16,-38.21867370605469,21.54434690031882
mid_pre_response,RT_ms,hidden,5,hidden_17,54.46929931640625,21.54434690031882
mid_pre_response,RT_ms,hidden,5,hidden_18,17.339052200317383,21.54434690031882
mid_pre_response,RT_ms,hidden,5,hidden_19,14.529627799987793,21.54434690031882
mid_pre_response,RT_ms,hidden,5,hidden_20,38.939083099365234,21.54434690031882
mid_pre_response,RT_ms,hidden,5,hidden_21,-20.826202392578125,21.54434690031882
mid_pre_response,RT_ms,hidden,5,hidden_22,-24.3388671875,21.54434690031882
mid_pre_response,RT_ms,hidden,5,hidden_23,26.013906478881836,21.54434690031882
mid_pre_response,RT_ms,hidden,5,hidden_24,10.454082489013672,21.54434690031882
mid_pre_response,RT_ms,hidden,5,hidden_25,10.56881046295166,21.54434690031882
mid_pre_response,RT_ms,hidden,5,hidden_26,70.2418212890625,21.54434690031882
mid_pre_response,RT_ms,hidden,5,hidden_27,-28.036617279052734,21.54434690031882
mid_pre_response,RT_ms,hidden,5,hidden_28,2.1989476680755615,21.54434690031882
mid_pre_response,RT_ms,hidden,5,hidden_29,2.761373996734619,21.54434690031882
mid_pre_response,RT_ms,hidden,5,hidden_30,-25.965120315551758,21.54434690031882
mid_pre_response,RT_ms,hidden,5,hidden_31,-11.947175979614258,21.54434690031882
mid_pre_response,RT_ms,baseline_plus_hidden,1,hidden_00,23.52008830695791,100.0
mid_pre_response,RT_ms,baseline_plus_hidden,1,hidden_01,-24.851479342316036,100.0
mid_pre_response,RT_ms,baseline_plus_hidden,1,hidden_02,-0.010103507056755006,100.0
mid_pre_response,RT_ms,baseline_plus_hidden,1,hidden_03,41.25403478591699,100.0
mid_pre_response,RT_ms,baseline_plus_hidden,1,hidden_04,-19.024246414921016,100.0
mid_pre_response,RT_ms,baseline_plus_hidden,1,hidden_05,4.1049588850250425,100.0
mid_pre_response,RT_ms,baseline_plus_hidden,1,hidden_06,13.80582128779797,100.0
mid_pre_response,RT_ms,baseline_plus_hidden,1,hidden_07,38.370511750184974,100.0
mid_pre_response,RT_ms,baseline_plus_hidden,1,hidden_08,20.959445372875276,100.0
mid_pre_response,RT_ms,baseline_plus_hidden,1,hidden_09,6.642420108739989,100.0
mid_pre_response,RT_ms,baseline_plus_hidden,1,hidden_10,6.379254366658213,100.0
mid_pre_response,RT_ms,baseline_plus_hidden,1,hidden_11,-32.05701274018295,100.0
mid_pre_response,RT_ms,baseline_plus_hidden,1,hidden_12,28.550815629186165,100.0
mid_pre_response,RT_ms,baseline_plus_hidden,1,hidden_13,39.43924691715535,100.0
mid_pre_response,RT_ms,baseline_plus_hidden,1,hidden_14,-6.340949199035114,100.0
mid_pre_response,RT_ms,baseline_plus_hidden,1,hidden_15,0.988493226076957,100.0
mid_pre_response,RT_ms,baseline_plus_hidden,1,hidden_16,-10.51038134900434,100.0
mid_pre_response,RT_ms,baseline_plus_hidden,1,hidden_17,11.138476039557046,100.0
mid_pre_response,RT_ms,baseline_plus_hidden,1,hidden_18,16.184102679156975,100.0
mid_pre_response,RT_ms,baseline_plus_hidden,1,hidden_19,22.602592623507068,100.0
mid_pre_response,RT_ms,baseline_plus_hidden,1,hidden_20,14.995648506025812,100.0
mid_pre_response,RT_ms,baseline_plus_hidden,1,hidden_21,5.390250859599784,100.0
mid_pre_response,RT_ms,baseline_plus_hidden,1,hidden_22,-6.861512244743544,100.0
mid_pre_response,RT_ms,baseline_plus_hidden,1,hidden_23,7.562245744502913,100.0
mid_pre_response,RT_ms,baseline_plus_hidden,1,hidden_24,-10.4819113316361,100.0
mid_pre_response,RT_ms,baseline_plus_hidden,1,hidden_25,22.50215425873753,100.0
mid_pre_response,RT_ms,baseline_plus_hidden,1,hidden_26,24.955273383973296,100.0
mid_pre_response,RT_ms,baseline_plus_hidden,1,hidden_27,-17.888255263697374,100.0
mid_pre_response,RT_ms,baseline_plus_hidden,1,hidden_28,3.502776375120522,100.0
mid_pre_response,RT_ms,baseline_plus_hidden,1,hidden_29,1.2814191394570456,100.0
mid_pre_response,RT_ms,baseline_plus_hidden,1,hidden_30,-19.411312939646386,100.0
mid_pre_response,RT_ms,baseline_plus_hidden,1,hidden_31,-4.638705728283816,100.0
mid_pre_response,RT_ms,baseline_plus_hidden,2,hidden_00,15.87757061349581,215.44346900318823
mid_pre_response,RT_ms,baseline_plus_hidden,2,hidden_01,-19.547191539282334,215.44346900318823
mid_pre_response,RT_ms,baseline_plus_hidden,2,hidden_02,0.13920345684544863,215.44346900318823
mid_pre_response,RT_ms,baseline_plus_hidden,2,hidden_03,35.13971266461467,215.44346900318823
mid_pre_response,RT_ms,baseline_plus_hidden,2,hidden_04,-18.140939401848524,215.44346900318823
mid_pre_response,RT_ms,baseline_plus_hidden,2,hidden_05,2.2507258642940555,215.44346900318823
mid_pre_response,RT_ms,baseline_plus_hidden,2,hidden_06,9.87931461505518,215.44346900318823
mid_pre_response,RT_ms,baseline_plus_hidden,2,hidden_07,29.37286293313901,215.44346900318823
mid_pre_response,RT_ms,baseline_plus_hidden,2,hidden_08,16.219131580234112,215.44346900318823
mid_pre_response,RT_ms,baseline_plus_hidden,2,hidden_09,4.759199342374835,215.44346900318823
mid_pre_response,RT_ms,baseline_plus_hidden,2,hidden_10,8.20509924986093,215.44346900318823
mid_pre_response,RT_ms,baseline_plus_hidden,2,hidden_11,-25.923997471443418,215.44346900318823
mid_pre_response,RT_ms,baseline_plus_hidden,2,hidden_12,23.216834292364496,215.44346900318823
mid_pre_response,RT_ms,baseline_plus_hidden,2,hidden_13,19.826224665091086,215.44346900318823
mid_pre_response,RT_ms,baseline_plus_hidden,2,hidden_14,-6.689773812629163,215.44346900318823
mid_pre_response,RT_ms,baseline_plus_hidden,2,hidden_15,-1.1816795787899261,215.44346900318823
mid_pre_response,RT_ms,baseline_plus_hidden,2,hidden_16,-11.6327465817223,215.44346900318823
mid_pre_response,RT_ms,baseline_plus_hidden,2,hidden_17,1.218827444209809,215.44346900318823
mid_pre_response,RT_ms,baseline_plus_hidden,2,hidden_18,15.294934276229961,215.44346900318823
mid_pre_response,RT_ms,baseline_plus_hidden,2,hidden_19,20.30927293423217,215.44346900318823
mid_pre_response,RT_ms,baseline_plus_hidden,2,hidden_20,11.965895888191215,215.44346900318823
mid_pre_response,RT_ms,baseline_plus_hidden,2,hidden_21,3.4555493007017755,215.44346900318823
mid_pre_response,RT_ms,baseline_plus_hidden,2,hidden_22,-4.441971470234969,215.44346900318823
mid_pre_response,RT_ms,baseline_plus_hidden,2,hidden_23,0.4490696774206649,215.44346900318823
mid_pre_response,RT_ms,baseline_plus_hidden,2,hidden_24,-0.8114205291535639,215.44346900318823
mid_pre_response,RT_ms,baseline_plus_hidden,2,hidden_25,7.816692351857825,215.44346900318823
mid_pre_response,RT_ms,baseline_plus_hidden,2,hidden_26,11.265017537743903,215.44346900318823
mid_pre_response,RT_ms,baseline_plus_hidden,2,hidden_27,-16.714831505909906,215.44346900318823
mid_pre_response,RT_ms,baseline_plus_hidden,2,hidden_28,1.4490184395639676,215.44346900318823
mid_pre_response,RT_ms,baseline_plus_hidden,2,hidden_29,2.1291154543954733,215.44346900318823
mid_pre_response,RT_ms,baseline_plus_hidden,2,hidden_30,-10.089437519513785,215.44346900318823
mid_pre_response,RT_ms,baseline_plus_hidden,2,hidden_31,-6.482148165297811,215.44346900318823
mid_pre_response,RT_ms,baseline_plus_hidden,3,hidden_00,24.667942189208357,100.0
mid_pre_response,RT_ms,baseline_plus_hidden,3,hidden_01,-18.45975433910754,100.0
mid_pre_response,RT_ms,baseline_plus_hidden,3,hidden_02,4.026963922185348,100.0
mid_pre_response,RT_ms,baseline_plus_hidden,3,hidden_03,35.39888651648962,100.0
mid_pre_response,RT_ms,baseline_plus_hidden,3,hidden_04,-8.626370613846953,100.0
mid_pre_response,RT_ms,baseline_plus_hidden,3,hidden_05,-3.1988518791515257,100.0
mid_pre_response,RT_ms,baseline_plus_hidden,3,hidden_06,18.58456391938643,100.0
mid_pre_response,RT_ms,baseline_plus_hidden,3,hidden_07,45.2624301177227,100.0
mid_pre_response,RT_ms,baseline_plus_hidden,3,hidden_08,17.448531608433875,100.0
mid_pre_response,RT_ms,baseline_plus_hidden,3,hidden_09,9.095350259208178,100.0
mid_pre_response,RT_ms,baseline_plus_hidden,3,hidden_10,2.222673384841225,100.0
mid_pre_response,RT_ms,baseline_plus_hidden,3,hidden_11,-24.19476989139488,100.0
mid_pre_response,RT_ms,baseline_plus_hidden,3,hidden_12,26.362083088811257,100.0
mid_pre_response,RT_ms,baseline_plus_hidden,3,hidden_13,32.84483341195977,100.0
mid_pre_response,RT_ms,baseline_plus_hidden,3,hidden_14,-7.618908270138544,100.0
mid_pre_response,RT_ms,baseline_plus_hidden,3,hidden_15,1.4334219951630192,100.0
mid_pre_response,RT_ms,baseline_plus_hidden,3,hidden_16,-11.107339942206634,100.0
mid_pre_response,RT_ms,baseline_plus_hidden,3,hidden_17,4.66174281312319,100.0
mid_pre_response,RT_ms,baseline_plus_hidden,3,hidden_18,0.43642094733845166,100.0
mid_pre_response,RT_ms,baseline_plus_hidden,3,hidden_19,17.62890427041322,100.0
mid_pre_response,RT_ms,baseline_plus_hidden,3,hidden_20,21.201325874066193,100.0
mid_pre_response,RT_ms,baseline_plus_hidden,3,hidden_21,-2.4485262127678413,100.0
mid_pre_response,RT_ms,baseline_plus_hidden,3,hidden_22,1.7079920222107914,100.0
mid_pre_response,RT_ms,baseline_plus_hidden,3,hidden_23,5.770477291530479,100.0
mid_pre_response,RT_ms,baseline_plus_hidden,3,hidden_24,-16.729264541285243,100.0
mid_pre_response,RT_ms,baseline_plus_hidden,3,hidden_25,16.817747570409676,100.0
mid_pre_response,RT_ms,baseline_plus_hidden,3,hidden_26,26.553640435315828,100.0
mid_pre_response,RT_ms,baseline_plus_hidden,3,hidden_27,-19.84358427781305,100.0
mid_pre_response,RT_ms,baseline_plus_hidden,3,hidden_28,-7.390176224428767,100.0
mid_pre_response,RT_ms,baseline_plus_hidden,3,hidden_29,-9.432067557580934,100.0
mid_pre_response,RT_ms,baseline_plus_hidden,3,hidden_30,-9.798915841096255,100.0
mid_pre_response,RT_ms,baseline_plus_hidden,3,hidden_31,-12.321905152525215,100.0
mid_pre_response,RT_ms,baseline_plus_hidden,4,hidden_00,17.326563427444434,215.44346900318823
mid_pre_response,RT_ms,baseline_plus_hidden,4,hidden_01,-14.310851957691202,215.44346900318823
mid_pre_response,RT_ms,baseline_plus_hidden,4,hidden_02,-1.2391127896670224,215.44346900318823
mid_pre_response,RT_ms,baseline_plus_hidden,4,hidden_03,26.08719519472217,215.44346900318823
mid_pre_response,RT_ms,baseline_plus_hidden,4,hidden_04,-10.022931942264584,215.44346900318823
mid_pre_response,RT_ms,baseline_plus_hidden,4,hidden_05,1.5382891242405143,215.44346900318823
mid_pre_response,RT_ms,baseline_plus_hidden,4,hidden_06,14.911712846774437,215.44346900318823
mid_pre_response,RT_ms,baseline_plus_hidden,4,hidden_07,31.26061264961904,215.44346900318823
mid_pre_response,RT_ms,baseline_plus_hidden,4,hidden_08,20.908215314270734,215.44346900318823
mid_pre_response,RT_ms,baseline_plus_hidden,4,hidden_09,7.608760276154485,215.44346900318823
mid_pre_response,RT_ms,baseline_plus_hidden,4,hidden_10,7.831639478119109,215.44346900318823
mid_pre_response,RT_ms,baseline_plus_hidden,4,hidden_11,-18.19662871068526,215.44346900318823
mid_pre_response,RT_ms,baseline_plus_hidden,4,hidden_12,27.768083892590266,215.44346900318823
mid_pre_response,RT_ms,baseline_plus_hidden,4,hidden_13,25.099688243726167,215.44346900318823
mid_pre_response,RT_ms,baseline_plus_hidden,4,hidden_14,-9.46290112522294,215.44346900318823
mid_pre_response,RT_ms,baseline_plus_hidden,4,hidden_15,1.8832726027398967,215.44346900318823
mid_pre_response,RT_ms,baseline_plus_hidden,4,hidden_16,-14.989241568907211,215.44346900318823
mid_pre_response,RT_ms,baseline_plus_hidden,4,hidden_17,2.2606678392071604,215.44346900318823
mid_pre_response,RT_ms,baseline_plus_hidden,4,hidden_18,18.080188606489898,215.44346900318823
mid_pre_response,RT_ms,baseline_plus_hidden,4,hidden_19,15.282221024661855,215.44346900318823
mid_pre_response,RT_ms,baseline_plus_hidden,4,hidden_20,14.809220345816163,215.44346900318823
mid_pre_response,RT_ms,baseline_plus_hidden,4,hidden_21,5.820888183266039,215.44346900318823
mid_pre_response,RT_ms,baseline_plus_hidden,4,hidden_22,-6.369190556732366,215.44346900318823
mid_pre_response,RT_ms,baseline_plus_hidden,4,hidden_23,6.484497615701691,215.44346900318823
mid_pre_response,RT_ms,baseline_plus_hidden,4,hidden_24,-13.98267805270092,215.44346900318823
mid_pre_response,RT_ms,baseline_plus_hidden,4,hidden_25,14.616796813543463,215.44346900318823
mid_pre_response,RT_ms,baseline_plus_hidden,4,hidden_26,16.047901388400845,215.44346900318823
mid_pre_response,RT_ms,baseline_plus_hidden,4,hidden_27,-11.966572258378344,215.44346900318823
mid_pre_response,RT_ms,baseline_plus_hidden,4,hidden_28,3.6485537753713184,215.44346900318823
mid_pre_response,RT_ms,baseline_plus_hidden,4,hidden_29,-0.6224854623283823,215.44346900318823
mid_pre_response,RT_ms,baseline_plus_hidden,4,hidden_30,-15.536550583928607,215.44346900318823
mid_pre_response,RT_ms,baseline_plus_hidden,4,hidden_31,-9.193900028776016,215.44346900318823
mid_pre_response,RT_ms,baseline_plus_hidden,5,hidden_00,21.234389330449783,100.0
mid_pre_response,RT_ms,baseline_plus_hidden,5,hidden_01,-26.49275297009972,100.0
mid_pre_response,RT_ms,baseline_plus_hidden,5,hidden_02,9.832212940846807,100.0
mid_pre_response,RT_ms,baseline_plus_hidden,5,hidden_03,36.83061205412056,100.0
mid_pre_response,RT_ms,baseline_plus_hidden,5,hidden_04,-12.874234989376314,100.0
mid_pre_response,RT_ms,baseline_plus_hidden,5,hidden_05,-6.4599073696848075,100.0
mid_pre_response,RT_ms,baseline_plus_hidden,5,hidden_06,20.518160848473414,100.0
mid_pre_response,RT_ms,baseline_plus_hidden,5,hidden_07,38.95146965535863,100.0
mid_pre_response,RT_ms,baseline_plus_hidden,5,hidden_08,11.684743737690917,100.0
mid_pre_response,RT_ms,baseline_plus_hidden,5,hidden_09,4.152366609946072,100.0
mid_pre_response,RT_ms,baseline_plus_hidden,5,hidden_10,9.365566168957978,100.0
mid_pre_response,RT_ms,baseline_plus_hidden,5,hidden_11,-19.42899041206121,100.0
mid_pre_response,RT_ms,baseline_plus_hidden,5,hidden_12,28.595752571101077,100.0
mid_pre_response,RT_ms,baseline_plus_hidden,5,hidden_13,44.39613508742046,100.0
mid_pre_response,RT_ms,baseline_plus_hidden,5,hidden_14,-15.532469263949682,100.0
mid_pre_response,RT_ms,baseline_plus_hidden,5,hidden_15,0.1759345127375217,100.0
mid_pre_response,RT_ms,baseline_plus_hidden,5,hidden_16,-15.70969364111274,100.0
mid_pre_response,RT_ms,baseline_plus_hidden,5,hidden_17,13.361414249455,100.0
mid_pre_response,RT_ms,baseline_plus_hidden,5,hidden_18,6.678585661065596,100.0
mid_pre_response,RT_ms,baseline_plus_hidden,5,hidden_19,19.76360822998865,100.0
mid_pre_response,RT_ms,baseline_plus_hidden,5,hidden_20,11.385879583383169,100.0
mid_pre_response,RT_ms,baseline_plus_hidden,5,hidden_21,-2.558973516735582,100.0
mid_pre_response,RT_ms,baseline_plus_hidden,5,hidden_22,-13.482531836203181,100.0
mid_pre_response,RT_ms,baseline_plus_hidden,5,hidden_23,16.396978209168587,100.0
mid_pre_response,RT_ms,baseline_plus_hidden,5,hidden_24,-2.565538880390322,100.0
mid_pre_response,RT_ms,baseline_plus_hidden,5,hidden_25,14.835559154480107,100.0
mid_pre_response,RT_ms,baseline_plus_hidden,5,hidden_26,21.132181194755297,100.0
mid_pre_response,RT_ms,baseline_plus_hidden,5,hidden_27,-23.467138500395574,100.0
mid_pre_response,RT_ms,baseline_plus_hidden,5,hidden_28,-3.6593983948924778,100.0
mid_pre_response,RT_ms,baseline_plus_hidden,5,hidden_29,-2.8423518353228214,100.0
mid_pre_response,RT_ms,baseline_plus_hidden,5,hidden_30,-10.031368243725234,100.0
mid_pre_response,RT_ms,baseline_plus_hidden,5,hidden_31,-2.8605358792691225,100.0
mid_pre_response,RT_ms,baseline_plus_shuffled_hidden,1,shuffled_hidden_00,-0.5263913423190325,1000.0
mid_pre_response,RT_ms,baseline_plus_shuffled_hidden,1,shuffled_hidden_01,-1.4466376390535731,1000.0
mid_pre_response,RT_ms,baseline_plus_shuffled_hidden,1,shuffled_hidden_02,1.3525189737664343,1000.0
mid_pre_response,RT_ms,baseline_plus_shuffled_hidden,1,shuffled_hidden_03,0.148240937103003,1000.0
mid_pre_response,RT_ms,baseline_plus_shuffled_hidden,1,shuffled_hidden_04,1.0630954496182792,1000.0
mid_pre_response,RT_ms,baseline_plus_shuffled_hidden,1,shuffled_hidden_05,4.125229017121218,1000.0
mid_pre_response,RT_ms,baseline_plus_shuffled_hidden,1,shuffled_hidden_06,0.4878317889529783,1000.0
mid_pre_response,RT_ms,baseline_plus_shuffled_hidden,1,shuffled_hidden_07,1.3180916315231386,1000.0
mid_pre_response,RT_ms,baseline_plus_shuffled_hidden,1,shuffled_hidden_08,-6.556336619702107,1000.0
mid_pre_response,RT_ms,baseline_plus_shuffled_hidden,1,shuffled_hidden_09,1.2291321415088243,1000.0
mid_pre_response,RT_ms,baseline_plus_shuffled_hidden,1,shuffled_hidden_10,-0.6390166937483778,1000.0
mid_pre_response,RT_ms,baseline_plus_shuffled_hidden,1,shuffled_hidden_11,-2.838577261474264,1000.0
mid_pre_response,RT_ms,baseline_plus_shuffled_hidden,1,shuffled_hidden_12,-5.729237961951217,1000.0
mid_pre_response,RT_ms,baseline_plus_shuffled_hidden,1,shuffled_hidden_13,0.4953228272996793,1000.0
mid_pre_response,RT_ms,baseline_plus_shuffled_hidden,1,shuffled_hidden_14,-0.45622708700779313,1000.0
mid_pre_response,RT_ms,baseline_plus_shuffled_hidden,1,shuffled_hidden_15,4.395338360338154,1000.0
mid_pre_response,RT_ms,baseline_plus_shuffled_hidden,1,shuffled_hidden_16,-0.5188533641961897,1000.0
mid_pre_response,RT_ms,baseline_plus_shuffled_hidden,1,shuffled_hidden_17,-3.443900706255033,1000.0
mid_pre_response,RT_ms,baseline_plus_shuffled_hidden,1,shuffled_hidden_18,-0.6573124278936472,1000.0
mid_pre_response,RT_ms,baseline_plus_shuffled_hidden,1,shuffled_hidden_19,3.009024542562115,1000.0
mid_pre_response,RT_ms,baseline_plus_shuffled_hidden,1,shuffled_hidden_20,-4.318733008007024,1000.0
mid_pre_response,RT_ms,baseline_plus_shuffled_hidden,1,shuffled_hidden_21,-0.4219764796828066,1000.0
mid_pre_response,RT_ms,baseline_plus_shuffled_hidden,1,shuffled_hidden_22,-4.6228977652308165,1000.0
mid_pre_response,RT_ms,baseline_plus_shuffled_hidden,1,shuffled_hidden_23,1.4197133442153231,1000.0
mid_pre_response,RT_ms,baseline_plus_shuffled_hidden,1,shuffled_hidden_24,-5.052841002191745,1000.0
mid_pre_response,RT_ms,baseline_plus_shuffled_hidden,1,shuffled_hidden_25,2.8113147097565188,1000.0
mid_pre_response,RT_ms,baseline_plus_shuffled_hidden,1,shuffled_hidden_26,2.1181454300690836,1000.0
mid_pre_response,RT_ms,baseline_plus_shuffled_hidden,1,shuffled_hidden_27,2.210767557245366,1000.0
mid_pre_response,RT_ms,baseline_plus_shuffled_hidden,1,shuffled_hidden_28,3.2490740989452385,1000.0
mid_pre_response,RT_ms,baseline_plus_shuffled_hidden,1,shuffled_hidden_29,-2.0141691880504333,1000.0
mid_pre_response,RT_ms,baseline_plus_shuffled_hidden,1,shuffled_hidden_30,-3.5105843588651564,1000.0
mid_pre_response,RT_ms,baseline_plus_shuffled_hidden,1,shuffled_hidden_31,4.18160783321901,1000.0
mid_pre_response,RT_ms,baseline_plus_shuffled_hidden,2,shuffled_hidden_00,-0.26440870023749835,2154.4346900318824
mid_pre_response,RT_ms,baseline_plus_shuffled_hidden,2,shuffled_hidden_01,-0.20797063804650634,2154.4346900318824
mid_pre_response,RT_ms,baseline_plus_shuffled_hidden,2,shuffled_hidden_02,0.5554665490106659,2154.4346900318824
mid_pre_response,RT_ms,baseline_plus_shuffled_hidden,2,shuffled_hidden_03,-0.24920652067332794,2154.4346900318824
mid_pre_response,RT_ms,baseline_plus_shuffled_hidden,2,shuffled_hidden_04,0.06033001293888659,2154.4346900318824
mid_pre_response,RT_ms,baseline_plus_shuffled_hidden,2,shuffled_hidden_05,-1.1134577194392563,2154.4346900318824
mid_pre_response,RT_ms,baseline_plus_shuffled_hidden,2,shuffled_hidden_06,-0.06625346040297066,2154.4346900318824
mid_pre_response,RT_ms,baseline_plus_shuffled_hidden,2,shuffled_hidden_07,-0.0664925980058799,2154.4346900318824
mid_pre_response,RT_ms,baseline_plus_shuffled_hidden,2,shuffled_hidden_08,-3.9570234169040934,2154.4346900318824
mid_pre_response,RT_ms,baseline_plus_shuffled_hidden,2,shuffled_hidden_09,0.7132286389390565,2154.4346900318824
mid_pre_response,RT_ms,baseline_plus_shuffled_hidden,2,shuffled_hidden_10,-1.331229241331319,2154.4346900318824
mid_pre_response,RT_ms,baseline_plus_shuffled_hidden,2,shuffled_hidden_11,-1.3815646705946936,2154.4346900318824
mid_pre_response,RT_ms,baseline_plus_shuffled_hidden,2,shuffled_hidden_12,-3.3048465001117955,2154.4346900318824
mid_pre_response,RT_ms,baseline_plus_shuffled_hidden,2,shuffled_hidden_13,-0.7991994257718651,2154.4346900318824
mid_pre_response,RT_ms,baseline_plus_shuffled_hidden,2,shuffled_hidden_14,0.11771774554253195,2154.4346900318824
mid_pre_response,RT_ms,baseline_plus_shuffled_hidden,2,shuffled_hidden_15,2.9118663408170202,2154.4346900318824
mid_pre_response,RT_ms,baseline_plus_shuffled_hidden,2,shuffled_hidden_16,-0.7164315714429842,2154.4346900318824
mid_pre_response,RT_ms,baseline_plus_shuffled_hidden,2,shuffled_hidden_17,-1.2910916585898256,2154.4346900318824
mid_pre_response,RT_ms,baseline_plus_shuffled_hidden,2,shuffled_hidden_18,0.5693781108000323,2154.4346900318824
mid_pre_response,RT_ms,baseline_plus_shuffled_hidden,2,shuffled_hidden_19,0.9339010230438402,2154.4346900318824
mid_pre_response,RT_ms,baseline_plus_shuffled_hidden,2,shuffled_hidden_20,-1.638573686710181,2154.4346900318824
mid_pre_response,RT_ms,baseline_plus_shuffled_hidden,2,shuffled_hidden_21,-0.17173452179197246,2154.4346900318824
mid_pre_response,RT_ms,baseline_plus_shuffled_hidden,2,shuffled_hidden_22,-0.16509405544492908,2154.4346900318824
mid_pre_response,RT_ms,baseline_plus_shuffled_hidden,2,shuffled_hidden_23,3.422926886237085,2154.4346900318824
mid_pre_response,RT_ms,baseline_plus_shuffled_hidden,2,shuffled_hidden_24,-1.6899940846306583,2154.4346900318824
mid_pre_response,RT_ms,baseline_plus_shuffled_hidden,2,shuffled_hidden_25,1.393194039149805,2154.4346900318824
mid_pre_response,RT_ms,baseline_plus_shuffled_hidden,2,shuffled_hidden_26,0.4593299215971347,2154.4346900318824
mid_pre_response,RT_ms,baseline_plus_shuffled_hidden,2,shuffled_hidden_27,1.9206237616685362,2154.4346900318824
mid_pre_response,RT_ms,baseline_plus_shuffled_hidden,2,shuffled_hidden_28,1.5780953654192367,2154.4346900318824
mid_pre_response,RT_ms,baseline_plus_shuffled_hidden,2,shuffled_hidden_29,-1.442816098149138,2154.4346900318824
mid_pre_response,RT_ms,baseline_plus_shuffled_hidden,2,shuffled_hidden_30,-1.0504849666329452,2154.4346900318824
mid_pre_response,RT_ms,baseline_plus_shuffled_hidden,2,shuffled_hidden_31,2.9620976677136914,2154.4346900318824
mid_pre_response,RT_ms,baseline_plus_shuffled_hidden,3,shuffled_hidden_00,-1.1395481742474216,2154.4346900318824
mid_pre_response,RT_ms,baseline_plus_shuffled_hidden,3,shuffled_hidden_01,-1.8661276561842461,2154.4346900318824
mid_pre_response,RT_ms,baseline_plus_shuffled_hidden,3,shuffled_hidden_02,0.7802116864785108,2154.4346900318824
mid_pre_response,RT_ms,baseline_plus_shuffled_hidden,3,shuffled_hidden_03,-0.28071537340901365,2154.4346900318824
mid_pre_response,RT_ms,baseline_plus_shuffled_hidden,3,shuffled_hidden_04,-1.0437516061307048,2154.4346900318824
mid_pre_response,RT_ms,baseline_plus_shuffled_hidden,3,shuffled_hidden_05,2.170639549625467,2154.4346900318824
mid_pre_response,RT_ms,baseline_plus_shuffled_hidden,3,shuffled_hidden_06,0.24582910035910285,2154.4346900318824
mid_pre_response,RT_ms,baseline_plus_shuffled_hidden,3,shuffled_hidden_07,-1.0589038828491886,2154.4346900318824
mid_pre_response,RT_ms,baseline_plus_shuffled_hidden,3,shuffled_hidden_08,-3.00625050375598,2154.4346900318824
mid_pre_response,RT_ms,baseline_plus_shuffled_hidden,3,shuffled_hidden_09,0.7965073384982992,2154.4346900318824
mid_pre_response,RT_ms,baseline_plus_shuffled_hidden,3,shuffled_hidden_10,0.6636397263818921,2154.4346900318824
mid_pre_response,RT_ms,baseline_plus_shuffled_hidden,3,shuffled_hidden_11,-1.3381730312626348,2154.4346900318824
mid_pre_response,RT_ms,baseline_plus_shuffled_hidden,3,shuffled_hidden_12,-4.202538729173953,2154.4346900318824
mid_pre_response,RT_ms,baseline_plus_shuffled_hidden,3,shuffled_hidden_13,-0.316846371163986,2154.4346900318824
mid_pre_response,RT_ms,baseline_plus_shuffled_hidden,3,shuffled_hidden_14,-0.2142682129943594,2154.4346900318824
mid_pre_response,RT_ms,baseline_plus_shuffled_hidden,3,shuffled_hidden_15,2.0920858613908626,2154.4346900318824
mid_pre_response,RT_ms,baseline_plus_shuffled_hidden,3,shuffled_hidden_16,-0.526420027427773,2154.4346900318824
mid_pre_response,RT_ms,baseline_plus_shuffled_hidden,3,shuffled_hidden_17,-2.7469374183152735,2154.4346900318824
mid_pre_response,RT_ms,baseline_plus_shuffled_hidden,3,shuffled_hidden_18,1.5623299772459796,2154.4346900318824
mid_pre_response,RT_ms,baseline_plus_shuffled_hidden,3,shuffled_hidden_19,1.8816752486217716,2154.4346900318824
mid_pre_response,RT_ms,baseline_plus_shuffled_hidden,3,shuffled_hidden_20,-1.0016270957244329,2154.4346900318824
mid_pre_response,RT_ms,baseline_plus_shuffled_hidden,3,shuffled_hidden_21,-0.42211145434915504,2154.4346900318824
mid_pre_response,RT_ms,baseline_plus_shuffled_hidden,3,shuffled_hidden_22,0.5129574426329674,2154.4346900318824
mid_pre_response,RT_ms,baseline_plus_shuffled_hidden,3,shuffled_hidden_23,1.3651849914803287,2154.4346900318824
mid_pre_response,RT_ms,baseline_plus_shuffled_hidden,3,shuffled_hidden_24,1.6679619953313314,2154.4346900318824
mid_pre_response,RT_ms,baseline_plus_shuffled_hidden,3,shuffled_hidden_25,-0.34560489903337593,2154.4346900318824
mid_pre_response,RT_ms,baseline_plus_shuffled_hidden,3,shuffled_hidden_26,1.327066464035838,2154.4346900318824
mid_pre_response,RT_ms,baseline_plus_shuffled_hidden,3,shuffled_hidden_27,0.9473388416906159,2154.4346900318824
mid_pre_response,RT_ms,baseline_plus_shuffled_hidden,3,shuffled_hidden_28,1.316182395292263,2154.4346900318824
mid_pre_response,RT_ms,baseline_plus_shuffled_hidden,3,shuffled_hidden_29,-2.6500207315418467,2154.4346900318824
mid_pre_response,RT_ms,baseline_plus_shuffled_hidden,3,shuffled_hidden_30,-1.1290505823420254,2154.4346900318824
mid_pre_response,RT_ms,baseline_plus_shuffled_hidden,3,shuffled_hidden_31,3.0893338483738093,2154.4346900318824
mid_pre_response,RT_ms,baseline_plus_shuffled_hidden,4,shuffled_hidden_00,-0.9932644857871117,2154.4346900318824
mid_pre_response,RT_ms,baseline_plus_shuffled_hidden,4,shuffled_hidden_01,-2.946914877344016,2154.4346900318824
mid_pre_response,RT_ms,baseline_plus_shuffled_hidden,4,shuffled_hidden_02,0.4755100425278714,2154.4346900318824
mid_pre_response,RT_ms,baseline_plus_shuffled_hidden,4,shuffled_hidden_03,-0.2705456195565892,2154.4346900318824
mid_pre_response,RT_ms,baseline_plus_shuffled_hidden,4,shuffled_hidden_04,-0.6966624613581462,2154.4346900318824
mid_pre_response,RT_ms,baseline_plus_shuffled_hidden,4,shuffled_hidden_05,1.7994139635634445,2154.4346900318824
mid_pre_response,RT_ms,baseline_plus_shuffled_hidden,4,shuffled_hidden_06,-0.2269014526004843,2154.4346900318824
mid_pre_response,RT_ms,baseline_plus_shuffled_hidden,4,shuffled_hidden_07,-0.5666392458363226,2154.4346900318824
mid_pre_response,RT_ms,baseline_plus_shuffled_hidden,4,shuffled_hidden_08,-3.9702404471620945,2154.4346900318824
mid_pre_response,RT_ms,baseline_plus_shuffled_hidden,4,shuffled_hidden_09,0.8682025988142462,2154.4346900318824
mid_pre_response,RT_ms,baseline_plus_shuffled_hidden,4,shuffled_hidden_10,-0.8100590889472318,2154.4346900318824
mid_pre_response,RT_ms,baseline_plus_shuffled_hidden,4,shuffled_hidden_11,-1.7999362013558193,2154.4346900318824
mid_pre_response,RT_ms,baseline_plus_shuffled_hidden,4,shuffled_hidden_12,-0.17649778041016334,2154.4346900318824
mid_pre_response,RT_ms,baseline_plus_shuffled_hidden,4,shuffled_hidden_13,-1.306689622006893,2154.4346900318824
mid_pre_response,RT_ms,baseline_plus_shuffled_hidden,4,shuffled_hidden_14,0.12191183955703479,2154.4346900318824
mid_pre_response,RT_ms,baseline_plus_shuffled_hidden,4,shuffled_hidden_15,2.6977289482219478,2154.4346900318824
mid_pre_response,RT_ms,baseline_plus_shuffled_hidden,4,shuffled_hidden_16,-1.3023716948675486,2154.4346900318824
mid_pre_response,RT_ms,baseline_plus_shuffled_hidden,4,shuffled_hidden_17,-0.22102058353180176,2154.4346900318824
mid_pre_response,RT_ms,baseline_plus_shuffled_hidden,4,shuffled_hidden_18,0.5080339373419273,2154.4346900318824
mid_pre_response,RT_ms,baseline_plus_shuffled_hidden,4,shuffled_hidden_19,0.9689553125018768,2154.4346900318824
mid_pre_response,RT_ms,baseline_plus_shuffled_hidden,4,shuffled_hidden_20,-1.582611699146417,2154.4346900318824
mid_pre_response,RT_ms,baseline_plus_shuffled_hidden,4,shuffled_hidden_21,-0.7926941839208906,2154.4346900318824
mid_pre_response,RT_ms,baseline_plus_shuffled_hidden,4,shuffled_hidden_22,0.011392065315839786,2154.4346900318824
mid_pre_response,RT_ms,baseline_plus_shuffled_hidden,4,shuffled_hidden_23,3.7541705273073225,2154.4346900318824
mid_pre_response,RT_ms,baseline_plus_shuffled_hidden,4,shuffled_hidden_24,-2.7349579510210997,2154.4346900318824
mid_pre_response,RT_ms,baseline_plus_shuffled_hidden,4,shuffled_hidden_25,1.958447518404259,2154.4346900318824
mid_pre_response,RT_ms,baseline_plus_shuffled_hidden,4,shuffled_hidden_26,1.6773121778922164,2154.4346900318824
mid_pre_response,RT_ms,baseline_plus_shuffled_hidden,4,shuffled_hidden_27,1.4304315028063135,2154.4346900318824
mid_pre_response,RT_ms,baseline_plus_shuffled_hidden,4,shuffled_hidden_28,1.12003472100594,2154.4346900318824
mid_pre_response,RT_ms,baseline_plus_shuffled_hidden,4,shuffled_hidden_29,-1.2238347023695473,2154.4346900318824
mid_pre_response,RT_ms,baseline_plus_shuffled_hidden,4,shuffled_hidden_30,-2.352675481100606,2154.4346900318824
mid_pre_response,RT_ms,baseline_plus_shuffled_hidden,4,shuffled_hidden_31,1.293596265626855,2154.4346900318824
mid_pre_response,RT_ms,baseline_plus_shuffled_hidden,5,shuffled_hidden_00,-1.5475780638158219,2154.4346900318824
mid_pre_response,RT_ms,baseline_plus_shuffled_hidden,5,shuffled_hidden_01,-1.7689051266933153,2154.4346900318824
mid_pre_response,RT_ms,baseline_plus_shuffled_hidden,5,shuffled_hidden_02,-0.09373992557635966,2154.4346900318824
mid_pre_response,RT_ms,baseline_plus_shuffled_hidden,5,shuffled_hidden_03,-0.81785961273033,2154.4346900318824
mid_pre_response,RT_ms,baseline_plus_shuffled_hidden,5,shuffled_hidden_04,-0.4253651289475031,2154.4346900318824
mid_pre_response,RT_ms,baseline_plus_shuffled_hidden,5,shuffled_hidden_05,1.3468628087878545,2154.4346900318824
mid_pre_response,RT_ms,baseline_plus_shuffled_hidden,5,shuffled_hidden_06,-0.031986728673675954,2154.4346900318824
mid_pre_response,RT_ms,baseline_plus_shuffled_hidden,5,shuffled_hidden_07,-1.1737993252649606,2154.4346900318824
mid_pre_response,RT_ms,baseline_plus_shuffled_hidden,5,shuffled_hidden_08,-2.6973063896132987,2154.4346900318824
mid_pre_response,RT_ms,baseline_plus_shuffled_hidden,5,shuffled_hidden_09,0.2905953121692882,2154.4346900318824
mid_pre_response,RT_ms,baseline_plus_shuffled_hidden,5,shuffled_hidden_10,-0.6725854820701371,2154.4346900318824
mid_pre_response,RT_ms,baseline_plus_shuffled_hidden,5,shuffled_hidden_11,0.16669611344243773,2154.4346900318824
mid_pre_response,RT_ms,baseline_plus_shuffled_hidden,5,shuffled_hidden_12,-2.4099485058758403,2154.4346900318824
mid_pre_response,RT_ms,baseline_plus_shuffled_hidden,5,shuffled_hidden_13,-1.2413313760953473,2154.4346900318824
mid_pre_response,RT_ms,baseline_plus_shuffled_hidden,5,shuffled_hidden_14,0.6534475147188362,2154.4346900318824
mid_pre_response,RT_ms,baseline_plus_shuffled_hidden,5,shuffled_hidden_15,2.9739886558483755,2154.4346900318824
mid_pre_response,RT_ms,baseline_plus_shuffled_hidden,5,shuffled_hidden_16,-2.1287264068102134,2154.4346900318824
mid_pre_response,RT_ms,baseline_plus_shuffled_hidden,5,shuffled_hidden_17,1.3901529982509975,2154.4346900318824
mid_pre_response,RT_ms,baseline_plus_shuffled_hidden,5,shuffled_hidden_18,0.44613752577342436,2154.4346900318824
mid_pre_response,RT_ms,baseline_plus_shuffled_hidden,5,shuffled_hidden_19,0.8096722567321608,2154.4346900318824
mid_pre_response,RT_ms,baseline_plus_shuffled_hidden,5,shuffled_hidden_20,-1.1618632904493498,2154.4346900318824
mid_pre_response,RT_ms,baseline_plus_shuffled_hidden,5,shuffled_hidden_21,-0.5129057621394864,2154.4346900318824
mid_pre_response,RT_ms,baseline_plus_shuffled_hidden,5,shuffled_hidden_22,0.9855542957974466,2154.4346900318824
mid_pre_response,RT_ms,baseline_plus_shuffled_hidden,5,shuffled_hidden_23,4.213857078235058,2154.4346900318824
mid_pre_response,RT_ms,baseline_plus_shuffled_hidden,5,shuffled_hidden_24,-2.201585742023439,2154.4346900318824
mid_pre_response,RT_ms,baseline_plus_shuffled_hidden,5,shuffled_hidden_25,1.1583911999465941,2154.4346900318824
mid_pre_response,RT_ms,baseline_plus_shuffled_hidden,5,shuffled_hidden_26,1.3226639381519878,2154.4346900318824
mid_pre_response,RT_ms,baseline_plus_shuffled_hidden,5,shuffled_hidden_27,1.2159205446620855,2154.4346900318824
mid_pre_response,RT_ms,baseline_plus_shuffled_hidden,5,shuffled_hidden_28,1.9958351340999676,2154.4346900318824
mid_pre_response,RT_ms,baseline_plus_shuffled_hidden,5,shuffled_hidden_29,-3.3065429632965455,2154.4346900318824
mid_pre_response,RT_ms,baseline_plus_shuffled_hidden,5,shuffled_hidden_30,-1.6113030685840755,2154.4346900318824
mid_pre_response,RT_ms,baseline_plus_shuffled_hidden,5,shuffled_hidden_31,2.9805350098043037,2154.4346900318824
late_pre_response,log_RT_ms,hidden,1,hidden_00,0.055399972945451736,21.54434690031882
late_pre_response,log_RT_ms,hidden,1,hidden_01,-0.01570601761341095,21.54434690031882
late_pre_response,log_RT_ms,hidden,1,hidden_02,-0.04233740270137787,21.54434690031882
late_pre_response,log_RT_ms,hidden,1,hidden_03,0.058492887765169144,21.54434690031882
late_pre_response,log_RT_ms,hidden,1,hidden_04,1.9889774193870835e-05,21.54434690031882
late_pre_response,log_RT_ms,hidden,1,hidden_05,-0.00374530884437263,21.54434690031882
late_pre_response,log_RT_ms,hidden,1,hidden_06,-0.006189688574522734,21.54434690031882
late_pre_response,log_RT_ms,hidden,1,hidden_07,0.06393656879663467,21.54434690031882
late_pre_response,log_RT_ms,hidden,1,hidden_08,0.0006264457479119301,21.54434690031882
late_pre_response,log_RT_ms,hidden,1,hidden_09,-0.008585862815380096,21.54434690031882
late_pre_response,log_RT_ms,hidden,1,hidden_10,-0.01645512878894806,21.54434690031882
late_pre_response,log_RT_ms,hidden,1,hidden_11,-0.06286026537418365,21.54434690031882
late_pre_response,log_RT_ms,hidden,1,hidden_12,0.02930638939142227,21.54434690031882
late_pre_response,log_RT_ms,hidden,1,hidden_13,0.08211492747068405,21.54434690031882
late_pre_response,log_RT_ms,hidden,1,hidden_14,-0.0425441600382328,21.54434690031882
late_pre_response,log_RT_ms,hidden,1,hidden_15,0.0011281032348051667,21.54434690031882
late_pre_response,log_RT_ms,hidden,1,hidden_16,-0.012555730529129505,21.54434690031882
late_pre_response,log_RT_ms,hidden,1,hidden_17,0.04435624182224274,21.54434690031882
late_pre_response,log_RT_ms,hidden,1,hidden_18,0.05949464067816734,21.54434690031882
late_pre_response,log_RT_ms,hidden,1,hidden_19,-0.002379827434197068,21.54434690031882
late_pre_response,log_RT_ms,hidden,1,hidden_20,0.03597341105341911,21.54434690031882
late_pre_response,log_RT_ms,hidden,1,hidden_21,-0.024104902520775795,21.54434690031882
late_pre_response,log_RT_ms,hidden,1,hidden_22,0.00575581518933177,21.54434690031882
late_pre_response,log_RT_ms,hidden,1,hidden_23,0.0028954462613910437,21.54434690031882
late_pre_response,log_RT_ms,hidden,1,hidden_24,0.022606994956731796,21.54434690031882
late_pre_response,log_RT_ms,hidden,1,hidden_25,0.020827196538448334,21.54434690031882
late_pre_response,log_RT_ms,hidden,1,hidden_26,0.07919543236494064,21.54434690031882
late_pre_response,log_RT_ms,hidden,1,hidden_27,-0.032532379031181335,21.54434690031882
late_pre_response,log_RT_ms,hidden,1,hidden_28,0.026320358738303185,21.54434690031882
late_pre_response,log_RT_ms,hidden,1,hidden_29,0.0036933510564267635,21.54434690031882
late_pre_response,log_RT_ms,hidden,1,hidden_30,-0.046915359795093536,21.54434690031882
late_pre_response,log_RT_ms,hidden,1,hidden_31,-0.01148813683539629,21.54434690031882
late_pre_response,log_RT_ms,hidden,2,hidden_00,0.046433016657829285,46.41588833612773
late_pre_response,log_RT_ms,hidden,2,hidden_01,-0.0068528736010193825,46.41588833612773
late_pre_response,log_RT_ms,hidden,2,hidden_02,-0.026444634422659874,46.41588833612773
late_pre_response,log_RT_ms,hidden,2,hidden_03,0.07548365741968155,46.41588833612773
late_pre_response,log_RT_ms,hidden,2,hidden_04,-0.020317470654845238,46.41588833612773
late_pre_response,log_RT_ms,hidden,2,hidden_05,-0.016109945252537727,46.41588833612773
late_pre_response,log_RT_ms,hidden,2,hidden_06,0.016201213002204895,46.41588833612773
late_pre_response,log_RT_ms,hidden,2,hidden_07,0.0448312908411026,46.41588833612773
late_pre_response,log_RT_ms,hidden,2,hidden_08,-0.0038403032813221216,46.41588833612773
late_pre_response,log_RT_ms,hidden,2,hidden_09,-0.0025606330018490553,46.41588833612773
late_pre_response,log_RT_ms,hidden,2,hidden_10,-0.01020138245075941,46.41588833612773
late_pre_response,log_RT_ms,hidden,2,hidden_11,-0.056836314499378204,46.41588833612773
late_pre_response,log_RT_ms,hidden,2,hidden_12,0.0234726183116436,46.41588833612773
late_pre_response,log_RT_ms,hidden,2,hidden_13,0.09052806347608566,46.41588833612773
late_pre_response,log_RT_ms,hidden,2,hidden_14,-0.014735691249370575,46.41588833612773
late_pre_response,log_RT_ms,hidden,2,hidden_15,0.003268755739554763,46.41588833612773
late_pre_response,log_RT_ms,hidden,2,hidden_16,-0.010196028277277946,46.41588833612773
late_pre_response,log_RT_ms,hidden,2,hidden_17,0.030359560623764992,46.41588833612773
late_pre_response,log_RT_ms,hidden,2,hidden_18,0.041146885603666306,46.41588833612773
late_pre_response,log_RT_ms,hidden,2,hidden_19,0.007683976087719202,46.41588833612773
late_pre_response,log_RT_ms,hidden,2,hidden_20,0.021871576085686684,46.41588833612773
late_pre_response,log_RT_ms,hidden,2,hidden_21,-0.019366296008229256,46.41588833612773
late_pre_response,log_RT_ms,hidden,2,hidden_22,0.014776384457945824,46.41588833612773
late_pre_response,log_RT_ms,hidden,2,hidden_23,-0.00043894932605326176,46.41588833612773
late_pre_response,log_RT_ms,hidden,2,hidden_24,0.011210557073354721,46.41588833612773
late_pre_response,log_RT_ms,hidden,2,hidden_25,0.005556380841881037,46.41588833612773
late_pre_response,log_RT_ms,hidden,2,hidden_26,0.051360275596380234,46.41588833612773
late_pre_response,log_RT_ms,hidden,2,hidden_27,-0.018345437943935394,46.41588833612773
late_pre_response,log_RT_ms,hidden,2,hidden_28,0.008666007779538631,46.41588833612773
late_pre_response,log_RT_ms,hidden,2,hidden_29,0.004354026634246111,46.41588833612773
late_pre_response,log_RT_ms,hidden,2,hidden_30,-0.03808680176734924,46.41588833612773
late_pre_response,log_RT_ms,hidden,2,hidden_31,-0.003870430402457714,46.41588833612773
late_pre_response,log_RT_ms,hidden,3,hidden_00,0.0438004806637764,100.0
late_pre_response,log_RT_ms,hidden,3,hidden_01,-0.008491979911923409,100.0
late_pre_response,log_RT_ms,hidden,3,hidden_02,-0.013811652548611164,100.0
late_pre_response,log_RT_ms,hidden,3,hidden_03,0.04576968774199486,100.0
late_pre_response,log_RT_ms,hidden,3,hidden_04,0.006240761838853359,100.0
late_pre_response,log_RT_ms,hidden,3,hidden_05,-0.006946549750864506,100.0
late_pre_response,log_RT_ms,hidden,3,hidden_06,0.0032455811742693186,100.0
late_pre_response,log_RT_ms,hidden,3,hidden_07,0.04364372044801712,100.0
late_pre_response,log_RT_ms,hidden,3,hidden_08,-0.009194630198180676,100.0
late_pre_response,log_RT_ms,hidden,3,hidden_09,0.008518545888364315,100.0
late_pre_response,log_RT_ms,hidden,3,hidden_10,-0.005425924900919199,100.0
late_pre_response,log_RT_ms,hidden,3,hidden_11,-0.03050127997994423,100.0
late_pre_response,log_RT_ms,hidden,3,hidden_12,0.024504730477929115,100.0
late_pre_response,log_RT_ms,hidden,3,hidden_13,0.061932072043418884,100.0
late_pre_response,log_RT_ms,hidden,3,hidden_14,-0.021111777052283287,100.0
late_pre_response,log_RT_ms,hidden,3,hidden_15,0.009240210056304932,100.0
late_pre_response,log_RT_ms,hidden,3,hidden_16,-0.0069362022913992405,100.0
late_pre_response,log_RT_ms,hidden,3,hidden_17,0.014920135028660297,100.0
late_pre_response,log_RT_ms,hidden,3,hidden_18,0.03501037508249283,100.0
late_pre_response,log_RT_ms,hidden,3,hidden_19,0.012343738228082657,100.0
late_pre_response,log_RT_ms,hidden,3,hidden_20,0.027175506576895714,100.0
late_pre_response,log_RT_ms,hidden,3,hidden_21,0.003137575462460518,100.0
late_pre_response,log_RT_ms,hidden,3,hidden_22,0.014258937910199165,100.0
late_pre_response,log_RT_ms,hidden,3,hidden_23,0.007722844835370779,100.0
late_pre_response,log_RT_ms,hidden,3,hidden_24,-0.0024999487213790417,100.0
late_pre_response,log_RT_ms,hidden,3,hidden_25,0.004951127804815769,100.0
late_pre_response,log_RT_ms,hidden,3,hidden_26,0.03427986428141594,100.0
late_pre_response,log_RT_ms,hidden,3,hidden_27,-0.01895647495985031,100.0
late_pre_response,log_RT_ms,hidden,3,hidden_28,0.00047313576214946806,100.0
late_pre_response,log_RT_ms,hidden,3,hidden_29,-0.004301019478589296,100.0
late_pre_response,log_RT_ms,hidden,3,hidden_30,-0.028625914826989174,100.0
late_pre_response,log_RT_ms,hidden,3,hidden_31,-0.012725497595965862,100.0
late_pre_response,log_RT_ms,hidden,4,hidden_00,0.03814445808529854,215.44346900318823
late_pre_response,log_RT_ms,hidden,4,hidden_01,-0.007154163904488087,215.44346900318823
late_pre_response,log_RT_ms,hidden,4,hidden_02,-0.011681864969432354,215.44346900318823
late_pre_response,log_RT_ms,hidden,4,hidden_03,0.03559962287545204,215.44346900318823
late_pre_response,log_RT_ms,hidden,4,hidden_04,-0.0025945978704839945,215.44346900318823
late_pre_response,log_RT_ms,hidden,4,hidden_05,-0.004299524240195751,215.44346900318823
late_pre_response,log_RT_ms,hidden,4,hidden_06,0.0003153860161546618,215.44346900318823
late_pre_response,log_RT_ms,hidden,4,hidden_07,0.030848313122987747,215.44346900318823
late_pre_response,log_RT_ms,hidden,4,hidden_08,-0.006348361726850271,215.44346900318823
late_pre_response,log_RT_ms,hidden,4,hidden_09,0.008540869690477848,215.44346900318823
late_pre_response,log_RT_ms,hidden,4,hidden_10,0.002502746880054474,215.44346900318823
late_pre_response,log_RT_ms,hidden,4,hidden_11,-0.02617075853049755,215.44346900318823
late_pre_response,log_RT_ms,hidden,4,hidden_12,0.02640022709965706,215.44346900318823
late_pre_response,log_RT_ms,hidden,4,hidden_13,0.044783320277929306,215.44346900318823
late_pre_response,log_RT_ms,hidden,4,hidden_14,-0.010966960340738297,215.44346900318823
late_pre_response,log_RT_ms,hidden,4,hidden_15,0.005493541713804007,215.44346900318823
late_pre_response,log_RT_ms,hidden,4,hidden_16,-0.00027515480178408325,215.44346900318823
late_pre_response,log_RT_ms,hidden,4,hidden_17,0.007275281008332968,215.44346900318823
late_pre_response,log_RT_ms,hidden,4,hidden_18,0.03204634040594101,215.44346900318823
late_pre_response,log_RT_ms,hidden,4,hidden_19,0.007893654517829418,215.44346900318823
late_pre_response,log_RT_ms,hidden,4,hidden_20,0.025398408994078636,215.44346900318823
late_pre_response,log_RT_ms,hidden,4,hidden_21,0.007510645780712366,215.44346900318823
late_pre_response,log_RT_ms,hidden,4,hidden_22,0.00972877349704504,215.44346900318823
late_pre_response,log_RT_ms,hidden,4,hidden_23,0.010948419570922852,215.44346900318823
late_pre_response,log_RT_ms,hidden,4,hidden_24,-0.00684288190677762,215.44346900318823
late_pre_response,log_RT_ms,hidden,4,hidden_25,0.012893701903522015,215.44346900318823
late_pre_response,log_RT_ms,hidden,4,hidden_26,0.020825345069169998,215.44346900318823
late_pre_response,log_RT_ms,hidden,4,hidden_27,-0.010010072961449623,215.44346900318823
late_pre_response,log_RT_ms,hidden,4,hidden_28,0.00852170679718256,215.44346900318823
late_pre_response,log_RT_ms,hidden,4,hidden_29,0.0016723823500797153,215.44346900318823
late_pre_response,log_RT_ms,hidden,4,hidden_30,-0.02503245510160923,215.44346900318823
late_pre_response,log_RT_ms,hidden,4,hidden_31,-0.01589452661573887,215.44346900318823
late_pre_response,log_RT_ms,hidden,5,hidden_00,0.04934483766555786,100.0
late_pre_response,log_RT_ms,hidden,5,hidden_01,-0.01057306956499815,100.0
late_pre_response,log_RT_ms,hidden,5,hidden_02,-0.011814307421445847,100.0
late_pre_response,log_RT_ms,hidden,5,hidden_03,0.04517095163464546,100.0
late_pre_response,log_RT_ms,hidden,5,hidden_04,0.002866932423785329,100.0
late_pre_response,log_RT_ms,hidden,5,hidden_05,-0.003788122907280922,100.0
late_pre_response,log_RT_ms,hidden,5,hidden_06,-0.006509119179099798,100.0
late_pre_response,log_RT_ms,hidden,5,hidden_07,0.043880827724933624,100.0
late_pre_response,log_RT_ms,hidden,5,hidden_08,-0.0018571305554360151,100.0
late_pre_response,log_RT_ms,hidden,5,hidden_09,0.0113710081204772,100.0
late_pre_response,log_RT_ms,hidden,5,hidden_10,0.008304912596940994,100.0
late_pre_response,log_RT_ms,hidden,5,hidden_11,-0.030233509838581085,100.0
late_pre_response,log_RT_ms,hidden,5,hidden_12,0.029075585305690765,100.0
late_pre_response,log_RT_ms,hidden,5,hidden_13,0.060935355722904205,100.0
late_pre_response,log_RT_ms,hidden,5,hidden_14,-0.016042562201619148,100.0
late_pre_response,log_RT_ms,hidden,5,hidden_15,0.0037669502198696136,100.0
late_pre_response,log_RT_ms,hidden,5,hidden_16,-0.004812976811081171,100.0
late_pre_response,log_RT_ms,hidden,5,hidden_17,0.010758411139249802,100.0
late_pre_response,log_RT_ms,hidden,5,hidden_18,0.03425939753651619,100.0
late_pre_response,log_RT_ms,hidden,5,hidden_19,0.009049051441252232,100.0
late_pre_response,log_RT_ms,hidden,5,hidden_20,0.02533612959086895,100.0
late_pre_response,log_RT_ms,hidden,5,hidden_21,-0.005740562919527292,100.0
late_pre_response,log_RT_ms,hidden,5,hidden_22,-0.005568596534430981,100.0
late_pre_response,log_RT_ms,hidden,5,hidden_23,0.02110416628420353,100.0
late_pre_response,log_RT_ms,hidden,5,hidden_24,-0.00331293442286551,100.0
late_pre_response,log_RT_ms,hidden,5,hidden_25,0.010953153483569622,100.0
late_pre_response,log_RT_ms,hidden,5,hidden_26,0.03765231370925903,100.0
late_pre_response,log_RT_ms,hidden,5,hidden_27,-0.024826165288686752,100.0
late_pre_response,log_RT_ms,hidden,5,hidden_28,0.0057407403364777565,100.0
late_pre_response,log_RT_ms,hidden,5,hidden_29,0.008019108325242996,100.0
late_pre_response,log_RT_ms,hidden,5,hidden_30,-0.023258281871676445,100.0
late_pre_response,log_RT_ms,hidden,5,hidden_31,-0.008616532199084759,100.0
late_pre_response,log_RT_ms,baseline_plus_hidden,1,hidden_00,0.03291628358321884,100.0
late_pre_response,log_RT_ms,baseline_plus_hidden,1,hidden_01,-0.033833682656497166,100.0
late_pre_response,log_RT_ms,baseline_plus_hidden,1,hidden_02,-0.008520705389697812,100.0
late_pre_response,log_RT_ms,baseline_plus_hidden,1,hidden_03,0.027973199760112685,100.0
late_pre_response,log_RT_ms,baseline_plus_hidden,1,hidden_04,-0.0033848977981998122,100.0
late_pre_response,log_RT_ms,baseline_plus_hidden,1,hidden_05,-0.003132286913400676,100.0
late_pre_response,log_RT_ms,baseline_plus_hidden,1,hidden_06,0.0032980321441467507,100.0
late_pre_response,log_RT_ms,baseline_plus_hidden,1,hidden_07,0.026227102031556992,100.0
late_pre_response,log_RT_ms,baseline_plus_hidden,1,hidden_08,-0.0042242977670434575,100.0
late_pre_response,log_RT_ms,baseline_plus_hidden,1,hidden_09,0.0008772129575621875,100.0
late_pre_response,log_RT_ms,baseline_plus_hidden,1,hidden_10,-0.0014646749653638423,100.0
late_pre_response,log_RT_ms,baseline_plus_hidden,1,hidden_11,-0.028743149330402052,100.0
late_pre_response,log_RT_ms,baseline_plus_hidden,1,hidden_12,0.0194129060500682,100.0
late_pre_response,log_RT_ms,baseline_plus_hidden,1,hidden_13,0.045152892775096515,100.0
late_pre_response,log_RT_ms,baseline_plus_hidden,1,hidden_14,-0.019500505186803047,100.0
late_pre_response,log_RT_ms,baseline_plus_hidden,1,hidden_15,-0.0010815001594070965,100.0
late_pre_response,log_RT_ms,baseline_plus_hidden,1,hidden_16,0.0012273986966662733,100.0
late_pre_response,log_RT_ms,baseline_plus_hidden,1,hidden_17,0.010896408556659862,100.0
late_pre_response,log_RT_ms,baseline_plus_hidden,1,hidden_18,0.02700716455312862,100.0
late_pre_response,log_RT_ms,baseline_plus_hidden,1,hidden_19,0.0026375383527049673,100.0
late_pre_response,log_RT_ms,baseline_plus_hidden,1,hidden_20,0.013905872921011187,100.0
late_pre_response,log_RT_ms,baseline_plus_hidden,1,hidden_21,0.0021571611769925767,100.0
late_pre_response,log_RT_ms,baseline_plus_hidden,1,hidden_22,0.011805232875276215,100.0
late_pre_response,log_RT_ms,baseline_plus_hidden,1,hidden_23,0.0003385786732159807,100.0
late_pre_response,log_RT_ms,baseline_plus_hidden,1,hidden_24,0.0007043894933889671,100.0
late_pre_response,log_RT_ms,baseline_plus_hidden,1,hidden_25,0.020771258750326326,100.0
late_pre_response,log_RT_ms,baseline_plus_hidden,1,hidden_26,0.02240950713229526,100.0
late_pre_response,log_RT_ms,baseline_plus_hidden,1,hidden_27,-0.02296933002684218,100.0
late_pre_response,log_RT_ms,baseline_plus_hidden,1,hidden_28,0.011575982788010515,100.0
late_pre_response,log_RT_ms,baseline_plus_hidden,1,hidden_29,0.008481220291091857,100.0
late_pre_response,log_RT_ms,baseline_plus_hidden,1,hidden_30,-0.015606185230289121,100.0
late_pre_response,log_RT_ms,baseline_plus_hidden,1,hidden_31,-0.010227376305623627,100.0
late_pre_response,log_RT_ms,baseline_plus_hidden,2,hidden_00,0.029295254679895157,100.0
late_pre_response,log_RT_ms,baseline_plus_hidden,2,hidden_01,-0.02110734629595689,100.0
late_pre_response,log_RT_ms,baseline_plus_hidden,2,hidden_02,-0.00806964337898575,100.0
late_pre_response,log_RT_ms,baseline_plus_hidden,2,hidden_03,0.03741020677428627,100.0
late_pre_response,log_RT_ms,baseline_plus_hidden,2,hidden_04,-0.006686402124702015,100.0
late_pre_response,log_RT_ms,baseline_plus_hidden,2,hidden_05,-0.00736521797156762,100.0
late_pre_response,log_RT_ms,baseline_plus_hidden,2,hidden_06,0.013389930259983822,100.0
late_pre_response,log_RT_ms,baseline_plus_hidden,2,hidden_07,0.023112347562494705,100.0
late_pre_response,log_RT_ms,baseline_plus_hidden,2,hidden_08,-0.005346440231524123,100.0
late_pre_response,log_RT_ms,baseline_plus_hidden,2,hidden_09,-0.003702480079966265,100.0
late_pre_response,log_RT_ms,baseline_plus_hidden,2,hidden_10,-0.003886395725127587,100.0
late_pre_response,log_RT_ms,baseline_plus_hidden,2,hidden_11,-0.02923805066833825,100.0
late_pre_response,log_RT_ms,baseline_plus_hidden,2,hidden_12,0.014964932123117773,100.0
late_pre_response,log_RT_ms,baseline_plus_hidden,2,hidden_13,0.04596868161977371,100.0
late_pre_response,log_RT_ms,baseline_plus_hidden,2,hidden_14,-0.015589083404053888,100.0
late_pre_response,log_RT_ms,baseline_plus_hidden,2,hidden_15,0.0036930010116504224,100.0
late_pre_response,log_RT_ms,baseline_plus_hidden,2,hidden_16,-0.0009982998438355112,100.0
late_pre_response,log_RT_ms,baseline_plus_hidden,2,hidden_17,0.00400302702955912,100.0
late_pre_response,log_RT_ms,baseline_plus_hidden,2,hidden_18,0.01807334140031367,100.0
late_pre_response,log_RT_ms,baseline_plus_hidden,2,hidden_19,0.006709467148642682,100.0
late_pre_response,log_RT_ms,baseline_plus_hidden,2,hidden_20,0.004360784507617056,100.0
late_pre_response,log_RT_ms,baseline_plus_hidden,2,hidden_21,-0.0001414401471165438,100.0
late_pre_response,log_RT_ms,baseline_plus_hidden,2,hidden_22,0.009139988330290914,100.0
late_pre_response,log_RT_ms,baseline_plus_hidden,2,hidden_23,-0.0009293840615604839,100.0
late_pre_response,log_RT_ms,baseline_plus_hidden,2,hidden_24,-0.0027183050055766336,100.0
late_pre_response,log_RT_ms,baseline_plus_hidden,2,hidden_25,0.01060629132505437,100.0
late_pre_response,log_RT_ms,baseline_plus_hidden,2,hidden_26,0.01907303443476112,100.0
late_pre_response,log_RT_ms,baseline_plus_hidden,2,hidden_27,-0.017033879648973002,100.0
late_pre_response,log_RT_ms,baseline_plus_hidden,2,hidden_28,0.003723433661455875,100.0
late_pre_response,log_RT_ms,baseline_plus_hidden,2,hidden_29,0.003919719642677868,100.0
late_pre_response,log_RT_ms,baseline_plus_hidden,2,hidden_30,-0.010859135799824168,100.0
late_pre_response,log_RT_ms,baseline_plus_hidden,2,hidden_31,-0.0031083534325991877,100.0
late_pre_response,log_RT_ms,baseline_plus_hidden,3,hidden_00,0.012207314014314736,1000.0
late_pre_response,log_RT_ms,baseline_plus_hidden,3,hidden_01,-0.008355176054886395,1000.0
late_pre_response,log_RT_ms,baseline_plus_hidden,3,hidden_02,-0.0032811948414840147,1000.0
late_pre_response,log_RT_ms,baseline_plus_hidden,3,hidden_03,0.011443126922557357,1000.0
late_pre_response,log_RT_ms,baseline_plus_hidden,3,hidden_04,-0.0035256680718193604,1000.0
late_pre_response,log_RT_ms,baseline_plus_hidden,3,hidden_05,-0.0024629096868893628,1000.0
late_pre_response,log_RT_ms,baseline_plus_hidden,3,hidden_06,0.004173135327425818,1000.0
late_pre_response,log_RT_ms,baseline_plus_hidden,3,hidden_07,0.007486890342420423,1000.0
late_pre_response,log_RT_ms,baseline_plus_hidden,3,hidden_08,-0.0029132128156519974,1000.0
late_pre_response,log_RT_ms,baseline_plus_hidden,3,hidden_09,0.0039183635852063844,1000.0
late_pre_response,log_RT_ms,baseline_plus_hidden,3,hidden_10,0.0037400193402824153,1000.0
late_pre_response,log_RT_ms,baseline_plus_hidden,3,hidden_11,-0.004778044158236766,1000.0
late_pre_response,log_RT_ms,baseline_plus_hidden,3,hidden_12,0.013311635739810658,1000.0
late_pre_response,log_RT_ms,baseline_plus_hidden,3,hidden_13,0.009404448756423118,1000.0
late_pre_response,log_RT_ms,baseline_plus_hidden,3,hidden_14,-0.008618987289364144,1000.0
late_pre_response,log_RT_ms,baseline_plus_hidden,3,hidden_15,0.007744554160791278,1000.0
late_pre_response,log_RT_ms,baseline_plus_hidden,3,hidden_16,0.0023331469859075443,1000.0
late_pre_response,log_RT_ms,baseline_plus_hidden,3,hidden_17,-0.002773551941909704,1000.0
late_pre_response,log_RT_ms,baseline_plus_hidden,3,hidden_18,0.0070432657932660665,1000.0
late_pre_response,log_RT_ms,baseline_plus_hidden,3,hidden_19,0.0022472523667006416,1000.0
late_pre_response,log_RT_ms,baseline_plus_hidden,3,hidden_20,0.006799753328485625,1000.0
late_pre_response,log_RT_ms,baseline_plus_hidden,3,hidden_21,0.0055303499036943185,1000.0
late_pre_response,log_RT_ms,baseline_plus_hidden,3,hidden_22,0.004776248234219323,1000.0
late_pre_response,log_RT_ms,baseline_plus_hidden,3,hidden_23,-0.0004329744679871361,1000.0
late_pre_response,log_RT_ms,baseline_plus_hidden,3,hidden_24,-0.0011102345568326966,1000.0
late_pre_response,log_RT_ms,baseline_plus_hidden,3,hidden_25,0.003211984794444113,1000.0
late_pre_response,log_RT_ms,baseline_plus_hidden,3,hidden_26,0.005440252295258032,1000.0
late_pre_response,log_RT_ms,baseline_plus_hidden,3,hidden_27,-0.0035772812404660345,1000.0
late_pre_response,log_RT_ms,baseline_plus_hidden,3,hidden_28,-0.004843014024390363,1000.0
late_pre_response,log_RT_ms,baseline_plus_hidden,3,hidden_29,0.003745750484911332,1000.0
late_pre_response,log_RT_ms,baseline_plus_hidden,3,hidden_30,-0.0052244285251387915,1000.0
late_pre_response,log_RT_ms,baseline_plus_hidden,3,hidden_31,-0.00771902693339845,1000.0
late_pre_response,log_RT_ms,baseline_plus_hidden,4,hidden_00,0.019092656353896894,464.1588833612773
late_pre_response,log_RT_ms,baseline_plus_hidden,4,hidden_01,-0.013471775970319667,464.1588833612773
late_pre_response,log_RT_ms,baseline_plus_hidden,4,hidden_02,-0.003992117537045462,464.1588833612773
late_pre_response,log_RT_ms,baseline_plus_hidden,4,hidden_03,0.016782361948812868,464.1588833612773
late_pre_response,log_RT_ms,baseline_plus_hidden,4,hidden_04,-0.0033573653201814063,464.1588833612773
late_pre_response,log_RT_ms,baseline_plus_hidden,4,hidden_05,-0.003248527668801996,464.1588833612773
late_pre_response,log_RT_ms,baseline_plus_hidden,4,hidden_06,0.0036840619806649496,464.1588833612773
late_pre_response,log_RT_ms,baseline_plus_hidden,4,hidden_07,0.01055286251974008,464.1588833612773
late_pre_response,log_RT_ms,baseline_plus_hidden,4,hidden_08,-0.006831606912079079,464.1588833612773
late_pre_response,log_RT_ms,baseline_plus_hidden,4,hidden_09,0.004737250475611179,464.1588833612773
late_pre_response,log_RT_ms,baseline_plus_hidden,4,hidden_10,0.0015825996799912556,464.1588833612773
late_pre_response,log_RT_ms,baseline_plus_hidden,4,hidden_11,-0.012385399139302308,464.1588833612773
late_pre_response,log_RT_ms,baseline_plus_hidden,4,hidden_12,0.017847128592626986,464.1588833612773
late_pre_response,log_RT_ms,baseline_plus_hidden,4,hidden_13,0.01978521547152299,464.1588833612773
late_pre_response,log_RT_ms,baseline_plus_hidden,4,hidden_14,-0.010595944543540506,464.1588833612773
late_pre_response,log_RT_ms,baseline_plus_hidden,4,hidden_15,0.003992184266513357,464.1588833612773
late_pre_response,log_RT_ms,baseline_plus_hidden,4,hidden_16,0.0014527942605983763,464.1588833612773
late_pre_response,log_RT_ms,baseline_plus_hidden,4,hidden_17,-0.00020690020504875037,464.1588833612773
late_pre_response,log_RT_ms,baseline_plus_hidden,4,hidden_18,0.013602927211528388,464.1588833612773
late_pre_response,log_RT_ms,baseline_plus_hidden,4,hidden_19,0.0020836529053000342,464.1588833612773
late_pre_response,log_RT_ms,baseline_plus_hidden,4,hidden_20,0.009067527250703927,464.1588833612773
late_pre_response,log_RT_ms,baseline_plus_hidden,4,hidden_21,0.006700930529812836,464.1588833612773
late_pre_response,log_RT_ms,baseline_plus_hidden,4,hidden_22,0.008040867082404778,464.1588833612773
late_pre_response,log_RT_ms,baseline_plus_hidden,4,hidden_23,0.003014091344588754,464.1588833612773
late_pre_response,log_RT_ms,baseline_plus_hidden,4,hidden_24,-0.00484099348620529,464.1588833612773
late_pre_response,log_RT_ms,baseline_plus_hidden,4,hidden_25,0.0107573976155918,464.1588833612773
late_pre_response,log_RT_ms,baseline_plus_hidden,4,hidden_26,0.00878366965140573,464.1588833612773
late_pre_response,log_RT_ms,baseline_plus_hidden,4,hidden_27,-0.005177562551473795,464.1588833612773
late_pre_response,log_RT_ms,baseline_plus_hidden,4,hidden_28,0.004665568952798647,464.1588833612773
late_pre_response,log_RT_ms,baseline_plus_hidden,4,hidden_29,0.0030380949792728966,464.1588833612773
late_pre_response,log_RT_ms,baseline_plus_hidden,4,hidden_30,-0.010033380664556231,464.1588833612773
late_pre_response,log_RT_ms,baseline_plus_hidden,4,hidden_31,-0.011023886669277068,464.1588833612773
late_pre_response,log_RT_ms,baseline_plus_hidden,5,hidden_00,0.019346470149024596,464.1588833612773
late_pre_response,log_RT_ms,baseline_plus_hidden,5,hidden_01,-0.014627495139331884,464.1588833612773
late_pre_response,log_RT_ms,baseline_plus_hidden,5,hidden_02,-0.003160637898796285,464.1588833612773
late_pre_response,log_RT_ms,baseline_plus_hidden,5,hidden_03,0.01605658254377696,464.1588833612773
late_pre_response,log_RT_ms,baseline_plus_hidden,5,hidden_04,-0.0024993471723072105,464.1588833612773
late_pre_response,log_RT_ms,baseline_plus_hidden,5,hidden_05,-0.0038740360787630984,464.1588833612773
late_pre_response,log_RT_ms,baseline_plus_hidden,5,hidden_06,0.0014521487313811652,464.1588833612773
late_pre_response,log_RT_ms,baseline_plus_hidden,5,hidden_07,0.013425751445688583,464.1588833612773
late_pre_response,log_RT_ms,baseline_plus_hidden,5,hidden_08,-0.0008010928621522732,464.1588833612773
late_pre_response,log_RT_ms,baseline_plus_hidden,5,hidden_09,0.004601212002812061,464.1588833612773
late_pre_response,log_RT_ms,baseline_plus_hidden,5,hidden_10,0.007236914748271725,464.1588833612773
late_pre_response,log_RT_ms,baseline_plus_hidden,5,hidden_11,-0.00995614738429202,464.1588833612773
late_pre_response,log_RT_ms,baseline_plus_hidden,5,hidden_12,0.018514862770634192,464.1588833612773
late_pre_response,log_RT_ms,baseline_plus_hidden,5,hidden_13,0.018651869896054364,464.1588833612773
late_pre_response,log_RT_ms,baseline_plus_hidden,5,hidden_14,-0.012094473305867146,464.1588833612773
late_pre_response,log_RT_ms,baseline_plus_hidden,5,hidden_15,0.002929910257821844,464.1588833612773
late_pre_response,log_RT_ms,baseline_plus_hidden,5,hidden_16,0.0029387257744862534,464.1588833612773
late_pre_response,log_RT_ms,baseline_plus_hidden,5,hidden_17,-0.0009301233843111405,464.1588833612773
late_pre_response,log_RT_ms,baseline_plus_hidden,5,hidden_18,0.012204954848169301,464.1588833612773
late_pre_response,log_RT_ms,baseline_plus_hidden,5,hidden_19,0.004788096230315434,464.1588833612773
late_pre_response,log_RT_ms,baseline_plus_hidden,5,hidden_20,0.003107385679228726,464.1588833612773
late_pre_response,log_RT_ms,baseline_plus_hidden,5,hidden_21,0.005065336068739938,464.1588833612773
late_pre_response,log_RT_ms,baseline_plus_hidden,5,hidden_22,-0.001730402310742548,464.1588833612773
late_pre_response,log_RT_ms,baseline_plus_hidden,5,hidden_23,0.009557383397345609,464.1588833612773
late_pre_response,log_RT_ms,baseline_plus_hidden,5,hidden_24,-0.0021339835756976483,464.1588833612773
late_pre_response,log_RT_ms,baseline_plus_hidden,5,hidden_25,0.0088564723037156,464.1588833612773
late_pre_response,log_RT_ms,baseline_plus_hidden,5,hidden_26,0.009100138964618205,464.1588833612773
late_pre_response,log_RT_ms,baseline_plus_hidden,5,hidden_27,-0.007456207954560371,464.1588833612773
late_pre_response,log_RT_ms,baseline_plus_hidden,5,hidden_28,-0.0012681926030058122,464.1588833612773
late_pre_response,log_RT_ms,baseline_plus_hidden,5,hidden_29,0.006487281029953897,464.1588833612773
late_pre_response,log_RT_ms,baseline_plus_hidden,5,hidden_30,-0.007121461633074325,464.1588833612773
late_pre_response,log_RT_ms,baseline_plus_hidden,5,hidden_31,-0.005501812265591971,464.1588833612773
late_pre_response,log_RT_ms,baseline_plus_shuffled_hidden,1,shuffled_hidden_00,-0.0030935141490384885,1000.0
late_pre_response,log_RT_ms,baseline_plus_shuffled_hidden,1,shuffled_hidden_01,0.0011547116880772854,1000.0
late_pre_response,log_RT_ms,baseline_plus_shuffled_hidden,1,shuffled_hidden_02,-0.00039740197106521725,1000.0
late_pre_response,log_RT_ms,baseline_plus_shuffled_hidden,1,shuffled_hidden_03,0.004659599616584934,1000.0
late_pre_response,log_RT_ms,baseline_plus_shuffled_hidden,1,shuffled_hidden_04,-8.627755102426757e-05,1000.0
late_pre_response,log_RT_ms,baseline_plus_shuffled_hidden,1,shuffled_hidden_05,-0.0005073758490349797,1000.0
late_pre_response,log_RT_ms,baseline_plus_shuffled_hidden,1,shuffled_hidden_06,0.0033608242058617353,1000.0
late_pre_response,log_RT_ms,baseline_plus_shuffled_hidden,1,shuffled_hidden_07,-0.0014625350138486347,1000.0
late_pre_response,log_RT_ms,baseline_plus_shuffled_hidden,1,shuffled_hidden_08,0.0007036806128484272,1000.0
late_pre_response,log_RT_ms,baseline_plus_shuffled_hidden,1,shuffled_hidden_09,-0.0008402731878354603,1000.0
late_pre_response,log_RT_ms,baseline_plus_shuffled_hidden,1,shuffled_hidden_10,-0.0021701448300125432,1000.0
late_pre_response,log_RT_ms,baseline_plus_shuffled_hidden,1,shuffled_hidden_11,-0.0014773248736461065,1000.0
late_pre_response,log_RT_ms,baseline_plus_shuffled_hidden,1,shuffled_hidden_12,-0.001206850266032345,1000.0
late_pre_response,log_RT_ms,baseline_plus_shuffled_hidden,1,shuffled_hidden_13,-0.0016521462878226676,1000.0
late_pre_response,log_RT_ms,baseline_plus_shuffled_hidden,1,shuffled_hidden_14,2.2048608600376742e-05,1000.0
late_pre_response,log_RT_ms,baseline_plus_shuffled_hidden,1,shuffled_hidden_15,0.00556750779347411,1000.0
late_pre_response,log_RT_ms,baseline_plus_shuffled_hidden,1,shuffled_hidden_16,0.007599504341623768,1000.0
late_pre_response,log_RT_ms,baseline_plus_shuffled_hidden,1,shuffled_hidden_17,0.0006667788957552233,1000.0
late_pre_response,log_RT_ms,baseline_plus_shuffled_hidden,1,shuffled_hidden_18,0.0012486664152449212,1000.0
late_pre_response,log_RT_ms,baseline_plus_shuffled_hidden,1,shuffled_hidden_19,0.003328708936934597,1000.0
late_pre_response,log_RT_ms,baseline_plus_shuffled_hidden,1,shuffled_hidden_20,0.0012468233220167182,1000.0
late_pre_response,log_RT_ms,baseline_plus_shuffled_hidden,1,shuffled_hidden_21,-0.0002698555452970055,1000.0
late_pre_response,log_RT_ms,baseline_plus_shuffled_hidden,1,shuffled_hidden_22,0.004158318662575413,1000.0
late_pre_response,log_RT_ms,baseline_plus_shuffled_hidden,1,shuffled_hidden_23,0.006035280786324787,1000.0
late_pre_response,log_RT_ms,baseline_plus_shuffled_hidden,1,shuffled_hidden_24,0.0019422297955351132,1000.0
late_pre_response,log_RT_ms,baseline_plus_shuffled_hidden,1,shuffled_hidden_25,0.0005589260012085203,1000.0
late_pre_response,log_RT_ms,baseline_plus_shuffled_hidden,1,shuffled_hidden_26,-0.004037486261896916,1000.0
late_pre_response,log_RT_ms,baseline_plus_shuffled_hidden,1,shuffled_hidden_27,-0.0002650264394038803,1000.0
late_pre_response,log_RT_ms,baseline_plus_shuffled_hidden,1,shuffled_hidden_28,-0.001395938686217916,1000.0
late_pre_response,log_RT_ms,baseline_plus_shuffled_hidden,1,shuffled_hidden_29,-0.0011048115623196744,1000.0
late_pre_response,log_RT_ms,baseline_plus_shuffled_hidden,1,shuffled_hidden_30,0.003314412144192672,1000.0
late_pre_response,log_RT_ms,baseline_plus_shuffled_hidden,1,shuffled_hidden_31,0.003779308658255911,1000.0
late_pre_response,log_RT_ms,baseline_plus_shuffled_hidden,2,shuffled_hidden_00,-0.0028560411709641583,1000.0
late_pre_response,log_RT_ms,baseline_plus_shuffled_hidden,2,shuffled_hidden_01,0.0002024269416474073,1000.0
late_pre_response,log_RT_ms,baseline_plus_shuffled_hidden,2,shuffled_hidden_02,3.576997404223031e-05,1000.0
late_pre_response,log_RT_ms,baseline_plus_shuffled_hidden,2,shuffled_hidden_03,0.002778449515971447,1000.0
late_pre_response,log_RT_ms,baseline_plus_shuffled_hidden,2,shuffled_hidden_04,-0.00210043959497126,1000.0
late_pre_response,log_RT_ms,baseline_plus_shuffled_hidden,2,shuffled_hidden_05,0.000760216366050565,1000.0
late_pre_response,log_RT_ms,baseline_plus_shuffled_hidden,2,shuffled_hidden_06,0.000390341814400263,1000.0
late_pre_response,log_RT_ms,baseline_plus_shuffled_hidden,2,shuffled_hidden_07,-0.002171841151857308,1000.0
late_pre_response,log_RT_ms,baseline_plus_shuffled_hidden,2,shuffled_hidden_08,-0.0020166126282712624,1000.0
late_pre_response,log_RT_ms,baseline_plus_shuffled_hidden,2,shuffled_hidden_09,-8.725145388642064e-05,1000.0
late_pre_response,log_RT_ms,baseline_plus_shuffled_hidden,2,shuffled_hidden_10,0.00048118859016014765,1000.0
late_pre_response,log_RT_ms,baseline_plus_shuffled_hidden,2,shuffled_hidden_11,-0.0001761452148852942,1000.0
late_pre_response,log_RT_ms,baseline_plus_shuffled_hidden,2,shuffled_hidden_12,-0.001111736024279582,1000.0
late_pre_response,log_RT_ms,baseline_plus_shuffled_hidden,2,shuffled_hidden_13,-0.0022041880461000376,1000.0
late_pre_response,log_RT_ms,baseline_plus_shuffled_hidden,2,shuffled_hidden_14,0.0006503856624541368,1000.0
late_pre_response,log_RT_ms,baseline_plus_shuffled_hidden,2,shuffled_hidden_15,0.0020318575709283733,1000.0
late_pre_response,log_RT_ms,baseline_plus_shuffled_hidden,2,shuffled_hidden_16,0.00485841576366367,1000.0
late_pre_response,log_RT_ms,baseline_plus_shuffled_hidden,2,shuffled_hidden_17,0.0001996823963204484,1000.0
late_pre_response,log_RT_ms,baseline_plus_shuffled_hidden,2,shuffled_hidden_18,0.001695213668560312,1000.0
late_pre_response,log_RT_ms,baseline_plus_shuffled_hidden,2,shuffled_hidden_19,0.004527410422061933,1000.0
late_pre_response,log_RT_ms,baseline_plus_shuffled_hidden,2,shuffled_hidden_20,-0.002007523060431979,1000.0
late_pre_response,log_RT_ms,baseline_plus_shuffled_hidden,2,shuffled_hidden_21,-0.001831568053091925,1000.0
late_pre_response,log_RT_ms,baseline_plus_shuffled_hidden,2,shuffled_hidden_22,0.003915121426595769,1000.0
late_pre_response,log_RT_ms,baseline_plus_shuffled_hidden,2,shuffled_hidden_23,-0.0012770094614282061,1000.0
late_pre_response,log_RT_ms,baseline_plus_shuffled_hidden,2,shuffled_hidden_24,0.0027523536076937295,1000.0
late_pre_response,log_RT_ms,baseline_plus_shuffled_hidden,2,shuffled_hidden_25,-8.908376521666122e-05,1000.0
late_pre_response,log_RT_ms,baseline_plus_shuffled_hidden,2,shuffled_hidden_26,-0.0024976389296896963,1000.0
late_pre_response,log_RT_ms,baseline_plus_shuffled_hidden,2,shuffled_hidden_27,-0.0012766831100813581,1000.0
late_pre_response,log_RT_ms,baseline_plus_shuffled_hidden,2,shuffled_hidden_28,0.002756095879329199,1000.0
late_pre_response,log_RT_ms,baseline_plus_shuffled_hidden,2,shuffled_hidden_29,0.0022003417510513905,1000.0
late_pre_response,log_RT_ms,baseline_plus_shuffled_hidden,2,shuffled_hidden_30,0.00400434753570086,1000.0
late_pre_response,log_RT_ms,baseline_plus_shuffled_hidden,2,shuffled_hidden_31,0.0055958748457015026,1000.0
late_pre_response,log_RT_ms,baseline_plus_shuffled_hidden,3,shuffled_hidden_00,-0.0014313588496449427,1000.0
late_pre_response,log_RT_ms,baseline_plus_shuffled_hidden,3,shuffled_hidden_01,-0.003064913997817442,1000.0
late_pre_response,log_RT_ms,baseline_plus_shuffled_hidden,3,shuffled_hidden_02,-0.0003632364672907435,1000.0
late_pre_response,log_RT_ms,baseline_plus_shuffled_hidden,3,shuffled_hidden_03,0.0038669319456195723,1000.0
late_pre_response,log_RT_ms,baseline_plus_shuffled_hidden,3,shuffled_hidden_04,0.00028203150865801525,1000.0
late_pre_response,log_RT_ms,baseline_plus_shuffled_hidden,3,shuffled_hidden_05,0.0017525653772644868,1000.0
late_pre_response,log_RT_ms,baseline_plus_shuffled_hidden,3,shuffled_hidden_06,0.0017830985892748317,1000.0
late_pre_response,log_RT_ms,baseline_plus_shuffled_hidden,3,shuffled_hidden_07,-0.0022559364253509472,1000.0
late_pre_response,log_RT_ms,baseline_plus_shuffled_hidden,3,shuffled_hidden_08,0.0023959524782969305,1000.0
late_pre_response,log_RT_ms,baseline_plus_shuffled_hidden,3,shuffled_hidden_09,0.0005238868288532839,1000.0
late_pre_response,log_RT_ms,baseline_plus_shuffled_hidden,3,shuffled_hidden_10,-0.0023530990893367025,1000.0
late_pre_response,log_RT_ms,baseline_plus_shuffled_hidden,3,shuffled_hidden_11,-0.0025111273892874644,1000.0
late_pre_response,log_RT_ms,baseline_plus_shuffled_hidden,3,shuffled_hidden_12,0.00034233157496492655,1000.0
late_pre_response,log_RT_ms,baseline_plus_shuffled_hidden,3,shuffled_hidden_13,-0.004108042932412855,1000.0
late_pre_response,log_RT_ms,baseline_plus_shuffled_hidden,3,shuffled_hidden_14,0.0007495285942132871,1000.0
late_pre_response,log_RT_ms,baseline_plus_shuffled_hidden,3,shuffled_hidden_15,0.005403629175323827,1000.0
late_pre_response,log_RT_ms,baseline_plus_shuffled_hidden,3,shuffled_hidden_16,0.0050597458267093096,1000.0
late_pre_response,log_RT_ms,baseline_plus_shuffled_hidden,3,shuffled_hidden_17,0.0018137582523800337,1000.0
late_pre_response,log_RT_ms,baseline_plus_shuffled_hidden,3,shuffled_hidden_18,-0.0010584801033089455,1000.0
late_pre_response,log_RT_ms,baseline_plus_shuffled_hidden,3,shuffled_hidden_19,0.004834184105807655,1000.0
late_pre_response,log_RT_ms,baseline_plus_shuffled_hidden,3,shuffled_hidden_20,-0.0007180826442115282,1000.0
late_pre_response,log_RT_ms,baseline_plus_shuffled_hidden,3,shuffled_hidden_21,-0.003610827553128111,1000.0
late_pre_response,log_RT_ms,baseline_plus_shuffled_hidden,3,shuffled_hidden_22,0.003079018986371099,1000.0
late_pre_response,log_RT_ms,baseline_plus_shuffled_hidden,3,shuffled_hidden_23,-0.0003523352780884077,1000.0
late_pre_response,log_RT_ms,baseline_plus_shuffled_hidden,3,shuffled_hidden_24,-0.0005232194679672502,1000.0
late_pre_response,log_RT_ms,baseline_plus_shuffled_hidden,3,shuffled_hidden_25,0.0019513895475711544,1000.0
late_pre_response,log_RT_ms,baseline_plus_shuffled_hidden,3,shuffled_hidden_26,-0.0036625699140187293,1000.0
late_pre_response,log_RT_ms,baseline_plus_shuffled_hidden,3,shuffled_hidden_27,0.0035606583966465567,1000.0
late_pre_response,log_RT_ms,baseline_plus_shuffled_hidden,3,shuffled_hidden_28,0.003857769850402451,1000.0
late_pre_response,log_RT_ms,baseline_plus_shuffled_hidden,3,shuffled_hidden_29,0.0015899059827036539,1000.0
late_pre_response,log_RT_ms,baseline_plus_shuffled_hidden,3,shuffled_hidden_30,0.003157131244494033,1000.0
late_pre_response,log_RT_ms,baseline_plus_shuffled_hidden,3,shuffled_hidden_31,0.0014886012056711418,1000.0
late_pre_response,log_RT_ms,baseline_plus_shuffled_hidden,4,shuffled_hidden_00,-0.0018176118857646762,1000.0
late_pre_response,log_RT_ms,baseline_plus_shuffled_hidden,4,shuffled_hidden_01,-0.002608977874525001,1000.0
late_pre_response,log_RT_ms,baseline_plus_shuffled_hidden,4,shuffled_hidden_02,-0.0011968304211431512,1000.0
late_pre_response,log_RT_ms,baseline_plus_shuffled_hidden,4,shuffled_hidden_03,0.00477450755544898,1000.0
late_pre_response,log_RT_ms,baseline_plus_shuffled_hidden,4,shuffled_hidden_04,0.001252813080690794,1000.0
late_pre_response,log_RT_ms,baseline_plus_shuffled_hidden,4,shuffled_hidden_05,0.002414202581639756,1000.0
late_pre_response,log_RT_ms,baseline_plus_shuffled_hidden,4,shuffled_hidden_06,0.002018563616663933,1000.0
late_pre_response,log_RT_ms,baseline_plus_shuffled_hidden,4,shuffled_hidden_07,-0.0002536513441249029,1000.0
late_pre_response,log_RT_ms,baseline_plus_shuffled_hidden,4,shuffled_hidden_08,0.0041744403131919105,1000.0
late_pre_response,log_RT_ms,baseline_plus_shuffled_hidden,4,shuffled_hidden_09,0.0003846162755506793,1000.0
late_pre_response,log_RT_ms,baseline_plus_shuffled_hidden,4,shuffled_hidden_10,-0.0010769785791424058,1000.0
late_pre_response,log_RT_ms,baseline_plus_shuffled_hidden,4,shuffled_hidden_11,-0.00118071104108473,1000.0
late_pre_response,log_RT_ms,baseline_plus_shuffled_hidden,4,shuffled_hidden_12,-0.0009001106247744552,1000.0
late_pre_response,log_RT_ms,baseline_plus_shuffled_hidden,4,shuffled_hidden_13,-0.0020833362379315025,1000.0
late_pre_response,log_RT_ms,baseline_plus_shuffled_hidden,4,shuffled_hidden_14,0.0013327947978985695,1000.0
late_pre_response,log_RT_ms,baseline_plus_shuffled_hidden,4,shuffled_hidden_15,0.005026191909471551,1000.0
late_pre_response,log_RT_ms,baseline_plus_shuffled_hidden,4,shuffled_hidden_16,0.004312779931897329,1000.0
late_pre_response,log_RT_ms,baseline_plus_shuffled_hidden,4,shuffled_hidden_17,-1.3510698188256414e-05,1000.0
late_pre_response,log_RT_ms,baseline_plus_shuffled_hidden,4,shuffled_hidden_18,0.003495344279616533,1000.0
late_pre_response,log_RT_ms,baseline_plus_shuffled_hidden,4,shuffled_hidden_19,0.004928047445991413,1000.0
late_pre_response,log_RT_ms,baseline_plus_shuffled_hidden,4,shuffled_hidden_20,-0.00030122740709805036,1000.0
late_pre_response,log_RT_ms,baseline_plus_shuffled_hidden,4,shuffled_hidden_21,-0.004805641593173727,1000.0
late_pre_response,log_RT_ms,baseline_plus_shuffled_hidden,4,shuffled_hidden_22,0.002506381839520354,1000.0
late_pre_response,log_RT_ms,baseline_plus_shuffled_hidden,4,shuffled_hidden_23,-0.0013892331499038594,1000.0
late_pre_response,log_RT_ms,baseline_plus_shuffled_hidden,4,shuffled_hidden_24,0.0026579429352115457,1000.0
late_pre_response,log_RT_ms,baseline_plus_shuffled_hidden,4,shuffled_hidden_25,-0.0023201809316899255,1000.0
late_pre_response,log_RT_ms,baseline_plus_shuffled_hidden,4,shuffled_hidden_26,-0.004851822639739568,1000.0
late_pre_response,log_RT_ms,baseline_plus_shuffled_hidden,4,shuffled_hidden_27,0.0012991926805867434,1000.0
late_pre_response,log_RT_ms,baseline_plus_shuffled_hidden,4,shuffled_hidden_28,0.0032198237466811706,1000.0
late_pre_response,log_RT_ms,baseline_plus_shuffled_hidden,4,shuffled_hidden_29,-0.0003543815562954374,1000.0
late_pre_response,log_RT_ms,baseline_plus_shuffled_hidden,4,shuffled_hidden_30,0.00658579397197245,1000.0
late_pre_response,log_RT_ms,baseline_plus_shuffled_hidden,4,shuffled_hidden_31,0.003682441320684944,1000.0
late_pre_response,log_RT_ms,baseline_plus_shuffled_hidden,5,shuffled_hidden_00,-0.002770975031036011,1000.0
late_pre_response,log_RT_ms,baseline_plus_shuffled_hidden,5,shuffled_hidden_01,0.0003417177046791301,1000.0
late_pre_response,log_RT_ms,baseline_plus_shuffled_hidden,5,shuffled_hidden_02,0.0008857668837262761,1000.0
late_pre_response,log_RT_ms,baseline_plus_shuffled_hidden,5,shuffled_hidden_03,0.0019067566318084733,1000.0
late_pre_response,log_RT_ms,baseline_plus_shuffled_hidden,5,shuffled_hidden_04,-0.000856579004913587,1000.0
late_pre_response,log_RT_ms,baseline_plus_shuffled_hidden,5,shuffled_hidden_05,2.776128746531666e-05,1000.0
late_pre_response,log_RT_ms,baseline_plus_shuffled_hidden,5,shuffled_hidden_06,0.0018125277015427906,1000.0
late_pre_response,log_RT_ms,baseline_plus_shuffled_hidden,5,shuffled_hidden_07,0.0010618820893120824,1000.0
late_pre_response,log_RT_ms,baseline_plus_shuffled_hidden,5,shuffled_hidden_08,0.0011452709049709086,1000.0
late_pre_response,log_RT_ms,baseline_plus_shuffled_hidden,5,shuffled_hidden_09,-2.787261059347566e-05,1000.0
late_pre_response,log_RT_ms,baseline_plus_shuffled_hidden,5,shuffled_hidden_10,0.0004195573879182711,1000.0
late_pre_response,log_RT_ms,baseline_plus_shuffled_hidden,5,shuffled_hidden_11,-0.0011098078612166915,1000.0
late_pre_response,log_RT_ms,baseline_plus_shuffled_hidden,5,shuffled_hidden_12,-0.00447992830990208,1000.0
late_pre_response,log_RT_ms,baseline_plus_shuffled_hidden,5,shuffled_hidden_13,-0.0023458726531040237,1000.0
late_pre_response,log_RT_ms,baseline_plus_shuffled_hidden,5,shuffled_hidden_14,0.0002988609849406645,1000.0
late_pre_response,log_RT_ms,baseline_plus_shuffled_hidden,5,shuffled_hidden_15,0.006228925234676417,1000.0
late_pre_response,log_RT_ms,baseline_plus_shuffled_hidden,5,shuffled_hidden_16,0.004002850381263767,1000.0
late_pre_response,log_RT_ms,baseline_plus_shuffled_hidden,5,shuffled_hidden_17,-0.0017607301384628792,1000.0
late_pre_response,log_RT_ms,baseline_plus_shuffled_hidden,5,shuffled_hidden_18,0.0004451226837090488,1000.0
late_pre_response,log_RT_ms,baseline_plus_shuffled_hidden,5,shuffled_hidden_19,0.0030206593873702814,1000.0
late_pre_response,log_RT_ms,baseline_plus_shuffled_hidden,5,shuffled_hidden_20,8.216626687842449e-06,1000.0
late_pre_response,log_RT_ms,baseline_plus_shuffled_hidden,5,shuffled_hidden_21,-0.002440514392031806,1000.0
late_pre_response,log_RT_ms,baseline_plus_shuffled_hidden,5,shuffled_hidden_22,0.0032838246748415918,1000.0
late_pre_response,log_RT_ms,baseline_plus_shuffled_hidden,5,shuffled_hidden_23,-0.0019165790801301179,1000.0
late_pre_response,log_RT_ms,baseline_plus_shuffled_hidden,5,shuffled_hidden_24,0.0005116439959064671,1000.0
late_pre_response,log_RT_ms,baseline_plus_shuffled_hidden,5,shuffled_hidden_25,-0.0008512305758190833,1000.0
late_pre_response,log_RT_ms,baseline_plus_shuffled_hidden,5,shuffled_hidden_26,-0.004073915462921489,1000.0
late_pre_response,log_RT_ms,baseline_plus_shuffled_hidden,5,shuffled_hidden_27,0.0006732443106903895,1000.0
late_pre_response,log_RT_ms,baseline_plus_shuffled_hidden,5,shuffled_hidden_28,0.0043738746754348225,1000.0
late_pre_response,log_RT_ms,baseline_plus_shuffled_hidden,5,shuffled_hidden_29,0.0005612295222896671,1000.0
late_pre_response,log_RT_ms,baseline_plus_shuffled_hidden,5,shuffled_hidden_30,0.0038638025546002333,1000.0
late_pre_response,log_RT_ms,baseline_plus_shuffled_hidden,5,shuffled_hidden_31,0.002470001648480963,1000.0
late_pre_response,RT_ms,hidden,1,hidden_00,57.10322952270508,46.41588833612773
late_pre_response,RT_ms,hidden,1,hidden_01,-12.764925956726074,46.41588833612773
late_pre_response,RT_ms,hidden,1,hidden_02,-23.730518341064453,46.41588833612773
late_pre_response,RT_ms,hidden,1,hidden_03,46.74588394165039,46.41588833612773
late_pre_response,RT_ms,hidden,1,hidden_04,-0.03672624006867409,46.41588833612773
late_pre_response,RT_ms,hidden,1,hidden_05,-0.4066227078437805,46.41588833612773
late_pre_response,RT_ms,hidden,1,hidden_06,-9.345076560974121,46.41588833612773
late_pre_response,RT_ms,hidden,1,hidden_07,46.289554595947266,46.41588833612773
late_pre_response,RT_ms,hidden,1,hidden_08,0.3004073202610016,46.41588833612773
late_pre_response,RT_ms,hidden,1,hidden_09,3.3867475986480713,46.41588833612773
late_pre_response,RT_ms,hidden,1,hidden_10,-6.985309600830078,46.41588833612773
late_pre_response,RT_ms,hidden,1,hidden_11,-46.00044250488281,46.41588833612773
late_pre_response,RT_ms,hidden,1,hidden_12,25.476558685302734,46.41588833612773
late_pre_response,RT_ms,hidden,1,hidden_13,58.31331253051758,46.41588833612773
late_pre_response,RT_ms,hidden,1,hidden_14,-18.553064346313477,46.41588833612773
late_pre_response,RT_ms,hidden,1,hidden_15,1.6047840118408203,46.41588833612773
late_pre_response,RT_ms,hidden,1,hidden_16,-4.79370641708374,46.41588833612773
late_pre_response,RT_ms,hidden,1,hidden_17,26.93564224243164,46.41588833612773
late_pre_response,RT_ms,hidden,1,hidden_18,42.409019470214844,46.41588833612773
late_pre_response,RT_ms,hidden,1,hidden_19,3.296668767929077,46.41588833612773
late_pre_response,RT_ms,hidden,1,hidden_20,31.405719757080078,46.41588833612773
late_pre_response,RT_ms,hidden,1,hidden_21,-7.26486873626709,46.41588833612773
late_pre_response,RT_ms,hidden,1,hidden_22,2.373265027999878,46.41588833612773
late_pre_response,RT_ms,hidden,1,hidden_23,6.192389011383057,46.41588833612773
late_pre_response,RT_ms,hidden,1,hidden_24,10.42945384979248,46.41588833612773
late_pre_response,RT_ms,hidden,1,hidden_25,14.41338062286377,46.41588833612773
late_pre_response,RT_ms,hidden,1,hidden_26,45.91374969482422,46.41588833612773
late_pre_response,RT_ms,hidden,1,hidden_27,-25.665042877197266,46.41588833612773
late_pre_response,RT_ms,hidden,1,hidden_28,16.91817855834961,46.41588833612773
late_pre_response,RT_ms,hidden,1,hidden_29,3.894488573074341,46.41588833612773
late_pre_response,RT_ms,hidden,1,hidden_30,-36.02279281616211,46.41588833612773
late_pre_response,RT_ms,hidden,1,hidden_31,-12.861027717590332,46.41588833612773
late_pre_response,RT_ms,hidden,2,hidden_00,44.67949676513672,100.0
late_pre_response,RT_ms,hidden,2,hidden_01,-5.635128974914551,100.0
late_pre_response,RT_ms,hidden,2,hidden_02,-13.097076416015625,100.0
late_pre_response,RT_ms,hidden,2,hidden_03,49.97040557861328,100.0
late_pre_response,RT_ms,hidden,2,hidden_04,-7.261446475982666,100.0
late_pre_response,RT_ms,hidden,2,hidden_05,-7.815405368804932,100.0
late_pre_response,RT_ms,hidden,2,hidden_06,6.491575241088867,100.0
late_pre_response,RT_ms,hidden,2,hidden_07,31.1054744720459,100.0
late_pre_response,RT_ms,hidden,2,hidden_08,-2.41261625289917,100.0
late_pre_response,RT_ms,hidden,2,hidden_09,4.610018253326416,100.0
late_pre_response,RT_ms,hidden,2,hidden_10,-1.3899542093276978,100.0
late_pre_response,RT_ms,hidden,2,hidden_11,-37.5400505065918,100.0
late_pre_response,RT_ms,hidden,2,hidden_12,20.118854522705078,100.0
late_pre_response,RT_ms,hidden,2,hidden_13,55.76377487182617,100.0
late_pre_response,RT_ms,hidden,2,hidden_14,-9.22852611541748,100.0
late_pre_response,RT_ms,hidden,2,hidden_15,3.616116762161255,100.0
late_pre_response,RT_ms,hidden,2,hidden_16,-2.3184828758239746,100.0
late_pre_response,RT_ms,hidden,2,hidden_17,12.580327033996582,100.0
late_pre_response,RT_ms,hidden,2,hidden_18,27.857881546020508,100.0
late_pre_response,RT_ms,hidden,2,hidden_19,11.346784591674805,100.0
late_pre_response,RT_ms,hidden,2,hidden_20,20.32536506652832,100.0
late_pre_response,RT_ms,hidden,2,hidden_21,-4.52410364151001,100.0
late_pre_response,RT_ms,hidden,2,hidden_22,8.541109085083008,100.0
late_pre_response,RT_ms,hidden,2,hidden_23,2.7148003578186035,100.0
late_pre_response,RT_ms,hidden,2,hidden_24,3.0792810916900635,100.0
late_pre_response,RT_ms,hidden,2,hidden_25,5.790150165557861,100.0
late_pre_response,RT_ms,hidden,2,hidden_26,28.000709533691406,100.0
late_pre_response,RT_ms,hidden,2,hidden_27,-16.60279655456543,100.0
late_pre_response,RT_ms,hidden,2,hidden_28,5.035993576049805,100.0
late_pre_response,RT_ms,hidden,2,hidden_29,3.8229334354400635,100.0
late_pre_response,RT_ms,hidden,2,hidden_30,-23.45555305480957,100.0
late_pre_response,RT_ms,hidden,2,hidden_31,-6.8387064933776855,100.0
late_pre_response,RT_ms,hidden,3,hidden_00,50.76287841796875,46.41588833612773
late_pre_response,RT_ms,hidden,3,hidden_01,-10.294490814208984,46.41588833612773
late_pre_response,RT_ms,hidden,3,hidden_02,-15.815549850463867,46.41588833612773
late_pre_response,RT_ms,hidden,3,hidden_03,49.43960952758789,46.41588833612773
late_pre_response,RT_ms,hidden,3,hidden_04,7.7050933837890625,46.41588833612773
late_pre_response,RT_ms,hidden,3,hidden_05,-5.1738810539245605,46.41588833612773
late_pre_response,RT_ms,hidden,3,hidden_06,-4.981760501861572,46.41588833612773
late_pre_response,RT_ms,hidden,3,hidden_07,47.485958099365234,46.41588833612773
late_pre_response,RT_ms,hidden,3,hidden_08,-7.165677547454834,46.41588833612773
late_pre_response,RT_ms,hidden,3,hidden_09,3.2421836853027344,46.41588833612773
late_pre_response,RT_ms,hidden,3,hidden_10,-13.249109268188477,46.41588833612773
late_pre_response,RT_ms,hidden,3,hidden_11,-30.97017478942871,46.41588833612773
late_pre_response,RT_ms,hidden,3,hidden_12,21.979246139526367,46.41588833612773
late_pre_response,RT_ms,hidden,3,hidden_13,62.26252365112305,46.41588833612773
late_pre_response,RT_ms,hidden,3,hidden_14,-22.62036895751953,46.41588833612773
late_pre_response,RT_ms,hidden,3,hidden_15,7.270277976989746,46.41588833612773
late_pre_response,RT_ms,hidden,3,hidden_16,-5.434725761413574,46.41588833612773
late_pre_response,RT_ms,hidden,3,hidden_17,20.22130584716797,46.41588833612773
late_pre_response,RT_ms,hidden,3,hidden_18,34.88618087768555,46.41588833612773
late_pre_response,RT_ms,hidden,3,hidden_19,10.873547554016113,46.41588833612773
late_pre_response,RT_ms,hidden,3,hidden_20,24.16118621826172,46.41588833612773
late_pre_response,RT_ms,hidden,3,hidden_21,-0.34031832218170166,46.41588833612773
late_pre_response,RT_ms,hidden,3,hidden_22,13.669986724853516,46.41588833612773
late_pre_response,RT_ms,hidden,3,hidden_23,6.302334308624268,46.41588833612773
late_pre_response,RT_ms,hidden,3,hidden_24,2.847010850906372,46.41588833612773
late_pre_response,RT_ms,hidden,3,hidden_25,2.559194564819336,46.41588833612773
late_pre_response,RT_ms,hidden,3,hidden_26,39.284400939941406,46.41588833612773
late_pre_response,RT_ms,hidden,3,hidden_27,-17.443628311157227,46.41588833612773
late_pre_response,RT_ms,hidden,3,hidden_28,2.3312628269195557,46.41588833612773
late_pre_response,RT_ms,hidden,3,hidden_29,-8.355743408203125,46.41588833612773
late_pre_response,RT_ms,hidden,3,hidden_30,-30.0784969329834,46.41588833612773
late_pre_response,RT_ms,hidden,3,hidden_31,-11.40511417388916,46.41588833612773
late_pre_response,RT_ms,hidden,4,hidden_00,37.38307571411133,215.44346900318823
late_pre_response,RT_ms,hidden,4,hidden_01,-5.90666389465332,215.44346900318823
late_pre_response,RT_ms,hidden,4,hidden_02,-10.482333183288574,215.44346900318823
late_pre_response,RT_ms,hidden,4,hidden_03,30.153919219970703,215.44346900318823
late_pre_response,RT_ms,hidden,4,hidden_04,-0.7025389075279236,215.44346900318823
late_pre_response,RT_ms,hidden,4,hidden_05,-2.374558448791504,215.44346900318823
late_pre_response,RT_ms,hidden,4,hidden_06,-1.5639491081237793,215.44346900318823
late_pre_response,RT_ms,hidden,4,hidden_07,26.536678314208984,215.44346900318823
late_pre_response,RT_ms,hidden,4,hidden_08,-4.953117847442627,215.44346900318823
late_pre_response,RT_ms,hidden,4,hidden_09,7.552783012390137,215.44346900318823
late_pre_response,RT_ms,hidden,4,hidden_10,1.7841517925262451,215.44346900318823
late_pre_response,RT_ms,hidden,4,hidden_11,-22.75469207763672,215.44346900318823
late_pre_response,RT_ms,hidden,4,hidden_12,22.515270233154297,215.44346900318823
late_pre_response,RT_ms,hidden,4,hidden_13,37.795127868652344,215.44346900318823
late_pre_response,RT_ms,hidden,4,hidden_14,-8.825992584228516,215.44346900318823
late_pre_response,RT_ms,hidden,4,hidden_15,4.702669620513916,215.44346900318823
late_pre_response,RT_ms,hidden,4,hidden_16,2.5930168628692627,215.44346900318823
late_pre_response,RT_ms,hidden,4,hidden_17,5.772813320159912,215.44346900318823
late_pre_response,RT_ms,hidden,4,hidden_18,26.551612854003906,215.44346900318823
late_pre_response,RT_ms,hidden,4,hidden_19,7.7232489585876465,215.44346900318823
late_pre_response,RT_ms,hidden,4,hidden_20,23.24226951599121,215.44346900318823
late_pre_response,RT_ms,hidden,4,hidden_21,7.107111930847168,215.44346900318823
late_pre_response,RT_ms,hidden,4,hidden_22,7.146197319030762,215.44346900318823
late_pre_response,RT_ms,hidden,4,hidden_23,9.603679656982422,215.44346900318823
late_pre_response,RT_ms,hidden,4,hidden_24,-5.027462959289551,215.44346900318823
late_pre_response,RT_ms,hidden,4,hidden_25,10.419684410095215,215.44346900318823
late_pre_response,RT_ms,hidden,4,hidden_26,17.23504638671875,215.44346900318823
late_pre_response,RT_ms,hidden,4,hidden_27,-7.373730659484863,215.44346900318823
late_pre_response,RT_ms,hidden,4,hidden_28,7.201213836669922,215.44346900318823
late_pre_response,RT_ms,hidden,4,hidden_29,1.1002147197723389,215.44346900318823
late_pre_response,RT_ms,hidden,4,hidden_30,-20.891664505004883,215.44346900318823
late_pre_response,RT_ms,hidden,4,hidden_31,-15.332489013671875,215.44346900318823
late_pre_response,RT_ms,hidden,5,hidden_00,62.66714096069336,10.0
late_pre_response,RT_ms,hidden,5,hidden_01,-8.280102729797363,10.0
late_pre_response,RT_ms,hidden,5,hidden_02,-26.892742156982422,10.0
late_pre_response,RT_ms,hidden,5,hidden_03,64.8455810546875,10.0
late_pre_response,RT_ms,hidden,5,hidden_04,-2.762590169906616,10.0
late_pre_response,RT_ms,hidden,5,hidden_05,-3.0690407752990723,10.0
late_pre_response,RT_ms,hidden,5,hidden_06,-31.506484985351562,10.0
late_pre_response,RT_ms,hidden,5,hidden_07,58.26679992675781,10.0
late_pre_response,RT_ms,hidden,5,hidden_08,2.3882503509521484,10.0
late_pre_response,RT_ms,hidden,5,hidden_09,-10.187932968139648,10.0
late_pre_response,RT_ms,hidden,5,hidden_10,-11.110282897949219,10.0
late_pre_response,RT_ms,hidden,5,hidden_11,-43.46791458129883,10.0
late_pre_response,RT_ms,hidden,5,hidden_12,27.928754806518555,10.0
late_pre_response,RT_ms,hidden,5,hidden_13,76.24652862548828,10.0
late_pre_response,RT_ms,hidden,5,hidden_14,-36.51126480102539,10.0
late_pre_response,RT_ms,hidden,5,hidden_15,1.576250433921814,10.0
late_pre_response,RT_ms,hidden,5,hidden_16,-4.624006271362305,10.0
late_pre_response,RT_ms,hidden,5,hidden_17,24.05411720275879,10.0
late_pre_response,RT_ms,hidden,5,hidden_18,34.71049880981445,10.0
late_pre_response,RT_ms,hidden,5,hidden_19,-2.027329206466675,10.0
late_pre_response,RT_ms,hidden,5,hidden_20,27.633913040161133,10.0
late_pre_response,RT_ms,hidden,5,hidden_21,-28.835554122924805,10.0
late_pre_response,RT_ms,hidden,5,hidden_22,-4.823646068572998,10.0
late_pre_response,RT_ms,hidden,5,hidden_23,18.07222557067871,10.0
late_pre_response,RT_ms,hidden,5,hidden_24,7.252574920654297,10.0
late_pre_response,RT_ms,hidden,5,hidden_25,10.724059104919434,10.0
late_pre_response,RT_ms,hidden,5,hidden_26,75.93984985351562,10.0
late_pre_response,RT_ms,hidden,5,hidden_27,-22.825185775756836,10.0
late_pre_response,RT_ms,hidden,5,hidden_28,11.528847694396973,10.0
late_pre_response,RT_ms,hidden,5,hidden_29,-2.76216983795166,10.0
late_pre_response,RT_ms,hidden,5,hidden_30,-23.42513084411621,10.0
late_pre_response,RT_ms,hidden,5,hidden_31,-6.926881313323975,10.0
late_pre_response,RT_ms,baseline_plus_hidden,1,hidden_00,36.09123707912899,100.0
late_pre_response,RT_ms,baseline_plus_hidden,1,hidden_01,-28.367596346733993,100.0
late_pre_response,RT_ms,baseline_plus_hidden,1,hidden_02,-7.465809384479461,100.0
late_pre_response,RT_ms,baseline_plus_hidden,1,hidden_03,24.25320681752407,100.0
late_pre_response,RT_ms,baseline_plus_hidden,1,hidden_04,-2.3481396565491703,100.0
late_pre_response,RT_ms,baseline_plus_hidden,1,hidden_05,-0.47926717876165753,100.0
late_pre_response,RT_ms,baseline_plus_hidden,1,hidden_06,-1.1142441799415728,100.0
late_pre_response,RT_ms,baseline_plus_hidden,1,hidden_07,22.876512063680973,100.0
late_pre_response,RT_ms,baseline_plus_hidden,1,hidden_08,-3.0658146389099126,100.0
late_pre_response,RT_ms,baseline_plus_hidden,1,hidden_09,1.023707300484344,100.0
late_pre_response,RT_ms,baseline_plus_hidden,1,hidden_10,-2.6532196066755644,100.0
late_pre_response,RT_ms,baseline_plus_hidden,1,hidden_11,-24.676743964193868,100.0
late_pre_response,RT_ms,baseline_plus_hidden,1,hidden_12,17.091015307818314,100.0
late_pre_response,RT_ms,baseline_plus_hidden,1,hidden_13,36.1350953800796,100.0
late_pre_response,RT_ms,baseline_plus_hidden,1,hidden_14,-14.493067679169158,100.0
late_pre_response,RT_ms,baseline_plus_hidden,1,hidden_15,-0.5344657995545528,100.0
late_pre_response,RT_ms,baseline_plus_hidden,1,hidden_16,5.240476433746424,100.0
late_pre_response,RT_ms,baseline_plus_hidden,1,hidden_17,7.68350546870871,100.0
late_pre_response,RT_ms,baseline_plus_hidden,1,hidden_18,21.737293339041777,100.0
late_pre_response,RT_ms,baseline_plus_hidden,1,hidden_19,3.5394407434629938,100.0
late_pre_response,RT_ms,baseline_plus_hidden,1,hidden_20,13.832164599177528,100.0
late_pre_response,RT_ms,baseline_plus_hidden,1,hidden_21,1.0368207680177306,100.0
late_pre_response,RT_ms,baseline_plus_hidden,1,hidden_22,8.99006062712762,100.0
late_pre_response,RT_ms,baseline_plus_hidden,1,hidden_23,1.2043549115393262,100.0
late_pre_response,RT_ms,baseline_plus_hidden,1,hidden_24,0.6268228847032757,100.0
late_pre_response,RT_ms,baseline_plus_hidden,1,hidden_25,15.257754464451825,100.0
late_pre_response,RT_ms,baseline_plus_hidden,1,hidden_26,17.750514980034996,100.0
late_pre_response,RT_ms,baseline_plus_hidden,1,hidden_27,-19.579461895475678,100.0
late_pre_response,RT_ms,baseline_plus_hidden,1,hidden_28,9.13226954707277,100.0
late_pre_response,RT_ms,baseline_plus_hidden,1,hidden_29,6.116177263652868,100.0
late_pre_response,RT_ms,baseline_plus_hidden,1,hidden_30,-12.486890812532902,100.0
late_pre_response,RT_ms,baseline_plus_hidden,1,hidden_31,-10.227232679072522,100.0
late_pre_response,RT_ms,baseline_plus_hidden,2,hidden_00,32.6916420186797,100.0
late_pre_response,RT_ms,baseline_plus_hidden,2,hidden_01,-18.182289912365263,100.0
late_pre_response,RT_ms,baseline_plus_hidden,2,hidden_02,-5.522065262573729,100.0
late_pre_response,RT_ms,baseline_plus_hidden,2,hidden_03,30.605887354027757,100.0
late_pre_response,RT_ms,baseline_plus_hidden,2,hidden_04,-4.595951632097764,100.0
late_pre_response,RT_ms,baseline_plus_hidden,2,hidden_05,-3.7160472035512946,100.0
late_pre_response,RT_ms,baseline_plus_hidden,2,hidden_06,7.148759800045121,100.0
late_pre_response,RT_ms,baseline_plus_hidden,2,hidden_07,19.45879107012559,100.0
late_pre_response,RT_ms,baseline_plus_hidden,2,hidden_08,-4.822584154836829,100.0
late_pre_response,RT_ms,baseline_plus_hidden,2,hidden_09,-2.768337170438473,100.0
late_pre_response,RT_ms,baseline_plus_hidden,2,hidden_10,-4.409459365275625,100.0
late_pre_response,RT_ms,baseline_plus_hidden,2,hidden_11,-23.175806041492542,100.0
late_pre_response,RT_ms,baseline_plus_hidden,2,hidden_12,12.929531118535525,100.0
late_pre_response,RT_ms,baseline_plus_hidden,2,hidden_13,36.989990133263085,100.0
late_pre_response,RT_ms,baseline_plus_hidden,2,hidden_14,-12.710690744035299,100.0
late_pre_response,RT_ms,baseline_plus_hidden,2,hidden_15,3.9093016132543257,100.0
late_pre_response,RT_ms,baseline_plus_hidden,2,hidden_16,3.5976980884312155,100.0
late_pre_response,RT_ms,baseline_plus_hidden,2,hidden_17,2.7680310471587717,100.0
late_pre_response,RT_ms,baseline_plus_hidden,2,hidden_18,13.872512547571281,100.0
late_pre_response,RT_ms,baseline_plus_hidden,2,hidden_19,7.099785065111973,100.0
late_pre_response,RT_ms,baseline_plus_hidden,2,hidden_20,4.714185447725243,100.0
late_pre_response,RT_ms,baseline_plus_hidden,2,hidden_21,0.40634215736134366,100.0
late_pre_response,RT_ms,baseline_plus_hidden,2,hidden_22,7.274610008573545,100.0
late_pre_response,RT_ms,baseline_plus_hidden,2,hidden_23,-0.24893616152201484,100.0
late_pre_response,RT_ms,baseline_plus_hidden,2,hidden_24,-2.2734963959685217,100.0
late_pre_response,RT_ms,baseline_plus_hidden,2,hidden_25,8.932280203007501,100.0
late_pre_response,RT_ms,baseline_plus_hidden,2,hidden_26,13.593662620935918,100.0
late_pre_response,RT_ms,baseline_plus_hidden,2,hidden_27,-14.529169204056473,100.0
late_pre_response,RT_ms,baseline_plus_hidden,2,hidden_28,3.003839548923346,100.0
late_pre_response,RT_ms,baseline_plus_hidden,2,hidden_29,2.0454155253641546,100.0
late_pre_response,RT_ms,baseline_plus_hidden,2,hidden_30,-8.119772690637122,100.0
late_pre_response,RT_ms,baseline_plus_hidden,2,hidden_31,-3.666469558490177,100.0
late_pre_response,RT_ms,baseline_plus_hidden,3,hidden_00,12.27218533907131,1000.0
late_pre_response,RT_ms,baseline_plus_hidden,3,hidden_01,-7.760378445270377,1000.0
late_pre_response,RT_ms,baseline_plus_hidden,3,hidden_02,-3.6394288430243735,1000.0
late_pre_response,RT_ms,baseline_plus_hidden,3,hidden_03,9.911837901266148,1000.0
late_pre_response,RT_ms,baseline_plus_hidden,3,hidden_04,-2.026838804230375,1000.0
late_pre_response,RT_ms,baseline_plus_hidden,3,hidden_05,-0.9242789103646216,1000.0
late_pre_response,RT_ms,baseline_plus_hidden,3,hidden_06,3.5499614132753083,1000.0
late_pre_response,RT_ms,baseline_plus_hidden,3,hidden_07,5.895788794036125,1000.0
late_pre_response,RT_ms,baseline_plus_hidden,3,hidden_08,-1.6626129344397245,1000.0
late_pre_response,RT_ms,baseline_plus_hidden,3,hidden_09,3.63387671081314,1000.0
late_pre_response,RT_ms,baseline_plus_hidden,3,hidden_10,3.1461170437353347,1000.0
late_pre_response,RT_ms,baseline_plus_hidden,3,hidden_11,-3.030078925631356,1000.0
late_pre_response,RT_ms,baseline_plus_hidden,3,hidden_12,11.184272457333691,1000.0
late_pre_response,RT_ms,baseline_plus_hidden,3,hidden_13,8.173569708670922,1000.0
late_pre_response,RT_ms,baseline_plus_hidden,3,hidden_14,-6.934678943128017,1000.0
late_pre_response,RT_ms,baseline_plus_hidden,3,hidden_15,6.516290520326422,1000.0
late_pre_response,RT_ms,baseline_plus_hidden,3,hidden_16,4.341207902869999,1000.0
late_pre_response,RT_ms,baseline_plus_hidden,3,hidden_17,-2.6655112821123126,1000.0
late_pre_response,RT_ms,baseline_plus_hidden,3,hidden_18,6.307478797440546,1000.0
late_pre_response,RT_ms,baseline_plus_hidden,3,hidden_19,2.465255461852065,1000.0
late_pre_response,RT_ms,baseline_plus_hidden,3,hidden_20,6.260452184761612,1000.0
late_pre_response,RT_ms,baseline_plus_hidden,3,hidden_21,4.375342998095722,1000.0
late_pre_response,RT_ms,baseline_plus_hidden,3,hidden_22,3.8403541037708213,1000.0
late_pre_response,RT_ms,baseline_plus_hidden,3,hidden_23,-0.0789751031585332,1000.0
late_pre_response,RT_ms,baseline_plus_hidden,3,hidden_24,-0.40175155767644644,1000.0
late_pre_response,RT_ms,baseline_plus_hidden,3,hidden_25,2.5308173160849683,1000.0
late_pre_response,RT_ms,baseline_plus_hidden,3,hidden_26,4.206486607025909,1000.0
late_pre_response,RT_ms,baseline_plus_hidden,3,hidden_27,-2.321652687734846,1000.0
late_pre_response,RT_ms,baseline_plus_hidden,3,hidden_28,-3.2945763270899207,1000.0
late_pre_response,RT_ms,baseline_plus_hidden,3,hidden_29,2.638513304032889,1000.0
late_pre_response,RT_ms,baseline_plus_hidden,3,hidden_30,-3.8144825708895036,1000.0
late_pre_response,RT_ms,baseline_plus_hidden,3,hidden_31,-7.37349309925358,1000.0
late_pre_response,RT_ms,baseline_plus_hidden,4,hidden_00,12.65751501757654,1000.0
late_pre_response,RT_ms,baseline_plus_hidden,4,hidden_01,-8.391619105104468,1000.0
late_pre_response,RT_ms,baseline_plus_hidden,4,hidden_02,-3.6538398534156986,1000.0
late_pre_response,RT_ms,baseline_plus_hidden,4,hidden_03,10.194386165319772,1000.0
late_pre_response,RT_ms,baseline_plus_hidden,4,hidden_04,-2.214763650587526,1000.0
late_pre_response,RT_ms,baseline_plus_hidden,4,hidden_05,-0.3522548480305749,1000.0
late_pre_response,RT_ms,baseline_plus_hidden,4,hidden_06,3.764125322204848,1000.0
late_pre_response,RT_ms,baseline_plus_hidden,4,hidden_07,5.484256526919533,1000.0
late_pre_response,RT_ms,baseline_plus_hidden,4,hidden_08,-2.912326492729892,1000.0
late_pre_response,RT_ms,baseline_plus_hidden,4,hidden_09,4.338450332278659,1000.0
late_pre_response,RT_ms,baseline_plus_hidden,4,hidden_10,1.9852859069326219,1000.0
late_pre_response,RT_ms,baseline_plus_hidden,4,hidden_11,-5.615208653618531,1000.0
late_pre_response,RT_ms,baseline_plus_hidden,4,hidden_12,13.24589147772671,1000.0
late_pre_response,RT_ms,baseline_plus_hidden,4,hidden_13,8.862514406638638,1000.0
late_pre_response,RT_ms,baseline_plus_hidden,4,hidden_14,-7.036460281487126,1000.0
late_pre_response,RT_ms,baseline_plus_hidden,4,hidden_15,2.997035079619734,1000.0
late_pre_response,RT_ms,baseline_plus_hidden,4,hidden_16,4.455515231895975,1000.0
late_pre_response,RT_ms,baseline_plus_hidden,4,hidden_17,-2.306895107940404,1000.0
late_pre_response,RT_ms,baseline_plus_hidden,4,hidden_18,7.97651440842983,1000.0
late_pre_response,RT_ms,baseline_plus_hidden,4,hidden_19,1.558214065547771,1000.0
late_pre_response,RT_ms,baseline_plus_hidden,4,hidden_20,6.605573651265627,1000.0
late_pre_response,RT_ms,baseline_plus_hidden,4,hidden_21,4.878613939823663,1000.0
late_pre_response,RT_ms,baseline_plus_hidden,4,hidden_22,2.896736190381653,1000.0
late_pre_response,RT_ms,baseline_plus_hidden,4,hidden_23,1.960550726519465,1000.0
late_pre_response,RT_ms,baseline_plus_hidden,4,hidden_24,-1.259050759488822,1000.0
late_pre_response,RT_ms,baseline_plus_hidden,4,hidden_25,5.445418010462473,1000.0
late_pre_response,RT_ms,baseline_plus_hidden,4,hidden_26,4.553654808913235,1000.0
late_pre_response,RT_ms,baseline_plus_hidden,4,hidden_27,-1.0292160038320854,1000.0
late_pre_response,RT_ms,baseline_plus_hidden,4,hidden_28,2.104969637121422,1000.0
late_pre_response,RT_ms,baseline_plus_hidden,4,hidden_29,3.4120085552023087,1000.0
late_pre_response,RT_ms,baseline_plus_hidden,4,hidden_30,-4.964213672628525,1000.0
late_pre_response,RT_ms,baseline_plus_hidden,4,hidden_31,-8.185429446591794,1000.0
late_pre_response,RT_ms,baseline_plus_hidden,5,hidden_00,12.819738883360099,1000.0
late_pre_response,RT_ms,baseline_plus_hidden,5,hidden_01,-8.921477177624519,1000.0
late_pre_response,RT_ms,baseline_plus_hidden,5,hidden_02,-2.9062591242680593,1000.0
late_pre_response,RT_ms,baseline_plus_hidden,5,hidden_03,10.202405995128919,1000.0
late_pre_response,RT_ms,baseline_plus_hidden,5,hidden_04,-2.8774523751260364,1000.0
late_pre_response,RT_ms,baseline_plus_hidden,5,hidden_05,-2.469237690826266,1000.0
late_pre_response,RT_ms,baseline_plus_hidden,5,hidden_06,2.8680848629027493,1000.0
late_pre_response,RT_ms,baseline_plus_hidden,5,hidden_07,6.979546087788299,1000.0
late_pre_response,RT_ms,baseline_plus_hidden,5,hidden_08,0.6854626639555321,1000.0
late_pre_response,RT_ms,baseline_plus_hidden,5,hidden_09,4.263067929141818,1000.0
late_pre_response,RT_ms,baseline_plus_hidden,5,hidden_10,5.083909922910459,1000.0
late_pre_response,RT_ms,baseline_plus_hidden,5,hidden_11,-4.658926481976691,1000.0
late_pre_response,RT_ms,baseline_plus_hidden,5,hidden_12,14.534846874926687,1000.0
late_pre_response,RT_ms,baseline_plus_hidden,5,hidden_13,8.380923520899882,1000.0
late_pre_response,RT_ms,baseline_plus_hidden,5,hidden_14,-7.462832529028746,1000.0
late_pre_response,RT_ms,baseline_plus_hidden,5,hidden_15,2.801378846529713,1000.0
late_pre_response,RT_ms,baseline_plus_hidden,5,hidden_16,5.5721786750749365,1000.0
late_pre_response,RT_ms,baseline_plus_hidden,5,hidden_17,-2.275025164534146,1000.0
late_pre_response,RT_ms,baseline_plus_hidden,5,hidden_18,7.525849606784355,1000.0
late_pre_response,RT_ms,baseline_plus_hidden,5,hidden_19,3.145341465481393,1000.0
late_pre_response,RT_ms,baseline_plus_hidden,5,hidden_20,3.221094017361364,1000.0
late_pre_response,RT_ms,baseline_plus_hidden,5,hidden_21,4.364441301671475,1000.0
late_pre_response,RT_ms,baseline_plus_hidden,5,hidden_22,-1.1765916380141206,1000.0
late_pre_response,RT_ms,baseline_plus_hidden,5,hidden_23,5.181200927958537,1000.0
late_pre_response,RT_ms,baseline_plus_hidden,5,hidden_24,-0.004200072191489664,1000.0
late_pre_response,RT_ms,baseline_plus_hidden,5,hidden_25,4.788668776766174,1000.0
late_pre_response,RT_ms,baseline_plus_hidden,5,hidden_26,5.132195444490784,1000.0
late_pre_response,RT_ms,baseline_plus_hidden,5,hidden_27,-2.7658033531317083,1000.0
late_pre_response,RT_ms,baseline_plus_hidden,5,hidden_28,-1.134015048743729,1000.0
late_pre_response,RT_ms,baseline_plus_hidden,5,hidden_29,4.935325829921882,1000.0
late_pre_response,RT_ms,baseline_plus_hidden,5,hidden_30,-3.616984861513297,1000.0
late_pre_response,RT_ms,baseline_plus_hidden,5,hidden_31,-5.7955237065050795,1000.0
late_pre_response,RT_ms,baseline_plus_shuffled_hidden,1,shuffled_hidden_00,-2.4644899265884868,1000.0
late_pre_response,RT_ms,baseline_plus_shuffled_hidden,1,shuffled_hidden_01,0.683324756760506,1000.0
late_pre_response,RT_ms,baseline_plus_shuffled_hidden,1,shuffled_hidden_02,-1.0548303585698846,1000.0
late_pre_response,RT_ms,baseline_plus_shuffled_hidden,1,shuffled_hidden_03,3.8681411138598225,1000.0
late_pre_response,RT_ms,baseline_plus_shuffled_hidden,1,shuffled_hidden_04,0.4011638481637746,1000.0
late_pre_response,RT_ms,baseline_plus_shuffled_hidden,1,shuffled_hidden_05,0.15861738957535218,1000.0
late_pre_response,RT_ms,baseline_plus_shuffled_hidden,1,shuffled_hidden_06,2.9207287532090858,1000.0
late_pre_response,RT_ms,baseline_plus_shuffled_hidden,1,shuffled_hidden_07,-2.038231246603984,1000.0
late_pre_response,RT_ms,baseline_plus_shuffled_hidden,1,shuffled_hidden_08,0.584111162349353,1000.0
late_pre_response,RT_ms,baseline_plus_shuffled_hidden,1,shuffled_hidden_09,-0.9771924965793465,1000.0
late_pre_response,RT_ms,baseline_plus_shuffled_hidden,1,shuffled_hidden_10,-1.615104589161482,1000.0
late_pre_response,RT_ms,baseline_plus_shuffled_hidden,1,shuffled_hidden_11,-0.9091624528950486,1000.0
late_pre_response,RT_ms,baseline_plus_shuffled_hidden,1,shuffled_hidden_12,-1.822389348576941,1000.0
late_pre_response,RT_ms,baseline_plus_shuffled_hidden,1,shuffled_hidden_13,-1.3131127799500684,1000.0
late_pre_response,RT_ms,baseline_plus_shuffled_hidden,1,shuffled_hidden_14,0.4183996432630029,1000.0
late_pre_response,RT_ms,baseline_plus_shuffled_hidden,1,shuffled_hidden_15,4.873270852612687,1000.0
late_pre_response,RT_ms,baseline_plus_shuffled_hidden,1,shuffled_hidden_16,6.945594677022374,1000.0
late_pre_response,RT_ms,baseline_plus_shuffled_hidden,1,shuffled_hidden_17,0.6429096306542784,1000.0
late_pre_response,RT_ms,baseline_plus_shuffled_hidden,1,shuffled_hidden_18,0.9246168829172644,1000.0
late_pre_response,RT_ms,baseline_plus_shuffled_hidden,1,shuffled_hidden_19,3.044965119786901,1000.0
late_pre_response,RT_ms,baseline_plus_shuffled_hidden,1,shuffled_hidden_20,1.5667438309107915,1000.0
late_pre_response,RT_ms,baseline_plus_shuffled_hidden,1,shuffled_hidden_21,-0.1120633869857807,1000.0
late_pre_response,RT_ms,baseline_plus_shuffled_hidden,1,shuffled_hidden_22,4.095988698509323,1000.0
late_pre_response,RT_ms,baseline_plus_shuffled_hidden,1,shuffled_hidden_23,4.843051408384287,1000.0
late_pre_response,RT_ms,baseline_plus_shuffled_hidden,1,shuffled_hidden_24,2.026625507091943,1000.0
late_pre_response,RT_ms,baseline_plus_shuffled_hidden,1,shuffled_hidden_25,0.5406611739742835,1000.0
late_pre_response,RT_ms,baseline_plus_shuffled_hidden,1,shuffled_hidden_26,-3.5454242401422276,1000.0
late_pre_response,RT_ms,baseline_plus_shuffled_hidden,1,shuffled_hidden_27,0.18875824157602408,1000.0
late_pre_response,RT_ms,baseline_plus_shuffled_hidden,1,shuffled_hidden_28,-1.0514744082070238,1000.0
late_pre_response,RT_ms,baseline_plus_shuffled_hidden,1,shuffled_hidden_29,-2.2954269908096254,1000.0
late_pre_response,RT_ms,baseline_plus_shuffled_hidden,1,shuffled_hidden_30,2.872518808622767,1000.0
late_pre_response,RT_ms,baseline_plus_shuffled_hidden,1,shuffled_hidden_31,2.992164418765875,1000.0
late_pre_response,RT_ms,baseline_plus_shuffled_hidden,2,shuffled_hidden_00,-2.279750248561054,1000.0
late_pre_response,RT_ms,baseline_plus_shuffled_hidden,2,shuffled_hidden_01,-0.30856587477844416,1000.0
late_pre_response,RT_ms,baseline_plus_shuffled_hidden,2,shuffled_hidden_02,-0.5083570048498112,1000.0
late_pre_response,RT_ms,baseline_plus_shuffled_hidden,2,shuffled_hidden_03,2.555761819527658,1000.0
late_pre_response,RT_ms,baseline_plus_shuffled_hidden,2,shuffled_hidden_04,-1.2216566295592668,1000.0
late_pre_response,RT_ms,baseline_plus_shuffled_hidden,2,shuffled_hidden_05,1.1446646640819966,1000.0
late_pre_response,RT_ms,baseline_plus_shuffled_hidden,2,shuffled_hidden_06,0.5072026819634269,1000.0
late_pre_response,RT_ms,baseline_plus_shuffled_hidden,2,shuffled_hidden_07,-2.585562716521944,1000.0
late_pre_response,RT_ms,baseline_plus_shuffled_hidden,2,shuffled_hidden_08,-1.9365962634370328,1000.0
late_pre_response,RT_ms,baseline_plus_shuffled_hidden,2,shuffled_hidden_09,-0.21898190194676329,1000.0
late_pre_response,RT_ms,baseline_plus_shuffled_hidden,2,shuffled_hidden_10,0.5779514637488486,1000.0
late_pre_response,RT_ms,baseline_plus_shuffled_hidden,2,shuffled_hidden_11,0.3173010260061556,1000.0
late_pre_response,RT_ms,baseline_plus_shuffled_hidden,2,shuffled_hidden_12,-0.7101511796752096,1000.0
late_pre_response,RT_ms,baseline_plus_shuffled_hidden,2,shuffled_hidden_13,-1.645647665270713,1000.0
late_pre_response,RT_ms,baseline_plus_shuffled_hidden,2,shuffled_hidden_14,0.8738845039051913,1000.0
late_pre_response,RT_ms,baseline_plus_shuffled_hidden,2,shuffled_hidden_15,1.9574610019948044,1000.0
late_pre_response,RT_ms,baseline_plus_shuffled_hidden,2,shuffled_hidden_16,4.781816572689901,1000.0
late_pre_response,RT_ms,baseline_plus_shuffled_hidden,2,shuffled_hidden_17,0.14935510133094296,1000.0
late_pre_response,RT_ms,baseline_plus_shuffled_hidden,2,shuffled_hidden_18,1.0098022138909006,1000.0
late_pre_response,RT_ms,baseline_plus_shuffled_hidden,2,shuffled_hidden_19,4.1985775683334134,1000.0
late_pre_response,RT_ms,baseline_plus_shuffled_hidden,2,shuffled_hidden_20,-1.4340221030154474,1000.0
late_pre_response,RT_ms,baseline_plus_shuffled_hidden,2,shuffled_hidden_21,-1.933953613340884,1000.0
late_pre_response,RT_ms,baseline_plus_shuffled_hidden,2,shuffled_hidden_22,3.7347396849207017,1000.0
late_pre_response,RT_ms,baseline_plus_shuffled_hidden,2,shuffled_hidden_23,-0.9580143968183695,1000.0
late_pre_response,RT_ms,baseline_plus_shuffled_hidden,2,shuffled_hidden_24,2.9679734423572905,1000.0
late_pre_response,RT_ms,baseline_plus_shuffled_hidden,2,shuffled_hidden_25,-0.25552409171760915,1000.0
late_pre_response,RT_ms,baseline_plus_shuffled_hidden,2,shuffled_hidden_26,-2.2229149051967743,1000.0
late_pre_response,RT_ms,baseline_plus_shuffled_hidden,2,shuffled_hidden_27,-0.8248119274864811,1000.0
late_pre_response,RT_ms,baseline_plus_shuffled_hidden,2,shuffled_hidden_28,2.0805838542858988,1000.0
late_pre_response,RT_ms,baseline_plus_shuffled_hidden,2,shuffled_hidden_29,1.1035890365835603,1000.0
late_pre_response,RT_ms,baseline_plus_shuffled_hidden,2,shuffled_hidden_30,3.5724799198583264,1000.0
late_pre_response,RT_ms,baseline_plus_shuffled_hidden,2,shuffled_hidden_31,4.615402282196233,1000.0
late_pre_response,RT_ms,baseline_plus_shuffled_hidden,3,shuffled_hidden_00,-0.21921720711542578,2154.4346900318824
late_pre_response,RT_ms,baseline_plus_shuffled_hidden,3,shuffled_hidden_01,-2.244526957977627,2154.4346900318824
late_pre_response,RT_ms,baseline_plus_shuffled_hidden,3,shuffled_hidden_02,-0.870294381249317,2154.4346900318824
late_pre_response,RT_ms,baseline_plus_shuffled_hidden,3,shuffled_hidden_03,2.147467988320175,2154.4346900318824
late_pre_response,RT_ms,baseline_plus_shuffled_hidden,3,shuffled_hidden_04,1.0209860367218018,2154.4346900318824
late_pre_response,RT_ms,baseline_plus_shuffled_hidden,3,shuffled_hidden_05,1.601248914467768,2154.4346900318824
late_pre_response,RT_ms,baseline_plus_shuffled_hidden,3,shuffled_hidden_06,0.9820483491106485,2154.4346900318824
late_pre_response,RT_ms,baseline_plus_shuffled_hidden,3,shuffled_hidden_07,-1.851278541381032,2154.4346900318824
late_pre_response,RT_ms,baseline_plus_shuffled_hidden,3,shuffled_hidden_08,1.314090653827227,2154.4346900318824
late_pre_response,RT_ms,baseline_plus_shuffled_hidden,3,shuffled_hidden_09,0.2090970478199422,2154.4346900318824
late_pre_response,RT_ms,baseline_plus_shuffled_hidden,3,shuffled_hidden_10,-1.4717099118039638,2154.4346900318824
late_pre_response,RT_ms,baseline_plus_shuffled_hidden,3,shuffled_hidden_11,-0.7333470438883883,2154.4346900318824
late_pre_response,RT_ms,baseline_plus_shuffled_hidden,3,shuffled_hidden_12,-0.6387766326857565,2154.4346900318824
late_pre_response,RT_ms,baseline_plus_shuffled_hidden,3,shuffled_hidden_13,-1.9062242963610476,2154.4346900318824
late_pre_response,RT_ms,baseline_plus_shuffled_hidden,3,shuffled_hidden_14,0.535581160076948,2154.4346900318824
late_pre_response,RT_ms,baseline_plus_shuffled_hidden,3,shuffled_hidden_15,4.061960424325469,2154.4346900318824
late_pre_response,RT_ms,baseline_plus_shuffled_hidden,3,shuffled_hidden_16,2.7386962088176254,2154.4346900318824
late_pre_response,RT_ms,baseline_plus_shuffled_hidden,3,shuffled_hidden_17,1.3891213506351239,2154.4346900318824
late_pre_response,RT_ms,baseline_plus_shuffled_hidden,3,shuffled_hidden_18,-0.981522314936478,2154.4346900318824
late_pre_response,RT_ms,baseline_plus_shuffled_hidden,3,shuffled_hidden_19,2.5543178715243067,2154.4346900318824
late_pre_response,RT_ms,baseline_plus_shuffled_hidden,3,shuffled_hidden_20,0.26543293235525006,2154.4346900318824
late_pre_response,RT_ms,baseline_plus_shuffled_hidden,3,shuffled_hidden_21,-2.3423514075602174,2154.4346900318824
late_pre_response,RT_ms,baseline_plus_shuffled_hidden,3,shuffled_hidden_22,1.6888384265362304,2154.4346900318824
late_pre_response,RT_ms,baseline_plus_shuffled_hidden,3,shuffled_hidden_23,0.528951102025619,2154.4346900318824
late_pre_response,RT_ms,baseline_plus_shuffled_hidden,3,shuffled_hidden_24,-0.0981817290882406,2154.4346900318824
late_pre_response,RT_ms,baseline_plus_shuffled_hidden,3,shuffled_hidden_25,1.2022879248501193,2154.4346900318824
late_pre_response,RT_ms,baseline_plus_shuffled_hidden,3,shuffled_hidden_26,-2.1966463342642144,2154.4346900318824
late_pre_response,RT_ms,baseline_plus_shuffled_hidden,3,shuffled_hidden_27,2.309212483556405,2154.4346900318824
late_pre_response,RT_ms,baseline_plus_shuffled_hidden,3,shuffled_hidden_28,2.339128701655705,2154.4346900318824
late_pre_response,RT_ms,baseline_plus_shuffled_hidden,3,shuffled_hidden_29,0.6645152714211526,2154.4346900318824
late_pre_response,RT_ms,baseline_plus_shuffled_hidden,3,shuffled_hidden_30,1.9442287213520728,2154.4346900318824
late_pre_response,RT_ms,baseline_plus_shuffled_hidden,3,shuffled_hidden_31,1.1634270436178944,2154.4346900318824
late_pre_response,RT_ms,baseline_plus_shuffled_hidden,4,shuffled_hidden_00,-1.2664155987230905,1000.0
late_pre_response,RT_ms,baseline_plus_shuffled_hidden,4,shuffled_hidden_01,-2.2704576805779215,1000.0
late_pre_response,RT_ms,baseline_plus_shuffled_hidden,4,shuffled_hidden_02,-1.6670213317855864,1000.0
late_pre_response,RT_ms,baseline_plus_shuffled_hidden,4,shuffled_hidden_03,4.2100188947568915,1000.0
late_pre_response,RT_ms,baseline_plus_shuffled_hidden,4,shuffled_hidden_04,1.651140862995938,1000.0
late_pre_response,RT_ms,baseline_plus_shuffled_hidden,4,shuffled_hidden_05,2.4371171732656314,1000.0
late_pre_response,RT_ms,baseline_plus_shuffled_hidden,4,shuffled_hidden_06,2.057130435964115,1000.0
late_pre_response,RT_ms,baseline_plus_shuffled_hidden,4,shuffled_hidden_07,-0.6318244038571718,1000.0
late_pre_response,RT_ms,baseline_plus_shuffled_hidden,4,shuffled_hidden_08,4.0047058792317145,1000.0
late_pre_response,RT_ms,baseline_plus_shuffled_hidden,4,shuffled_hidden_09,-0.0004128162597811257,1000.0
late_pre_response,RT_ms,baseline_plus_shuffled_hidden,4,shuffled_hidden_10,-0.9607594891244914,1000.0
late_pre_response,RT_ms,baseline_plus_shuffled_hidden,4,shuffled_hidden_11,-0.8272854084159152,1000.0
late_pre_response,RT_ms,baseline_plus_shuffled_hidden,4,shuffled_hidden_12,-1.1353987873342435,1000.0
late_pre_response,RT_ms,baseline_plus_shuffled_hidden,4,shuffled_hidden_13,-1.713147129787636,1000.0
late_pre_response,RT_ms,baseline_plus_shuffled_hidden,4,shuffled_hidden_14,1.3051944911927802,1000.0
late_pre_response,RT_ms,baseline_plus_shuffled_hidden,4,shuffled_hidden_15,4.183517815778385,1000.0
late_pre_response,RT_ms,baseline_plus_shuffled_hidden,4,shuffled_hidden_16,4.228233855642368,1000.0
late_pre_response,RT_ms,baseline_plus_shuffled_hidden,4,shuffled_hidden_17,0.01733218450487427,1000.0
late_pre_response,RT_ms,baseline_plus_shuffled_hidden,4,shuffled_hidden_18,2.6996986930884583,1000.0
late_pre_response,RT_ms,baseline_plus_shuffled_hidden,4,shuffled_hidden_19,4.340960799063022,1000.0
late_pre_response,RT_ms,baseline_plus_shuffled_hidden,4,shuffled_hidden_20,0.3649082915186772,1000.0
late_pre_response,RT_ms,baseline_plus_shuffled_hidden,4,shuffled_hidden_21,-3.7174760035610404,1000.0
late_pre_response,RT_ms,baseline_plus_shuffled_hidden,4,shuffled_hidden_22,2.5600660998448856,1000.0
late_pre_response,RT_ms,baseline_plus_shuffled_hidden,4,shuffled_hidden_23,-1.1689970210667138,1000.0
late_pre_response,RT_ms,baseline_plus_shuffled_hidden,4,shuffled_hidden_24,2.6324402690233186,1000.0
late_pre_response,RT_ms,baseline_plus_shuffled_hidden,4,shuffled_hidden_25,-1.9763656955292095,1000.0
late_pre_response,RT_ms,baseline_plus_shuffled_hidden,4,shuffled_hidden_26,-4.467848458316137,1000.0
late_pre_response,RT_ms,baseline_plus_shuffled_hidden,4,shuffled_hidden_27,1.622710083224573,1000.0
late_pre_response,RT_ms,baseline_plus_shuffled_hidden,4,shuffled_hidden_28,2.6084539708658956,1000.0
late_pre_response,RT_ms,baseline_plus_shuffled_hidden,4,shuffled_hidden_29,-1.0405336344174447,1000.0
late_pre_response,RT_ms,baseline_plus_shuffled_hidden,4,shuffled_hidden_30,5.709558936889222,1000.0
late_pre_response,RT_ms,baseline_plus_shuffled_hidden,4,shuffled_hidden_31,2.3302872944352226,1000.0
late_pre_response,RT_ms,baseline_plus_shuffled_hidden,5,shuffled_hidden_00,-1.326659954903828,2154.4346900318824
late_pre_response,RT_ms,baseline_plus_shuffled_hidden,5,shuffled_hidden_01,0.061213125749621136,2154.4346900318824
late_pre_response,RT_ms,baseline_plus_shuffled_hidden,5,shuffled_hidden_02,-0.17410672932737611,2154.4346900318824
late_pre_response,RT_ms,baseline_plus_shuffled_hidden,5,shuffled_hidden_03,0.8273293485934192,2154.4346900318824
late_pre_response,RT_ms,baseline_plus_shuffled_hidden,5,shuffled_hidden_04,0.027451293002432042,2154.4346900318824
late_pre_response,RT_ms,baseline_plus_shuffled_hidden,5,shuffled_hidden_05,0.15803252540502377,2154.4346900318824
late_pre_response,RT_ms,baseline_plus_shuffled_hidden,5,shuffled_hidden_06,0.8529466068987003,2154.4346900318824
late_pre_response,RT_ms,baseline_plus_shuffled_hidden,5,shuffled_hidden_07,0.8824777154611848,2154.4346900318824
late_pre_response,RT_ms,baseline_plus_shuffled_hidden,5,shuffled_hidden_08,0.2715327963255954,2154.4346900318824
late_pre_response,RT_ms,baseline_plus_shuffled_hidden,5,shuffled_hidden_09,-0.02335459965063783,2154.4346900318824
late_pre_response,RT_ms,baseline_plus_shuffled_hidden,5,shuffled_hidden_10,0.07462547535616038,2154.4346900318824
late_pre_response,RT_ms,baseline_plus_shuffled_hidden,5,shuffled_hidden_11,-0.4419318103748773,2154.4346900318824
late_pre_response,RT_ms,baseline_plus_shuffled_hidden,5,shuffled_hidden_12,-3.377672609109758,2154.4346900318824
late_pre_response,RT_ms,baseline_plus_shuffled_hidden,5,shuffled_hidden_13,-1.1161399565628207,2154.4346900318824
late_pre_response,RT_ms,baseline_plus_shuffled_hidden,5,shuffled_hidden_14,0.453939452338518,2154.4346900318824
late_pre_response,RT_ms,baseline_plus_shuffled_hidden,5,shuffled_hidden_15,4.027800807067633,2154.4346900318824
late_pre_response,RT_ms,baseline_plus_shuffled_hidden,5,shuffled_hidden_16,2.270311070756786,2154.4346900318824
late_pre_response,RT_ms,baseline_plus_shuffled_hidden,5,shuffled_hidden_17,-0.7353490084505805,2154.4346900318824
late_pre_response,RT_ms,baseline_plus_shuffled_hidden,5,shuffled_hidden_18,-0.01798481653741327,2154.4346900318824
late_pre_response,RT_ms,baseline_plus_shuffled_hidden,5,shuffled_hidden_19,0.9853887319016229,2154.4346900318824
late_pre_response,RT_ms,baseline_plus_shuffled_hidden,5,shuffled_hidden_20,0.8244463609594114,2154.4346900318824
late_pre_response,RT_ms,baseline_plus_shuffled_hidden,5,shuffled_hidden_21,-1.3406428914696946,2154.4346900318824
late_pre_response,RT_ms,baseline_plus_shuffled_hidden,5,shuffled_hidden_22,1.8665273514435425,2154.4346900318824
late_pre_response,RT_ms,baseline_plus_shuffled_hidden,5,shuffled_hidden_23,-0.508600670530065,2154.4346900318824
late_pre_response,RT_ms,baseline_plus_shuffled_hidden,5,shuffled_hidden_24,0.7027660695606373,2154.4346900318824
late_pre_response,RT_ms,baseline_plus_shuffled_hidden,5,shuffled_hidden_25,-0.9016695673426326,2154.4346900318824
late_pre_response,RT_ms,baseline_plus_shuffled_hidden,5,shuffled_hidden_26,-2.421629954811223,2154.4346900318824
late_pre_response,RT_ms,baseline_plus_shuffled_hidden,5,shuffled_hidden_27,0.9296856858729304,2154.4346900318824
late_pre_response,RT_ms,baseline_plus_shuffled_hidden,5,shuffled_hidden_28,2.9265378914373392,2154.4346900318824
late_pre_response,RT_ms,baseline_plus_shuffled_hidden,5,shuffled_hidden_29,0.014429932174139869,2154.4346900318824
late_pre_response,RT_ms,baseline_plus_shuffled_hidden,5,shuffled_hidden_30,2.2376560221741606,2154.4346900318824
late_pre_response,RT_ms,baseline_plus_shuffled_hidden,5,shuffled_hidden_31,1.3846980022842226,2154.4346900318824
