,probe_accuracy,probe_rt,probe_attribute,cue_dimensionality,probe_leftrightwin,cue_color,cue_direction,cue_size,cue_luminance,rt_is_not_outlier,subj_idx,stim_onset,stim_code,resp_onset_sample,subj_id
0,1.0,0.72165,1,2,2,1,1,1,1,True,sub-STSWD1117,33964,8,33964.0,sub-STSWD1117
1,1.0,0.82361,2,2,2,1,1,1,1,True,sub-STSWD1117,36396,8,36396.0,sub-STSWD1117
2,0.0,1.4884,2,2,1,1,1,1,1,True,sub-STSWD1117,41260,8,41260.0,sub-STSWD1117
3,0.0,0.92432,2,2,1,1,1,1,1,True,sub-STSWD1117,43692,8,43692.0,sub-STSWD1117
4,1.0,1.1923,1,2,1,1,1,1,1,True,sub-STSWD1117,46124,8,46124.0,sub-STSWD1117
5,1.0,1.2142,2,2,1,1,1,1,1,True,sub-STSWD1117,48556,8,48556.0,sub-STSWD1117
6,1.0,0.93956,1,2,2,1,1,1,1,True,sub-STSWD1117,50992,8,50992.0,sub-STSWD1117
7,1.0,0.61344,2,1,1,1,1,1,1,True,sub-STSWD1117,55472,8,55472.0,sub-STSWD1117
8,1.0,0.35636,2,1,2,1,1,1,1,True,sub-STSWD1117,57904,8,57904.0,sub-STSWD1117
9,1.0,0.55931,2,1,2,1,1,1,1,True,sub-STSWD1117,60336,8,60336.0,sub-STSWD1117
10,1.0,0.36126,2,1,2,1,1,1,1,True,sub-STSWD1117,62768,8,62768.0,sub-STSWD1117
11,1.0,0.53218,2,1,1,1,1,1,1,True,sub-STSWD1117,65200,8,65200.0,sub-STSWD1117
12,1.0,0.30308,2,1,2,1,1,1,1,True,sub-STSWD1117,67632,8,67632.0,sub-STSWD1117
13,1.0,0.37306,2,1,1,1,1,1,1,True,sub-STSWD1117,70064,8,70064.0,sub-STSWD1117
14,1.0,0.33796,2,1,2,1,1,1,1,True,sub-STSWD1117,72496,8,72496.0,sub-STSWD1117
15,1.0,1.2271,4,3,2,1,1,1,1,True,sub-STSWD1117,76976,8,76976.0,sub-STSWD1117
16,1.0,1.089,1,3,1,1,1,1,1,True,sub-STSWD1117,79407,8,79407.0,sub-STSWD1117
17,1.0,0.68574,1,3,2,1,1,1,1,True,sub-STSWD1117,81839,8,81839.0,sub-STSWD1117
18,0.0,1.1926,3,3,1,1,1,1,1,True,sub-STSWD1117,86703,8,86703.0,sub-STSWD1117
19,1.0,1.2944,4,3,1,1,1,1,1,True,sub-STSWD1117,91567,8,91567.0,sub-STSWD1117
20,1.0,0.64042,4,3,2,1,1,1,1,True,sub-STSWD1117,93999,8,93999.0,sub-STSWD1117
21,0.0,1.1713,2,4,1,1,1,1,1,True,sub-STSWD1117,98479,8,98479.0,sub-STSWD1117
22,1.0,1.0842,2,4,1,1,1,1,1,True,sub-STSWD1117,100911,8,100911.0,sub-STSWD1117
23,1.0,1.2052,2,4,1,1,1,1,1,True,sub-STSWD1117,103343,8,103343.0,sub-STSWD1117
24,,,3,4,2,1,1,1,1,True,sub-STSWD1117,105775,8,,sub-STSWD1117
25,0.0,0.976,3,4,1,1,1,1,1,True,sub-STSWD1117,108207,8,108207.0,sub-STSWD1117
26,1.0,0.94196,4,4,2,1,1,1,1,True,sub-STSWD1117,110639,8,110639.0,sub-STSWD1117
27,1.0,0.62813,1,4,2,1,1,1,1,True,sub-STSWD1117,113071,8,113071.0,sub-STSWD1117
28,1.0,1.0548,1,4,1,1,1,1,1,True,sub-STSWD1117,115503,8,115503.0,sub-STSWD1117
29,0.0,0.51561,1,3,1,1,1,1,1,True,sub-STSWD1117,119983,8,119983.0,sub-STSWD1117
30,1.0,1.2296,2,3,1,1,1,1,1,True,sub-STSWD1117,122415,8,122415.0,sub-STSWD1117
31,1.0,0.83454,1,3,2,1,1,1,1,True,sub-STSWD1117,124847,8,124847.0,sub-STSWD1117
32,1.0,0.82348,1,3,1,1,1,1,1,True,sub-STSWD1117,127279,8,127279.0,sub-STSWD1117
33,1.0,0.70839,1,3,1,1,1,1,1,True,sub-STSWD1117,129711,8,129711.0,sub-STSWD1117
34,1.0,0.79539,1,3,2,1,1,1,1,True,sub-STSWD1117,132143,8,132143.0,sub-STSWD1117
35,1.0,1.2483,2,3,1,1,1,1,1,True,sub-STSWD1117,134575,8,134575.0,sub-STSWD1117
36,1.0,0.63018,4,3,2,1,1,1,1,True,sub-STSWD1117,137007,8,137007.0,sub-STSWD1117
37,0.0,0.89816,4,4,1,1,1,1,1,True,sub-STSWD1117,141487,8,141487.0,sub-STSWD1117
38,1.0,0.95604,4,4,2,1,1,1,1,True,sub-STSWD1117,143919,8,143919.0,sub-STSWD1117
39,1.0,0.47802,1,4,2,1,1,1,1,True,sub-STSWD1117,146351,8,146351.0,sub-STSWD1117
40,1.0,0.95596,3,4,2,1,1,1,1,True,sub-STSWD1117,148783,8,148783.0,sub-STSWD1117
41,0.0,0.6458,3,4,1,1,1,1,1,True,sub-STSWD1117,151215,8,151215.0,sub-STSWD1117
42,1.0,0.63779,4,4,2,1,1,1,1,True,sub-STSWD1117,153647,8,153647.0,sub-STSWD1117
43,1.0,0.92576,2,4,2,1,1,1,1,True,sub-STSWD1117,156078,8,156078.0,sub-STSWD1117
44,0.0,0.5447,1,4,1,1,1,1,1,True,sub-STSWD1117,158510,8,158510.0,sub-STSWD1117
45,1.0,0.80453,4,2,2,1,1,1,1,True,sub-STSWD1117,162990,8,162990.0,sub-STSWD1117
46,0.0,0.92146,3,2,1,1,1,1,1,True,sub-STSWD1117,165422,8,165422.0,sub-STSWD1117
47,1.0,0.60645,4,2,1,1,1,1,1,True,sub-STSWD1117,167854,8,167854.0,sub-STSWD1117
48,1.0,0.25835,4,2,2,1,1,1,1,True,sub-STSWD1117,170286,8,170286.0,sub-STSWD1117
49,1.0,0.41527,3,2,2,1,1,1,1,True,sub-STSWD1117,172718,8,172718.0,sub-STSWD1117
50,1.0,0.46321,4,2,1,1,1,1,1,True,sub-STSWD1117,175150,8,175150.0,sub-STSWD1117
51,1.0,0.31115,3,2,2,1,1,1,1,True,sub-STSWD1117,177582,8,177582.0,sub-STSWD1117
52,0.0,0.33309,3,2,1,1,1,1,1,True,sub-STSWD1117,180014,8,180014.0,sub-STSWD1117
53,1.0,0.25397,4,1,1,1,1,1,1,True,sub-STSWD1117,184494,8,184494.0,sub-STSWD1117
54,1.0,0.28291,4,1,2,1,1,1,1,True,sub-STSWD1117,186926,8,186926.0,sub-STSWD1117
55,1.0,0.49978,4,1,1,1,1,1,1,True,sub-STSWD1117,189358,8,189358.0,sub-STSWD1117
56,1.0,0.31678,4,1,2,1,1,1,1,True,sub-STSWD1117,191790,8,191790.0,sub-STSWD1117
57,1.0,0.32371,4,1,2,1,1,1,1,True,sub-STSWD1117,194222,8,194222.0,sub-STSWD1117
58,1.0,0.40765,4,1,1,1,1,1,1,True,sub-STSWD1117,196654,8,196654.0,sub-STSWD1117
59,0.0,0.29958,4,1,1,1,1,1,1,True,sub-STSWD1117,199086,8,199086.0,sub-STSWD1117
60,1.0,0.31652,4,1,2,1,1,1,1,True,sub-STSWD1117,201518,8,201518.0,sub-STSWD1117
61,1.0,0.79883,1,4,2,1,1,1,1,True,sub-STSWD1117,237528,8,237528.0,sub-STSWD1117
62,1.0,0.86186,3,4,2,1,1,1,1,True,sub-STSWD1117,239960,8,239960.0,sub-STSWD1117
63,0.0,0.75875,3,4,1,1,1,1,1,True,sub-STSWD1117,242392,8,242392.0,sub-STSWD1117
64,1.0,1.5126,1,4,1,1,1,1,1,True,sub-STSWD1117,244824,8,244824.0,sub-STSWD1117
65,1.0,0.76263,2,4,2,1,1,1,1,True,sub-STSWD1117,247256,8,247256.0,sub-STSWD1117
66,1.0,0.79756,2,4,2,1,1,1,1,True,sub-STSWD1117,249688,8,249688.0,sub-STSWD1117
67,0.0,0.96143,4,4,1,1,1,1,1,True,sub-STSWD1117,252120,8,252120.0,sub-STSWD1117
68,1.0,0.91143,2,4,1,1,1,1,1,True,sub-STSWD1117,254552,8,254552.0,sub-STSWD1117
69,1.0,0.43031,3,2,2,1,1,1,1,True,sub-STSWD1117,259032,8,259032.0,sub-STSWD1117
70,1.0,0.27926,3,2,2,1,1,1,1,True,sub-STSWD1117,261464,8,261464.0,sub-STSWD1117
71,1.0,0.56319,3,2,2,1,1,1,1,True,sub-STSWD1117,263896,8,263896.0,sub-STSWD1117
72,1.0,0.34004,4,2,2,1,1,1,1,True,sub-STSWD1117,266328,8,266328.0,sub-STSWD1117
73,1.0,0.58604,3,2,2,1,1,1,1,True,sub-STSWD1117,268760,8,268760.0,sub-STSWD1117
74,1.0,0.60799,4,2,2,1,1,1,1,True,sub-STSWD1117,271192,8,271192.0,sub-STSWD1117
75,1.0,0.43493,4,2,2,1,1,1,1,True,sub-STSWD1117,273624,8,273624.0,sub-STSWD1117
76,1.0,0.70986,4,2,2,1,1,1,1,True,sub-STSWD1117,276056,8,276056.0,sub-STSWD1117
77,0.0,0.31075,1,1,1,1,1,1,1,True,sub-STSWD1117,280536,8,280536.0,sub-STSWD1117
78,1.0,0.4147,1,1,2,1,1,1,1,True,sub-STSWD1117,282968,8,282968.0,sub-STSWD1117
79,1.0,0.50663,1,1,1,1,1,1,1,True,sub-STSWD1117,285400,8,285400.0,sub-STSWD1117
80,1.0,0.28955,1,1,2,1,1,1,1,True,sub-STSWD1117,287832,8,287832.0,sub-STSWD1117
81,1.0,0.27741,1,1,2,1,1,1,1,True,sub-STSWD1117,290264,8,290264.0,sub-STSWD1117
82,1.0,0.31847,1,1,1,1,1,1,1,True,sub-STSWD1117,292696,8,292696.0,sub-STSWD1117
83,1.0,0.31236,1,1,2,1,1,1,1,True,sub-STSWD1117,295127,8,295127.0,sub-STSWD1117
84,1.0,0.35033,1,1,2,1,1,1,1,True,sub-STSWD1117,297560,8,297560.0,sub-STSWD1117
85,0.0,0.62817,3,3,1,1,1,1,1,True,sub-STSWD1117,302039,8,302039.0,sub-STSWD1117
86,1.0,0.54205,2,3,2,1,1,1,1,True,sub-STSWD1117,304471,8,304471.0,sub-STSWD1117
87,1.0,0.73804,3,3,2,1,1,1,1,True,sub-STSWD1117,306903,8,306903.0,sub-STSWD1117
88,0.0,0.69297,3,3,1,1,1,1,1,True,sub-STSWD1117,309335,8,309335.0,sub-STSWD1117
89,1.0,0.62683,3,3,2,1,1,1,1,True,sub-STSWD1117,311767,8,311767.0,sub-STSWD1117
90,0.0,0.78684,4,3,1,1,1,1,1,True,sub-STSWD1117,314199,8,314199.0,sub-STSWD1117
91,1.0,0.64678,2,3,2,1,1,1,1,True,sub-STSWD1117,316631,8,316631.0,sub-STSWD1117
92,0.0,0.93165,4,3,1,1,1,1,1,True,sub-STSWD1117,319063,8,319063.0,sub-STSWD1117
93,1.0,1.1336,1,2,1,1,1,1,1,True,sub-STSWD1117,323543,8,323543.0,sub-STSWD1117
94,1.0,0.65753,4,2,1,1,1,1,1,True,sub-STSWD1117,325975,8,325975.0,sub-STSWD1117
95,1.0,1.0454,4,2,1,1,1,1,1,True,sub-STSWD1117,328407,8,328407.0,sub-STSWD1117
96,1.0,0.8284,4,2,2,1,1,1,1,True,sub-STSWD1117,330839,8,330839.0,sub-STSWD1117
97,1.0,0.67833,1,2,2,1,1,1,1,True,sub-STSWD1117,333271,8,333271.0,sub-STSWD1117
98,1.0,0.30028,1,2,2,1,1,1,1,True,sub-STSWD1117,335703,8,335703.0,sub-STSWD1117
99,1.0,0.90543,4,2,1,1,1,1,1,True,sub-STSWD1117,338135,8,338135.0,sub-STSWD1117
100,1.0,0.67715,1,2,1,1,1,1,1,True,sub-STSWD1117,340567,8,340567.0,sub-STSWD1117
101,1.0,0.70903,2,3,2,1,1,1,1,True,sub-STSWD1117,345047,8,345047.0,sub-STSWD1117
102,1.0,0.46897,2,3,2,1,1,1,1,True,sub-STSWD1117,347479,8,347479.0,sub-STSWD1117
103,1.0,0.6919,3,3,2,1,1,1,1,True,sub-STSWD1117,349911,8,349911.0,sub-STSWD1117
104,0.0,0.75783,1,3,2,1,1,1,1,True,sub-STSWD1117,352343,8,352343.0,sub-STSWD1117
105,1.0,0.87077,1,3,2,1,1,1,1,True,sub-STSWD1117,354775,8,354775.0,sub-STSWD1117
106,1.0,0.6457,2,3,2,1,1,1,1,True,sub-STSWD1117,357207,8,357207.0,sub-STSWD1117
107,1.0,0.67863,2,3,1,1,1,1,1,True,sub-STSWD1117,359639,8,359639.0,sub-STSWD1117
108,1.0,0.58258,2,3,1,1,1,1,1,True,sub-STSWD1117,362071,8,362071.0,sub-STSWD1117
109,1.0,0.65845,1,4,1,1,1,1,1,True,sub-STSWD1117,366551,8,366551.0,sub-STSWD1117
110,1.0,0.60239,1,4,2,1,1,1,1,True,sub-STSWD1117,368983,8,368983.0,sub-STSWD1117
111,0.0,0.66533,3,4,1,1,1,1,1,True,sub-STSWD1117,371415,8,371415.0,sub-STSWD1117
112,1.0,0.79626,3,4,2,1,1,1,1,True,sub-STSWD1117,373847,8,373847.0,sub-STSWD1117
113,1.0,1.1142,4,4,1,1,1,1,1,True,sub-STSWD1117,376279,8,376279.0,sub-STSWD1117
114,1.0,0.69606,4,4,2,1,1,1,1,True,sub-STSWD1117,378711,8,378711.0,sub-STSWD1117
115,0.0,0.77106,4,4,1,1,1,1,1,True,sub-STSWD1117,381143,8,381143.0,sub-STSWD1117
116,1.0,0.49401,2,4,1,1,1,1,1,True,sub-STSWD1117,383574,8,383574.0,sub-STSWD1117
117,1.0,0.26483,1,1,1,1,1,1,1,True,sub-STSWD1117,388054,8,388054.0,sub-STSWD1117
118,1.0,0.44781,1,1,1,1,1,1,1,True,sub-STSWD1117,390486,8,390486.0,sub-STSWD1117
119,1.0,0.30176,1,1,2,1,1,1,1,True,sub-STSWD1117,392918,8,392918.0,sub-STSWD1117
120,1.0,0.30664,1,1,1,1,1,1,1,True,sub-STSWD1117,395350,8,395350.0,sub-STSWD1117
121,1.0,0.34562,1,1,1,1,1,1,1,True,sub-STSWD1117,397782,8,397782.0,sub-STSWD1117
122,1.0,0.35659,1,1,2,1,1,1,1,True,sub-STSWD1117,400214,8,400214.0,sub-STSWD1117
123,1.0,0.28044,1,1,2,1,1,1,1,True,sub-STSWD1117,402646,8,402646.0,sub-STSWD1117
124,1.0,0.53243,1,1,1,1,1,1,1,True,sub-STSWD1117,405078,8,405078.0,sub-STSWD1117
125,1.0,0.88075,1,4,1,1,1,1,1,True,sub-STSWD1117,443175,8,443175.0,sub-STSWD1117
126,1.0,0.75469,2,4,1,1,1,1,1,True,sub-STSWD1117,445607,8,445607.0,sub-STSWD1117
127,0.0,0.95765,3,4,1,1,1,1,1,True,sub-STSWD1117,448039,8,448039.0,sub-STSWD1117
128,0.0,0.77749,3,4,1,1,1,1,1,True,sub-STSWD1117,450471,8,450471.0,sub-STSWD1117
129,1.0,0.52649,1,4,2,1,1,1,1,True,sub-STSWD1117,452903,8,452903.0,sub-STSWD1117
130,1.0,0.65743,2,4,2,1,1,1,1,True,sub-STSWD1117,455335,8,455335.0,sub-STSWD1117
131,1.0,0.89928,4,4,2,1,1,1,1,True,sub-STSWD1117,457766,8,457766.0,sub-STSWD1117
132,1.0,0.64429,4,4,2,1,1,1,1,True,sub-STSWD1117,460198,8,460198.0,sub-STSWD1117
133,1.0,0.26518,3,1,1,1,1,1,1,True,sub-STSWD1117,464678,8,464678.0,sub-STSWD1117
134,1.0,0.27312,3,1,2,1,1,1,1,True,sub-STSWD1117,467110,8,467110.0,sub-STSWD1117
135,1.0,0.30006,3,1,1,1,1,1,1,True,sub-STSWD1117,469542,8,469542.0,sub-STSWD1117
136,1.0,0.27999,3,1,2,1,1,1,1,True,sub-STSWD1117,471974,8,471974.0,sub-STSWD1117
137,1.0,0.38901,3,1,1,1,1,1,1,True,sub-STSWD1117,474406,8,474406.0,sub-STSWD1117
138,1.0,0.33387,3,1,1,1,1,1,1,True,sub-STSWD1117,476838,8,476838.0,sub-STSWD1117
139,1.0,0.3658,3,1,1,1,1,1,1,True,sub-STSWD1117,479270,8,479270.0,sub-STSWD1117
140,1.0,0.3827,3,1,2,1,1,1,1,True,sub-STSWD1117,481702,8,481702.0,sub-STSWD1117
141,1.0,0.7166,2,2,1,1,1,1,1,True,sub-STSWD1117,486182,8,486182.0,sub-STSWD1117
142,0.0,0.65554,4,2,1,1,1,1,1,True,sub-STSWD1117,488614,8,488614.0,sub-STSWD1117
143,0.0,0.51848,4,2,1,1,1,1,1,True,sub-STSWD1117,491046,8,491046.0,sub-STSWD1117
144,0.0,0.58042,4,2,1,1,1,1,1,True,sub-STSWD1117,493478,8,493478.0,sub-STSWD1117
145,1.0,0.86935,2,2,1,1,1,1,1,True,sub-STSWD1117,495910,8,495910.0,sub-STSWD1117
146,1.0,0.2693,2,2,2,1,1,1,1,True,sub-STSWD1117,498342,8,498342.0,sub-STSWD1117
147,1.0,0.27423,4,2,2,1,1,1,1,True,sub-STSWD1117,500774,8,500774.0,sub-STSWD1117
148,1.0,0.2862,2,2,2,1,1,1,1,True,sub-STSWD1117,503206,8,503206.0,sub-STSWD1117
149,1.0,0.63108,4,3,2,1,1,1,1,True,sub-STSWD1117,507686,8,507686.0,sub-STSWD1117
150,0.0,0.64297,4,3,1,1,1,1,1,True,sub-STSWD1117,510118,8,510118.0,sub-STSWD1117
151,1.0,1.1589,1,3,1,1,1,1,1,True,sub-STSWD1117,512550,8,512550.0,sub-STSWD1117
152,1.0,0.65984,1,3,2,1,1,1,1,True,sub-STSWD1117,514982,8,514982.0,sub-STSWD1117
153,1.0,0.58669,1,3,1,1,1,1,1,True,sub-STSWD1117,517414,8,517414.0,sub-STSWD1117
154,1.0,0.72072,2,3,1,1,1,1,1,True,sub-STSWD1117,519846,8,519846.0,sub-STSWD1117
155,1.0,0.93865,4,3,1,1,1,1,1,True,sub-STSWD1117,522278,8,522278.0,sub-STSWD1117
156,1.0,0.62558,2,3,1,1,1,1,1,True,sub-STSWD1117,524710,8,524710.0,sub-STSWD1117
157,1.0,0.26447,4,1,2,1,1,1,1,True,sub-STSWD1117,529190,8,529190.0,sub-STSWD1117
158,0.0,0.35041,4,1,1,1,1,1,1,True,sub-STSWD1117,531622,8,531622.0,sub-STSWD1117
159,1.0,0.37628,4,1,1,1,1,1,1,True,sub-STSWD1117,534054,8,534054.0,sub-STSWD1117
160,0.0,0.30622,4,1,1,1,1,1,1,True,sub-STSWD1117,538918,8,538918.0,sub-STSWD1117
161,1.0,0.29811,4,1,2,1,1,1,1,True,sub-STSWD1117,541350,8,541350.0,sub-STSWD1117
162,1.0,0.30308,4,1,2,1,1,1,1,True,sub-STSWD1117,543782,8,543782.0,sub-STSWD1117
163,1.0,0.31404,4,1,2,1,1,1,1,True,sub-STSWD1117,546214,8,546214.0,sub-STSWD1117
164,1.0,0.86882,3,3,2,1,1,1,1,True,sub-STSWD1117,550694,8,550694.0,sub-STSWD1117
165,0.0,0.58479,3,3,1,1,1,1,1,True,sub-STSWD1117,553126,8,553126.0,sub-STSWD1117
166,1.0,0.69973,2,3,1,1,1,1,1,True,sub-STSWD1117,555558,8,555558.0,sub-STSWD1117
167,1.0,0.67968,1,3,1,1,1,1,1,True,sub-STSWD1117,557990,8,557990.0,sub-STSWD1117
168,1.0,0.66958,2,3,2,1,1,1,1,True,sub-STSWD1117,560422,8,560422.0,sub-STSWD1117
169,1.0,0.72261,2,3,1,1,1,1,1,True,sub-STSWD1117,562854,8,562854.0,sub-STSWD1117
170,1.0,0.56272,3,3,1,1,1,1,1,True,sub-STSWD1117,565286,8,565286.0,sub-STSWD1117
171,1.0,0.62749,1,3,2,1,1,1,1,True,sub-STSWD1117,567718,8,567718.0,sub-STSWD1117
172,0.0,0.95027,1,2,1,1,1,1,1,True,sub-STSWD1117,572198,8,572198.0,sub-STSWD1117
173,1.0,0.70627,3,2,1,1,1,1,1,True,sub-STSWD1117,574630,8,574630.0,sub-STSWD1117
174,1.0,0.87323,3,2,1,1,1,1,1,True,sub-STSWD1117,577062,8,577062.0,sub-STSWD1117
175,1.0,0.48201,3,2,1,1,1,1,1,True,sub-STSWD1117,579494,8,579494.0,sub-STSWD1117
176,1.0,0.7011,1,2,2,1,1,1,1,True,sub-STSWD1117,581926,8,581926.0,sub-STSWD1117
177,1.0,0.25106,3,2,2,1,1,1,1,True,sub-STSWD1117,584358,8,584358.0,sub-STSWD1117
178,0.0,0.51689,1,2,1,1,1,1,1,True,sub-STSWD1117,586789,8,586789.0,sub-STSWD1117
179,1.0,0.61592,1,2,2,1,1,1,1,True,sub-STSWD1117,589221,8,589221.0,sub-STSWD1117
180,1.0,0.56679,2,4,2,1,1,1,1,True,sub-STSWD1117,593702,8,593702.0,sub-STSWD1117
181,1.0,0.6937,2,4,2,1,1,1,1,True,sub-STSWD1117,596134,8,596134.0,sub-STSWD1117
182,1.0,0.92765,1,4,1,1,1,1,1,True,sub-STSWD1117,598566,8,598566.0,sub-STSWD1117
183,1.0,0.6676,1,4,1,1,1,1,1,True,sub-STSWD1117,600997,8,600997.0,sub-STSWD1117
184,1.0,0.62552,3,4,2,1,1,1,1,True,sub-STSWD1117,603429,8,603429.0,sub-STSWD1117
185,1.0,0.93747,3,4,1,1,1,1,1,True,sub-STSWD1117,605861,8,605861.0,sub-STSWD1117
186,1.0,0.5774,4,4,1,1,1,1,1,True,sub-STSWD1117,608293,8,608293.0,sub-STSWD1117
187,0.0,1.0803,4,4,1,1,1,1,1,True,sub-STSWD1117,610725,8,610725.0,sub-STSWD1117
188,1.0,0.27109,2,1,1,1,1,1,1,True,sub-STSWD1117,643937,8,643937.0,sub-STSWD1117
189,1.0,0.28603,2,1,1,1,1,1,1,True,sub-STSWD1117,646369,8,646369.0,sub-STSWD1117
190,1.0,0.30497,2,1,1,1,1,1,1,True,sub-STSWD1117,648801,8,648801.0,sub-STSWD1117
191,1.0,0.26991,2,1,2,1,1,1,1,True,sub-STSWD1117,651233,8,651233.0,sub-STSWD1117
192,1.0,0.29281,2,1,1,1,1,1,1,True,sub-STSWD1117,653665,8,653665.0,sub-STSWD1117
193,1.0,0.30277,2,1,2,1,1,1,1,True,sub-STSWD1117,656096,8,656096.0,sub-STSWD1117
194,1.0,0.29071,2,1,1,1,1,1,1,True,sub-STSWD1117,658528,8,658528.0,sub-STSWD1117
195,1.0,0.28464,2,1,2,1,1,1,1,True,sub-STSWD1117,660960,8,660960.0,sub-STSWD1117
196,1.0,0.76952,1,4,2,1,1,1,1,True,sub-STSWD1117,665441,8,665441.0,sub-STSWD1117
197,1.0,0.61746,1,4,2,1,1,1,1,True,sub-STSWD1117,667873,8,667873.0,sub-STSWD1117
198,1.0,0.6624,3,4,2,1,1,1,1,True,sub-STSWD1117,670304,8,670304.0,sub-STSWD1117
199,1.0,0.58732,2,4,1,1,1,1,1,True,sub-STSWD1117,672737,8,672737.0,sub-STSWD1117
200,0.0,0.84226,4,4,1,1,1,1,1,True,sub-STSWD1117,675169,8,675169.0,sub-STSWD1117
201,1.0,1.0532,4,4,2,1,1,1,1,True,sub-STSWD1117,677601,8,677601.0,sub-STSWD1117
202,1.0,0.64917,2,4,2,1,1,1,1,True,sub-STSWD1117,680032,8,680032.0,sub-STSWD1117
203,1.0,0.58707,1,4,2,1,1,1,1,True,sub-STSWD1117,682465,8,682465.0,sub-STSWD1117
204,1.0,0.53596,2,3,2,1,1,1,1,True,sub-STSWD1117,686944,8,686944.0,sub-STSWD1117
205,1.0,0.88289,3,3,2,1,1,1,1,True,sub-STSWD1117,689376,8,689376.0,sub-STSWD1117
206,0.0,0.85586,3,3,1,1,1,1,1,True,sub-STSWD1117,691808,8,691808.0,sub-STSWD1117
207,1.0,1.1508,3,3,2,1,1,1,1,True,sub-STSWD1117,694240,8,694240.0,sub-STSWD1117
208,1.0,0.90368,3,3,2,1,1,1,1,True,sub-STSWD1117,696672,8,696672.0,sub-STSWD1117
209,1.0,0.68663,2,3,2,1,1,1,1,True,sub-STSWD1117,699104,8,699104.0,sub-STSWD1117
210,1.0,0.71756,4,3,2,1,1,1,1,True,sub-STSWD1117,701536,8,701536.0,sub-STSWD1117
211,1.0,1.0075,4,3,2,1,1,1,1,True,sub-STSWD1117,703968,8,703968.0,sub-STSWD1117
212,1.0,0.62137,2,2,1,1,1,1,1,True,sub-STSWD1117,708448,8,708448.0,sub-STSWD1117
213,1.0,0.47831,3,2,2,1,1,1,1,True,sub-STSWD1117,710880,8,710880.0,sub-STSWD1117
214,1.0,0.2742,3,2,1,1,1,1,1,True,sub-STSWD1117,713312,8,713312.0,sub-STSWD1117
215,1.0,0.48319,2,2,2,1,1,1,1,True,sub-STSWD1117,715744,8,715744.0,sub-STSWD1117
216,1.0,0.38413,2,2,2,1,1,1,1,True,sub-STSWD1117,718176,8,718176.0,sub-STSWD1117
217,1.0,0.591,3,2,1,1,1,1,1,True,sub-STSWD1117,720608,8,720608.0,sub-STSWD1117
218,0.0,0.95998,3,2,1,1,1,1,1,True,sub-STSWD1117,723040,8,723040.0,sub-STSWD1117
219,1.0,0.27497,2,2,2,1,1,1,1,True,sub-STSWD1117,725472,8,725472.0,sub-STSWD1117
220,1.0,0.54381,1,3,1,1,1,1,1,True,sub-STSWD1117,729952,8,729952.0,sub-STSWD1117
221,0.0,0.90774,4,3,1,1,1,1,1,True,sub-STSWD1117,732384,8,732384.0,sub-STSWD1117
222,0.0,1.3096,4,3,1,1,1,1,1,True,sub-STSWD1117,734816,8,734816.0,sub-STSWD1117
223,0.0,0.81762,4,3,1,1,1,1,1,True,sub-STSWD1117,737248,8,737248.0,sub-STSWD1117
224,1.0,0.92755,3,3,2,1,1,1,1,True,sub-STSWD1117,739679,8,739679.0,sub-STSWD1117
225,1.0,1.1954,4,3,2,1,1,1,1,True,sub-STSWD1117,742112,8,742112.0,sub-STSWD1117
226,1.0,0.47245,1,3,2,1,1,1,1,True,sub-STSWD1117,744544,8,744544.0,sub-STSWD1117
227,1.0,0.52636,3,3,1,1,1,1,1,True,sub-STSWD1117,746976,8,746976.0,sub-STSWD1117
228,1.0,0.65424,2,4,1,1,1,1,1,True,sub-STSWD1117,751455,8,751455.0,sub-STSWD1117
229,1.0,0.5222,2,4,2,1,1,1,1,True,sub-STSWD1117,753888,8,753888.0,sub-STSWD1117
230,1.0,0.99005,4,4,1,1,1,1,1,True,sub-STSWD1117,756320,8,756320.0,sub-STSWD1117
231,1.0,0.79304,4,4,2,1,1,1,1,True,sub-STSWD1117,758751,8,758751.0,sub-STSWD1117
232,1.0,0.85731,3,4,2,1,1,1,1,True,sub-STSWD1117,761188,8,761188.0,sub-STSWD1117
233,1.0,0.60962,3,4,2,1,1,1,1,True,sub-STSWD1117,763620,8,763620.0,sub-STSWD1117
234,1.0,0.57605,3,4,1,1,1,1,1,True,sub-STSWD1117,766052,8,766052.0,sub-STSWD1117
235,1.0,0.73845,1,4,1,1,1,1,1,True,sub-STSWD1117,768484,8,768484.0,sub-STSWD1117
236,1.0,0.26705,3,1,1,1,1,1,1,True,sub-STSWD1117,772964,8,772964.0,sub-STSWD1117
237,1.0,0.28033,3,1,2,1,1,1,1,True,sub-STSWD1117,775396,8,775396.0,sub-STSWD1117
238,1.0,0.25421,3,1,1,1,1,1,1,True,sub-STSWD1117,777828,8,777828.0,sub-STSWD1117
239,1.0,0.28386,3,1,2,1,1,1,1,True,sub-STSWD1117,780260,8,780260.0,sub-STSWD1117
240,1.0,0.25109,3,1,1,1,1,1,1,True,sub-STSWD1117,782692,8,782692.0,sub-STSWD1117
241,1.0,0.26501,3,1,2,1,1,1,1,True,sub-STSWD1117,785124,8,785124.0,sub-STSWD1117
242,1.0,0.29669,3,1,2,1,1,1,1,True,sub-STSWD1117,787556,8,787556.0,sub-STSWD1117
243,1.0,0.2786,3,1,2,1,1,1,1,True,sub-STSWD1117,789988,8,789988.0,sub-STSWD1117
244,1.0,0.25277,1,2,1,1,1,1,1,True,sub-STSWD1117,794468,8,794468.0,sub-STSWD1117
245,1.0,0.51977,2,2,2,1,1,1,1,True,sub-STSWD1117,796900,8,796900.0,sub-STSWD1117
246,1.0,0.67235,2,2,1,1,1,1,1,True,sub-STSWD1117,799332,8,799332.0,sub-STSWD1117
247,1.0,0.47425,1,2,2,1,1,1,1,True,sub-STSWD1117,801763,8,801763.0,sub-STSWD1117
248,1.0,0.53351,1,2,2,1,1,1,1,True,sub-STSWD1117,804195,8,804195.0,sub-STSWD1117
249,1.0,0.29745,2,2,2,1,1,1,1,True,sub-STSWD1117,806627,8,806627.0,sub-STSWD1117
250,0.0,0.60532,1,2,1,1,1,1,1,True,sub-STSWD1117,809060,8,809060.0,sub-STSWD1117
251,1.0,0.33036,1,2,1,1,1,1,1,True,sub-STSWD1117,811492,8,811492.0,sub-STSWD1117
252,1.0,1.1956,3,4,1,1,1,1,1,True,sub-STSWD1118,162453,8,162453.0,sub-STSWD1118
253,1.0,0.96168,3,4,1,1,1,1,1,True,sub-STSWD1118,164884,8,164884.0,sub-STSWD1118
254,0.0,1.1194,1,4,2,1,1,1,1,True,sub-STSWD1118,167316,8,167316.0,sub-STSWD1118
255,1.0,0.97537,4,4,2,1,1,1,1,True,sub-STSWD1118,169748,8,169748.0,sub-STSWD1118
256,1.0,0.88334,4,4,1,1,1,1,1,True,sub-STSWD1118,172180,8,172180.0,sub-STSWD1118
257,0.0,1.3052,4,4,2,1,1,1,1,True,sub-STSWD1118,174612,8,174612.0,sub-STSWD1118
258,1.0,1.2401,1,4,2,1,1,1,1,True,sub-STSWD1118,179476,8,179476.0,sub-STSWD1118
259,0.0,1.352,3,3,2,1,1,1,1,True,sub-STSWD1118,183956,8,183956.0,sub-STSWD1118
260,1.0,1.2888,2,3,2,1,1,1,1,True,sub-STSWD1118,186388,8,186388.0,sub-STSWD1118
261,1.0,0.65978,2,3,2,1,1,1,1,True,sub-STSWD1118,188820,8,188820.0,sub-STSWD1118
262,1.0,0.62576,2,3,2,1,1,1,1,True,sub-STSWD1118,191252,8,191252.0,sub-STSWD1118
263,1.0,0.89466,1,3,1,1,1,1,1,True,sub-STSWD1118,196116,8,196116.0,sub-STSWD1118
264,0.0,0.91459,2,3,1,1,1,1,1,True,sub-STSWD1118,198548,8,198548.0,sub-STSWD1118
265,1.0,0.4975,2,3,2,1,1,1,1,True,sub-STSWD1118,200980,8,200980.0,sub-STSWD1118
266,0.0,1.0044,1,2,1,1,1,1,1,True,sub-STSWD1118,205460,8,205460.0,sub-STSWD1118
267,1.0,0.59417,4,2,1,1,1,1,1,True,sub-STSWD1118,212756,8,212756.0,sub-STSWD1118
268,1.0,0.4103,1,2,2,1,1,1,1,True,sub-STSWD1118,215188,8,215188.0,sub-STSWD1118
269,1.0,0.52213,1,2,1,1,1,1,1,True,sub-STSWD1118,217620,8,217620.0,sub-STSWD1118
270,1.0,0.46397,4,2,2,1,1,1,1,True,sub-STSWD1118,220052,8,220052.0,sub-STSWD1118
271,0.0,0.75294,1,2,2,1,1,1,1,True,sub-STSWD1118,222484,8,222484.0,sub-STSWD1118
272,0.0,0.4587,1,1,2,1,1,1,1,True,sub-STSWD1118,226964,8,226964.0,sub-STSWD1118
273,1.0,0.35868,1,1,1,1,1,1,1,True,sub-STSWD1118,229396,8,229396.0,sub-STSWD1118
274,0.0,0.83164,1,1,1,1,1,1,1,True,sub-STSWD1118,231828,8,231828.0,sub-STSWD1118
275,1.0,0.41559,1,1,2,1,1,1,1,True,sub-STSWD1118,234260,8,234260.0,sub-STSWD1118
276,1.0,0.39252,1,1,2,1,1,1,1,True,sub-STSWD1118,236692,8,236692.0,sub-STSWD1118
277,1.0,0.40642,1,1,1,1,1,1,1,True,sub-STSWD1118,239124,8,239124.0,sub-STSWD1118
278,1.0,0.28936,1,1,1,1,1,1,1,True,sub-STSWD1118,241556,8,241556.0,sub-STSWD1118
279,1.0,0.26335,1,1,2,1,1,1,1,True,sub-STSWD1118,243988,8,243988.0,sub-STSWD1118
280,1.0,0.59516,1,4,2,1,1,1,1,True,sub-STSWD1118,248467,8,248467.0,sub-STSWD1118
281,1.0,0.67013,4,4,1,1,1,1,1,True,sub-STSWD1118,250899,8,250899.0,sub-STSWD1118
282,1.0,0.45903,2,4,2,1,1,1,1,True,sub-STSWD1118,253331,8,253331.0,sub-STSWD1118
283,1.0,0.67105,2,4,2,1,1,1,1,True,sub-STSWD1118,255763,8,255763.0,sub-STSWD1118
284,0.0,0.55594,2,4,1,1,1,1,1,True,sub-STSWD1118,258195,8,258195.0,sub-STSWD1118
285,1.0,0.85682,1,4,1,1,1,1,1,True,sub-STSWD1118,260627,8,260627.0,sub-STSWD1118
286,1.0,0.80884,3,4,1,1,1,1,1,True,sub-STSWD1118,263059,8,263059.0,sub-STSWD1118
287,1.0,0.68167,3,4,1,1,1,1,1,True,sub-STSWD1118,265491,8,265491.0,sub-STSWD1118
288,1.0,0.32954,4,1,1,1,1,1,1,True,sub-STSWD1118,272403,8,272403.0,sub-STSWD1118
289,0.0,0.64552,4,1,1,1,1,1,1,True,sub-STSWD1118,274835,8,274835.0,sub-STSWD1118
290,1.0,0.31532,4,1,2,1,1,1,1,True,sub-STSWD1118,277267,8,277267.0,sub-STSWD1118
291,1.0,0.30832,4,1,2,1,1,1,1,True,sub-STSWD1118,279699,8,279699.0,sub-STSWD1118
292,1.0,0.39033,4,1,2,1,1,1,1,True,sub-STSWD1118,282131,8,282131.0,sub-STSWD1118
293,1.0,0.29121,4,1,2,1,1,1,1,True,sub-STSWD1118,284563,8,284563.0,sub-STSWD1118
294,1.0,0.27814,4,1,2,1,1,1,1,True,sub-STSWD1118,286995,8,286995.0,sub-STSWD1118
295,0.0,1.017,4,3,1,1,1,1,1,True,sub-STSWD1118,291475,8,291475.0,sub-STSWD1118
296,1.0,1.2089,4,3,2,1,1,1,1,True,sub-STSWD1118,293907,8,293907.0,sub-STSWD1118
297,1.0,1.3559,3,3,2,1,1,1,1,True,sub-STSWD1118,296339,8,296339.0,sub-STSWD1118
298,1.0,0.71186,3,3,2,1,1,1,1,True,sub-STSWD1118,298771,8,298771.0,sub-STSWD1118
299,1.0,0.79273,1,3,1,1,1,1,1,True,sub-STSWD1118,301203,8,301203.0,sub-STSWD1118
300,1.0,0.54871,1,3,2,1,1,1,1,True,sub-STSWD1118,303635,8,303635.0,sub-STSWD1118
301,1.0,1.2466,4,3,2,1,1,1,1,True,sub-STSWD1118,306067,8,306067.0,sub-STSWD1118
302,1.0,0.61561,4,3,2,1,1,1,1,True,sub-STSWD1118,308499,8,308499.0,sub-STSWD1118
303,0.0,0.51953,2,2,1,1,1,1,1,True,sub-STSWD1118,312979,8,312979.0,sub-STSWD1118
304,0.0,0.49237,2,2,1,1,1,1,1,True,sub-STSWD1118,315411,8,315411.0,sub-STSWD1118
305,1.0,0.53734,3,2,1,1,1,1,1,True,sub-STSWD1118,317843,8,317843.0,sub-STSWD1118
306,1.0,0.3562,3,2,2,1,1,1,1,True,sub-STSWD1118,320275,8,320275.0,sub-STSWD1118
307,0.0,0.70926,2,2,2,1,1,1,1,True,sub-STSWD1118,322707,8,322707.0,sub-STSWD1118
308,1.0,0.38115,3,2,1,1,1,1,1,True,sub-STSWD1118,325139,8,325139.0,sub-STSWD1118
309,1.0,0.56713,3,2,1,1,1,1,1,True,sub-STSWD1118,327571,8,327571.0,sub-STSWD1118
310,0.0,0.59797,2,2,1,1,1,1,1,True,sub-STSWD1118,330002,8,330002.0,sub-STSWD1118
311,0.0,0.30932,3,1,2,1,1,1,1,True,sub-STSWD1118,400137,8,400137.0,sub-STSWD1118
312,1.0,0.31934,3,1,1,1,1,1,1,True,sub-STSWD1118,402569,8,402569.0,sub-STSWD1118
313,1.0,0.27117,3,1,1,1,1,1,1,True,sub-STSWD1118,407433,8,407433.0,sub-STSWD1118
314,1.0,0.2671,3,1,1,1,1,1,1,True,sub-STSWD1118,409865,8,409865.0,sub-STSWD1118
315,1.0,0.34007,3,1,1,1,1,1,1,True,sub-STSWD1118,412297,8,412297.0,sub-STSWD1118
316,1.0,0.55396,3,1,1,1,1,1,1,True,sub-STSWD1118,414729,8,414729.0,sub-STSWD1118
317,0.0,0.56381,3,2,2,1,1,1,1,True,sub-STSWD1118,421641,8,421641.0,sub-STSWD1118
318,1.0,0.60374,4,2,2,1,1,1,1,True,sub-STSWD1118,424073,8,424073.0,sub-STSWD1118
319,0.0,0.53686,4,2,1,1,1,1,1,True,sub-STSWD1118,426505,8,426505.0,sub-STSWD1118
320,1.0,0.66462,4,2,2,1,1,1,1,True,sub-STSWD1118,428937,8,428937.0,sub-STSWD1118
321,1.0,0.38855,3,2,2,1,1,1,1,True,sub-STSWD1118,431368,8,431368.0,sub-STSWD1118
322,0.0,0.4094,4,2,1,1,1,1,1,True,sub-STSWD1118,433801,8,433801.0,sub-STSWD1118
323,1.0,0.52638,3,2,1,1,1,1,1,True,sub-STSWD1118,436232,8,436232.0,sub-STSWD1118
324,1.0,0.45334,3,2,1,1,1,1,1,True,sub-STSWD1118,438665,8,438665.0,sub-STSWD1118
325,0.0,1.4642,1,4,1,1,1,1,1,True,sub-STSWD1118,443144,8,443144.0,sub-STSWD1118
326,1.0,0.50717,2,4,2,1,1,1,1,True,sub-STSWD1118,445576,8,445576.0,sub-STSWD1118
327,1.0,0.52611,3,4,2,1,1,1,1,True,sub-STSWD1118,448008,8,448008.0,sub-STSWD1118
328,1.0,0.59298,4,4,2,1,1,1,1,True,sub-STSWD1118,450440,8,450440.0,sub-STSWD1118
329,0.0,1.074,4,4,1,1,1,1,1,True,sub-STSWD1118,452872,8,452872.0,sub-STSWD1118
330,1.0,0.66591,1,4,2,1,1,1,1,True,sub-STSWD1118,455304,8,455304.0,sub-STSWD1118
331,1.0,0.87883,2,4,2,1,1,1,1,True,sub-STSWD1118,457736,8,457736.0,sub-STSWD1118
332,0.0,0.59677,2,4,2,1,1,1,1,True,sub-STSWD1118,460168,8,460168.0,sub-STSWD1118
333,1.0,0.93972,1,3,1,1,1,1,1,True,sub-STSWD1118,464648,8,464648.0,sub-STSWD1118
334,1.0,0.72863,1,3,1,1,1,1,1,True,sub-STSWD1118,467080,8,467080.0,sub-STSWD1118
335,1.0,0.94548,4,3,2,1,1,1,1,True,sub-STSWD1118,471944,8,471944.0,sub-STSWD1118
336,1.0,0.87033,2,3,1,1,1,1,1,True,sub-STSWD1118,474376,8,474376.0,sub-STSWD1118
337,1.0,1.1773,1,3,1,1,1,1,1,True,sub-STSWD1118,476808,8,476808.0,sub-STSWD1118
338,1.0,0.74121,1,3,1,1,1,1,1,True,sub-STSWD1118,479240,8,479240.0,sub-STSWD1118
339,0.0,0.86118,1,3,2,1,1,1,1,True,sub-STSWD1118,481672,8,481672.0,sub-STSWD1118
340,0.0,0.83805,3,4,1,1,1,1,1,True,sub-STSWD1118,486152,8,486152.0,sub-STSWD1118
341,1.0,1.2579,3,4,2,1,1,1,1,True,sub-STSWD1118,488584,8,488584.0,sub-STSWD1118
342,0.0,0.91492,3,4,2,1,1,1,1,True,sub-STSWD1118,491016,8,491016.0,sub-STSWD1118
343,1.0,0.83885,2,4,1,1,1,1,1,True,sub-STSWD1118,493448,8,493448.0,sub-STSWD1118
344,1.0,0.98595,4,4,2,1,1,1,1,True,sub-STSWD1118,495880,8,495880.0,sub-STSWD1118
345,0.0,0.87072,4,4,1,1,1,1,1,True,sub-STSWD1118,498312,8,498312.0,sub-STSWD1118
346,0.0,0.85958,1,4,1,1,1,1,1,True,sub-STSWD1118,500744,8,500744.0,sub-STSWD1118
347,1.0,0.7246,1,4,1,1,1,1,1,True,sub-STSWD1118,503176,8,503176.0,sub-STSWD1118
348,1.0,0.58248,1,2,1,1,1,1,1,True,sub-STSWD1118,507656,8,507656.0,sub-STSWD1118
349,1.0,0.69241,3,2,1,1,1,1,1,True,sub-STSWD1118,510088,8,510088.0,sub-STSWD1118
350,0.0,0.53731,3,2,2,1,1,1,1,True,sub-STSWD1118,512520,8,512520.0,sub-STSWD1118
351,1.0,0.38334,3,2,2,1,1,1,1,True,sub-STSWD1118,514952,8,514952.0,sub-STSWD1118
352,1.0,0.7222,1,2,1,1,1,1,1,True,sub-STSWD1118,517384,8,517384.0,sub-STSWD1118
353,0.0,0.49614,3,2,2,1,1,1,1,True,sub-STSWD1118,519816,8,519816.0,sub-STSWD1118
354,1.0,0.66007,1,2,1,1,1,1,1,True,sub-STSWD1118,522248,8,522248.0,sub-STSWD1118
355,0.0,0.56101,1,2,1,1,1,1,1,True,sub-STSWD1118,524680,8,524680.0,sub-STSWD1118
356,0.0,0.82285,1,3,2,1,1,1,1,True,sub-STSWD1118,529159,8,529159.0,sub-STSWD1118
357,0.0,0.77982,2,3,2,1,1,1,1,True,sub-STSWD1118,531591,8,531591.0,sub-STSWD1118
358,0.0,1.2267,4,3,1,1,1,1,1,True,sub-STSWD1118,534023,8,534023.0,sub-STSWD1118
359,0.0,0.58566,2,3,1,1,1,1,1,True,sub-STSWD1118,536456,8,536456.0,sub-STSWD1118
360,1.0,0.9067,2,3,2,1,1,1,1,True,sub-STSWD1118,538887,8,538887.0,sub-STSWD1118
361,0.0,1.0405,1,3,2,1,1,1,1,True,sub-STSWD1118,541319,8,541319.0,sub-STSWD1118
362,1.0,0.6835,1,3,2,1,1,1,1,True,sub-STSWD1118,543751,8,543751.0,sub-STSWD1118
363,0.0,0.81034,4,3,1,1,1,1,1,True,sub-STSWD1118,546183,8,546183.0,sub-STSWD1118
364,1.0,0.27035,2,1,2,1,1,1,1,True,sub-STSWD1118,550663,8,550663.0,sub-STSWD1118
365,0.0,0.46925,2,1,2,1,1,1,1,True,sub-STSWD1118,553095,8,553095.0,sub-STSWD1118
366,1.0,0.28714,2,1,2,1,1,1,1,True,sub-STSWD1118,555527,8,555527.0,sub-STSWD1118
367,1.0,0.36608,2,1,2,1,1,1,1,True,sub-STSWD1118,557959,8,557959.0,sub-STSWD1118
368,1.0,0.29598,2,1,2,1,1,1,1,True,sub-STSWD1118,562823,8,562823.0,sub-STSWD1118
369,0.0,0.26618,2,1,2,1,1,1,1,True,sub-STSWD1118,565260,8,565260.0,sub-STSWD1118
370,1.0,0.26028,2,1,1,1,1,1,1,True,sub-STSWD1118,567692,8,567692.0,sub-STSWD1118
371,1.0,0.5567,3,3,1,1,1,1,1,True,sub-STSWD1118,596726,8,596726.0,sub-STSWD1118
372,1.0,0.73669,1,3,1,1,1,1,1,True,sub-STSWD1118,599158,8,599158.0,sub-STSWD1118
373,1.0,0.84254,3,3,1,1,1,1,1,True,sub-STSWD1118,601590,8,601590.0,sub-STSWD1118
374,1.0,0.50953,2,3,1,1,1,1,1,True,sub-STSWD1118,604022,8,604022.0,sub-STSWD1118
375,0.0,0.50143,2,3,2,1,1,1,1,True,sub-STSWD1118,606454,8,606454.0,sub-STSWD1118
376,1.0,0.60439,2,3,1,1,1,1,1,True,sub-STSWD1118,608886,8,608886.0,sub-STSWD1118
377,1.0,0.54432,1,3,2,1,1,1,1,True,sub-STSWD1118,611318,8,611318.0,sub-STSWD1118
378,1.0,0.42422,1,3,2,1,1,1,1,True,sub-STSWD1118,613750,8,613750.0,sub-STSWD1118
379,1.0,0.56313,1,2,2,1,1,1,1,True,sub-STSWD1118,618230,8,618230.0,sub-STSWD1118
380,1.0,0.666,2,2,1,1,1,1,1,True,sub-STSWD1118,620662,8,620662.0,sub-STSWD1118
381,1.0,0.39297,2,2,2,1,1,1,1,True,sub-STSWD1118,623094,8,623094.0,sub-STSWD1118
382,1.0,0.53191,2,2,1,1,1,1,1,True,sub-STSWD1118,625526,8,625526.0,sub-STSWD1118
383,0.0,0.77686,1,2,2,1,1,1,1,True,sub-STSWD1118,627958,8,627958.0,sub-STSWD1118
384,1.0,0.5648,1,2,1,1,1,1,1,True,sub-STSWD1118,630390,8,630390.0,sub-STSWD1118
385,0.0,0.53478,2,2,2,1,1,1,1,True,sub-STSWD1118,632821,8,632821.0,sub-STSWD1118
386,1.0,0.81566,1,2,2,1,1,1,1,True,sub-STSWD1118,635254,8,635254.0,sub-STSWD1118
387,1.0,0.66455,4,4,1,1,1,1,1,True,sub-STSWD1118,639734,8,639734.0,sub-STSWD1118
388,1.0,0.42652,2,4,1,1,1,1,1,True,sub-STSWD1118,642166,8,642166.0,sub-STSWD1118
389,1.0,0.77741,1,4,1,1,1,1,1,True,sub-STSWD1118,644598,8,644598.0,sub-STSWD1118
390,1.0,0.91734,3,4,2,1,1,1,1,True,sub-STSWD1118,647030,8,647030.0,sub-STSWD1118
391,1.0,0.86432,3,4,1,1,1,1,1,True,sub-STSWD1118,649462,8,649462.0,sub-STSWD1118
392,1.0,0.63421,3,4,2,1,1,1,1,True,sub-STSWD1118,651893,8,651893.0,sub-STSWD1118
393,1.0,0.54907,2,4,1,1,1,1,1,True,sub-STSWD1118,654326,8,654326.0,sub-STSWD1118
394,0.0,0.77203,1,4,2,1,1,1,1,True,sub-STSWD1118,656758,8,656758.0,sub-STSWD1118
395,0.0,0.367,4,1,1,1,1,1,1,True,sub-STSWD1118,661238,8,661238.0,sub-STSWD1118
396,1.0,0.2789,4,1,2,1,1,1,1,True,sub-STSWD1118,663669,8,663669.0,sub-STSWD1118
397,0.0,0.31984,4,1,1,1,1,1,1,True,sub-STSWD1118,666101,8,666101.0,sub-STSWD1118
398,0.0,0.29673,4,1,1,1,1,1,1,True,sub-STSWD1118,668533,8,668533.0,sub-STSWD1118
399,1.0,0.30664,4,1,2,1,1,1,1,True,sub-STSWD1118,673397,8,673397.0,sub-STSWD1118
400,1.0,0.30781,4,1,1,1,1,1,1,True,sub-STSWD1118,675829,8,675829.0,sub-STSWD1118
401,1.0,1.0194,3,3,1,1,1,1,1,True,sub-STSWD1118,682741,8,682741.0,sub-STSWD1118
402,1.0,0.48535,1,3,2,1,1,1,1,True,sub-STSWD1118,685173,8,685173.0,sub-STSWD1118
403,1.0,0.99727,4,3,2,1,1,1,1,True,sub-STSWD1118,687605,8,687605.0,sub-STSWD1118
404,1.0,0.61618,3,3,1,1,1,1,1,True,sub-STSWD1118,690037,8,690037.0,sub-STSWD1118
405,1.0,0.54211,1,3,1,1,1,1,1,True,sub-STSWD1118,692469,8,692469.0,sub-STSWD1118
406,0.0,0.88795,4,3,1,1,1,1,1,True,sub-STSWD1118,694901,8,694901.0,sub-STSWD1118
407,0.0,0.65297,4,3,1,1,1,1,1,True,sub-STSWD1118,697333,8,697333.0,sub-STSWD1118
408,0.0,0.60604,4,3,2,1,1,1,1,True,sub-STSWD1118,699765,8,699765.0,sub-STSWD1118
409,1.0,0.52179,3,1,1,1,1,1,1,True,sub-STSWD1118,704245,8,704245.0,sub-STSWD1118
410,1.0,0.71775,3,1,1,1,1,1,1,True,sub-STSWD1118,709109,8,709109.0,sub-STSWD1118
411,1.0,0.2616,3,1,2,1,1,1,1,True,sub-STSWD1118,711541,8,711541.0,sub-STSWD1118
412,1.0,0.27854,3,1,2,1,1,1,1,True,sub-STSWD1118,713973,8,713973.0,sub-STSWD1118
413,1.0,0.25151,3,1,2,1,1,1,1,True,sub-STSWD1118,716405,8,716405.0,sub-STSWD1118
414,1.0,0.27748,3,1,1,1,1,1,1,True,sub-STSWD1118,718837,8,718837.0,sub-STSWD1118
415,0.0,0.80515,1,4,2,1,1,1,1,True,sub-STSWD1118,725749,8,725749.0,sub-STSWD1118
416,1.0,0.60714,1,4,1,1,1,1,1,True,sub-STSWD1118,728181,8,728181.0,sub-STSWD1118
417,0.0,0.56004,2,4,1,1,1,1,1,True,sub-STSWD1118,730613,8,730613.0,sub-STSWD1118
418,1.0,0.685,2,4,2,1,1,1,1,True,sub-STSWD1118,733044,8,733044.0,sub-STSWD1118
419,0.0,1.078,4,4,1,1,1,1,1,True,sub-STSWD1118,735477,8,735477.0,sub-STSWD1118
420,1.0,0.81687,4,4,2,1,1,1,1,True,sub-STSWD1118,737908,8,737908.0,sub-STSWD1118
421,1.0,0.75581,4,4,2,1,1,1,1,True,sub-STSWD1118,740340,8,740340.0,sub-STSWD1118
422,1.0,0.81674,3,4,2,1,1,1,1,True,sub-STSWD1118,742772,8,742772.0,sub-STSWD1118
423,1.0,0.48259,1,2,1,1,1,1,1,True,sub-STSWD1118,747252,8,747252.0,sub-STSWD1118
424,1.0,0.39553,1,2,2,1,1,1,1,True,sub-STSWD1118,749685,8,749685.0,sub-STSWD1118
425,1.0,0.54249,2,2,2,1,1,1,1,True,sub-STSWD1118,752116,8,752116.0,sub-STSWD1118
426,1.0,0.59634,1,2,2,1,1,1,1,True,sub-STSWD1118,754548,8,754548.0,sub-STSWD1118
427,0.0,0.57033,2,2,2,1,1,1,1,True,sub-STSWD1118,756981,8,756981.0,sub-STSWD1118
428,1.0,0.5482,2,2,1,1,1,1,1,True,sub-STSWD1118,759412,8,759412.0,sub-STSWD1118
429,1.0,0.54127,2,2,2,1,1,1,1,True,sub-STSWD1118,761844,8,761844.0,sub-STSWD1118
430,1.0,0.36417,1,2,2,1,1,1,1,True,sub-STSWD1118,764276,8,764276.0,sub-STSWD1118
431,1.0,0.65703,2,4,1,1,1,1,1,True,sub-STSWD1118,793737,8,793737.0,sub-STSWD1118
432,0.0,0.55699,2,4,2,1,1,1,1,True,sub-STSWD1118,796169,8,796169.0,sub-STSWD1118
433,1.0,0.71093,1,4,1,1,1,1,1,True,sub-STSWD1118,798601,8,798601.0,sub-STSWD1118
434,1.0,0.94181,4,4,2,1,1,1,1,True,sub-STSWD1118,801033,8,801033.0,sub-STSWD1118
435,1.0,0.85367,4,4,2,1,1,1,1,True,sub-STSWD1118,803465,8,803465.0,sub-STSWD1118
436,0.0,0.67223,4,4,1,1,1,1,1,True,sub-STSWD1118,805897,8,805897.0,sub-STSWD1118
437,1.0,0.79366,3,4,1,1,1,1,1,True,sub-STSWD1118,808329,8,808329.0,sub-STSWD1118
438,1.0,0.48556,1,4,2,1,1,1,1,True,sub-STSWD1118,810761,8,810761.0,sub-STSWD1118
439,0.0,0.80832,4,3,1,1,1,1,1,True,sub-STSWD1118,815241,8,815241.0,sub-STSWD1118
440,1.0,0.60437,3,3,1,1,1,1,1,True,sub-STSWD1118,817673,8,817673.0,sub-STSWD1118
441,1.0,0.5143,2,3,1,1,1,1,1,True,sub-STSWD1118,820105,8,820105.0,sub-STSWD1118
442,0.0,0.55128,3,3,2,1,1,1,1,True,sub-STSWD1118,822537,8,822537.0,sub-STSWD1118
443,1.0,0.54914,3,3,1,1,1,1,1,True,sub-STSWD1118,824969,8,824969.0,sub-STSWD1118
444,1.0,0.44711,3,3,1,1,1,1,1,True,sub-STSWD1118,827401,8,827401.0,sub-STSWD1118
445,0.0,0.695,2,3,1,1,1,1,1,True,sub-STSWD1118,829833,8,829833.0,sub-STSWD1118
446,0.0,0.74488,4,3,2,1,1,1,1,True,sub-STSWD1118,832265,8,832265.0,sub-STSWD1118
447,1.0,0.64194,1,1,1,1,1,1,1,True,sub-STSWD1118,836745,8,836745.0,sub-STSWD1118
448,1.0,0.2818,1,1,2,1,1,1,1,True,sub-STSWD1118,839177,8,839177.0,sub-STSWD1118
449,1.0,0.26383,1,1,1,1,1,1,1,True,sub-STSWD1118,841609,8,841609.0,sub-STSWD1118
450,1.0,0.28462,1,1,2,1,1,1,1,True,sub-STSWD1118,844041,8,844041.0,sub-STSWD1118
451,1.0,0.25268,1,1,1,1,1,1,1,True,sub-STSWD1118,846473,8,846473.0,sub-STSWD1118
452,1.0,0.44852,1,1,2,1,1,1,1,True,sub-STSWD1118,848905,8,848905.0,sub-STSWD1118
453,1.0,0.27042,1,1,2,1,1,1,1,True,sub-STSWD1118,851337,8,851337.0,sub-STSWD1118
454,1.0,0.27145,1,1,1,1,1,1,1,True,sub-STSWD1118,853769,8,853769.0,sub-STSWD1118
455,1.0,0.49321,2,2,1,1,1,1,1,True,sub-STSWD1118,858249,8,858249.0,sub-STSWD1118
456,1.0,0.6653,4,2,1,1,1,1,1,True,sub-STSWD1118,860681,8,860681.0,sub-STSWD1118
457,1.0,0.4562,2,2,2,1,1,1,1,True,sub-STSWD1118,863113,8,863113.0,sub-STSWD1118
458,1.0,0.82121,2,2,2,1,1,1,1,True,sub-STSWD1118,865545,8,865545.0,sub-STSWD1118
459,1.0,0.72501,4,2,2,1,1,1,1,True,sub-STSWD1118,867976,8,867976.0,sub-STSWD1118
460,1.0,0.5369,4,2,2,1,1,1,1,True,sub-STSWD1118,870409,8,870409.0,sub-STSWD1118
461,0.0,0.44912,4,2,1,1,1,1,1,True,sub-STSWD1118,872840,8,872840.0,sub-STSWD1118
462,1.0,0.6357,2,2,1,1,1,1,1,True,sub-STSWD1118,875272,8,875272.0,sub-STSWD1118
463,1.0,0.42373,2,3,2,1,1,1,1,True,sub-STSWD1118,879752,8,879752.0,sub-STSWD1118
464,0.0,0.58863,4,3,1,1,1,1,1,True,sub-STSWD1118,882184,8,882184.0,sub-STSWD1118
465,1.0,0.56755,4,3,2,1,1,1,1,True,sub-STSWD1118,884616,8,884616.0,sub-STSWD1118
466,1.0,0.55643,2,3,1,1,1,1,1,True,sub-STSWD1118,887048,8,887048.0,sub-STSWD1118
467,1.0,0.81447,3,3,2,1,1,1,1,True,sub-STSWD1118,889480,8,889480.0,sub-STSWD1118
468,1.0,0.53932,3,3,2,1,1,1,1,True,sub-STSWD1118,891912,8,891912.0,sub-STSWD1118
469,1.0,0.50129,3,3,1,1,1,1,1,True,sub-STSWD1118,894345,8,894345.0,sub-STSWD1118
470,1.0,0.2802,3,3,2,1,1,1,1,True,sub-STSWD1118,896776,8,896776.0,sub-STSWD1118
471,1.0,0.34249,2,1,1,1,1,1,1,True,sub-STSWD1118,901256,8,901256.0,sub-STSWD1118
472,1.0,0.42042,2,1,1,1,1,1,1,True,sub-STSWD1118,903689,8,903689.0,sub-STSWD1118
473,0.0,0.40896,2,1,2,1,1,1,1,True,sub-STSWD1118,906120,8,906120.0,sub-STSWD1118
474,1.0,0.37188,2,1,1,1,1,1,1,True,sub-STSWD1118,908552,8,908552.0,sub-STSWD1118
475,1.0,0.27981,2,1,1,1,1,1,1,True,sub-STSWD1118,910984,8,910984.0,sub-STSWD1118
476,1.0,0.30578,2,1,1,1,1,1,1,True,sub-STSWD1118,913416,8,913416.0,sub-STSWD1118
477,1.0,0.35748,3,2,1,1,1,1,1,True,sub-STSWD1118,922760,8,922760.0,sub-STSWD1118
478,1.0,0.28971,4,2,2,1,1,1,1,True,sub-STSWD1118,927624,8,927624.0,sub-STSWD1118
479,1.0,0.32134,3,2,1,1,1,1,1,True,sub-STSWD1118,930056,8,930056.0,sub-STSWD1118
480,1.0,0.38959,3,2,2,1,1,1,1,True,sub-STSWD1118,932488,8,932488.0,sub-STSWD1118
481,1.0,0.28753,4,2,2,1,1,1,1,True,sub-STSWD1118,934920,8,934920.0,sub-STSWD1118
482,1.0,0.46946,4,2,2,1,1,1,1,True,sub-STSWD1118,937352,8,937352.0,sub-STSWD1118
483,1.0,0.2594,3,2,2,1,1,1,1,True,sub-STSWD1118,939784,8,939784.0,sub-STSWD1118
484,1.0,0.55327,1,4,2,1,1,1,1,True,sub-STSWD1118,944264,8,944264.0,sub-STSWD1118
485,1.0,0.65122,3,4,1,1,1,1,1,True,sub-STSWD1118,946696,8,946696.0,sub-STSWD1118
486,1.0,0.56979,3,4,2,1,1,1,1,True,sub-STSWD1118,949128,8,949128.0,sub-STSWD1118
487,1.0,0.65111,3,4,2,1,1,1,1,True,sub-STSWD1118,951560,8,951560.0,sub-STSWD1118
488,1.0,0.73206,4,4,1,1,1,1,1,True,sub-STSWD1118,953992,8,953992.0,sub-STSWD1118
489,1.0,0.63698,2,4,1,1,1,1,1,True,sub-STSWD1118,956424,8,956424.0,sub-STSWD1118
490,1.0,0.54192,2,4,1,1,1,1,1,True,sub-STSWD1118,958856,8,958856.0,sub-STSWD1118
491,1.0,0.76368,1,4,1,1,1,1,1,True,sub-STSWD1118,961288,8,961288.0,sub-STSWD1118
492,1.0,1.0982,3,4,2,1,1,1,1,True,sub-STSWD1120,29251,8,29251.0,sub-STSWD1120
493,0.0,0.75814,3,4,1,1,1,1,1,True,sub-STSWD1120,31683,8,31683.0,sub-STSWD1120
494,0.0,1.04,1,4,2,1,1,1,1,True,sub-STSWD1120,34114,8,34114.0,sub-STSWD1120
495,1.0,0.8799,2,4,2,1,1,1,1,True,sub-STSWD1120,41410,8,41410.0,sub-STSWD1120
496,1.0,0.8168,2,4,1,1,1,1,1,True,sub-STSWD1120,43842,8,43842.0,sub-STSWD1120
497,1.0,0.76275,2,4,1,1,1,1,1,True,sub-STSWD1120,46274,8,46274.0,sub-STSWD1120
498,1.0,0.53664,2,2,2,1,1,1,1,True,sub-STSWD1120,50754,8,50754.0,sub-STSWD1120
499,0.0,0.4505,3,2,1,1,1,1,1,True,sub-STSWD1120,53186,8,53186.0,sub-STSWD1120
500,1.0,0.42443,3,2,2,1,1,1,1,True,sub-STSWD1120,55618,8,55618.0,sub-STSWD1120
501,1.0,0.29833,2,2,1,1,1,1,1,True,sub-STSWD1120,58050,8,58050.0,sub-STSWD1120
502,1.0,0.38538,2,2,1,1,1,1,1,True,sub-STSWD1120,60482,8,60482.0,sub-STSWD1120
503,1.0,0.28965,3,2,2,1,1,1,1,True,sub-STSWD1120,62918,8,62918.0,sub-STSWD1120
504,1.0,0.31958,3,2,1,1,1,1,1,True,sub-STSWD1120,65350,8,65350.0,sub-STSWD1120
505,0.0,0.4264,2,2,1,1,1,1,1,True,sub-STSWD1120,67782,8,67782.0,sub-STSWD1120
506,1.0,0.49732,2,3,1,1,1,1,1,True,sub-STSWD1120,72262,8,72262.0,sub-STSWD1120
507,1.0,0.62429,1,3,2,1,1,1,1,True,sub-STSWD1120,74694,8,74694.0,sub-STSWD1120
508,1.0,0.94427,1,3,2,1,1,1,1,True,sub-STSWD1120,77126,8,77126.0,sub-STSWD1120
509,0.0,0.75023,1,3,2,1,1,1,1,True,sub-STSWD1120,79558,8,79558.0,sub-STSWD1120
510,1.0,0.80709,2,3,1,1,1,1,1,True,sub-STSWD1120,81990,8,81990.0,sub-STSWD1120
511,1.0,0.87703,4,3,2,1,1,1,1,True,sub-STSWD1120,84422,8,84422.0,sub-STSWD1120
512,0.0,0.65899,1,3,2,1,1,1,1,True,sub-STSWD1120,86854,8,86854.0,sub-STSWD1120
513,1.0,0.83096,1,3,1,1,1,1,1,True,sub-STSWD1120,89286,8,89286.0,sub-STSWD1120
514,1.0,0.30878,4,1,1,1,1,1,1,True,sub-STSWD1120,93766,8,93766.0,sub-STSWD1120
515,1.0,0.31277,4,1,1,1,1,1,1,True,sub-STSWD1120,96198,8,96198.0,sub-STSWD1120
516,1.0,0.28468,4,1,2,1,1,1,1,True,sub-STSWD1120,98630,8,98630.0,sub-STSWD1120
517,1.0,0.32057,4,1,1,1,1,1,1,True,sub-STSWD1120,101062,8,101062.0,sub-STSWD1120
518,1.0,0.31752,4,1,2,1,1,1,1,True,sub-STSWD1120,103494,8,103494.0,sub-STSWD1120
519,0.0,0.33343,4,1,1,1,1,1,1,True,sub-STSWD1120,108358,8,108358.0,sub-STSWD1120
520,0.0,0.40536,4,1,1,1,1,1,1,True,sub-STSWD1120,110790,8,110790.0,sub-STSWD1120
521,1.0,0.76419,4,3,2,1,1,1,1,True,sub-STSWD1120,115270,8,115270.0,sub-STSWD1120
522,1.0,0.54413,4,3,1,1,1,1,1,True,sub-STSWD1120,117702,8,117702.0,sub-STSWD1120
523,1.0,0.60115,3,3,1,1,1,1,1,True,sub-STSWD1120,120134,8,120134.0,sub-STSWD1120
524,1.0,0.63004,4,3,2,1,1,1,1,True,sub-STSWD1120,122566,8,122566.0,sub-STSWD1120
525,0.0,0.68098,4,3,1,1,1,1,1,True,sub-STSWD1120,124998,8,124998.0,sub-STSWD1120
526,1.0,0.61588,4,3,2,1,1,1,1,True,sub-STSWD1120,127430,8,127430.0,sub-STSWD1120
527,1.0,0.8068,1,3,1,1,1,1,1,True,sub-STSWD1120,129861,8,129861.0,sub-STSWD1120
528,1.0,0.60774,1,3,1,1,1,1,1,True,sub-STSWD1120,132293,8,132293.0,sub-STSWD1120
529,1.0,0.53062,1,2,2,1,1,1,1,True,sub-STSWD1120,136773,8,136773.0,sub-STSWD1120
530,1.0,0.57558,1,2,1,1,1,1,1,True,sub-STSWD1120,139205,8,139205.0,sub-STSWD1120
531,1.0,0.72349,1,2,1,1,1,1,1,True,sub-STSWD1120,141637,8,141637.0,sub-STSWD1120
532,1.0,0.62737,2,2,1,1,1,1,1,True,sub-STSWD1120,144069,8,144069.0,sub-STSWD1120
533,1.0,0.57033,2,2,2,1,1,1,1,True,sub-STSWD1120,146501,8,146501.0,sub-STSWD1120
534,0.0,0.69829,1,2,1,1,1,1,1,True,sub-STSWD1120,148933,8,148933.0,sub-STSWD1120
535,1.0,0.51226,2,2,2,1,1,1,1,True,sub-STSWD1120,151365,8,151365.0,sub-STSWD1120
536,1.0,0.38911,2,2,1,1,1,1,1,True,sub-STSWD1120,153797,8,153797.0,sub-STSWD1120
537,1.0,0.30609,3,1,1,1,1,1,1,True,sub-STSWD1120,158277,8,158277.0,sub-STSWD1120
538,1.0,0.39293,3,1,1,1,1,1,1,True,sub-STSWD1120,160709,8,160709.0,sub-STSWD1120
539,1.0,0.45396,3,1,1,1,1,1,1,True,sub-STSWD1120,163141,8,163141.0,sub-STSWD1120
540,1.0,0.31689,3,1,1,1,1,1,1,True,sub-STSWD1120,165573,8,165573.0,sub-STSWD1120
541,1.0,0.80874,3,1,2,1,1,1,1,True,sub-STSWD1120,168005,8,168005.0,sub-STSWD1120
542,1.0,0.27275,3,1,1,1,1,1,1,True,sub-STSWD1120,170437,8,170437.0,sub-STSWD1120
543,1.0,0.36063,3,1,2,1,1,1,1,True,sub-STSWD1120,172869,8,172869.0,sub-STSWD1120
544,1.0,0.28045,3,1,2,1,1,1,1,True,sub-STSWD1120,175301,8,175301.0,sub-STSWD1120
545,1.0,0.7835,1,4,2,1,1,1,1,True,sub-STSWD1120,179781,8,179781.0,sub-STSWD1120
546,1.0,0.72336,3,4,2,1,1,1,1,True,sub-STSWD1120,182213,8,182213.0,sub-STSWD1120
547,1.0,0.82637,3,4,2,1,1,1,1,True,sub-STSWD1120,184645,8,184645.0,sub-STSWD1120
548,1.0,0.8793,4,4,1,1,1,1,1,True,sub-STSWD1120,187077,8,187077.0,sub-STSWD1120
549,1.0,0.73725,1,4,1,1,1,1,1,True,sub-STSWD1120,189509,8,189509.0,sub-STSWD1120
550,1.0,0.64517,1,4,1,1,1,1,1,True,sub-STSWD1120,191941,8,191941.0,sub-STSWD1120
551,1.0,0.81912,4,4,2,1,1,1,1,True,sub-STSWD1120,194373,8,194373.0,sub-STSWD1120
552,1.0,0.81704,2,4,2,1,1,1,1,True,sub-STSWD1120,196805,8,196805.0,sub-STSWD1120
553,1.0,0.64861,2,3,1,1,1,1,1,True,sub-STSWD1120,225826,8,225826.0,sub-STSWD1120
554,1.0,0.75255,2,3,2,1,1,1,1,True,sub-STSWD1120,228258,8,228258.0,sub-STSWD1120
555,1.0,1.2255,3,3,1,1,1,1,1,True,sub-STSWD1120,230690,8,230690.0,sub-STSWD1120
556,1.0,0.76645,4,3,2,1,1,1,1,True,sub-STSWD1120,233122,8,233122.0,sub-STSWD1120
557,1.0,1.2182,3,3,1,1,1,1,1,True,sub-STSWD1120,235554,8,235554.0,sub-STSWD1120
558,0.0,0.79728,3,3,1,1,1,1,1,True,sub-STSWD1120,237986,8,237986.0,sub-STSWD1120
559,1.0,0.84417,3,3,1,1,1,1,1,True,sub-STSWD1120,240418,8,240418.0,sub-STSWD1120
560,1.0,0.63115,4,3,1,1,1,1,1,True,sub-STSWD1120,242850,8,242850.0,sub-STSWD1120
561,1.0,0.264,2,1,1,1,1,1,1,True,sub-STSWD1120,247330,8,247330.0,sub-STSWD1120
562,1.0,0.27293,2,1,2,1,1,1,1,True,sub-STSWD1120,249762,8,249762.0,sub-STSWD1120
563,1.0,0.5009,2,1,2,1,1,1,1,True,sub-STSWD1120,252194,8,252194.0,sub-STSWD1120
564,1.0,0.35384,2,1,1,1,1,1,1,True,sub-STSWD1120,254626,8,254626.0,sub-STSWD1120
565,1.0,0.29378,2,1,1,1,1,1,1,True,sub-STSWD1120,257058,8,257058.0,sub-STSWD1120
566,1.0,0.27466,2,1,2,1,1,1,1,True,sub-STSWD1120,259490,8,259490.0,sub-STSWD1120
567,1.0,0.41854,2,1,2,1,1,1,1,True,sub-STSWD1120,264354,8,264354.0,sub-STSWD1120
568,1.0,0.76037,4,4,1,1,1,1,1,True,sub-STSWD1120,268834,8,268834.0,sub-STSWD1120
569,0.0,0.70032,4,4,1,1,1,1,1,True,sub-STSWD1120,271266,8,271266.0,sub-STSWD1120
570,1.0,0.79225,1,4,1,1,1,1,1,True,sub-STSWD1120,273698,8,273698.0,sub-STSWD1120
571,1.0,0.60726,1,4,1,1,1,1,1,True,sub-STSWD1120,276130,8,276130.0,sub-STSWD1120
572,1.0,0.72712,2,4,2,1,1,1,1,True,sub-STSWD1120,278562,8,278562.0,sub-STSWD1120
573,1.0,0.57413,2,4,1,1,1,1,1,True,sub-STSWD1120,280994,8,280994.0,sub-STSWD1120
574,1.0,0.49607,2,4,1,1,1,1,1,True,sub-STSWD1120,283426,8,283426.0,sub-STSWD1120
575,0.0,0.53801,3,4,1,1,1,1,1,True,sub-STSWD1120,285858,8,285858.0,sub-STSWD1120
576,1.0,0.59688,1,2,2,1,1,1,1,True,sub-STSWD1120,290337,8,290337.0,sub-STSWD1120
577,1.0,0.69374,3,2,1,1,1,1,1,True,sub-STSWD1120,292769,8,292769.0,sub-STSWD1120
578,1.0,0.70971,3,2,1,1,1,1,1,True,sub-STSWD1120,295202,8,295202.0,sub-STSWD1120
579,1.0,0.6337,3,2,2,1,1,1,1,True,sub-STSWD1120,297633,8,297633.0,sub-STSWD1120
580,1.0,0.56463,1,2,1,1,1,1,1,True,sub-STSWD1120,300065,8,300065.0,sub-STSWD1120
581,0.0,0.75055,1,2,2,1,1,1,1,True,sub-STSWD1120,302497,8,302497.0,sub-STSWD1120
582,1.0,0.54749,3,2,2,1,1,1,1,True,sub-STSWD1120,304929,8,304929.0,sub-STSWD1120
583,1.0,0.41732,1,2,1,1,1,1,1,True,sub-STSWD1120,307361,8,307361.0,sub-STSWD1120
584,0.0,0.58031,1,3,2,1,1,1,1,True,sub-STSWD1120,311841,8,311841.0,sub-STSWD1120
585,1.0,0.66923,4,3,1,1,1,1,1,True,sub-STSWD1120,314273,8,314273.0,sub-STSWD1120
586,1.0,0.86016,3,3,2,1,1,1,1,True,sub-STSWD1120,316705,8,316705.0,sub-STSWD1120
587,1.0,0.76211,3,3,2,1,1,1,1,True,sub-STSWD1120,319137,8,319137.0,sub-STSWD1120
588,1.0,0.562,1,3,1,1,1,1,1,True,sub-STSWD1120,321569,8,321569.0,sub-STSWD1120
589,1.0,0.69389,4,3,1,1,1,1,1,True,sub-STSWD1120,324001,8,324001.0,sub-STSWD1120
590,1.0,1.0859,4,3,1,1,1,1,1,True,sub-STSWD1120,326433,8,326433.0,sub-STSWD1120
591,1.0,0.65485,3,3,1,1,1,1,1,True,sub-STSWD1120,328865,8,328865.0,sub-STSWD1120
592,1.0,0.28274,1,1,2,1,1,1,1,True,sub-STSWD1120,333345,8,333345.0,sub-STSWD1120
593,1.0,0.25774,1,1,1,1,1,1,1,True,sub-STSWD1120,335777,8,335777.0,sub-STSWD1120
594,1.0,0.30965,1,1,2,1,1,1,1,True,sub-STSWD1120,338209,8,338209.0,sub-STSWD1120
595,1.0,0.33745,1,1,1,1,1,1,1,True,sub-STSWD1120,340641,8,340641.0,sub-STSWD1120
596,1.0,0.35149,1,1,1,1,1,1,1,True,sub-STSWD1120,343073,8,343073.0,sub-STSWD1120
597,1.0,0.32841,1,1,2,1,1,1,1,True,sub-STSWD1120,345505,8,345505.0,sub-STSWD1120
598,1.0,0.57528,1,1,1,1,1,1,1,True,sub-STSWD1120,347937,8,347937.0,sub-STSWD1120
599,1.0,0.39428,1,1,2,1,1,1,1,True,sub-STSWD1120,350369,8,350369.0,sub-STSWD1120
600,1.0,0.57213,1,2,2,1,1,1,1,True,sub-STSWD1120,354849,8,354849.0,sub-STSWD1120
601,1.0,0.789,2,2,2,1,1,1,1,True,sub-STSWD1120,357281,8,357281.0,sub-STSWD1120
602,1.0,0.27404,2,2,1,1,1,1,1,True,sub-STSWD1120,359713,8,359713.0,sub-STSWD1120
603,1.0,0.31377,1,2,2,1,1,1,1,True,sub-STSWD1120,369441,8,369441.0,sub-STSWD1120
604,1.0,0.39166,2,2,1,1,1,1,1,True,sub-STSWD1120,371873,8,371873.0,sub-STSWD1120
605,1.0,0.52558,1,4,2,1,1,1,1,True,sub-STSWD1120,376353,8,376353.0,sub-STSWD1120
606,1.0,0.63749,4,4,2,1,1,1,1,True,sub-STSWD1120,378785,8,378785.0,sub-STSWD1120
607,1.0,0.71646,2,4,1,1,1,1,1,True,sub-STSWD1120,381217,8,381217.0,sub-STSWD1120
608,1.0,0.75139,1,4,2,1,1,1,1,True,sub-STSWD1120,383649,8,383649.0,sub-STSWD1120
609,1.0,0.78123,3,4,1,1,1,1,1,True,sub-STSWD1120,386081,8,386081.0,sub-STSWD1120
610,1.0,0.77026,3,4,2,1,1,1,1,True,sub-STSWD1120,388513,8,388513.0,sub-STSWD1120
611,1.0,0.54611,3,4,1,1,1,1,1,True,sub-STSWD1120,390945,8,390945.0,sub-STSWD1120
612,1.0,0.60708,4,4,2,1,1,1,1,True,sub-STSWD1120,393376,8,393376.0,sub-STSWD1120
613,1.0,0.56263,3,2,2,1,1,1,1,True,sub-STSWD1120,424152,8,424152.0,sub-STSWD1120
614,1.0,0.71638,3,2,1,1,1,1,1,True,sub-STSWD1120,429016,8,429016.0,sub-STSWD1120
615,1.0,0.25144,4,2,2,1,1,1,1,True,sub-STSWD1120,431448,8,431448.0,sub-STSWD1120
616,1.0,0.26035,4,2,1,1,1,1,1,True,sub-STSWD1120,433879,8,433879.0,sub-STSWD1120
617,1.0,0.27231,3,2,2,1,1,1,1,True,sub-STSWD1120,436312,8,436312.0,sub-STSWD1120
618,0.0,0.28626,4,2,1,1,1,1,1,True,sub-STSWD1120,438743,8,438743.0,sub-STSWD1120
619,1.0,0.90305,3,4,2,1,1,1,1,True,sub-STSWD1120,445655,8,445655.0,sub-STSWD1120
620,1.0,0.67095,3,4,1,1,1,1,1,True,sub-STSWD1120,448087,8,448087.0,sub-STSWD1120
621,1.0,0.68685,3,4,2,1,1,1,1,True,sub-STSWD1120,450519,8,450519.0,sub-STSWD1120
622,1.0,0.58087,4,4,2,1,1,1,1,True,sub-STSWD1120,452951,8,452951.0,sub-STSWD1120
623,1.0,0.72778,4,4,1,1,1,1,1,True,sub-STSWD1120,455383,8,455383.0,sub-STSWD1120
624,1.0,0.73573,1,4,1,1,1,1,1,True,sub-STSWD1120,457815,8,457815.0,sub-STSWD1120
625,1.0,0.59667,1,4,2,1,1,1,1,True,sub-STSWD1120,460247,8,460247.0,sub-STSWD1120
626,1.0,0.56857,2,4,1,1,1,1,1,True,sub-STSWD1120,462679,8,462679.0,sub-STSWD1120
627,1.0,0.48239,1,1,2,1,1,1,1,True,sub-STSWD1120,467159,8,467159.0,sub-STSWD1120
628,1.0,0.30742,1,1,1,1,1,1,1,True,sub-STSWD1120,469591,8,469591.0,sub-STSWD1120
629,1.0,0.38924,1,1,1,1,1,1,1,True,sub-STSWD1120,474455,8,474455.0,sub-STSWD1120
630,1.0,0.25823,1,1,2,1,1,1,1,True,sub-STSWD1120,476887,8,476887.0,sub-STSWD1120
631,1.0,0.2671,1,1,2,1,1,1,1,True,sub-STSWD1120,481751,8,481751.0,sub-STSWD1120
632,1.0,0.27603,1,1,1,1,1,1,1,True,sub-STSWD1120,484183,8,484183.0,sub-STSWD1120
633,1.0,0.67924,4,3,2,1,1,1,1,True,sub-STSWD1120,488667,8,488667.0,sub-STSWD1120
634,1.0,0.86114,4,3,2,1,1,1,1,True,sub-STSWD1120,491099,8,491099.0,sub-STSWD1120
635,1.0,0.60712,2,3,2,1,1,1,1,True,sub-STSWD1120,493531,8,493531.0,sub-STSWD1120
636,1.0,0.54904,1,3,1,1,1,1,1,True,sub-STSWD1120,495963,8,495963.0,sub-STSWD1120
637,1.0,0.63903,1,3,2,1,1,1,1,True,sub-STSWD1120,498395,8,498395.0,sub-STSWD1120
638,1.0,1.0969,1,3,2,1,1,1,1,True,sub-STSWD1120,500827,8,500827.0,sub-STSWD1120
639,1.0,0.65182,4,3,1,1,1,1,1,True,sub-STSWD1120,503259,8,503259.0,sub-STSWD1120
640,1.0,0.69767,2,3,1,1,1,1,1,True,sub-STSWD1120,505691,8,505691.0,sub-STSWD1120
641,1.0,0.28351,4,1,2,1,1,1,1,True,sub-STSWD1120,515035,8,515035.0,sub-STSWD1120
642,1.0,0.27534,4,1,2,1,1,1,1,True,sub-STSWD1120,517467,8,517467.0,sub-STSWD1120
643,1.0,0.3133,4,1,1,1,1,1,1,True,sub-STSWD1120,522331,8,522331.0,sub-STSWD1120
644,1.0,0.37126,4,1,2,1,1,1,1,True,sub-STSWD1120,524763,8,524763.0,sub-STSWD1120
645,1.0,0.30412,4,1,2,1,1,1,1,True,sub-STSWD1120,527195,8,527195.0,sub-STSWD1120
646,1.0,0.66709,1,2,1,1,1,1,1,True,sub-STSWD1120,531675,8,531675.0,sub-STSWD1120
647,1.0,0.25404,1,2,2,1,1,1,1,True,sub-STSWD1120,534107,8,534107.0,sub-STSWD1120
648,1.0,0.26597,4,2,2,1,1,1,1,True,sub-STSWD1120,536539,8,536539.0,sub-STSWD1120
649,1.0,0.30391,4,2,1,1,1,1,1,True,sub-STSWD1120,538971,8,538971.0,sub-STSWD1120
650,1.0,0.78083,1,2,1,1,1,1,1,True,sub-STSWD1120,541403,8,541403.0,sub-STSWD1120
651,0.0,0.43873,4,2,1,1,1,1,1,True,sub-STSWD1120,543835,8,543835.0,sub-STSWD1120
652,1.0,0.53966,4,2,2,1,1,1,1,True,sub-STSWD1120,546267,8,546267.0,sub-STSWD1120
653,0.0,0.71565,1,2,2,1,1,1,1,True,sub-STSWD1120,548699,8,548699.0,sub-STSWD1120
654,1.0,0.67147,2,3,2,1,1,1,1,True,sub-STSWD1120,553179,8,553179.0,sub-STSWD1120
655,1.0,0.88945,3,3,2,1,1,1,1,True,sub-STSWD1120,555611,8,555611.0,sub-STSWD1120
656,1.0,0.52839,1,3,1,1,1,1,1,True,sub-STSWD1120,558043,8,558043.0,sub-STSWD1120
657,1.0,0.44228,2,3,2,1,1,1,1,True,sub-STSWD1120,560475,8,560475.0,sub-STSWD1120
658,1.0,0.74426,2,3,2,1,1,1,1,True,sub-STSWD1120,562907,8,562907.0,sub-STSWD1120
659,1.0,0.4412,2,3,1,1,1,1,1,True,sub-STSWD1120,565339,8,565339.0,sub-STSWD1120
660,1.0,0.73812,1,3,2,1,1,1,1,True,sub-STSWD1120,567771,8,567771.0,sub-STSWD1120
661,0.0,0.91802,3,3,2,1,1,1,1,True,sub-STSWD1120,570203,8,570203.0,sub-STSWD1120
662,1.0,0.59394,1,4,2,1,1,1,1,True,sub-STSWD1120,574682,8,574682.0,sub-STSWD1120
663,1.0,0.79279,4,4,1,1,1,1,1,True,sub-STSWD1120,577114,8,577114.0,sub-STSWD1120
664,1.0,0.88381,1,4,1,1,1,1,1,True,sub-STSWD1120,579546,8,579546.0,sub-STSWD1120
665,1.0,0.70975,3,4,1,1,1,1,1,True,sub-STSWD1120,581978,8,581978.0,sub-STSWD1120
666,1.0,0.91968,2,4,2,1,1,1,1,True,sub-STSWD1120,584411,8,584411.0,sub-STSWD1120
667,1.0,0.60662,2,4,1,1,1,1,1,True,sub-STSWD1120,586843,8,586843.0,sub-STSWD1120
668,1.0,0.56151,2,4,2,1,1,1,1,True,sub-STSWD1120,589275,8,589275.0,sub-STSWD1120
669,1.0,0.98253,4,4,2,1,1,1,1,True,sub-STSWD1120,591706,8,591706.0,sub-STSWD1120
670,1.0,0.45181,4,3,2,1,1,1,1,True,sub-STSWD1120,617613,8,617613.0,sub-STSWD1120
671,1.0,1.1387,2,3,2,1,1,1,1,True,sub-STSWD1120,620045,8,620045.0,sub-STSWD1120
672,0.0,0.62866,3,3,1,1,1,1,1,True,sub-STSWD1120,622477,8,622477.0,sub-STSWD1120
673,1.0,0.42161,3,3,2,1,1,1,1,True,sub-STSWD1120,624909,8,624909.0,sub-STSWD1120
674,1.0,0.53949,3,3,1,1,1,1,1,True,sub-STSWD1120,627341,8,627341.0,sub-STSWD1120
675,1.0,0.78349,3,3,2,1,1,1,1,True,sub-STSWD1120,629773,8,629773.0,sub-STSWD1120
676,1.0,0.6794,2,3,1,1,1,1,1,True,sub-STSWD1120,632205,8,632205.0,sub-STSWD1120
677,0.0,0.69435,4,3,1,1,1,1,1,True,sub-STSWD1120,634637,8,634637.0,sub-STSWD1120
678,1.0,0.75922,3,4,1,1,1,1,1,True,sub-STSWD1120,639117,8,639117.0,sub-STSWD1120
679,1.0,0.70616,3,4,2,1,1,1,1,True,sub-STSWD1120,641549,8,641549.0,sub-STSWD1120
680,1.0,0.57803,3,4,2,1,1,1,1,True,sub-STSWD1120,643981,8,643981.0,sub-STSWD1120
681,0.0,1.142,1,4,2,1,1,1,1,True,sub-STSWD1120,646413,8,646413.0,sub-STSWD1120
682,1.0,0.55897,1,4,2,1,1,1,1,True,sub-STSWD1120,648845,8,648845.0,sub-STSWD1120
683,1.0,0.73986,4,4,1,1,1,1,1,True,sub-STSWD1120,651277,8,651277.0,sub-STSWD1120
684,1.0,0.70079,4,4,1,1,1,1,1,True,sub-STSWD1120,653709,8,653709.0,sub-STSWD1120
685,1.0,0.75977,2,4,2,1,1,1,1,True,sub-STSWD1120,656141,8,656141.0,sub-STSWD1120
686,1.0,0.27265,2,2,1,1,1,1,1,True,sub-STSWD1120,660621,8,660621.0,sub-STSWD1120
687,1.0,0.48955,2,2,2,1,1,1,1,True,sub-STSWD1120,663053,8,663053.0,sub-STSWD1120
688,1.0,0.58948,4,2,2,1,1,1,1,True,sub-STSWD1120,665485,8,665485.0,sub-STSWD1120
689,1.0,0.26242,2,2,2,1,1,1,1,True,sub-STSWD1120,667917,8,667917.0,sub-STSWD1120
690,1.0,0.4294,4,2,1,1,1,1,1,True,sub-STSWD1120,670349,8,670349.0,sub-STSWD1120
691,1.0,0.62834,4,2,2,1,1,1,1,True,sub-STSWD1120,672781,8,672781.0,sub-STSWD1120
692,1.0,0.53315,2,2,2,1,1,1,1,True,sub-STSWD1120,677645,8,677645.0,sub-STSWD1120
693,1.0,0.37201,3,1,2,1,1,1,1,True,sub-STSWD1120,684557,8,684557.0,sub-STSWD1120
694,1.0,0.25391,3,1,2,1,1,1,1,True,sub-STSWD1120,686989,8,686989.0,sub-STSWD1120
695,1.0,0.27585,3,1,1,1,1,1,1,True,sub-STSWD1120,689421,8,689421.0,sub-STSWD1120
696,1.0,0.28776,3,1,2,1,1,1,1,True,sub-STSWD1120,694285,8,694285.0,sub-STSWD1120
697,1.0,0.3337,3,1,2,1,1,1,1,True,sub-STSWD1120,696717,8,696717.0,sub-STSWD1120
698,1.0,0.28059,3,1,2,1,1,1,1,True,sub-STSWD1120,699149,8,699149.0,sub-STSWD1120
699,1.0,0.6105,3,4,1,1,1,1,1,True,sub-STSWD1120,703628,8,703628.0,sub-STSWD1120
700,1.0,0.64845,1,4,1,1,1,1,1,True,sub-STSWD1120,706061,8,706061.0,sub-STSWD1120
701,0.0,0.73334,4,4,2,1,1,1,1,True,sub-STSWD1120,708493,8,708493.0,sub-STSWD1120
702,1.0,0.83626,1,4,1,1,1,1,1,True,sub-STSWD1120,710924,8,710924.0,sub-STSWD1120
703,1.0,0.72125,2,4,2,1,1,1,1,True,sub-STSWD1120,713356,8,713356.0,sub-STSWD1120
704,1.0,0.65416,2,4,1,1,1,1,1,True,sub-STSWD1120,715788,8,715788.0,sub-STSWD1120
705,1.0,0.7811,2,4,2,1,1,1,1,True,sub-STSWD1120,718220,8,718220.0,sub-STSWD1120
706,1.0,0.68605,4,4,2,1,1,1,1,True,sub-STSWD1120,720653,8,720653.0,sub-STSWD1120
707,1.0,0.29494,2,1,2,1,1,1,1,True,sub-STSWD1120,725132,8,725132.0,sub-STSWD1120
708,1.0,0.36377,2,1,1,1,1,1,1,True,sub-STSWD1120,727564,8,727564.0,sub-STSWD1120
709,1.0,0.29715,2,1,1,1,1,1,1,True,sub-STSWD1120,729997,8,729997.0,sub-STSWD1120
710,1.0,0.2638,2,1,2,1,1,1,1,True,sub-STSWD1120,732428,8,732428.0,sub-STSWD1120
711,1.0,0.73467,2,1,1,1,1,1,1,True,sub-STSWD1120,734860,8,734860.0,sub-STSWD1120
712,1.0,0.52091,2,1,1,1,1,1,1,True,sub-STSWD1120,737293,8,737293.0,sub-STSWD1120
713,1.0,0.31484,2,1,1,1,1,1,1,True,sub-STSWD1120,739724,8,739724.0,sub-STSWD1120
714,1.0,0.33648,2,1,2,1,1,1,1,True,sub-STSWD1120,742156,8,742156.0,sub-STSWD1120
715,1.0,0.5137,2,3,2,1,1,1,1,True,sub-STSWD1120,746636,8,746636.0,sub-STSWD1120
716,1.0,0.56259,2,3,1,1,1,1,1,True,sub-STSWD1120,749068,8,749068.0,sub-STSWD1120
717,1.0,0.43123,2,3,2,1,1,1,1,True,sub-STSWD1120,751500,8,751500.0,sub-STSWD1120
718,1.0,0.50818,2,3,1,1,1,1,1,True,sub-STSWD1120,753932,8,753932.0,sub-STSWD1120
719,1.0,0.64014,1,3,1,1,1,1,1,True,sub-STSWD1120,756364,8,756364.0,sub-STSWD1120
720,1.0,0.71404,3,3,2,1,1,1,1,True,sub-STSWD1120,758796,8,758796.0,sub-STSWD1120
721,0.0,0.68231,3,3,2,1,1,1,1,True,sub-STSWD1120,761228,8,761228.0,sub-STSWD1120
722,1.0,0.4892,1,3,1,1,1,1,1,True,sub-STSWD1120,763660,8,763660.0,sub-STSWD1120
723,1.0,0.55566,4,2,1,1,1,1,1,True,sub-STSWD1120,768140,8,768140.0,sub-STSWD1120
724,1.0,0.61299,3,2,1,1,1,1,1,True,sub-STSWD1120,770572,8,770572.0,sub-STSWD1120
725,1.0,0.47895,4,2,2,1,1,1,1,True,sub-STSWD1120,773004,8,773004.0,sub-STSWD1120
726,1.0,0.62888,4,2,2,1,1,1,1,True,sub-STSWD1120,775436,8,775436.0,sub-STSWD1120
727,1.0,0.30382,3,2,2,1,1,1,1,True,sub-STSWD1120,777868,8,777868.0,sub-STSWD1120
728,1.0,0.48673,3,2,1,1,1,1,1,True,sub-STSWD1120,782732,8,782732.0,sub-STSWD1120
729,0.0,1.1157,3,2,1,1,1,1,1,True,sub-STSWD1120,785164,8,785164.0,sub-STSWD1120
730,0.0,0.9296,2,2,2,1,1,1,1,True,sub-STSWD1124,29783,8,29783.0,sub-STSWD1124
731,1.0,1.5381,1,2,1,1,1,1,1,True,sub-STSWD1124,34646,8,34646.0,sub-STSWD1124
732,1.0,1.1251,2,2,2,1,1,1,1,True,sub-STSWD1124,37078,8,37078.0,sub-STSWD1124
733,1.0,1.3141,1,2,2,1,1,1,1,True,sub-STSWD1124,39510,8,39510.0,sub-STSWD1124
734,1.0,1.2302,1,2,1,1,1,1,1,True,sub-STSWD1124,41942,8,41942.0,sub-STSWD1124
735,0.0,1.4081,2,2,1,1,1,1,1,True,sub-STSWD1124,44374,8,44374.0,sub-STSWD1124
736,1.0,0.70491,1,2,1,1,1,1,1,True,sub-STSWD1124,46806,8,46806.0,sub-STSWD1124
737,0.0,1.4761,3,4,1,1,1,1,1,True,sub-STSWD1124,51290,8,51290.0,sub-STSWD1124
738,1.0,1.18,1,4,1,1,1,1,1,True,sub-STSWD1124,53722,8,53722.0,sub-STSWD1124
739,1.0,1.4909,2,4,1,1,1,1,1,True,sub-STSWD1124,56154,8,56154.0,sub-STSWD1124
740,,,2,4,2,1,1,1,1,True,sub-STSWD1124,58586,8,,sub-STSWD1124
741,1.0,1.0528,4,4,2,1,1,1,1,True,sub-STSWD1124,61018,8,61018.0,sub-STSWD1124
742,1.0,1.0777,4,4,2,1,1,1,1,True,sub-STSWD1124,63450,8,63450.0,sub-STSWD1124
743,0.0,1.0667,2,4,2,1,1,1,1,True,sub-STSWD1124,65882,8,65882.0,sub-STSWD1124
744,1.0,1.3066,1,4,2,1,1,1,1,True,sub-STSWD1124,68314,8,68314.0,sub-STSWD1124
745,1.0,0.62949,1,1,2,1,1,1,1,True,sub-STSWD1124,72794,8,72794.0,sub-STSWD1124
746,0.0,0.60347,1,1,2,1,1,1,1,True,sub-STSWD1124,75226,8,75226.0,sub-STSWD1124
747,1.0,0.36637,1,1,1,1,1,1,1,True,sub-STSWD1124,77658,8,77658.0,sub-STSWD1124
748,1.0,0.57624,1,1,1,1,1,1,1,True,sub-STSWD1124,80090,8,80090.0,sub-STSWD1124
749,1.0,0.48118,1,1,1,1,1,1,1,True,sub-STSWD1124,82522,8,82522.0,sub-STSWD1124
750,1.0,0.40417,1,1,2,1,1,1,1,True,sub-STSWD1124,84954,8,84954.0,sub-STSWD1124
751,1.0,0.6621,1,1,1,1,1,1,1,True,sub-STSWD1124,87386,8,87386.0,sub-STSWD1124
752,1.0,0.52103,1,1,2,1,1,1,1,True,sub-STSWD1124,89818,8,89818.0,sub-STSWD1124
753,1.0,1.1138,1,3,2,1,1,1,1,True,sub-STSWD1124,94298,8,94298.0,sub-STSWD1124
754,1.0,0.60385,1,3,1,1,1,1,1,True,sub-STSWD1124,96729,8,96729.0,sub-STSWD1124
755,0.0,0.78195,2,3,2,1,1,1,1,True,sub-STSWD1124,99161,8,99161.0,sub-STSWD1124
756,0.0,0.99774,4,3,1,1,1,1,1,True,sub-STSWD1124,101593,8,101593.0,sub-STSWD1124
757,1.0,0.97357,4,3,2,1,1,1,1,True,sub-STSWD1124,104025,8,104025.0,sub-STSWD1124
758,1.0,0.92257,1,3,2,1,1,1,1,True,sub-STSWD1124,106457,8,106457.0,sub-STSWD1124
759,1.0,0.63558,1,3,2,1,1,1,1,True,sub-STSWD1124,108889,8,108889.0,sub-STSWD1124
760,0.0,0.64339,2,3,1,1,1,1,1,True,sub-STSWD1124,111321,8,111321.0,sub-STSWD1124
761,1.0,0.54632,2,1,2,1,1,1,1,True,sub-STSWD1124,115801,8,115801.0,sub-STSWD1124
762,0.0,0.27527,2,1,1,1,1,1,1,True,sub-STSWD1124,118233,8,118233.0,sub-STSWD1124
763,1.0,0.58619,2,1,2,1,1,1,1,True,sub-STSWD1124,120665,8,120665.0,sub-STSWD1124
764,0.0,0.48429,2,1,1,1,1,1,1,True,sub-STSWD1124,123097,8,123097.0,sub-STSWD1124
765,1.0,0.73805,2,1,2,1,1,1,1,True,sub-STSWD1124,125529,8,125529.0,sub-STSWD1124
766,0.0,0.38705,2,1,2,1,1,1,1,True,sub-STSWD1124,127961,8,127961.0,sub-STSWD1124
767,0.0,0.68789,2,1,1,1,1,1,1,True,sub-STSWD1124,130393,8,130393.0,sub-STSWD1124
768,1.0,0.64578,2,1,1,1,1,1,1,True,sub-STSWD1124,132825,8,132825.0,sub-STSWD1124
769,1.0,0.63372,1,2,1,1,1,1,1,True,sub-STSWD1124,137305,8,137305.0,sub-STSWD1124
770,1.0,0.49268,1,2,2,1,1,1,1,True,sub-STSWD1124,139737,8,139737.0,sub-STSWD1124
771,1.0,0.64661,4,2,2,1,1,1,1,True,sub-STSWD1124,142169,8,142169.0,sub-STSWD1124
772,1.0,1.0625,1,2,2,1,1,1,1,True,sub-STSWD1124,144601,8,144601.0,sub-STSWD1124
773,1.0,0.77043,4,2,1,1,1,1,1,True,sub-STSWD1124,147033,8,147033.0,sub-STSWD1124
774,1.0,0.54743,4,2,1,1,1,1,1,True,sub-STSWD1124,149465,8,149465.0,sub-STSWD1124
775,1.0,0.76936,4,2,2,1,1,1,1,True,sub-STSWD1124,151897,8,151897.0,sub-STSWD1124
776,1.0,0.61187,1,2,2,1,1,1,1,True,sub-STSWD1124,154329,8,154329.0,sub-STSWD1124
777,1.0,1.2092,3,3,2,1,1,1,1,True,sub-STSWD1124,158809,8,158809.0,sub-STSWD1124
778,1.0,1.215,3,3,2,1,1,1,1,True,sub-STSWD1124,161241,8,161241.0,sub-STSWD1124
779,1.0,0.84102,2,3,1,1,1,1,1,True,sub-STSWD1124,163673,8,163673.0,sub-STSWD1124
780,1.0,0.83886,4,3,2,1,1,1,1,True,sub-STSWD1124,166105,8,166105.0,sub-STSWD1124
781,1.0,0.85688,4,3,2,1,1,1,1,True,sub-STSWD1124,168537,8,168537.0,sub-STSWD1124
782,1.0,0.53585,3,3,1,1,1,1,1,True,sub-STSWD1124,170969,8,170969.0,sub-STSWD1124
783,1.0,0.88879,3,3,2,1,1,1,1,True,sub-STSWD1124,173401,8,173401.0,sub-STSWD1124
784,1.0,0.73671,3,3,1,1,1,1,1,True,sub-STSWD1124,175833,8,175833.0,sub-STSWD1124
785,1.0,1.1656,1,4,1,1,1,1,1,True,sub-STSWD1124,180313,8,180313.0,sub-STSWD1124
786,1.0,0.72651,1,4,1,1,1,1,1,True,sub-STSWD1124,182745,8,182745.0,sub-STSWD1124
787,1.0,0.99448,3,4,2,1,1,1,1,True,sub-STSWD1124,185176,8,185176.0,sub-STSWD1124
788,1.0,0.81738,3,4,1,1,1,1,1,True,sub-STSWD1124,187608,8,187608.0,sub-STSWD1124
789,1.0,0.5824,3,4,2,1,1,1,1,True,sub-STSWD1124,190040,8,190040.0,sub-STSWD1124
790,0.0,1.2333,4,4,1,1,1,1,1,True,sub-STSWD1124,192472,8,192472.0,sub-STSWD1124
791,1.0,0.98419,4,4,2,1,1,1,1,True,sub-STSWD1124,194904,8,194904.0,sub-STSWD1124
792,1.0,0.79017,2,4,2,1,1,1,1,True,sub-STSWD1124,197336,8,197336.0,sub-STSWD1124
793,1.0,0.47478,2,2,1,1,1,1,1,True,sub-STSWD1124,236282,8,236282.0,sub-STSWD1124
794,1.0,0.79067,3,2,2,1,1,1,1,True,sub-STSWD1124,238714,8,238714.0,sub-STSWD1124
795,1.0,0.55161,2,2,2,1,1,1,1,True,sub-STSWD1124,241146,8,241146.0,sub-STSWD1124
796,1.0,0.61759,3,2,1,1,1,1,1,True,sub-STSWD1124,243578,8,243578.0,sub-STSWD1124
797,1.0,0.7488,3,2,1,1,1,1,1,True,sub-STSWD1124,246014,8,246014.0,sub-STSWD1124
798,1.0,0.60575,3,2,2,1,1,1,1,True,sub-STSWD1124,248446,8,248446.0,sub-STSWD1124
799,0.0,0.88472,2,2,1,1,1,1,1,True,sub-STSWD1124,250878,8,250878.0,sub-STSWD1124
800,0.0,0.54366,2,2,2,1,1,1,1,True,sub-STSWD1124,253310,8,253310.0,sub-STSWD1124
801,1.0,0.38955,3,1,1,1,1,1,1,True,sub-STSWD1124,257790,8,257790.0,sub-STSWD1124
802,1.0,0.29953,3,1,1,1,1,1,1,True,sub-STSWD1124,260222,8,260222.0,sub-STSWD1124
803,1.0,0.60635,3,1,2,1,1,1,1,True,sub-STSWD1124,262654,8,262654.0,sub-STSWD1124
804,1.0,0.28232,3,1,1,1,1,1,1,True,sub-STSWD1124,265086,8,265086.0,sub-STSWD1124
805,1.0,0.47223,3,1,1,1,1,1,1,True,sub-STSWD1124,267518,8,267518.0,sub-STSWD1124
806,1.0,0.44421,3,1,2,1,1,1,1,True,sub-STSWD1124,269950,8,269950.0,sub-STSWD1124
807,1.0,0.36515,3,1,2,1,1,1,1,True,sub-STSWD1124,272382,8,272382.0,sub-STSWD1124
808,1.0,0.30508,3,1,2,1,1,1,1,True,sub-STSWD1124,274814,8,274814.0,sub-STSWD1124
809,1.0,0.67,2,4,2,1,1,1,1,True,sub-STSWD1124,279294,8,279294.0,sub-STSWD1124
810,1.0,0.69085,2,4,2,1,1,1,1,True,sub-STSWD1124,281725,8,281725.0,sub-STSWD1124
811,0.0,0.62479,2,4,1,1,1,1,1,True,sub-STSWD1124,284157,8,284157.0,sub-STSWD1124
812,1.0,1.0137,3,4,1,1,1,1,1,True,sub-STSWD1124,286590,8,286590.0,sub-STSWD1124
813,1.0,0.76683,3,4,2,1,1,1,1,True,sub-STSWD1124,289022,8,289022.0,sub-STSWD1124
814,1.0,0.91949,3,4,1,1,1,1,1,True,sub-STSWD1124,291453,8,291453.0,sub-STSWD1124
815,1.0,1.4896,1,4,2,1,1,1,1,True,sub-STSWD1124,293885,8,293885.0,sub-STSWD1124
816,1.0,0.4565,4,4,1,1,1,1,1,True,sub-STSWD1124,296317,8,296317.0,sub-STSWD1124
817,1.0,0.82932,3,3,2,1,1,1,1,True,sub-STSWD1124,300797,8,300797.0,sub-STSWD1124
818,1.0,0.49731,2,3,2,1,1,1,1,True,sub-STSWD1124,303229,8,303229.0,sub-STSWD1124
819,1.0,0.8642,1,3,1,1,1,1,1,True,sub-STSWD1124,305661,8,305661.0,sub-STSWD1124
820,1.0,0.49917,1,3,2,1,1,1,1,True,sub-STSWD1124,308093,8,308093.0,sub-STSWD1124
821,1.0,0.72606,2,3,1,1,1,1,1,True,sub-STSWD1124,310525,8,310525.0,sub-STSWD1124
822,1.0,0.80494,2,3,1,1,1,1,1,True,sub-STSWD1124,312957,8,312957.0,sub-STSWD1124
823,1.0,0.60098,2,3,1,1,1,1,1,True,sub-STSWD1124,315389,8,315389.0,sub-STSWD1124
824,0.0,1.1739,3,3,2,1,1,1,1,True,sub-STSWD1124,317821,8,317821.0,sub-STSWD1124
825,1.0,0.75779,1,2,2,1,1,1,1,True,sub-STSWD1124,322301,8,322301.0,sub-STSWD1124
826,1.0,0.74368,3,2,2,1,1,1,1,True,sub-STSWD1124,324733,8,324733.0,sub-STSWD1124
827,0.0,0.46566,3,2,2,1,1,1,1,True,sub-STSWD1124,327165,8,327165.0,sub-STSWD1124
828,1.0,0.5346,3,2,1,1,1,1,1,True,sub-STSWD1124,329597,8,329597.0,sub-STSWD1124
829,1.0,0.68654,1,2,2,1,1,1,1,True,sub-STSWD1124,332029,8,332029.0,sub-STSWD1124
830,1.0,1.4414,1,2,2,1,1,1,1,True,sub-STSWD1124,334461,8,334461.0,sub-STSWD1124
831,1.0,0.51935,3,2,2,1,1,1,1,True,sub-STSWD1124,336893,8,336893.0,sub-STSWD1124
832,1.0,0.6343,1,2,1,1,1,1,1,True,sub-STSWD1124,339325,8,339325.0,sub-STSWD1124
833,0.0,0.99716,4,3,1,1,1,1,1,True,sub-STSWD1124,343805,8,343805.0,sub-STSWD1124
834,1.0,0.84314,3,3,1,1,1,1,1,True,sub-STSWD1124,346237,8,346237.0,sub-STSWD1124
835,0.0,0.80904,2,3,2,1,1,1,1,True,sub-STSWD1124,348669,8,348669.0,sub-STSWD1124
836,1.0,0.94297,3,3,1,1,1,1,1,True,sub-STSWD1124,351101,8,351101.0,sub-STSWD1124
837,1.0,0.75382,3,3,1,1,1,1,1,True,sub-STSWD1124,353533,8,353533.0,sub-STSWD1124
838,0.0,0.72088,2,3,2,1,1,1,1,True,sub-STSWD1124,355965,8,355965.0,sub-STSWD1124
839,1.0,0.74478,2,3,1,1,1,1,1,True,sub-STSWD1124,358397,8,358397.0,sub-STSWD1124
840,0.0,0.84875,4,3,1,1,1,1,1,True,sub-STSWD1124,360829,8,360829.0,sub-STSWD1124
841,1.0,0.3026,4,1,2,1,1,1,1,True,sub-STSWD1124,365309,8,365309.0,sub-STSWD1124
842,1.0,0.55457,4,1,1,1,1,1,1,True,sub-STSWD1124,367741,8,367741.0,sub-STSWD1124
843,0.0,0.53538,4,1,1,1,1,1,1,True,sub-STSWD1124,370173,8,370173.0,sub-STSWD1124
844,1.0,0.46844,4,1,2,1,1,1,1,True,sub-STSWD1124,372605,8,372605.0,sub-STSWD1124
845,1.0,0.36727,4,1,1,1,1,1,1,True,sub-STSWD1124,375037,8,375037.0,sub-STSWD1124
846,1.0,0.25428,4,1,2,1,1,1,1,True,sub-STSWD1124,377469,8,377469.0,sub-STSWD1124
847,1.0,0.32924,4,1,1,1,1,1,1,True,sub-STSWD1124,379900,8,379900.0,sub-STSWD1124
848,1.0,0.29826,4,1,2,1,1,1,1,True,sub-STSWD1124,382333,8,382333.0,sub-STSWD1124
849,0.0,0.98909,2,4,2,1,1,1,1,True,sub-STSWD1124,386812,8,386812.0,sub-STSWD1124
850,0.0,0.76995,4,4,1,1,1,1,1,True,sub-STSWD1124,389245,8,389245.0,sub-STSWD1124
851,1.0,0.75985,4,4,2,1,1,1,1,True,sub-STSWD1124,391676,8,391676.0,sub-STSWD1124
852,1.0,0.71881,1,4,2,1,1,1,1,True,sub-STSWD1124,394108,8,394108.0,sub-STSWD1124
853,1.0,0.86378,1,4,2,1,1,1,1,True,sub-STSWD1124,396540,8,396540.0,sub-STSWD1124
854,1.0,0.74268,3,4,2,1,1,1,1,True,sub-STSWD1124,398972,8,398972.0,sub-STSWD1124
855,1.0,0.67162,1,4,2,1,1,1,1,True,sub-STSWD1124,401404,8,401404.0,sub-STSWD1124
856,1.0,1.2436,4,4,2,1,1,1,1,True,sub-STSWD1124,403836,8,403836.0,sub-STSWD1124
857,1.0,0.47235,3,3,1,1,1,1,1,True,sub-STSWD1124,436203,8,436203.0,sub-STSWD1124
858,1.0,0.89332,3,3,1,1,1,1,1,True,sub-STSWD1124,438635,8,438635.0,sub-STSWD1124
859,1.0,0.81726,4,3,1,1,1,1,1,True,sub-STSWD1124,441067,8,441067.0,sub-STSWD1124
860,1.0,0.77215,4,3,2,1,1,1,1,True,sub-STSWD1124,443499,8,443499.0,sub-STSWD1124
861,1.0,0.76208,1,3,2,1,1,1,1,True,sub-STSWD1124,445931,8,445931.0,sub-STSWD1124
862,1.0,0.50807,1,3,1,1,1,1,1,True,sub-STSWD1124,448363,8,448363.0,sub-STSWD1124
863,1.0,0.634,4,3,1,1,1,1,1,True,sub-STSWD1124,450795,8,450795.0,sub-STSWD1124
864,1.0,0.85008,4,3,2,1,1,1,1,True,sub-STSWD1124,453226,8,453226.0,sub-STSWD1124
865,1.0,0.40179,4,2,2,1,1,1,1,True,sub-STSWD1124,457706,8,457706.0,sub-STSWD1124
866,1.0,1.2427,4,2,1,1,1,1,1,True,sub-STSWD1124,460138,8,460138.0,sub-STSWD1124
867,1.0,0.6687,3,2,1,1,1,1,1,True,sub-STSWD1124,462570,8,462570.0,sub-STSWD1124
868,1.0,0.36162,4,2,2,1,1,1,1,True,sub-STSWD1124,465002,8,465002.0,sub-STSWD1124
869,1.0,0.64355,3,2,2,1,1,1,1,True,sub-STSWD1124,467434,8,467434.0,sub-STSWD1124
870,1.0,0.49245,4,2,1,1,1,1,1,True,sub-STSWD1124,469866,8,469866.0,sub-STSWD1124
871,1.0,0.42448,3,2,1,1,1,1,1,True,sub-STSWD1124,472298,8,472298.0,sub-STSWD1124
872,0.0,0.47129,3,2,2,1,1,1,1,True,sub-STSWD1124,474730,8,474730.0,sub-STSWD1124
873,1.0,0.26823,1,1,1,1,1,1,1,True,sub-STSWD1124,479210,8,479210.0,sub-STSWD1124
874,1.0,0.45106,1,1,2,1,1,1,1,True,sub-STSWD1124,481642,8,481642.0,sub-STSWD1124
875,1.0,0.47107,1,1,2,1,1,1,1,True,sub-STSWD1124,484074,8,484074.0,sub-STSWD1124
876,1.0,0.29895,1,1,1,1,1,1,1,True,sub-STSWD1124,486507,8,486507.0,sub-STSWD1124
877,1.0,0.30294,1,1,1,1,1,1,1,True,sub-STSWD1124,488938,8,488938.0,sub-STSWD1124
878,1.0,0.30487,1,1,2,1,1,1,1,True,sub-STSWD1124,491370,8,491370.0,sub-STSWD1124
879,1.0,0.40679,1,1,2,1,1,1,1,True,sub-STSWD1124,493802,8,493802.0,sub-STSWD1124
880,1.0,0.43975,1,1,1,1,1,1,1,True,sub-STSWD1124,496234,8,496234.0,sub-STSWD1124
881,1.0,0.60065,3,4,1,1,1,1,1,True,sub-STSWD1124,500714,8,500714.0,sub-STSWD1124
882,1.0,1.0065,3,4,1,1,1,1,1,True,sub-STSWD1124,503146,8,503146.0,sub-STSWD1124
883,1.0,0.71548,3,4,2,1,1,1,1,True,sub-STSWD1124,505578,8,505578.0,sub-STSWD1124
884,1.0,0.75446,1,4,1,1,1,1,1,True,sub-STSWD1124,508010,8,508010.0,sub-STSWD1124
885,1.0,0.91433,4,4,2,1,1,1,1,True,sub-STSWD1124,510442,8,510442.0,sub-STSWD1124
886,1.0,0.56229,2,4,1,1,1,1,1,True,sub-STSWD1124,512874,8,512874.0,sub-STSWD1124
887,1.0,0.71422,2,4,1,1,1,1,1,True,sub-STSWD1124,515306,8,515306.0,sub-STSWD1124
888,1.0,0.67619,1,4,1,1,1,1,1,True,sub-STSWD1124,517738,8,517738.0,sub-STSWD1124
889,1.0,0.75904,2,2,2,1,1,1,1,True,sub-STSWD1124,522218,8,522218.0,sub-STSWD1124
890,1.0,0.57599,2,2,1,1,1,1,1,True,sub-STSWD1124,524650,8,524650.0,sub-STSWD1124
891,1.0,1.2509,4,2,1,1,1,1,1,True,sub-STSWD1124,527082,8,527082.0,sub-STSWD1124
892,1.0,0.69184,2,2,1,1,1,1,1,True,sub-STSWD1124,529514,8,529514.0,sub-STSWD1124
893,1.0,0.48578,4,2,2,1,1,1,1,True,sub-STSWD1124,531946,8,531946.0,sub-STSWD1124
894,1.0,0.52575,4,2,2,1,1,1,1,True,sub-STSWD1124,534378,8,534378.0,sub-STSWD1124
895,1.0,0.66868,4,2,1,1,1,1,1,True,sub-STSWD1124,536810,8,536810.0,sub-STSWD1124
896,0.0,0.89358,2,2,2,1,1,1,1,True,sub-STSWD1124,539242,8,539242.0,sub-STSWD1124
897,0.0,0.5785,2,1,1,1,1,1,1,True,sub-STSWD1124,543722,8,543722.0,sub-STSWD1124
898,0.0,0.94939,2,1,1,1,1,1,1,True,sub-STSWD1124,546154,8,546154.0,sub-STSWD1124
899,1.0,0.75337,2,1,2,1,1,1,1,True,sub-STSWD1124,548586,8,548586.0,sub-STSWD1124
900,0.0,0.54326,2,1,1,1,1,1,1,True,sub-STSWD1124,551018,8,551018.0,sub-STSWD1124
901,1.0,0.41221,2,1,2,1,1,1,1,True,sub-STSWD1124,553450,8,553450.0,sub-STSWD1124
902,0.0,0.91517,2,1,2,1,1,1,1,True,sub-STSWD1124,555882,8,555882.0,sub-STSWD1124
903,0.0,0.39406,2,1,1,1,1,1,1,True,sub-STSWD1124,558314,8,558314.0,sub-STSWD1124
904,1.0,0.51804,2,1,2,1,1,1,1,True,sub-STSWD1124,560746,8,560746.0,sub-STSWD1124
905,1.0,1.2259,4,3,2,1,1,1,1,True,sub-STSWD1124,565226,8,565226.0,sub-STSWD1124
906,1.0,0.48282,3,3,2,1,1,1,1,True,sub-STSWD1124,567658,8,567658.0,sub-STSWD1124
907,0.0,0.58874,4,3,1,1,1,1,1,True,sub-STSWD1124,570090,8,570090.0,sub-STSWD1124
908,1.0,0.72773,4,3,2,1,1,1,1,True,sub-STSWD1124,572522,8,572522.0,sub-STSWD1124
909,0.0,0.59062,4,3,1,1,1,1,1,True,sub-STSWD1124,574954,8,574954.0,sub-STSWD1124
910,1.0,0.72058,1,3,2,1,1,1,1,True,sub-STSWD1124,577386,8,577386.0,sub-STSWD1124
911,1.0,0.75566,3,3,1,1,1,1,1,True,sub-STSWD1124,579817,8,579817.0,sub-STSWD1124
912,1.0,0.70642,1,3,1,1,1,1,1,True,sub-STSWD1124,582250,8,582250.0,sub-STSWD1124
913,1.0,0.5223,3,4,1,1,1,1,1,True,sub-STSWD1124,586730,8,586730.0,sub-STSWD1124
914,0.0,0.53524,2,4,1,1,1,1,1,True,sub-STSWD1124,589161,8,589161.0,sub-STSWD1124
915,0.0,0.65917,2,4,1,1,1,1,1,True,sub-STSWD1124,591594,8,591594.0,sub-STSWD1124
916,1.0,1.0281,1,4,1,1,1,1,1,True,sub-STSWD1124,594026,8,594026.0,sub-STSWD1124
917,0.0,0.73804,4,4,1,1,1,1,1,True,sub-STSWD1124,596458,8,596458.0,sub-STSWD1124
918,1.0,0.88706,4,4,2,1,1,1,1,True,sub-STSWD1124,598889,8,598889.0,sub-STSWD1124
919,1.0,0.9759,4,4,1,1,1,1,1,True,sub-STSWD1124,601321,8,601321.0,sub-STSWD1124
920,1.0,0.70402,1,4,1,1,1,1,1,True,sub-STSWD1124,603753,8,603753.0,sub-STSWD1124
921,0.0,0.66897,2,3,1,1,1,1,1,True,sub-STSWD1124,636265,8,636265.0,sub-STSWD1124
922,1.0,0.47588,2,3,2,1,1,1,1,True,sub-STSWD1124,641129,8,641129.0,sub-STSWD1124
923,1.0,0.92177,2,3,1,1,1,1,1,True,sub-STSWD1124,643561,8,643561.0,sub-STSWD1124
924,1.0,0.64771,3,3,2,1,1,1,1,True,sub-STSWD1124,645993,8,645993.0,sub-STSWD1124
925,1.0,0.59568,1,3,1,1,1,1,1,True,sub-STSWD1124,648425,8,648425.0,sub-STSWD1124
926,1.0,0.59767,3,3,2,1,1,1,1,True,sub-STSWD1124,650857,8,650857.0,sub-STSWD1124
927,1.0,0.57843,1,3,1,1,1,1,1,True,sub-STSWD1124,653289,8,653289.0,sub-STSWD1124
928,1.0,0.33044,4,1,2,1,1,1,1,True,sub-STSWD1124,657769,8,657769.0,sub-STSWD1124
929,1.0,0.62831,4,1,2,1,1,1,1,True,sub-STSWD1124,662633,8,662633.0,sub-STSWD1124
930,1.0,0.41008,4,1,1,1,1,1,1,True,sub-STSWD1124,669928,8,669928.0,sub-STSWD1124
931,1.0,0.25901,4,1,2,1,1,1,1,True,sub-STSWD1124,672360,8,672360.0,sub-STSWD1124
932,1.0,0.73981,3,4,2,1,1,1,1,True,sub-STSWD1124,679273,8,679273.0,sub-STSWD1124
933,1.0,0.84175,3,4,1,1,1,1,1,True,sub-STSWD1124,681705,8,681705.0,sub-STSWD1124
934,1.0,0.76278,3,4,2,1,1,1,1,True,sub-STSWD1124,684137,8,684137.0,sub-STSWD1124
935,0.0,0.37366,2,4,2,1,1,1,1,True,sub-STSWD1124,686569,8,686569.0,sub-STSWD1124
936,0.0,0.41556,2,4,2,1,1,1,1,True,sub-STSWD1124,689001,8,689001.0,sub-STSWD1124
937,1.0,0.81547,4,4,2,1,1,1,1,True,sub-STSWD1124,691433,8,691433.0,sub-STSWD1124
938,1.0,1.4874,4,4,1,1,1,1,1,True,sub-STSWD1124,693864,8,693864.0,sub-STSWD1124
939,1.0,1.0094,1,4,2,1,1,1,1,True,sub-STSWD1124,696296,8,696296.0,sub-STSWD1124
940,1.0,0.62124,1,2,2,1,1,1,1,True,sub-STSWD1124,700776,8,700776.0,sub-STSWD1124
941,1.0,0.6023,1,2,1,1,1,1,1,True,sub-STSWD1124,703208,8,703208.0,sub-STSWD1124
942,1.0,0.67611,2,2,2,1,1,1,1,True,sub-STSWD1124,705640,8,705640.0,sub-STSWD1124
943,0.0,1.0931,2,2,2,1,1,1,1,True,sub-STSWD1124,708072,8,708072.0,sub-STSWD1124
944,1.0,0.66098,2,2,1,1,1,1,1,True,sub-STSWD1124,710504,8,710504.0,sub-STSWD1124
945,1.0,0.9829,1,2,1,1,1,1,1,True,sub-STSWD1124,712936,8,712936.0,sub-STSWD1124
946,1.0,0.43285,2,2,1,1,1,1,1,True,sub-STSWD1124,715368,8,715368.0,sub-STSWD1124
947,1.0,0.63196,2,2,1,1,1,1,1,True,sub-STSWD1124,717800,8,717800.0,sub-STSWD1124
948,1.0,0.51366,2,4,1,1,1,1,1,True,sub-STSWD1124,722280,8,722280.0,sub-STSWD1124
949,1.0,0.42055,2,4,1,1,1,1,1,True,sub-STSWD1124,724712,8,724712.0,sub-STSWD1124
950,1.0,0.79952,1,4,2,1,1,1,1,True,sub-STSWD1124,727144,8,727144.0,sub-STSWD1124
951,1.0,0.72746,1,4,2,1,1,1,1,True,sub-STSWD1124,729576,8,729576.0,sub-STSWD1124
952,1.0,0.69463,4,4,1,1,1,1,1,True,sub-STSWD1124,732008,8,732008.0,sub-STSWD1124
953,1.0,0.85037,1,4,1,1,1,1,1,True,sub-STSWD1124,734440,8,734440.0,sub-STSWD1124
954,1.0,0.50126,4,4,1,1,1,1,1,True,sub-STSWD1124,736872,8,736872.0,sub-STSWD1124
955,1.0,0.76524,3,4,2,1,1,1,1,True,sub-STSWD1124,739304,8,739304.0,sub-STSWD1124
956,1.0,0.69312,4,2,2,1,1,1,1,True,sub-STSWD1124,743784,8,743784.0,sub-STSWD1124
957,1.0,0.48601,4,2,1,1,1,1,1,True,sub-STSWD1124,746216,8,746216.0,sub-STSWD1124
958,1.0,0.52729,3,2,1,1,1,1,1,True,sub-STSWD1124,748648,8,748648.0,sub-STSWD1124
959,1.0,0.79921,3,2,2,1,1,1,1,True,sub-STSWD1124,751080,8,751080.0,sub-STSWD1124
960,1.0,0.63615,3,2,1,1,1,1,1,True,sub-STSWD1124,753512,8,753512.0,sub-STSWD1124
961,1.0,0.70974,4,2,1,1,1,1,1,True,sub-STSWD1124,755944,8,755944.0,sub-STSWD1124
962,1.0,0.39325,4,2,2,1,1,1,1,True,sub-STSWD1124,758376,8,758376.0,sub-STSWD1124
963,1.0,0.70496,3,2,1,1,1,1,1,True,sub-STSWD1124,760808,8,760808.0,sub-STSWD1124
964,1.0,0.90084,1,3,1,1,1,1,1,True,sub-STSWD1124,765288,8,765288.0,sub-STSWD1124
965,1.0,0.94277,1,3,1,1,1,1,1,True,sub-STSWD1124,767720,8,767720.0,sub-STSWD1124
966,1.0,0.59939,1,3,2,1,1,1,1,True,sub-STSWD1124,770152,8,770152.0,sub-STSWD1124
967,1.0,0.71277,1,3,2,1,1,1,1,True,sub-STSWD1124,772584,8,772584.0,sub-STSWD1124
968,1.0,0.77958,2,3,2,1,1,1,1,True,sub-STSWD1124,775016,8,775016.0,sub-STSWD1124
969,0.0,0.81052,4,3,1,1,1,1,1,True,sub-STSWD1124,777448,8,777448.0,sub-STSWD1124
970,1.0,0.83244,2,3,2,1,1,1,1,True,sub-STSWD1124,779879,8,779879.0,sub-STSWD1124
971,1.0,0.73038,4,3,2,1,1,1,1,True,sub-STSWD1124,782312,8,782312.0,sub-STSWD1124
972,0.0,1.4104,3,1,2,1,1,1,1,True,sub-STSWD1124,786792,8,786792.0,sub-STSWD1124
973,1.0,0.54614,3,1,1,1,1,1,1,True,sub-STSWD1124,789223,8,789223.0,sub-STSWD1124
974,1.0,0.32314,3,1,2,1,1,1,1,True,sub-STSWD1124,791655,8,791655.0,sub-STSWD1124
975,1.0,0.48307,3,1,1,1,1,1,1,True,sub-STSWD1124,794087,8,794087.0,sub-STSWD1124
976,1.0,0.27705,3,1,2,1,1,1,1,True,sub-STSWD1124,796520,8,796520.0,sub-STSWD1124
977,1.0,0.44299,3,1,1,1,1,1,1,True,sub-STSWD1124,798951,8,798951.0,sub-STSWD1124
978,1.0,0.3779,3,1,2,1,1,1,1,True,sub-STSWD1124,801383,8,801383.0,sub-STSWD1124
979,1.0,0.51381,3,1,1,1,1,1,1,True,sub-STSWD1124,803815,8,803815.0,sub-STSWD1124
980,0.0,0.87655,1,3,1,1,1,1,1,True,sub-STSWD1126,32961,8,32961.0,sub-STSWD1126
981,1.0,0.84048,4,3,2,1,1,1,1,True,sub-STSWD1126,35393,8,35393.0,sub-STSWD1126
982,1.0,1.2294,4,3,1,1,1,1,1,True,sub-STSWD1126,37825,8,37825.0,sub-STSWD1126
983,0.0,1.4544,3,3,1,1,1,1,1,True,sub-STSWD1126,40257,8,40257.0,sub-STSWD1126
984,1.0,1.4403,4,3,1,1,1,1,1,True,sub-STSWD1126,42689,8,42689.0,sub-STSWD1126
985,1.0,1.1613,4,3,2,1,1,1,1,True,sub-STSWD1126,45121,8,45121.0,sub-STSWD1126
986,0.0,1.3865,3,3,1,1,1,1,1,True,sub-STSWD1126,47557,8,47557.0,sub-STSWD1126
987,1.0,0.84442,1,3,2,1,1,1,1,True,sub-STSWD1126,49989,8,49989.0,sub-STSWD1126
988,1.0,1.2723,3,2,1,1,1,1,1,True,sub-STSWD1126,54469,8,54469.0,sub-STSWD1126
989,0.0,1.0072,4,2,1,1,1,1,1,True,sub-STSWD1126,56901,8,56901.0,sub-STSWD1126
990,1.0,0.77218,3,2,2,1,1,1,1,True,sub-STSWD1126,59333,8,59333.0,sub-STSWD1126
991,1.0,1.0181,4,2,2,1,1,1,1,True,sub-STSWD1126,61765,8,61765.0,sub-STSWD1126
992,0.0,1.214,4,2,1,1,1,1,1,True,sub-STSWD1126,64197,8,64197.0,sub-STSWD1126
993,1.0,0.77299,4,2,2,1,1,1,1,True,sub-STSWD1126,66629,8,66629.0,sub-STSWD1126
994,1.0,1.2579,3,2,2,1,1,1,1,True,sub-STSWD1126,69061,8,69061.0,sub-STSWD1126
995,1.0,0.67797,3,2,1,1,1,1,1,True,sub-STSWD1126,71493,8,71493.0,sub-STSWD1126
996,0.0,1.2477,1,4,2,1,1,1,1,True,sub-STSWD1126,75973,8,75973.0,sub-STSWD1126
997,0.0,1.1277,2,4,1,1,1,1,1,True,sub-STSWD1126,78405,8,78405.0,sub-STSWD1126
998,1.0,0.9156,3,4,2,1,1,1,1,True,sub-STSWD1126,80836,8,80836.0,sub-STSWD1126
999,1.0,1.2925,3,4,2,1,1,1,1,True,sub-STSWD1126,83268,8,83268.0,sub-STSWD1126
1000,1.0,1.3737,4,4,1,1,1,1,1,True,sub-STSWD1126,85700,8,85700.0,sub-STSWD1126
1001,1.0,1.2714,1,4,1,1,1,1,1,True,sub-STSWD1126,88132,8,88132.0,sub-STSWD1126
1002,1.0,1.1523,2,4,2,1,1,1,1,True,sub-STSWD1126,90564,8,90564.0,sub-STSWD1126
1003,0.0,0.82927,2,4,1,1,1,1,1,True,sub-STSWD1126,92996,8,92996.0,sub-STSWD1126
1004,1.0,1.0842,1,1,1,1,1,1,1,True,sub-STSWD1126,97476,8,97476.0,sub-STSWD1126
1005,1.0,0.63918,1,1,1,1,1,1,1,True,sub-STSWD1126,99908,8,99908.0,sub-STSWD1126
1006,1.0,0.72004,1,1,1,1,1,1,1,True,sub-STSWD1126,102340,8,102340.0,sub-STSWD1126
1007,1.0,0.59797,1,1,1,1,1,1,1,True,sub-STSWD1126,104772,8,104772.0,sub-STSWD1126
1008,1.0,0.62791,1,1,1,1,1,1,1,True,sub-STSWD1126,107204,8,107204.0,sub-STSWD1126
1009,0.0,0.6968,1,1,1,1,1,1,1,True,sub-STSWD1126,109636,8,109636.0,sub-STSWD1126
1010,1.0,0.73171,1,1,2,1,1,1,1,True,sub-STSWD1126,112068,8,112068.0,sub-STSWD1126
1011,1.0,0.87068,1,1,1,1,1,1,1,True,sub-STSWD1126,114500,8,114500.0,sub-STSWD1126
1012,1.0,0.62663,3,4,2,1,1,1,1,True,sub-STSWD1126,118980,8,118980.0,sub-STSWD1126
1013,1.0,0.58657,3,4,1,1,1,1,1,True,sub-STSWD1126,121412,8,121412.0,sub-STSWD1126
1014,1.0,0.49654,1,4,2,1,1,1,1,True,sub-STSWD1126,123844,8,123844.0,sub-STSWD1126
1015,1.0,1.1874,1,4,1,1,1,1,1,True,sub-STSWD1126,126276,8,126276.0,sub-STSWD1126
1016,0.0,0.73941,2,4,1,1,1,1,1,True,sub-STSWD1126,128708,8,128708.0,sub-STSWD1126
1017,1.0,1.5013,4,4,2,1,1,1,1,True,sub-STSWD1126,131140,8,131140.0,sub-STSWD1126
1018,1.0,0.96023,4,4,1,1,1,1,1,True,sub-STSWD1126,133572,8,133572.0,sub-STSWD1126
1019,0.0,1.1862,4,4,1,1,1,1,1,True,sub-STSWD1126,136004,8,136004.0,sub-STSWD1126
1020,1.0,0.97705,1,3,2,1,1,1,1,True,sub-STSWD1126,140484,8,140484.0,sub-STSWD1126
1021,1.0,1.262,1,3,1,1,1,1,1,True,sub-STSWD1126,142916,8,142916.0,sub-STSWD1126
1022,1.0,0.99592,4,3,2,1,1,1,1,True,sub-STSWD1126,145348,8,145348.0,sub-STSWD1126
1023,0.0,1.1458,2,3,1,1,1,1,1,True,sub-STSWD1126,147780,8,147780.0,sub-STSWD1126
1024,1.0,0.66083,1,3,1,1,1,1,1,True,sub-STSWD1126,150212,8,150212.0,sub-STSWD1126
1025,1.0,0.76272,1,3,1,1,1,1,1,True,sub-STSWD1126,152643,8,152643.0,sub-STSWD1126
1026,0.0,1.3606,1,3,1,1,1,1,1,True,sub-STSWD1126,155076,8,155076.0,sub-STSWD1126
1027,0.0,1.3236,2,3,2,1,1,1,1,True,sub-STSWD1126,157508,8,157508.0,sub-STSWD1126
1028,0.0,0.56551,2,1,2,1,1,1,1,True,sub-STSWD1126,161987,8,161987.0,sub-STSWD1126
1029,1.0,0.44241,2,1,2,1,1,1,1,True,sub-STSWD1126,164419,8,164419.0,sub-STSWD1126
1030,1.0,0.71439,2,1,2,1,1,1,1,True,sub-STSWD1126,166851,8,166851.0,sub-STSWD1126
1031,1.0,0.58521,2,1,1,1,1,1,1,True,sub-STSWD1126,169283,8,169283.0,sub-STSWD1126
1032,1.0,0.61722,2,1,1,1,1,1,1,True,sub-STSWD1126,171715,8,171715.0,sub-STSWD1126
1033,0.0,0.87709,2,1,1,1,1,1,1,True,sub-STSWD1126,174147,8,174147.0,sub-STSWD1126
1034,1.0,0.76604,2,1,1,1,1,1,1,True,sub-STSWD1126,176579,8,176579.0,sub-STSWD1126
1035,0.0,1.2392,2,1,1,1,1,1,1,True,sub-STSWD1126,179011,8,179011.0,sub-STSWD1126
1036,1.0,1.1997,1,2,2,1,1,1,1,True,sub-STSWD1126,183491,8,183491.0,sub-STSWD1126
1037,0.0,0.91183,3,2,1,1,1,1,1,True,sub-STSWD1126,185923,8,185923.0,sub-STSWD1126
1038,1.0,0.87375,3,2,2,1,1,1,1,True,sub-STSWD1126,188355,8,188355.0,sub-STSWD1126
1039,1.0,0.89969,3,2,2,1,1,1,1,True,sub-STSWD1126,190787,8,190787.0,sub-STSWD1126
1040,1.0,0.85764,1,2,1,1,1,1,1,True,sub-STSWD1126,193219,8,193219.0,sub-STSWD1126
1041,1.0,0.61259,1,2,1,1,1,1,1,True,sub-STSWD1126,195651,8,195651.0,sub-STSWD1126
1042,1.0,0.78647,3,2,1,1,1,1,1,True,sub-STSWD1126,198083,8,198083.0,sub-STSWD1126
1043,1.0,0.83044,1,2,2,1,1,1,1,True,sub-STSWD1126,200515,8,200515.0,sub-STSWD1126
1044,0.0,1.1033,2,3,2,1,1,1,1,True,sub-STSWD1126,230027,8,230027.0,sub-STSWD1126
1045,1.0,0.74923,2,3,2,1,1,1,1,True,sub-STSWD1126,232459,8,232459.0,sub-STSWD1126
1046,1.0,1.0622,3,3,2,1,1,1,1,True,sub-STSWD1126,234891,8,234891.0,sub-STSWD1126
1047,1.0,0.5661,2,3,2,1,1,1,1,True,sub-STSWD1126,237323,8,237323.0,sub-STSWD1126
1048,1.0,0.69604,2,3,1,1,1,1,1,True,sub-STSWD1126,239755,8,239755.0,sub-STSWD1126
1049,1.0,1.185,2,3,2,1,1,1,1,True,sub-STSWD1126,242187,8,242187.0,sub-STSWD1126
1050,1.0,1.0899,1,3,1,1,1,1,1,True,sub-STSWD1126,244619,8,244619.0,sub-STSWD1126
1051,1.0,0.87883,3,3,2,1,1,1,1,True,sub-STSWD1126,247051,8,247051.0,sub-STSWD1126
1052,1.0,0.93804,4,4,2,1,1,1,1,True,sub-STSWD1126,251535,8,251535.0,sub-STSWD1126
1053,1.0,1.045,2,4,2,1,1,1,1,True,sub-STSWD1126,253967,8,253967.0,sub-STSWD1126
1054,1.0,0.97492,2,4,1,1,1,1,1,True,sub-STSWD1126,256399,8,256399.0,sub-STSWD1126
1055,0.0,1.1788,2,4,1,1,1,1,1,True,sub-STSWD1126,258831,8,258831.0,sub-STSWD1126
1056,1.0,1.1258,1,4,1,1,1,1,1,True,sub-STSWD1126,261263,8,261263.0,sub-STSWD1126
1057,0.0,1.1127,3,4,1,1,1,1,1,True,sub-STSWD1126,263695,8,263695.0,sub-STSWD1126
1058,1.0,1.0536,3,4,1,1,1,1,1,True,sub-STSWD1126,266127,8,266127.0,sub-STSWD1126
1059,1.0,0.9206,3,4,1,1,1,1,1,True,sub-STSWD1126,268559,8,268559.0,sub-STSWD1126
1060,1.0,0.6934,2,1,2,1,1,1,1,True,sub-STSWD1126,273039,8,273039.0,sub-STSWD1126
1061,0.0,0.62141,2,1,1,1,1,1,1,True,sub-STSWD1126,275471,8,275471.0,sub-STSWD1126
1062,0.0,0.59139,2,1,2,1,1,1,1,True,sub-STSWD1126,277903,8,277903.0,sub-STSWD1126
1063,1.0,0.72028,2,1,1,1,1,1,1,True,sub-STSWD1126,280335,8,280335.0,sub-STSWD1126
1064,1.0,0.92121,2,1,2,1,1,1,1,True,sub-STSWD1126,282767,8,282767.0,sub-STSWD1126
1065,1.0,0.3452,2,1,2,1,1,1,1,True,sub-STSWD1126,285199,8,285199.0,sub-STSWD1126
1066,0.0,0.3661,2,1,1,1,1,1,1,True,sub-STSWD1126,287631,8,287631.0,sub-STSWD1126
1067,1.0,0.80303,2,1,2,1,1,1,1,True,sub-STSWD1126,290063,8,290063.0,sub-STSWD1126
1068,1.0,0.78394,3,2,1,1,1,1,1,True,sub-STSWD1126,294542,8,294542.0,sub-STSWD1126
1069,1.0,0.45991,4,2,2,1,1,1,1,True,sub-STSWD1126,296975,8,296975.0,sub-STSWD1126
1070,1.0,0.58782,4,2,2,1,1,1,1,True,sub-STSWD1126,299407,8,299407.0,sub-STSWD1126
1071,1.0,1.1157,3,2,2,1,1,1,1,True,sub-STSWD1126,301839,8,301839.0,sub-STSWD1126
1072,1.0,0.82668,4,2,1,1,1,1,1,True,sub-STSWD1126,304271,8,304271.0,sub-STSWD1126
1073,0.0,1.1585,4,2,1,1,1,1,1,True,sub-STSWD1126,306702,8,306702.0,sub-STSWD1126
1074,1.0,0.71251,3,2,1,1,1,1,1,True,sub-STSWD1126,309135,8,309135.0,sub-STSWD1126
1075,1.0,0.6944,3,2,1,1,1,1,1,True,sub-STSWD1126,311567,8,311567.0,sub-STSWD1126
1076,0.0,0.69137,4,1,1,1,1,1,1,True,sub-STSWD1126,316046,8,316046.0,sub-STSWD1126
1077,1.0,0.51331,4,1,2,1,1,1,1,True,sub-STSWD1126,318478,8,318478.0,sub-STSWD1126
1078,1.0,0.84123,4,1,1,1,1,1,1,True,sub-STSWD1126,320910,8,320910.0,sub-STSWD1126
1079,1.0,0.71618,4,1,2,1,1,1,1,True,sub-STSWD1126,323342,8,323342.0,sub-STSWD1126
1080,1.0,0.49008,4,1,2,1,1,1,1,True,sub-STSWD1126,325774,8,325774.0,sub-STSWD1126
1081,0.0,0.32609,4,1,1,1,1,1,1,True,sub-STSWD1126,328206,8,328206.0,sub-STSWD1126
1082,1.0,0.32799,4,1,2,1,1,1,1,True,sub-STSWD1126,330638,8,330638.0,sub-STSWD1126
1083,0.0,0.85492,4,1,1,1,1,1,1,True,sub-STSWD1126,333070,8,333070.0,sub-STSWD1126
1084,1.0,0.91175,3,3,1,1,1,1,1,True,sub-STSWD1126,337550,8,337550.0,sub-STSWD1126
1085,1.0,0.9837,3,3,2,1,1,1,1,True,sub-STSWD1126,339982,8,339982.0,sub-STSWD1126
1086,1.0,0.97562,4,3,2,1,1,1,1,True,sub-STSWD1126,342414,8,342414.0,sub-STSWD1126
1087,1.0,0.95755,2,3,2,1,1,1,1,True,sub-STSWD1126,344846,8,344846.0,sub-STSWD1126
1088,1.0,1.1165,2,3,1,1,1,1,1,True,sub-STSWD1126,347278,8,347278.0,sub-STSWD1126
1089,1.0,1.1914,3,3,2,1,1,1,1,True,sub-STSWD1126,349710,8,349710.0,sub-STSWD1126
1090,0.0,1.2004,3,3,1,1,1,1,1,True,sub-STSWD1126,352142,8,352142.0,sub-STSWD1126
1091,1.0,1.1443,4,3,2,1,1,1,1,True,sub-STSWD1126,354574,8,354574.0,sub-STSWD1126
1092,1.0,0.99422,1,2,1,1,1,1,1,True,sub-STSWD1126,359054,8,359054.0,sub-STSWD1126
1093,1.0,0.84411,1,2,2,1,1,1,1,True,sub-STSWD1126,361486,8,361486.0,sub-STSWD1126
1094,1.0,0.94998,4,2,1,1,1,1,1,True,sub-STSWD1126,363918,8,363918.0,sub-STSWD1126
1095,1.0,1.417,1,2,2,1,1,1,1,True,sub-STSWD1126,366350,8,366350.0,sub-STSWD1126
1096,1.0,0.88792,4,2,2,1,1,1,1,True,sub-STSWD1126,368782,8,368782.0,sub-STSWD1126
1097,0.0,1.2838,4,2,1,1,1,1,1,True,sub-STSWD1126,371214,8,371214.0,sub-STSWD1126
1098,1.0,1.0428,4,2,2,1,1,1,1,True,sub-STSWD1126,373646,8,373646.0,sub-STSWD1126
1099,1.0,1.2217,1,2,1,1,1,1,1,True,sub-STSWD1126,376078,8,376078.0,sub-STSWD1126
1100,0.0,1.1026,4,4,1,1,1,1,1,True,sub-STSWD1126,380558,8,380558.0,sub-STSWD1126
1101,0.0,1.1975,4,4,1,1,1,1,1,True,sub-STSWD1126,382989,8,382989.0,sub-STSWD1126
1102,1.0,1.1535,2,4,2,1,1,1,1,True,sub-STSWD1126,385421,8,385421.0,sub-STSWD1126
1103,1.0,1.0774,1,4,2,1,1,1,1,True,sub-STSWD1126,387853,8,387853.0,sub-STSWD1126
1104,1.0,0.99237,1,4,1,1,1,1,1,True,sub-STSWD1126,390285,8,390285.0,sub-STSWD1126
1105,1.0,1.2923,4,4,2,1,1,1,1,True,sub-STSWD1126,392718,8,392718.0,sub-STSWD1126
1106,1.0,0.95022,3,4,1,1,1,1,1,True,sub-STSWD1126,395149,8,395149.0,sub-STSWD1126
1107,1.0,0.61719,1,4,1,1,1,1,1,True,sub-STSWD1126,397581,8,397581.0,sub-STSWD1126
1108,1.0,0.36309,2,2,2,1,1,1,1,True,sub-STSWD1126,428220,8,428220.0,sub-STSWD1126
1109,1.0,0.93698,3,2,2,1,1,1,1,True,sub-STSWD1126,430652,8,430652.0,sub-STSWD1126
1110,1.0,0.64292,2,2,2,1,1,1,1,True,sub-STSWD1126,433084,8,433084.0,sub-STSWD1126
1111,1.0,0.37185,3,2,1,1,1,1,1,True,sub-STSWD1126,435516,8,435516.0,sub-STSWD1126
1112,1.0,0.80872,3,2,2,1,1,1,1,True,sub-STSWD1126,437948,8,437948.0,sub-STSWD1126
1113,1.0,0.95767,3,2,2,1,1,1,1,True,sub-STSWD1126,440380,8,440380.0,sub-STSWD1126
1114,1.0,0.94565,2,2,1,1,1,1,1,True,sub-STSWD1126,442812,8,442812.0,sub-STSWD1126
1115,1.0,0.66958,2,2,1,1,1,1,1,True,sub-STSWD1126,445244,8,445244.0,sub-STSWD1126
1116,1.0,1.0065,4,1,2,1,1,1,1,True,sub-STSWD1126,449724,8,449724.0,sub-STSWD1126
1117,1.0,0.69631,4,1,1,1,1,1,1,True,sub-STSWD1126,452156,8,452156.0,sub-STSWD1126
1118,1.0,0.61031,4,1,2,1,1,1,1,True,sub-STSWD1126,454588,8,454588.0,sub-STSWD1126
1119,1.0,0.32241,4,1,1,1,1,1,1,True,sub-STSWD1126,457020,8,457020.0,sub-STSWD1126
1120,1.0,0.94407,4,1,2,1,1,1,1,True,sub-STSWD1126,459452,8,459452.0,sub-STSWD1126
1121,1.0,0.5211,4,1,1,1,1,1,1,True,sub-STSWD1126,461884,8,461884.0,sub-STSWD1126
1122,1.0,0.61804,4,1,2,1,1,1,1,True,sub-STSWD1126,464316,8,464316.0,sub-STSWD1126
1123,1.0,0.49698,4,1,1,1,1,1,1,True,sub-STSWD1126,466748,8,466748.0,sub-STSWD1126
1124,1.0,0.4359,1,3,2,1,1,1,1,True,sub-STSWD1126,471227,8,471227.0,sub-STSWD1126
1125,1.0,0.65802,1,3,2,1,1,1,1,True,sub-STSWD1126,473659,8,473659.0,sub-STSWD1126
1126,1.0,0.96477,1,3,1,1,1,1,1,True,sub-STSWD1126,476091,8,476091.0,sub-STSWD1126
1127,0.0,0.47266,2,3,1,1,1,1,1,True,sub-STSWD1126,478524,8,478524.0,sub-STSWD1126
1128,0.0,1.1126,4,3,1,1,1,1,1,True,sub-STSWD1126,480956,8,480956.0,sub-STSWD1126
1129,1.0,0.57858,4,3,1,1,1,1,1,True,sub-STSWD1126,483388,8,483388.0,sub-STSWD1126
1130,1.0,1.3984,2,3,1,1,1,1,1,True,sub-STSWD1126,485820,8,485820.0,sub-STSWD1126
1131,0.0,1.1194,4,3,1,1,1,1,1,True,sub-STSWD1126,488252,8,488252.0,sub-STSWD1126
1132,1.0,0.93432,4,4,2,1,1,1,1,True,sub-STSWD1126,492731,8,492731.0,sub-STSWD1126
1133,1.0,0.48235,4,4,1,1,1,1,1,True,sub-STSWD1126,495163,8,495163.0,sub-STSWD1126
1134,1.0,0.63424,2,4,1,1,1,1,1,True,sub-STSWD1126,497595,8,497595.0,sub-STSWD1126
1135,1.0,0.72311,2,4,1,1,1,1,1,True,sub-STSWD1126,500027,8,500027.0,sub-STSWD1126
1136,1.0,1.061,2,4,2,1,1,1,1,True,sub-STSWD1126,502459,8,502459.0,sub-STSWD1126
1137,1.0,1.1191,3,4,2,1,1,1,1,True,sub-STSWD1126,504891,8,504891.0,sub-STSWD1126
1138,1.0,0.98489,3,4,2,1,1,1,1,True,sub-STSWD1126,507323,8,507323.0,sub-STSWD1126
1139,1.0,0.82687,1,4,1,1,1,1,1,True,sub-STSWD1126,509755,8,509755.0,sub-STSWD1126
1140,1.0,0.48171,1,2,1,1,1,1,1,True,sub-STSWD1126,514235,8,514235.0,sub-STSWD1126
1141,0.0,0.98368,2,2,2,1,1,1,1,True,sub-STSWD1126,516667,8,516667.0,sub-STSWD1126
1142,0.0,0.93562,2,2,1,1,1,1,1,True,sub-STSWD1126,519099,8,519099.0,sub-STSWD1126
1143,0.0,1.0856,1,2,2,1,1,1,1,True,sub-STSWD1126,521531,8,521531.0,sub-STSWD1126
1144,1.0,0.47149,1,2,2,1,1,1,1,True,sub-STSWD1126,523963,8,523963.0,sub-STSWD1126
1145,0.0,1.0014,2,2,1,1,1,1,1,True,sub-STSWD1126,526395,8,526395.0,sub-STSWD1126
1146,1.0,0.62637,1,2,1,1,1,1,1,True,sub-STSWD1126,528827,8,528827.0,sub-STSWD1126
1147,0.0,0.75026,2,2,1,1,1,1,1,True,sub-STSWD1126,531259,8,531259.0,sub-STSWD1126
1148,1.0,0.25818,3,1,2,1,1,1,1,True,sub-STSWD1126,535739,8,535739.0,sub-STSWD1126
1149,1.0,0.28808,3,1,2,1,1,1,1,True,sub-STSWD1126,538171,8,538171.0,sub-STSWD1126
1150,0.0,0.26906,3,1,2,1,1,1,1,True,sub-STSWD1126,540603,8,540603.0,sub-STSWD1126
1151,1.0,0.25101,3,1,1,1,1,1,1,True,sub-STSWD1126,543035,8,543035.0,sub-STSWD1126
1152,1.0,0.26293,3,1,1,1,1,1,1,True,sub-STSWD1126,545467,8,545467.0,sub-STSWD1126
1153,1.0,1.1208,3,1,2,1,1,1,1,True,sub-STSWD1126,547899,8,547899.0,sub-STSWD1126
1154,1.0,0.37198,3,1,2,1,1,1,1,True,sub-STSWD1126,550331,8,550331.0,sub-STSWD1126
1155,1.0,0.65973,3,1,2,1,1,1,1,True,sub-STSWD1126,552763,8,552763.0,sub-STSWD1126
1156,1.0,1.0586,4,4,2,1,1,1,1,True,sub-STSWD1126,557243,8,557243.0,sub-STSWD1126
1157,0.0,0.9995,1,4,2,1,1,1,1,True,sub-STSWD1126,559675,8,559675.0,sub-STSWD1126
1158,1.0,1.2375,4,4,2,1,1,1,1,True,sub-STSWD1126,562107,8,562107.0,sub-STSWD1126
1159,1.0,0.96131,1,4,1,1,1,1,1,True,sub-STSWD1126,564539,8,564539.0,sub-STSWD1126
1160,1.0,0.45832,1,4,1,1,1,1,1,True,sub-STSWD1126,566971,8,566971.0,sub-STSWD1126
1161,1.0,0.78224,3,4,1,1,1,1,1,True,sub-STSWD1126,569403,8,569403.0,sub-STSWD1126
1162,1.0,0.91818,3,4,2,1,1,1,1,True,sub-STSWD1126,571835,8,571835.0,sub-STSWD1126
1163,1.0,0.80312,2,4,2,1,1,1,1,True,sub-STSWD1126,574266,8,574266.0,sub-STSWD1126
1164,0.0,0.83203,2,3,1,1,1,1,1,True,sub-STSWD1126,578746,8,578746.0,sub-STSWD1126
1165,1.0,1.0099,4,3,2,1,1,1,1,True,sub-STSWD1126,581178,8,581178.0,sub-STSWD1126
1166,1.0,1.0009,3,3,2,1,1,1,1,True,sub-STSWD1126,583610,8,583610.0,sub-STSWD1126
1167,1.0,0.78382,3,3,1,1,1,1,1,True,sub-STSWD1126,586042,8,586042.0,sub-STSWD1126
1168,1.0,0.85473,3,3,1,1,1,1,1,True,sub-STSWD1126,588474,8,588474.0,sub-STSWD1126
1169,1.0,0.71467,3,3,2,1,1,1,1,True,sub-STSWD1126,590906,8,590906.0,sub-STSWD1126
1170,0.0,1.4656,4,3,1,1,1,1,1,True,sub-STSWD1126,593339,8,593339.0,sub-STSWD1126
1171,1.0,1.0605,2,3,2,1,1,1,1,True,sub-STSWD1126,595771,8,595771.0,sub-STSWD1126
1172,1.0,1.0407,2,4,1,1,1,1,1,True,sub-STSWD1126,629895,8,629895.0,sub-STSWD1126
1173,1.0,0.42656,1,4,2,1,1,1,1,True,sub-STSWD1126,632327,8,632327.0,sub-STSWD1126
1174,1.0,1.1435,4,4,1,1,1,1,1,True,sub-STSWD1126,634758,8,634758.0,sub-STSWD1126
1175,1.0,0.51349,1,4,2,1,1,1,1,True,sub-STSWD1126,637190,8,637190.0,sub-STSWD1126
1176,1.0,0.99538,3,4,2,1,1,1,1,True,sub-STSWD1126,639622,8,639622.0,sub-STSWD1126
1177,1.0,0.4803,3,4,1,1,1,1,1,True,sub-STSWD1126,642054,8,642054.0,sub-STSWD1126
1178,1.0,1.1152,3,4,2,1,1,1,1,True,sub-STSWD1126,644487,8,644487.0,sub-STSWD1126
1179,0.0,1.4282,2,4,2,1,1,1,1,True,sub-STSWD1126,646918,8,646918.0,sub-STSWD1126
1180,1.0,0.65507,2,2,2,1,1,1,1,True,sub-STSWD1126,651398,8,651398.0,sub-STSWD1126
1181,1.0,1.228,4,2,2,1,1,1,1,True,sub-STSWD1126,653830,8,653830.0,sub-STSWD1126
1182,1.0,1.1499,4,2,1,1,1,1,1,True,sub-STSWD1126,656262,8,656262.0,sub-STSWD1126
1183,1.0,0.75287,2,2,1,1,1,1,1,True,sub-STSWD1126,658694,8,658694.0,sub-STSWD1126
1184,1.0,1.2407,4,2,2,1,1,1,1,True,sub-STSWD1126,661126,8,661126.0,sub-STSWD1126
1185,0.0,1.0917,4,2,1,1,1,1,1,True,sub-STSWD1126,663558,8,663558.0,sub-STSWD1126
1186,1.0,1.1767,2,2,2,1,1,1,1,True,sub-STSWD1126,665990,8,665990.0,sub-STSWD1126
1187,1.0,0.6407,2,2,1,1,1,1,1,True,sub-STSWD1126,668422,8,668422.0,sub-STSWD1126
1188,1.0,1.2055,1,3,2,1,1,1,1,True,sub-STSWD1126,672902,8,672902.0,sub-STSWD1126
1189,1.0,0.87342,1,3,2,1,1,1,1,True,sub-STSWD1126,675334,8,675334.0,sub-STSWD1126
1190,1.0,0.61436,3,3,1,1,1,1,1,True,sub-STSWD1126,677766,8,677766.0,sub-STSWD1126
1191,1.0,0.9843,4,3,2,1,1,1,1,True,sub-STSWD1126,680198,8,680198.0,sub-STSWD1126
1192,1.0,1.1165,4,3,2,1,1,1,1,True,sub-STSWD1126,682630,8,682630.0,sub-STSWD1126
1193,0.0,0.97916,4,3,1,1,1,1,1,True,sub-STSWD1126,685062,8,685062.0,sub-STSWD1126
1194,0.0,0.96314,4,3,1,1,1,1,1,True,sub-STSWD1126,687494,8,687494.0,sub-STSWD1126
1195,1.0,0.41705,3,3,1,1,1,1,1,True,sub-STSWD1126,689926,8,689926.0,sub-STSWD1126
1196,1.0,0.31096,1,1,2,1,1,1,1,True,sub-STSWD1126,694406,8,694406.0,sub-STSWD1126
1197,1.0,0.33387,1,1,2,1,1,1,1,True,sub-STSWD1126,696838,8,696838.0,sub-STSWD1126
1198,1.0,0.26689,1,1,2,1,1,1,1,True,sub-STSWD1126,699270,8,699270.0,sub-STSWD1126
1199,1.0,0.26073,1,1,1,1,1,1,1,True,sub-STSWD1126,701702,8,701702.0,sub-STSWD1126
1200,1.0,0.26772,1,1,2,1,1,1,1,True,sub-STSWD1126,704134,8,704134.0,sub-STSWD1126
1201,1.0,0.28461,1,1,2,1,1,1,1,True,sub-STSWD1126,706566,8,706566.0,sub-STSWD1126
1202,1.0,0.26755,1,1,2,1,1,1,1,True,sub-STSWD1126,708998,8,708998.0,sub-STSWD1126
1203,1.0,0.39466,1,1,2,1,1,1,1,True,sub-STSWD1126,711430,8,711430.0,sub-STSWD1126
1204,1.0,1.4573,3,4,1,1,1,1,1,True,sub-STSWD1126,715910,8,715910.0,sub-STSWD1126
1205,0.0,1.1456,1,4,2,1,1,1,1,True,sub-STSWD1126,718342,8,718342.0,sub-STSWD1126
1206,1.0,0.94321,1,4,2,1,1,1,1,True,sub-STSWD1126,720774,8,720774.0,sub-STSWD1126
1207,1.0,1.1492,2,4,2,1,1,1,1,True,sub-STSWD1126,723206,8,723206.0,sub-STSWD1126
1208,0.0,1.0841,2,4,2,1,1,1,1,True,sub-STSWD1126,725638,8,725638.0,sub-STSWD1126
1209,0.0,0.98,4,4,1,1,1,1,1,True,sub-STSWD1126,728070,8,728070.0,sub-STSWD1126
1210,1.0,0.99585,4,4,2,1,1,1,1,True,sub-STSWD1126,730502,8,730502.0,sub-STSWD1126
1211,1.0,0.35286,4,4,2,1,1,1,1,True,sub-STSWD1126,732934,8,732934.0,sub-STSWD1126
1212,1.0,1.1616,2,2,2,1,1,1,1,True,sub-STSWD1126,737414,8,737414.0,sub-STSWD1126
1213,1.0,1.0097,1,2,2,1,1,1,1,True,sub-STSWD1126,739846,8,739846.0,sub-STSWD1126
1214,0.0,0.83463,2,2,2,1,1,1,1,True,sub-STSWD1126,742278,8,742278.0,sub-STSWD1126
1215,1.0,1.1969,2,2,2,1,1,1,1,True,sub-STSWD1126,744710,8,744710.0,sub-STSWD1126
1216,0.0,0.29579,2,2,1,1,1,1,1,True,sub-STSWD1126,747141,8,747141.0,sub-STSWD1126
1217,1.0,0.6208,1,2,1,1,1,1,1,True,sub-STSWD1126,749573,8,749573.0,sub-STSWD1126
1218,1.0,0.37773,1,2,1,1,1,1,1,True,sub-STSWD1126,752005,8,752005.0,sub-STSWD1126
1219,1.0,0.42068,1,2,2,1,1,1,1,True,sub-STSWD1126,754438,8,754438.0,sub-STSWD1126
1220,1.0,1.2385,3,1,1,1,1,1,1,True,sub-STSWD1126,758917,8,758917.0,sub-STSWD1126
1221,1.0,0.42149,3,1,1,1,1,1,1,True,sub-STSWD1126,761350,8,761350.0,sub-STSWD1126
1222,1.0,0.35643,3,1,1,1,1,1,1,True,sub-STSWD1126,763782,8,763782.0,sub-STSWD1126
1223,1.0,0.42136,3,1,1,1,1,1,1,True,sub-STSWD1126,766213,8,766213.0,sub-STSWD1126
1224,1.0,0.31334,3,1,1,1,1,1,1,True,sub-STSWD1126,768645,8,768645.0,sub-STSWD1126
1225,1.0,0.3622,3,1,1,1,1,1,1,True,sub-STSWD1126,771078,8,771078.0,sub-STSWD1126
1226,1.0,0.37121,3,1,2,1,1,1,1,True,sub-STSWD1126,773509,8,773509.0,sub-STSWD1126
1227,1.0,1.0271,3,1,2,1,1,1,1,True,sub-STSWD1126,775941,8,775941.0,sub-STSWD1126
1228,1.0,0.34498,1,3,1,1,1,1,1,True,sub-STSWD1126,780421,8,780421.0,sub-STSWD1126
1229,1.0,0.73691,1,3,2,1,1,1,1,True,sub-STSWD1126,782853,8,782853.0,sub-STSWD1126
1230,1.0,0.27781,3,3,2,1,1,1,1,True,sub-STSWD1126,785285,8,785285.0,sub-STSWD1126
1231,1.0,0.83707,1,3,2,1,1,1,1,True,sub-STSWD1126,787717,8,787717.0,sub-STSWD1126
1232,1.0,0.51572,2,3,1,1,1,1,1,True,sub-STSWD1126,790149,8,790149.0,sub-STSWD1126
1233,1.0,1.6476,2,3,1,1,1,1,1,True,sub-STSWD1126,792581,8,792581.0,sub-STSWD1126
1234,1.0,1.0356,2,3,2,1,1,1,1,True,sub-STSWD1126,795013,8,795013.0,sub-STSWD1126
1235,1.0,1.0176,3,3,2,1,1,1,1,True,sub-STSWD1126,797445,8,797445.0,sub-STSWD1126
1236,1.0,0.44959,4,1,2,1,1,1,1,True,sub-STSWD1131,21734,8,21734.0,sub-STSWD1131
1237,1.0,0.49851,4,1,2,1,1,1,1,True,sub-STSWD1131,24166,8,24166.0,sub-STSWD1131
1238,1.0,0.52538,4,1,1,1,1,1,1,True,sub-STSWD1131,26598,8,26598.0,sub-STSWD1131
1239,0.0,0.35339,4,1,1,1,1,1,1,True,sub-STSWD1131,29030,8,29030.0,sub-STSWD1131
1240,1.0,0.48836,4,1,1,1,1,1,1,True,sub-STSWD1131,31462,8,31462.0,sub-STSWD1131
1241,1.0,0.37818,4,1,2,1,1,1,1,True,sub-STSWD1131,33893,8,33893.0,sub-STSWD1131
1242,1.0,0.35215,4,1,1,1,1,1,1,True,sub-STSWD1131,36325,8,36325.0,sub-STSWD1131
1243,1.0,0.47421,4,1,1,1,1,1,1,True,sub-STSWD1131,38757,8,38757.0,sub-STSWD1131
1244,0.0,0.77104,4,4,1,1,1,1,1,True,sub-STSWD1131,43237,8,43237.0,sub-STSWD1131
1245,1.0,0.51597,4,4,2,1,1,1,1,True,sub-STSWD1131,45669,8,45669.0,sub-STSWD1131
1246,0.0,0.9338,2,4,1,1,1,1,1,True,sub-STSWD1131,48101,8,48101.0,sub-STSWD1131
1247,1.0,0.42377,2,4,1,1,1,1,1,True,sub-STSWD1131,50533,8,50533.0,sub-STSWD1131
1248,1.0,0.5557,2,4,1,1,1,1,1,True,sub-STSWD1131,52965,8,52965.0,sub-STSWD1131
1249,0.0,0.63167,1,4,1,1,1,1,1,True,sub-STSWD1131,55397,8,55397.0,sub-STSWD1131
1250,1.0,1.2086,3,4,1,1,1,1,1,True,sub-STSWD1131,57829,8,57829.0,sub-STSWD1131
1251,1.0,0.73152,3,4,2,1,1,1,1,True,sub-STSWD1131,60261,8,60261.0,sub-STSWD1131
1252,1.0,0.58136,1,2,1,1,1,1,1,True,sub-STSWD1131,64741,8,64741.0,sub-STSWD1131
1253,1.0,0.48736,3,2,2,1,1,1,1,True,sub-STSWD1131,67173,8,67173.0,sub-STSWD1131
1254,1.0,1.0596,3,2,2,1,1,1,1,True,sub-STSWD1131,69605,8,69605.0,sub-STSWD1131
1255,1.0,0.94717,1,2,2,1,1,1,1,True,sub-STSWD1131,72037,8,72037.0,sub-STSWD1131
1256,1.0,0.85312,1,2,1,1,1,1,1,True,sub-STSWD1131,74469,8,74469.0,sub-STSWD1131
1257,1.0,0.4331,3,2,2,1,1,1,1,True,sub-STSWD1131,76901,8,76901.0,sub-STSWD1131
1258,1.0,0.56907,3,2,2,1,1,1,1,True,sub-STSWD1131,79333,8,79333.0,sub-STSWD1131
1259,1.0,0.97497,1,2,2,1,1,1,1,True,sub-STSWD1131,81765,8,81765.0,sub-STSWD1131
1260,1.0,0.7498,1,3,2,1,1,1,1,True,sub-STSWD1131,86245,8,86245.0,sub-STSWD1131
1261,1.0,0.66784,1,3,1,1,1,1,1,True,sub-STSWD1131,88677,8,88677.0,sub-STSWD1131
1262,1.0,0.90476,4,3,2,1,1,1,1,True,sub-STSWD1131,91109,8,91109.0,sub-STSWD1131
1263,1.0,1.0656,4,3,2,1,1,1,1,True,sub-STSWD1131,93541,8,93541.0,sub-STSWD1131
1264,0.0,1.0156,1,3,2,1,1,1,1,True,sub-STSWD1131,95973,8,95973.0,sub-STSWD1131
1265,1.0,0.85157,1,3,1,1,1,1,1,True,sub-STSWD1131,98405,8,98405.0,sub-STSWD1131
1266,1.0,0.6795,1,3,1,1,1,1,1,True,sub-STSWD1131,100837,8,100837.0,sub-STSWD1131
1267,1.0,0.4724,2,3,1,1,1,1,1,True,sub-STSWD1131,103269,8,103269.0,sub-STSWD1131
1268,1.0,0.54723,1,2,1,1,1,1,1,True,sub-STSWD1131,107749,8,107749.0,sub-STSWD1131
1269,1.0,0.5262,2,2,2,1,1,1,1,True,sub-STSWD1131,110180,8,110180.0,sub-STSWD1131
1270,0.0,0.77715,1,2,2,1,1,1,1,True,sub-STSWD1131,112613,8,112613.0,sub-STSWD1131
1271,1.0,0.52396,2,2,2,1,1,1,1,True,sub-STSWD1131,115044,8,115044.0,sub-STSWD1131
1272,0.0,0.93298,2,2,2,1,1,1,1,True,sub-STSWD1131,117476,8,117476.0,sub-STSWD1131
1273,1.0,0.48592,2,2,2,1,1,1,1,True,sub-STSWD1131,119908,8,119908.0,sub-STSWD1131
1274,1.0,0.44687,2,2,2,1,1,1,1,True,sub-STSWD1131,122340,8,122340.0,sub-STSWD1131
1275,1.0,0.61776,1,2,2,1,1,1,1,True,sub-STSWD1131,124772,8,124772.0,sub-STSWD1131
1276,1.0,0.52367,3,3,2,1,1,1,1,True,sub-STSWD1131,129252,8,129252.0,sub-STSWD1131
1277,1.0,0.88058,1,3,2,1,1,1,1,True,sub-STSWD1131,131684,8,131684.0,sub-STSWD1131
1278,1.0,0.66957,2,3,2,1,1,1,1,True,sub-STSWD1131,134116,8,134116.0,sub-STSWD1131
1279,1.0,0.58351,2,3,1,1,1,1,1,True,sub-STSWD1131,136548,8,136548.0,sub-STSWD1131
1280,1.0,0.77833,1,3,1,1,1,1,1,True,sub-STSWD1131,138980,8,138980.0,sub-STSWD1131
1281,1.0,0.89337,3,3,1,1,1,1,1,True,sub-STSWD1131,141412,8,141412.0,sub-STSWD1131
1282,1.0,0.4882,2,3,2,1,1,1,1,True,sub-STSWD1131,143844,8,143844.0,sub-STSWD1131
1283,1.0,0.47723,2,3,1,1,1,1,1,True,sub-STSWD1131,146276,8,146276.0,sub-STSWD1131
1284,0.0,0.84113,3,4,1,1,1,1,1,True,sub-STSWD1131,150756,8,150756.0,sub-STSWD1131
1285,1.0,0.70598,3,4,1,1,1,1,1,True,sub-STSWD1131,153188,8,153188.0,sub-STSWD1131
1286,1.0,0.81588,1,4,2,1,1,1,1,True,sub-STSWD1131,158052,8,158052.0,sub-STSWD1131
1287,1.0,1.0789,4,4,2,1,1,1,1,True,sub-STSWD1131,160484,8,160484.0,sub-STSWD1131
1288,1.0,0.86878,1,4,1,1,1,1,1,True,sub-STSWD1131,162916,8,162916.0,sub-STSWD1131
1289,0.0,1.1417,4,4,1,1,1,1,1,True,sub-STSWD1131,165348,8,165348.0,sub-STSWD1131
1290,1.0,0.85967,2,4,2,1,1,1,1,True,sub-STSWD1131,167780,8,167780.0,sub-STSWD1131
1291,1.0,0.40753,4,1,2,1,1,1,1,True,sub-STSWD1131,172260,8,172260.0,sub-STSWD1131
1292,1.0,0.35046,4,1,2,1,1,1,1,True,sub-STSWD1131,174692,8,174692.0,sub-STSWD1131
1293,1.0,0.34544,4,1,2,1,1,1,1,True,sub-STSWD1131,177124,8,177124.0,sub-STSWD1131
1294,0.0,0.60534,4,1,1,1,1,1,1,True,sub-STSWD1131,179556,8,179556.0,sub-STSWD1131
1295,1.0,0.7173,4,1,1,1,1,1,1,True,sub-STSWD1131,181988,8,181988.0,sub-STSWD1131
1296,1.0,0.38216,4,1,2,1,1,1,1,True,sub-STSWD1131,184420,8,184420.0,sub-STSWD1131
1297,0.0,0.36116,4,1,1,1,1,1,1,True,sub-STSWD1131,186852,8,186852.0,sub-STSWD1131
1298,1.0,0.33111,4,1,2,1,1,1,1,True,sub-STSWD1131,189284,8,189284.0,sub-STSWD1131
1299,1.0,0.54192,3,4,2,1,1,1,1,True,sub-STSWD1131,244660,8,244660.0,sub-STSWD1131
1300,1.0,0.64986,3,4,1,1,1,1,1,True,sub-STSWD1131,247092,8,247092.0,sub-STSWD1131
1301,0.0,0.59884,3,4,1,1,1,1,1,True,sub-STSWD1131,249524,8,249524.0,sub-STSWD1131
1302,1.0,0.48673,1,4,1,1,1,1,1,True,sub-STSWD1131,251956,8,251956.0,sub-STSWD1131
1303,1.0,0.95956,2,4,1,1,1,1,1,True,sub-STSWD1131,254388,8,254388.0,sub-STSWD1131
1304,1.0,1.1469,1,4,2,1,1,1,1,True,sub-STSWD1131,256820,8,256820.0,sub-STSWD1131
1305,1.0,0.85259,2,4,1,1,1,1,1,True,sub-STSWD1131,259252,8,259252.0,sub-STSWD1131
1306,0.0,0.81146,4,4,1,1,1,1,1,True,sub-STSWD1131,261684,8,261684.0,sub-STSWD1131
1307,1.0,0.51035,3,3,2,1,1,1,1,True,sub-STSWD1131,266168,8,266168.0,sub-STSWD1131
1308,0.0,0.92721,3,3,1,1,1,1,1,True,sub-STSWD1131,268600,8,268600.0,sub-STSWD1131
1309,1.0,1.0133,2,3,1,1,1,1,1,True,sub-STSWD1131,271032,8,271032.0,sub-STSWD1131
1310,0.0,0.51216,4,3,1,1,1,1,1,True,sub-STSWD1131,273464,8,273464.0,sub-STSWD1131
1311,1.0,0.57113,4,3,2,1,1,1,1,True,sub-STSWD1131,275896,8,275896.0,sub-STSWD1131
1312,1.0,0.61201,3,3,2,1,1,1,1,True,sub-STSWD1131,278328,8,278328.0,sub-STSWD1131
1313,1.0,0.57645,3,3,2,1,1,1,1,True,sub-STSWD1131,280760,8,280760.0,sub-STSWD1131
1314,0.0,0.57907,3,3,1,1,1,1,1,True,sub-STSWD1131,283192,8,283192.0,sub-STSWD1131
1315,1.0,0.42512,2,1,1,1,1,1,1,True,sub-STSWD1131,287671,8,287671.0,sub-STSWD1131
1316,1.0,0.35509,2,1,1,1,1,1,1,True,sub-STSWD1131,290103,8,290103.0,sub-STSWD1131
1317,1.0,0.40102,2,1,1,1,1,1,1,True,sub-STSWD1131,292535,8,292535.0,sub-STSWD1131
1318,1.0,0.32497,2,1,2,1,1,1,1,True,sub-STSWD1131,294967,8,294967.0,sub-STSWD1131
1319,1.0,0.3279,2,1,2,1,1,1,1,True,sub-STSWD1131,297399,8,297399.0,sub-STSWD1131
1320,1.0,0.64386,2,1,1,1,1,1,1,True,sub-STSWD1131,299831,8,299831.0,sub-STSWD1131
1321,1.0,0.42386,2,1,1,1,1,1,1,True,sub-STSWD1131,302263,8,302263.0,sub-STSWD1131
1322,1.0,0.37372,2,1,2,1,1,1,1,True,sub-STSWD1131,304695,8,304695.0,sub-STSWD1131
1323,0.0,0.72345,3,2,1,1,1,1,1,True,sub-STSWD1131,309175,8,309175.0,sub-STSWD1131
1324,1.0,0.41948,4,2,2,1,1,1,1,True,sub-STSWD1131,311607,8,311607.0,sub-STSWD1131
1325,0.0,0.55742,4,2,1,1,1,1,1,True,sub-STSWD1131,314039,8,314039.0,sub-STSWD1131
1326,1.0,0.80329,4,2,1,1,1,1,1,True,sub-STSWD1131,316471,8,316471.0,sub-STSWD1131
1327,1.0,0.56837,4,2,2,1,1,1,1,True,sub-STSWD1131,318903,8,318903.0,sub-STSWD1131
1328,1.0,0.64922,3,2,2,1,1,1,1,True,sub-STSWD1131,321335,8,321335.0,sub-STSWD1131
1329,1.0,0.6432,4,2,2,1,1,1,1,True,sub-STSWD1131,323767,8,323767.0,sub-STSWD1131
1330,1.0,0.84408,3,2,1,1,1,1,1,True,sub-STSWD1131,326199,8,326199.0,sub-STSWD1131
1331,0.0,1.209,4,3,1,1,1,1,1,True,sub-STSWD1131,330679,8,330679.0,sub-STSWD1131
1332,0.0,0.56694,4,3,1,1,1,1,1,True,sub-STSWD1131,333111,8,333111.0,sub-STSWD1131
1333,0.0,0.87484,1,3,2,1,1,1,1,True,sub-STSWD1131,335543,8,335543.0,sub-STSWD1131
1334,0.0,0.52762,1,3,1,1,1,1,1,True,sub-STSWD1131,337975,8,337975.0,sub-STSWD1131
1335,1.0,0.44972,3,3,2,1,1,1,1,True,sub-STSWD1131,340407,8,340407.0,sub-STSWD1131
1336,0.0,0.72064,3,3,1,1,1,1,1,True,sub-STSWD1131,342839,8,342839.0,sub-STSWD1131
1337,1.0,1.0566,4,3,1,1,1,1,1,True,sub-STSWD1131,345271,8,345271.0,sub-STSWD1131
1338,1.0,0.52054,4,3,2,1,1,1,1,True,sub-STSWD1131,347703,8,347703.0,sub-STSWD1131
1339,1.0,0.61738,4,4,2,1,1,1,1,True,sub-STSWD1131,352183,8,352183.0,sub-STSWD1131
1340,1.0,0.91537,4,4,1,1,1,1,1,True,sub-STSWD1131,354615,8,354615.0,sub-STSWD1131
1341,1.0,0.58131,4,4,1,1,1,1,1,True,sub-STSWD1131,357047,8,357047.0,sub-STSWD1131
1342,1.0,0.53438,2,4,2,1,1,1,1,True,sub-STSWD1131,359479,8,359479.0,sub-STSWD1131
1343,1.0,0.63222,2,4,2,1,1,1,1,True,sub-STSWD1131,361911,8,361911.0,sub-STSWD1131
1344,1.0,0.80911,3,4,2,1,1,1,1,True,sub-STSWD1131,364343,8,364343.0,sub-STSWD1131
1345,0.0,1.0582,1,4,1,1,1,1,1,True,sub-STSWD1131,366775,8,366775.0,sub-STSWD1131
1346,1.0,0.61893,1,4,2,1,1,1,1,True,sub-STSWD1131,369206,8,369206.0,sub-STSWD1131
1347,1.0,0.83083,1,2,2,1,1,1,1,True,sub-STSWD1131,373686,8,373686.0,sub-STSWD1131
1348,1.0,0.55275,1,2,1,1,1,1,1,True,sub-STSWD1131,376118,8,376118.0,sub-STSWD1131
1349,1.0,0.48768,4,2,2,1,1,1,1,True,sub-STSWD1131,378550,8,378550.0,sub-STSWD1131
1350,1.0,0.53067,1,2,1,1,1,1,1,True,sub-STSWD1131,380982,8,380982.0,sub-STSWD1131
1351,1.0,1.1556,4,2,1,1,1,1,1,True,sub-STSWD1131,383414,8,383414.0,sub-STSWD1131
1352,0.0,0.49558,4,2,1,1,1,1,1,True,sub-STSWD1131,385846,8,385846.0,sub-STSWD1131
1353,1.0,1.0024,4,2,2,1,1,1,1,True,sub-STSWD1131,388278,8,388278.0,sub-STSWD1131
1354,1.0,0.63235,1,2,1,1,1,1,1,True,sub-STSWD1131,390710,8,390710.0,sub-STSWD1131
1355,1.0,0.3803,1,1,2,1,1,1,1,True,sub-STSWD1131,395190,8,395190.0,sub-STSWD1131
1356,1.0,0.37627,1,1,2,1,1,1,1,True,sub-STSWD1131,397622,8,397622.0,sub-STSWD1131
1357,1.0,0.33811,1,1,1,1,1,1,1,True,sub-STSWD1131,400054,8,400054.0,sub-STSWD1131
1358,1.0,0.30911,1,1,2,1,1,1,1,True,sub-STSWD1131,402486,8,402486.0,sub-STSWD1131
1359,1.0,0.34704,1,1,2,1,1,1,1,True,sub-STSWD1131,404918,8,404918.0,sub-STSWD1131
1360,1.0,0.28591,1,1,2,1,1,1,1,True,sub-STSWD1131,407350,8,407350.0,sub-STSWD1131
1361,1.0,0.31187,1,1,1,1,1,1,1,True,sub-STSWD1131,409782,8,409782.0,sub-STSWD1131
1362,1.0,0.29785,1,1,2,1,1,1,1,True,sub-STSWD1131,412214,8,412214.0,sub-STSWD1131
1363,1.0,0.74757,2,4,2,1,1,1,1,True,sub-STSWD1131,444457,8,444457.0,sub-STSWD1131
1364,1.0,0.49954,2,4,1,1,1,1,1,True,sub-STSWD1131,446889,8,446889.0,sub-STSWD1131
1365,1.0,0.61749,2,4,2,1,1,1,1,True,sub-STSWD1131,449321,8,449321.0,sub-STSWD1131
1366,1.0,0.89437,1,4,2,1,1,1,1,True,sub-STSWD1131,451753,8,451753.0,sub-STSWD1131
1367,1.0,0.87337,3,4,1,1,1,1,1,True,sub-STSWD1131,454185,8,454185.0,sub-STSWD1131
1368,1.0,0.65426,3,4,2,1,1,1,1,True,sub-STSWD1131,456617,8,456617.0,sub-STSWD1131
1369,1.0,0.7702,1,4,2,1,1,1,1,True,sub-STSWD1131,459049,8,459049.0,sub-STSWD1131
1370,1.0,0.8461,4,4,2,1,1,1,1,True,sub-STSWD1131,461481,8,461481.0,sub-STSWD1131
1371,1.0,0.475,2,2,2,1,1,1,1,True,sub-STSWD1131,465961,8,465961.0,sub-STSWD1131
1372,1.0,0.56092,2,2,2,1,1,1,1,True,sub-STSWD1131,468393,8,468393.0,sub-STSWD1131
1373,0.0,0.74377,4,2,1,1,1,1,1,True,sub-STSWD1131,470825,8,470825.0,sub-STSWD1131
1374,0.0,0.79281,4,2,1,1,1,1,1,True,sub-STSWD1131,473257,8,473257.0,sub-STSWD1131
1375,1.0,0.51271,2,2,1,1,1,1,1,True,sub-STSWD1131,475689,8,475689.0,sub-STSWD1131
1376,1.0,0.46769,4,2,2,1,1,1,1,True,sub-STSWD1131,478121,8,478121.0,sub-STSWD1131
1377,1.0,0.6387,4,2,2,1,1,1,1,True,sub-STSWD1131,480553,8,480553.0,sub-STSWD1131
1378,1.0,0.63082,2,2,1,1,1,1,1,True,sub-STSWD1131,482985,8,482985.0,sub-STSWD1131
1379,1.0,0.34443,1,1,2,1,1,1,1,True,sub-STSWD1131,487465,8,487465.0,sub-STSWD1131
1380,1.0,0.32741,1,1,2,1,1,1,1,True,sub-STSWD1131,489897,8,489897.0,sub-STSWD1131
1381,1.0,0.36076,1,1,1,1,1,1,1,True,sub-STSWD1131,492329,8,492329.0,sub-STSWD1131
1382,1.0,0.32018,1,1,1,1,1,1,1,True,sub-STSWD1131,494761,8,494761.0,sub-STSWD1131
1383,1.0,0.33623,1,1,1,1,1,1,1,True,sub-STSWD1131,497193,8,497193.0,sub-STSWD1131
1384,1.0,0.31417,1,1,1,1,1,1,1,True,sub-STSWD1131,499625,8,499625.0,sub-STSWD1131
1385,1.0,0.35106,1,1,1,1,1,1,1,True,sub-STSWD1131,502057,8,502057.0,sub-STSWD1131
1386,1.0,0.30203,1,1,1,1,1,1,1,True,sub-STSWD1131,504489,8,504489.0,sub-STSWD1131
1387,1.0,0.64975,2,3,2,1,1,1,1,True,sub-STSWD1131,508969,8,508969.0,sub-STSWD1131
1388,1.0,0.51075,2,3,1,1,1,1,1,True,sub-STSWD1131,511401,8,511401.0,sub-STSWD1131
1389,1.0,0.5177,2,3,1,1,1,1,1,True,sub-STSWD1131,513833,8,513833.0,sub-STSWD1131
1390,1.0,0.55099,2,3,1,1,1,1,1,True,sub-STSWD1131,516265,8,516265.0,sub-STSWD1131
1391,0.0,0.92465,1,3,1,1,1,1,1,True,sub-STSWD1131,518697,8,518697.0,sub-STSWD1131
1392,1.0,0.78559,3,3,2,1,1,1,1,True,sub-STSWD1131,521128,8,521128.0,sub-STSWD1131
1393,0.0,0.98951,3,3,1,1,1,1,1,True,sub-STSWD1131,523560,8,523560.0,sub-STSWD1131
1394,0.0,1.0084,1,3,1,1,1,1,1,True,sub-STSWD1131,525992,8,525992.0,sub-STSWD1131
1395,1.0,0.54238,3,2,2,1,1,1,1,True,sub-STSWD1131,530473,8,530473.0,sub-STSWD1131
1396,1.0,0.76507,3,2,2,1,1,1,1,True,sub-STSWD1131,532904,8,532904.0,sub-STSWD1131
1397,0.0,0.63625,4,2,1,1,1,1,1,True,sub-STSWD1131,535336,8,535336.0,sub-STSWD1131
1398,1.0,0.8221,3,2,2,1,1,1,1,True,sub-STSWD1131,537768,8,537768.0,sub-STSWD1131
1399,0.0,0.57596,4,2,1,1,1,1,1,True,sub-STSWD1131,540200,8,540200.0,sub-STSWD1131
1400,1.0,0.65301,4,2,2,1,1,1,1,True,sub-STSWD1131,542632,8,542632.0,sub-STSWD1131
1401,1.0,0.61099,3,2,1,1,1,1,1,True,sub-STSWD1131,545064,8,545064.0,sub-STSWD1131
1402,1.0,0.49979,3,2,1,1,1,1,1,True,sub-STSWD1131,547496,8,547496.0,sub-STSWD1131
1403,0.0,0.77011,1,4,1,1,1,1,1,True,sub-STSWD1131,551976,8,551976.0,sub-STSWD1131
1404,1.0,0.44171,2,4,1,1,1,1,1,True,sub-STSWD1131,554408,8,554408.0,sub-STSWD1131
1405,1.0,0.75764,3,4,2,1,1,1,1,True,sub-STSWD1131,556840,8,556840.0,sub-STSWD1131
1406,1.0,0.69761,3,4,1,1,1,1,1,True,sub-STSWD1131,559272,8,559272.0,sub-STSWD1131
1407,1.0,0.64544,4,4,2,1,1,1,1,True,sub-STSWD1131,561704,8,561704.0,sub-STSWD1131
1408,0.0,0.60742,4,4,1,1,1,1,1,True,sub-STSWD1131,564136,8,564136.0,sub-STSWD1131
1409,0.0,0.76733,4,4,1,1,1,1,1,True,sub-STSWD1131,566568,8,566568.0,sub-STSWD1131
1410,0.0,0.82227,1,4,2,1,1,1,1,True,sub-STSWD1131,569000,8,569000.0,sub-STSWD1131
1411,0.0,0.57014,1,3,1,1,1,1,1,True,sub-STSWD1131,573480,8,573480.0,sub-STSWD1131
1412,0.0,0.84313,3,3,2,1,1,1,1,True,sub-STSWD1131,575912,8,575912.0,sub-STSWD1131
1413,1.0,1.015,4,3,1,1,1,1,1,True,sub-STSWD1131,578344,8,578344.0,sub-STSWD1131
1414,1.0,1.079,1,3,2,1,1,1,1,True,sub-STSWD1131,580776,8,580776.0,sub-STSWD1131
1415,1.0,0.88879,3,3,2,1,1,1,1,True,sub-STSWD1131,583208,8,583208.0,sub-STSWD1131
1416,1.0,0.62275,4,3,2,1,1,1,1,True,sub-STSWD1131,585640,8,585640.0,sub-STSWD1131
1417,0.0,0.56777,4,3,1,1,1,1,1,True,sub-STSWD1131,588072,8,588072.0,sub-STSWD1131
1418,1.0,0.68574,4,3,1,1,1,1,1,True,sub-STSWD1131,590504,8,590504.0,sub-STSWD1131
1419,1.0,0.48865,2,1,1,1,1,1,1,True,sub-STSWD1131,594984,8,594984.0,sub-STSWD1131
1420,1.0,0.37054,2,1,2,1,1,1,1,True,sub-STSWD1131,597416,8,597416.0,sub-STSWD1131
1421,1.0,0.33544,2,1,1,1,1,1,1,True,sub-STSWD1131,599848,8,599848.0,sub-STSWD1131
1422,1.0,0.35144,2,1,2,1,1,1,1,True,sub-STSWD1131,602280,8,602280.0,sub-STSWD1131
1423,1.0,0.3086,2,1,1,1,1,1,1,True,sub-STSWD1131,604712,8,604712.0,sub-STSWD1131
1424,1.0,0.43136,2,1,2,1,1,1,1,True,sub-STSWD1131,607144,8,607144.0,sub-STSWD1131
1425,1.0,0.31523,2,1,2,1,1,1,1,True,sub-STSWD1131,609575,8,609575.0,sub-STSWD1131
1426,1.0,0.40517,2,1,2,1,1,1,1,True,sub-STSWD1131,612008,8,612008.0,sub-STSWD1131
1427,1.0,0.32963,2,2,1,1,1,1,1,True,sub-STSWD1131,644498,8,644498.0,sub-STSWD1131
1428,0.0,0.40257,3,2,1,1,1,1,1,True,sub-STSWD1131,646930,8,646930.0,sub-STSWD1131
1429,0.0,0.83745,3,2,1,1,1,1,1,True,sub-STSWD1131,649362,8,649362.0,sub-STSWD1131
1430,0.0,0.67231,3,2,1,1,1,1,1,True,sub-STSWD1131,651794,8,651794.0,sub-STSWD1131
1431,0.0,0.37534,2,2,1,1,1,1,1,True,sub-STSWD1131,654226,8,654226.0,sub-STSWD1131
1432,1.0,0.99628,2,2,1,1,1,1,1,True,sub-STSWD1131,656658,8,656658.0,sub-STSWD1131
1433,0.0,0.64821,3,2,1,1,1,1,1,True,sub-STSWD1131,659090,8,659090.0,sub-STSWD1131
1434,1.0,0.40712,2,2,2,1,1,1,1,True,sub-STSWD1131,661521,8,661521.0,sub-STSWD1131
1435,1.0,0.30499,3,1,2,1,1,1,1,True,sub-STSWD1131,666002,8,666002.0,sub-STSWD1131
1436,1.0,0.30201,3,1,1,1,1,1,1,True,sub-STSWD1131,668434,8,668434.0,sub-STSWD1131
1437,0.0,0.34384,3,1,1,1,1,1,1,True,sub-STSWD1131,670866,8,670866.0,sub-STSWD1131
1438,1.0,0.91381,3,1,1,1,1,1,1,True,sub-STSWD1131,673297,8,673297.0,sub-STSWD1131
1439,0.0,0.50474,3,1,1,1,1,1,1,True,sub-STSWD1131,675729,8,675729.0,sub-STSWD1131
1440,0.0,0.55469,3,1,1,1,1,1,1,True,sub-STSWD1131,678161,8,678161.0,sub-STSWD1131
1441,0.0,0.37463,3,1,1,1,1,1,1,True,sub-STSWD1131,680593,8,680593.0,sub-STSWD1131
1442,1.0,0.31958,3,1,2,1,1,1,1,True,sub-STSWD1131,683025,8,683025.0,sub-STSWD1131
1443,1.0,0.92251,1,4,1,1,1,1,1,True,sub-STSWD1131,687505,8,687505.0,sub-STSWD1131
1444,1.0,0.62038,4,4,2,1,1,1,1,True,sub-STSWD1131,689937,8,689937.0,sub-STSWD1131
1445,0.0,0.89585,4,4,1,1,1,1,1,True,sub-STSWD1131,692369,8,692369.0,sub-STSWD1131
1446,1.0,0.77527,4,4,2,1,1,1,1,True,sub-STSWD1131,694801,8,694801.0,sub-STSWD1131
1447,1.0,0.67622,2,4,2,1,1,1,1,True,sub-STSWD1131,697233,8,697233.0,sub-STSWD1131
1448,1.0,0.70305,3,4,2,1,1,1,1,True,sub-STSWD1131,699665,8,699665.0,sub-STSWD1131
1449,1.0,1.0046,3,4,1,1,1,1,1,True,sub-STSWD1131,702097,8,702097.0,sub-STSWD1131
1450,1.0,0.43511,1,4,1,1,1,1,1,True,sub-STSWD1131,704529,8,704529.0,sub-STSWD1131
1451,1.0,0.59279,4,3,2,1,1,1,1,True,sub-STSWD1131,709009,8,709009.0,sub-STSWD1131
1452,1.0,0.77784,3,3,1,1,1,1,1,True,sub-STSWD1131,711441,8,711441.0,sub-STSWD1131
1453,1.0,0.58629,2,3,2,1,1,1,1,True,sub-STSWD1131,713873,8,713873.0,sub-STSWD1131
1454,1.0,0.64574,2,3,2,1,1,1,1,True,sub-STSWD1131,716305,8,716305.0,sub-STSWD1131
1455,1.0,0.88126,3,3,1,1,1,1,1,True,sub-STSWD1131,718737,8,718737.0,sub-STSWD1131
1456,0.0,0.7926,3,3,1,1,1,1,1,True,sub-STSWD1131,721169,8,721169.0,sub-STSWD1131
1457,1.0,0.70446,2,3,2,1,1,1,1,True,sub-STSWD1131,723601,8,723601.0,sub-STSWD1131
1458,1.0,0.42242,4,3,2,1,1,1,1,True,sub-STSWD1131,726033,8,726033.0,sub-STSWD1131
1459,0.0,0.39307,3,1,1,1,1,1,1,True,sub-STSWD1131,730513,8,730513.0,sub-STSWD1131
1460,1.0,0.38227,3,1,2,1,1,1,1,True,sub-STSWD1131,732945,8,732945.0,sub-STSWD1131
1461,1.0,0.40703,3,1,2,1,1,1,1,True,sub-STSWD1131,735377,8,735377.0,sub-STSWD1131
1462,1.0,0.38744,3,1,2,1,1,1,1,True,sub-STSWD1131,737809,8,737809.0,sub-STSWD1131
1463,1.0,0.74662,3,1,2,1,1,1,1,True,sub-STSWD1131,740241,8,740241.0,sub-STSWD1131
1464,1.0,0.34905,3,1,1,1,1,1,1,True,sub-STSWD1131,742672,8,742672.0,sub-STSWD1131
1465,1.0,0.28853,3,1,2,1,1,1,1,True,sub-STSWD1131,745105,8,745105.0,sub-STSWD1131
1466,1.0,0.33286,3,1,2,1,1,1,1,True,sub-STSWD1131,747537,8,747537.0,sub-STSWD1131
1467,1.0,0.50477,2,3,2,1,1,1,1,True,sub-STSWD1131,752017,8,752017.0,sub-STSWD1131
1468,0.0,0.66967,1,3,2,1,1,1,1,True,sub-STSWD1131,754449,8,754449.0,sub-STSWD1131
1469,1.0,0.87696,1,3,2,1,1,1,1,True,sub-STSWD1131,756881,8,756881.0,sub-STSWD1131
1470,0.0,0.72059,4,3,1,1,1,1,1,True,sub-STSWD1131,759313,8,759313.0,sub-STSWD1131
1471,1.0,0.64353,2,3,1,1,1,1,1,True,sub-STSWD1131,761744,8,761744.0,sub-STSWD1131
1472,1.0,0.50573,2,3,2,1,1,1,1,True,sub-STSWD1131,764176,8,764176.0,sub-STSWD1131
1473,1.0,0.53946,4,3,2,1,1,1,1,True,sub-STSWD1131,766608,8,766608.0,sub-STSWD1131
1474,1.0,1.2623,1,3,2,1,1,1,1,True,sub-STSWD1131,769040,8,769040.0,sub-STSWD1131
1475,1.0,0.72527,1,2,1,1,1,1,1,True,sub-STSWD1131,773520,8,773520.0,sub-STSWD1131
1476,1.0,0.4571,2,2,1,1,1,1,1,True,sub-STSWD1131,775952,8,775952.0,sub-STSWD1131
1477,1.0,0.3291,2,2,1,1,1,1,1,True,sub-STSWD1131,778384,8,778384.0,sub-STSWD1131
1478,1.0,0.34542,1,2,2,1,1,1,1,True,sub-STSWD1131,780816,8,780816.0,sub-STSWD1131
1479,1.0,0.38789,1,2,1,1,1,1,1,True,sub-STSWD1131,783248,8,783248.0,sub-STSWD1131
1480,1.0,0.65488,2,2,1,1,1,1,1,True,sub-STSWD1131,785680,8,785680.0,sub-STSWD1131
1481,1.0,0.3688,1,2,2,1,1,1,1,True,sub-STSWD1131,788112,8,788112.0,sub-STSWD1131
1482,1.0,0.9877,1,2,2,1,1,1,1,True,sub-STSWD1131,790544,8,790544.0,sub-STSWD1131
1483,1.0,0.73865,1,4,1,1,1,1,1,True,sub-STSWD1131,795024,8,795024.0,sub-STSWD1131
1484,1.0,0.70252,4,4,2,1,1,1,1,True,sub-STSWD1131,797456,8,797456.0,sub-STSWD1131
1485,1.0,0.62984,3,4,2,1,1,1,1,True,sub-STSWD1131,799888,8,799888.0,sub-STSWD1131
1486,1.0,0.64183,3,4,2,1,1,1,1,True,sub-STSWD1131,802320,8,802320.0,sub-STSWD1131
1487,1.0,0.80976,1,4,2,1,1,1,1,True,sub-STSWD1131,804752,8,804752.0,sub-STSWD1131
1488,0.0,0.54866,2,4,1,1,1,1,1,True,sub-STSWD1131,807184,8,807184.0,sub-STSWD1131
1489,1.0,0.89656,2,4,2,1,1,1,1,True,sub-STSWD1131,809616,8,809616.0,sub-STSWD1131
1490,1.0,0.74347,2,4,2,1,1,1,1,True,sub-STSWD1131,812048,8,812048.0,sub-STSWD1131
1491,1.0,0.54212,2,1,1,1,1,1,1,True,sub-STSWD1132,11239,8,11239.0,sub-STSWD1132
1492,1.0,0.47502,2,1,1,1,1,1,1,True,sub-STSWD1132,13670,8,13670.0,sub-STSWD1132
1493,1.0,0.57697,2,1,1,1,1,1,1,True,sub-STSWD1132,16102,8,16102.0,sub-STSWD1132
1494,1.0,0.34778,2,1,1,1,1,1,1,True,sub-STSWD1132,18534,8,18534.0,sub-STSWD1132
1495,1.0,0.36483,2,1,1,1,1,1,1,True,sub-STSWD1132,20966,8,20966.0,sub-STSWD1132
1496,1.0,1.0538,2,1,2,1,1,1,1,True,sub-STSWD1132,23398,8,23398.0,sub-STSWD1132
1497,1.0,0.54952,2,1,1,1,1,1,1,True,sub-STSWD1132,25830,8,25830.0,sub-STSWD1132
1498,1.0,0.52364,2,1,2,1,1,1,1,True,sub-STSWD1132,28262,8,28262.0,sub-STSWD1132
1499,1.0,0.90251,3,2,2,1,1,1,1,True,sub-STSWD1132,32742,8,32742.0,sub-STSWD1132
1500,1.0,1.5004,4,2,1,1,1,1,1,True,sub-STSWD1132,35174,8,35174.0,sub-STSWD1132
1501,1.0,1.3514,4,2,2,1,1,1,1,True,sub-STSWD1132,37606,8,37606.0,sub-STSWD1132
1502,1.0,0.84132,4,2,1,1,1,1,1,True,sub-STSWD1132,40038,8,40038.0,sub-STSWD1132
1503,1.0,1.0252,3,2,1,1,1,1,1,True,sub-STSWD1132,42470,8,42470.0,sub-STSWD1132
1504,1.0,0.9262,3,2,1,1,1,1,1,True,sub-STSWD1132,44902,8,44902.0,sub-STSWD1132
1505,0.0,1.577,4,2,1,1,1,1,1,True,sub-STSWD1132,47334,8,47334.0,sub-STSWD1132
1506,1.0,1.0851,3,2,1,1,1,1,1,True,sub-STSWD1132,49766,8,49766.0,sub-STSWD1132
1507,1.0,0.7039,2,3,2,1,1,1,1,True,sub-STSWD1132,54246,8,54246.0,sub-STSWD1132
1508,1.0,0.90283,2,3,2,1,1,1,1,True,sub-STSWD1132,56678,8,56678.0,sub-STSWD1132
1509,1.0,0.9888,2,3,1,1,1,1,1,True,sub-STSWD1132,59110,8,59110.0,sub-STSWD1132
1510,1.0,1.6227,3,3,1,1,1,1,1,True,sub-STSWD1132,61541,8,61541.0,sub-STSWD1132
1511,1.0,1.0307,3,3,2,1,1,1,1,True,sub-STSWD1132,63973,8,63973.0,sub-STSWD1132
1512,0.0,0.85561,1,3,2,1,1,1,1,True,sub-STSWD1132,66406,8,66406.0,sub-STSWD1132
1513,1.0,1.2415,1,3,1,1,1,1,1,True,sub-STSWD1132,68837,8,68837.0,sub-STSWD1132
1514,1.0,0.88868,2,3,2,1,1,1,1,True,sub-STSWD1132,71269,8,71269.0,sub-STSWD1132
1515,0.0,0.85537,4,4,1,1,1,1,1,True,sub-STSWD1132,75749,8,75749.0,sub-STSWD1132
1516,1.0,1.1363,4,4,1,1,1,1,1,True,sub-STSWD1132,78181,8,78181.0,sub-STSWD1132
1517,1.0,0.72023,2,4,1,1,1,1,1,True,sub-STSWD1132,80613,8,80613.0,sub-STSWD1132
1518,1.0,0.77912,2,4,2,1,1,1,1,True,sub-STSWD1132,83045,8,83045.0,sub-STSWD1132
1519,1.0,1.0321,3,4,1,1,1,1,1,True,sub-STSWD1132,85477,8,85477.0,sub-STSWD1132
1520,1.0,0.71103,3,4,2,1,1,1,1,True,sub-STSWD1132,87909,8,87909.0,sub-STSWD1132
1521,1.0,1.053,3,4,1,1,1,1,1,True,sub-STSWD1132,90341,8,90341.0,sub-STSWD1132
1522,1.0,1.0778,1,4,2,1,1,1,1,True,sub-STSWD1132,92773,8,92773.0,sub-STSWD1132
1523,1.0,0.44579,1,1,1,1,1,1,1,True,sub-STSWD1132,97253,8,97253.0,sub-STSWD1132
1524,1.0,0.55675,1,1,2,1,1,1,1,True,sub-STSWD1132,99685,8,99685.0,sub-STSWD1132
1525,1.0,0.59461,1,1,2,1,1,1,1,True,sub-STSWD1132,102117,8,102117.0,sub-STSWD1132
1526,1.0,0.44359,1,1,2,1,1,1,1,True,sub-STSWD1132,104549,8,104549.0,sub-STSWD1132
1527,1.0,0.74151,1,1,1,1,1,1,1,True,sub-STSWD1132,106981,8,106981.0,sub-STSWD1132
1528,1.0,0.47538,1,1,2,1,1,1,1,True,sub-STSWD1132,109413,8,109413.0,sub-STSWD1132
1529,1.0,0.3464,1,1,1,1,1,1,1,True,sub-STSWD1132,111845,8,111845.0,sub-STSWD1132
1530,1.0,0.83533,1,1,2,1,1,1,1,True,sub-STSWD1132,114277,8,114277.0,sub-STSWD1132
1531,1.0,1.0622,2,3,2,1,1,1,1,True,sub-STSWD1132,118757,8,118757.0,sub-STSWD1132
1532,1.0,0.91915,2,3,2,1,1,1,1,True,sub-STSWD1132,121189,8,121189.0,sub-STSWD1132
1533,1.0,1.0761,3,3,2,1,1,1,1,True,sub-STSWD1132,123621,8,123621.0,sub-STSWD1132
1534,0.0,0.86393,3,3,1,1,1,1,1,True,sub-STSWD1132,126053,8,126053.0,sub-STSWD1132
1535,1.0,0.77591,3,3,2,1,1,1,1,True,sub-STSWD1132,128485,8,128485.0,sub-STSWD1132
1536,0.0,1.1789,4,3,1,1,1,1,1,True,sub-STSWD1132,130917,8,130917.0,sub-STSWD1132
1537,1.0,1.0088,3,3,1,1,1,1,1,True,sub-STSWD1132,133349,8,133349.0,sub-STSWD1132
1538,1.0,0.70276,4,3,2,1,1,1,1,True,sub-STSWD1132,135781,8,135781.0,sub-STSWD1132
1539,1.0,0.75359,2,2,2,1,1,1,1,True,sub-STSWD1132,140261,8,140261.0,sub-STSWD1132
1540,1.0,0.39153,2,2,1,1,1,1,1,True,sub-STSWD1132,142693,8,142693.0,sub-STSWD1132
1541,1.0,0.8145,3,2,2,1,1,1,1,True,sub-STSWD1132,145125,8,145125.0,sub-STSWD1132
1542,1.0,0.71643,2,2,2,1,1,1,1,True,sub-STSWD1132,147557,8,147557.0,sub-STSWD1132
1543,1.0,0.97636,3,2,2,1,1,1,1,True,sub-STSWD1132,149989,8,149989.0,sub-STSWD1132
1544,1.0,0.75727,3,2,1,1,1,1,1,True,sub-STSWD1132,152420,8,152420.0,sub-STSWD1132
1545,1.0,0.7152,3,2,2,1,1,1,1,True,sub-STSWD1132,154852,8,154852.0,sub-STSWD1132
1546,1.0,0.34914,2,2,1,1,1,1,1,True,sub-STSWD1132,157284,8,157284.0,sub-STSWD1132
1547,1.0,0.66204,2,4,2,1,1,1,1,True,sub-STSWD1132,161764,8,161764.0,sub-STSWD1132
1548,1.0,0.56195,2,4,1,1,1,1,1,True,sub-STSWD1132,164196,8,164196.0,sub-STSWD1132
1549,0.0,1.2029,1,4,2,1,1,1,1,True,sub-STSWD1132,166628,8,166628.0,sub-STSWD1132
1550,1.0,1.3868,4,4,2,1,1,1,1,True,sub-STSWD1132,169060,8,169060.0,sub-STSWD1132
1551,1.0,1.3668,1,4,1,1,1,1,1,True,sub-STSWD1132,171492,8,171492.0,sub-STSWD1132
1552,1.0,0.89073,1,4,1,1,1,1,1,True,sub-STSWD1132,173924,8,173924.0,sub-STSWD1132
1553,1.0,0.90555,3,4,2,1,1,1,1,True,sub-STSWD1132,176356,8,176356.0,sub-STSWD1132
1554,0.0,1.3246,4,4,2,1,1,1,1,True,sub-STSWD1132,178788,8,178788.0,sub-STSWD1132
1555,1.0,0.98609,4,3,2,1,1,1,1,True,sub-STSWD1132,209256,8,209256.0,sub-STSWD1132
1556,1.0,0.73006,2,3,1,1,1,1,1,True,sub-STSWD1132,211688,8,211688.0,sub-STSWD1132
1557,1.0,0.94099,3,3,2,1,1,1,1,True,sub-STSWD1132,214120,8,214120.0,sub-STSWD1132
1558,0.0,0.95693,3,3,1,1,1,1,1,True,sub-STSWD1132,216552,8,216552.0,sub-STSWD1132
1559,1.0,0.86378,3,3,1,1,1,1,1,True,sub-STSWD1132,218984,8,218984.0,sub-STSWD1132
1560,1.0,0.94576,3,3,2,1,1,1,1,True,sub-STSWD1132,221416,8,221416.0,sub-STSWD1132
1561,1.0,0.6467,2,3,1,1,1,1,1,True,sub-STSWD1132,223848,8,223848.0,sub-STSWD1132
1562,1.0,0.45064,4,3,1,1,1,1,1,True,sub-STSWD1132,226280,8,226280.0,sub-STSWD1132
1563,1.0,0.50351,3,1,1,1,1,1,1,True,sub-STSWD1132,230760,8,230760.0,sub-STSWD1132
1564,1.0,0.61445,3,1,1,1,1,1,1,True,sub-STSWD1132,233192,8,233192.0,sub-STSWD1132
1565,1.0,0.46638,3,1,1,1,1,1,1,True,sub-STSWD1132,235624,8,235624.0,sub-STSWD1132
1566,1.0,0.57232,3,1,2,1,1,1,1,True,sub-STSWD1132,238056,8,238056.0,sub-STSWD1132
1567,1.0,0.82617,3,1,2,1,1,1,1,True,sub-STSWD1132,240488,8,240488.0,sub-STSWD1132
1568,1.0,0.6212,3,1,2,1,1,1,1,True,sub-STSWD1132,242920,8,242920.0,sub-STSWD1132
1569,1.0,0.33213,3,1,1,1,1,1,1,True,sub-STSWD1132,245351,8,245351.0,sub-STSWD1132
1570,1.0,0.30599,3,1,2,1,1,1,1,True,sub-STSWD1132,247783,8,247783.0,sub-STSWD1132
1571,1.0,0.68599,3,2,2,1,1,1,1,True,sub-STSWD1132,252263,8,252263.0,sub-STSWD1132
1572,1.0,0.56389,4,2,2,1,1,1,1,True,sub-STSWD1132,254695,8,254695.0,sub-STSWD1132
1573,0.0,0.51783,3,2,2,1,1,1,1,True,sub-STSWD1132,257127,8,257127.0,sub-STSWD1132
1574,1.0,0.76179,4,2,2,1,1,1,1,True,sub-STSWD1132,259559,8,259559.0,sub-STSWD1132
1575,1.0,0.78768,4,2,1,1,1,1,1,True,sub-STSWD1132,261991,8,261991.0,sub-STSWD1132
1576,1.0,0.48457,4,2,2,1,1,1,1,True,sub-STSWD1132,264423,8,264423.0,sub-STSWD1132
1577,1.0,1.0886,3,2,2,1,1,1,1,True,sub-STSWD1132,266855,8,266855.0,sub-STSWD1132
1578,1.0,0.62242,3,2,1,1,1,1,1,True,sub-STSWD1132,269287,8,269287.0,sub-STSWD1132
1579,1.0,0.98737,3,4,1,1,1,1,1,True,sub-STSWD1132,273767,8,273767.0,sub-STSWD1132
1580,1.0,0.68431,3,4,1,1,1,1,1,True,sub-STSWD1132,276199,8,276199.0,sub-STSWD1132
1581,1.0,1.1732,3,4,2,1,1,1,1,True,sub-STSWD1132,278631,8,278631.0,sub-STSWD1132
1582,1.0,0.82417,4,4,1,1,1,1,1,True,sub-STSWD1132,281063,8,281063.0,sub-STSWD1132
1583,1.0,1.2591,1,4,2,1,1,1,1,True,sub-STSWD1132,283495,8,283495.0,sub-STSWD1132
1584,1.0,1.0801,1,4,1,1,1,1,1,True,sub-STSWD1132,285927,8,285927.0,sub-STSWD1132
1585,1.0,0.67698,2,4,1,1,1,1,1,True,sub-STSWD1132,288359,8,288359.0,sub-STSWD1132
1586,1.0,0.66192,2,4,2,1,1,1,1,True,sub-STSWD1132,290791,8,290791.0,sub-STSWD1132
1587,1.0,0.41084,1,1,1,1,1,1,1,True,sub-STSWD1132,295271,8,295271.0,sub-STSWD1132
1588,1.0,0.54974,1,1,2,1,1,1,1,True,sub-STSWD1132,297703,8,297703.0,sub-STSWD1132
1589,1.0,0.99667,1,1,1,1,1,1,1,True,sub-STSWD1132,300135,8,300135.0,sub-STSWD1132
1590,1.0,0.42461,1,1,2,1,1,1,1,True,sub-STSWD1132,302567,8,302567.0,sub-STSWD1132
1591,1.0,0.43954,1,1,1,1,1,1,1,True,sub-STSWD1132,304999,8,304999.0,sub-STSWD1132
1592,1.0,0.33748,1,1,2,1,1,1,1,True,sub-STSWD1132,307431,8,307431.0,sub-STSWD1132
1593,1.0,0.67142,1,1,1,1,1,1,1,True,sub-STSWD1132,309863,8,309863.0,sub-STSWD1132
1594,1.0,0.36035,1,1,1,1,1,1,1,True,sub-STSWD1132,312295,8,312295.0,sub-STSWD1132
1595,1.0,0.57916,1,2,1,1,1,1,1,True,sub-STSWD1132,316775,8,316775.0,sub-STSWD1132
1596,1.0,0.27017,2,2,2,1,1,1,1,True,sub-STSWD1132,319207,8,319207.0,sub-STSWD1132
1597,1.0,0.4471,1,2,2,1,1,1,1,True,sub-STSWD1132,321639,8,321639.0,sub-STSWD1132
1598,1.0,0.88104,2,2,1,1,1,1,1,True,sub-STSWD1132,324071,8,324071.0,sub-STSWD1132
1599,1.0,0.31297,2,2,1,1,1,1,1,True,sub-STSWD1132,326503,8,326503.0,sub-STSWD1132
1600,1.0,0.52891,1,2,1,1,1,1,1,True,sub-STSWD1132,328935,8,328935.0,sub-STSWD1132
1601,1.0,0.29784,2,2,1,1,1,1,1,True,sub-STSWD1132,331367,8,331367.0,sub-STSWD1132
1602,1.0,0.30678,2,2,2,1,1,1,1,True,sub-STSWD1132,333799,8,333799.0,sub-STSWD1132
1603,1.0,0.65059,1,4,2,1,1,1,1,True,sub-STSWD1132,338279,8,338279.0,sub-STSWD1132
1604,1.0,1.1806,4,4,2,1,1,1,1,True,sub-STSWD1132,340711,8,340711.0,sub-STSWD1132
1605,1.0,1.0595,4,4,2,1,1,1,1,True,sub-STSWD1132,343143,8,343143.0,sub-STSWD1132
1606,1.0,0.9074,3,4,1,1,1,1,1,True,sub-STSWD1132,345574,8,345574.0,sub-STSWD1132
1607,1.0,0.71344,2,4,2,1,1,1,1,True,sub-STSWD1132,348007,8,348007.0,sub-STSWD1132
1608,1.0,0.74533,2,4,1,1,1,1,1,True,sub-STSWD1132,350439,8,350439.0,sub-STSWD1132
1609,1.0,1.1343,4,4,2,1,1,1,1,True,sub-STSWD1132,352870,8,352870.0,sub-STSWD1132
1610,1.0,0.83717,1,4,2,1,1,1,1,True,sub-STSWD1132,355302,8,355302.0,sub-STSWD1132
1611,1.0,0.73408,1,3,2,1,1,1,1,True,sub-STSWD1132,359782,8,359782.0,sub-STSWD1132
1612,1.0,0.65004,3,3,1,1,1,1,1,True,sub-STSWD1132,362214,8,362214.0,sub-STSWD1132
1613,1.0,0.74396,2,3,1,1,1,1,1,True,sub-STSWD1132,364646,8,364646.0,sub-STSWD1132
1614,1.0,0.54991,2,3,1,1,1,1,1,True,sub-STSWD1132,367078,8,367078.0,sub-STSWD1132
1615,1.0,1.5878,1,3,1,1,1,1,1,True,sub-STSWD1132,369510,8,369510.0,sub-STSWD1132
1616,1.0,0.9138,2,3,2,1,1,1,1,True,sub-STSWD1132,371942,8,371942.0,sub-STSWD1132
1617,1.0,0.6737,2,3,1,1,1,1,1,True,sub-STSWD1132,374374,8,374374.0,sub-STSWD1132
1618,1.0,0.73055,3,3,1,1,1,1,1,True,sub-STSWD1132,376806,8,376806.0,sub-STSWD1132
1619,1.0,0.95896,1,2,1,1,1,1,1,True,sub-STSWD1132,414506,8,414506.0,sub-STSWD1132
1620,1.0,0.4529,1,2,2,1,1,1,1,True,sub-STSWD1132,416938,8,416938.0,sub-STSWD1132
1621,1.0,0.46583,1,2,2,1,1,1,1,True,sub-STSWD1132,419370,8,419370.0,sub-STSWD1132
1622,1.0,0.96476,1,2,1,1,1,1,1,True,sub-STSWD1132,421802,8,421802.0,sub-STSWD1132
1623,1.0,0.29871,2,2,1,1,1,1,1,True,sub-STSWD1132,424234,8,424234.0,sub-STSWD1132
1624,1.0,0.53564,1,2,2,1,1,1,1,True,sub-STSWD1132,426666,8,426666.0,sub-STSWD1132
1625,1.0,0.74058,2,2,1,1,1,1,1,True,sub-STSWD1132,429098,8,429098.0,sub-STSWD1132
1626,1.0,0.59851,2,2,1,1,1,1,1,True,sub-STSWD1132,431530,8,431530.0,sub-STSWD1132
1627,1.0,0.80143,4,3,1,1,1,1,1,True,sub-STSWD1132,436010,8,436010.0,sub-STSWD1132
1628,1.0,1.2143,1,3,1,1,1,1,1,True,sub-STSWD1132,438442,8,438442.0,sub-STSWD1132
1629,1.0,0.74927,4,3,2,1,1,1,1,True,sub-STSWD1132,440873,8,440873.0,sub-STSWD1132
1630,1.0,0.86423,4,3,1,1,1,1,1,True,sub-STSWD1132,443305,8,443305.0,sub-STSWD1132
1631,0.0,0.95114,4,3,1,1,1,1,1,True,sub-STSWD1132,445738,8,445738.0,sub-STSWD1132
1632,0.0,1.5321,3,3,2,1,1,1,1,True,sub-STSWD1132,448170,8,448170.0,sub-STSWD1132
1633,0.0,0.946,3,3,2,1,1,1,1,True,sub-STSWD1132,450602,8,450602.0,sub-STSWD1132
1634,1.0,0.92394,1,3,1,1,1,1,1,True,sub-STSWD1132,453034,8,453034.0,sub-STSWD1132
1635,1.0,1.1968,3,4,2,1,1,1,1,True,sub-STSWD1132,457513,8,457513.0,sub-STSWD1132
1636,1.0,0.77576,3,4,1,1,1,1,1,True,sub-STSWD1132,459945,8,459945.0,sub-STSWD1132
1637,1.0,0.91567,3,4,2,1,1,1,1,True,sub-STSWD1132,462377,8,462377.0,sub-STSWD1132
1638,1.0,0.86263,1,4,1,1,1,1,1,True,sub-STSWD1132,464809,8,464809.0,sub-STSWD1132
1639,1.0,0.79556,4,4,2,1,1,1,1,True,sub-STSWD1132,467242,8,467242.0,sub-STSWD1132
1640,1.0,0.8325,4,4,2,1,1,1,1,True,sub-STSWD1132,469674,8,469674.0,sub-STSWD1132
1641,1.0,0.65464,2,4,2,1,1,1,1,True,sub-STSWD1132,472106,8,472106.0,sub-STSWD1132
1642,1.0,0.79237,2,4,2,1,1,1,1,True,sub-STSWD1132,474537,8,474537.0,sub-STSWD1132
1643,0.0,0.47124,4,1,1,1,1,1,1,True,sub-STSWD1132,479017,8,479017.0,sub-STSWD1132
1644,1.0,0.51119,4,1,2,1,1,1,1,True,sub-STSWD1132,481449,8,481449.0,sub-STSWD1132
1645,1.0,0.67312,4,1,1,1,1,1,1,True,sub-STSWD1132,483881,8,483881.0,sub-STSWD1132
1646,1.0,0.99007,4,1,1,1,1,1,1,True,sub-STSWD1132,486313,8,486313.0,sub-STSWD1132
1647,1.0,0.65803,4,1,2,1,1,1,1,True,sub-STSWD1132,488745,8,488745.0,sub-STSWD1132
1648,1.0,0.53593,4,1,2,1,1,1,1,True,sub-STSWD1132,491177,8,491177.0,sub-STSWD1132
1649,1.0,0.37587,4,1,1,1,1,1,1,True,sub-STSWD1132,493609,8,493609.0,sub-STSWD1132
1650,1.0,0.3878,4,1,1,1,1,1,1,True,sub-STSWD1132,496041,8,496041.0,sub-STSWD1132
1651,0.0,1.3206,1,4,2,1,1,1,1,True,sub-STSWD1132,500521,8,500521.0,sub-STSWD1132
1652,1.0,0.79663,1,4,2,1,1,1,1,True,sub-STSWD1132,502953,8,502953.0,sub-STSWD1132
1653,1.0,0.61755,4,4,2,1,1,1,1,True,sub-STSWD1132,505385,8,505385.0,sub-STSWD1132
1654,1.0,0.69541,2,4,1,1,1,1,1,True,sub-STSWD1132,507817,8,507817.0,sub-STSWD1132
1655,1.0,0.54744,2,4,2,1,1,1,1,True,sub-STSWD1132,510249,8,510249.0,sub-STSWD1132
1656,0.0,0.97136,4,4,1,1,1,1,1,True,sub-STSWD1132,512681,8,512681.0,sub-STSWD1132
1657,1.0,0.90625,3,4,1,1,1,1,1,True,sub-STSWD1132,515113,8,515113.0,sub-STSWD1132
1658,1.0,0.62423,1,4,2,1,1,1,1,True,sub-STSWD1132,517545,8,517545.0,sub-STSWD1132
1659,1.0,0.35512,2,1,2,1,1,1,1,True,sub-STSWD1132,522025,8,522025.0,sub-STSWD1132
1660,1.0,0.51704,2,1,2,1,1,1,1,True,sub-STSWD1132,524457,8,524457.0,sub-STSWD1132
1661,1.0,0.48899,2,1,2,1,1,1,1,True,sub-STSWD1132,526889,8,526889.0,sub-STSWD1132
1662,0.0,1.4299,2,1,1,1,1,1,1,True,sub-STSWD1132,529321,8,529321.0,sub-STSWD1132
1663,1.0,0.52781,2,1,2,1,1,1,1,True,sub-STSWD1132,531753,8,531753.0,sub-STSWD1132
1664,1.0,0.57179,2,1,2,1,1,1,1,True,sub-STSWD1132,534185,8,534185.0,sub-STSWD1132
1665,1.0,0.32171,2,1,2,1,1,1,1,True,sub-STSWD1132,536617,8,536617.0,sub-STSWD1132
1666,1.0,0.38366,2,1,1,1,1,1,1,True,sub-STSWD1132,539049,8,539049.0,sub-STSWD1132
1667,1.0,1.0004,1,3,1,1,1,1,1,True,sub-STSWD1132,545961,8,545961.0,sub-STSWD1132
1668,1.0,0.78741,2,3,2,1,1,1,1,True,sub-STSWD1132,548393,8,548393.0,sub-STSWD1132
1669,1.0,0.73134,1,3,1,1,1,1,1,True,sub-STSWD1132,550825,8,550825.0,sub-STSWD1132
1670,1.0,0.82419,1,3,2,1,1,1,1,True,sub-STSWD1132,553257,8,553257.0,sub-STSWD1132
1671,1.0,0.87621,1,3,2,1,1,1,1,True,sub-STSWD1132,555689,8,555689.0,sub-STSWD1132
1672,1.0,0.55916,2,3,1,1,1,1,1,True,sub-STSWD1132,558121,8,558121.0,sub-STSWD1132
1673,1.0,1.1811,4,3,2,1,1,1,1,True,sub-STSWD1132,560553,8,560553.0,sub-STSWD1132
1674,1.0,0.44997,1,2,2,1,1,1,1,True,sub-STSWD1132,565033,8,565033.0,sub-STSWD1132
1675,1.0,0.56795,1,2,2,1,1,1,1,True,sub-STSWD1132,567465,8,567465.0,sub-STSWD1132
1676,1.0,0.70787,3,2,1,1,1,1,1,True,sub-STSWD1132,569897,8,569897.0,sub-STSWD1132
1677,1.0,0.84077,1,2,1,1,1,1,1,True,sub-STSWD1132,572329,8,572329.0,sub-STSWD1132
1678,0.0,0.54964,3,2,2,1,1,1,1,True,sub-STSWD1132,574761,8,574761.0,sub-STSWD1132
1679,1.0,0.31565,3,2,1,1,1,1,1,True,sub-STSWD1132,577193,8,577193.0,sub-STSWD1132
1680,1.0,0.81257,3,2,1,1,1,1,1,True,sub-STSWD1132,579624,8,579624.0,sub-STSWD1132
1681,1.0,0.33551,1,2,1,1,1,1,1,True,sub-STSWD1132,582057,8,582057.0,sub-STSWD1132
1682,1.0,0.98832,3,3,2,1,1,1,1,True,sub-STSWD1132,614077,8,614077.0,sub-STSWD1132
1683,1.0,0.67227,1,3,2,1,1,1,1,True,sub-STSWD1132,616509,8,616509.0,sub-STSWD1132
1684,1.0,0.82119,3,3,1,1,1,1,1,True,sub-STSWD1132,618941,8,618941.0,sub-STSWD1132
1685,1.0,0.95212,1,3,2,1,1,1,1,True,sub-STSWD1132,621373,8,621373.0,sub-STSWD1132
1686,0.0,1.3411,4,3,1,1,1,1,1,True,sub-STSWD1132,623805,8,623805.0,sub-STSWD1132
1687,1.0,0.86794,4,3,2,1,1,1,1,True,sub-STSWD1132,628669,8,628669.0,sub-STSWD1132
1688,1.0,0.70691,4,3,1,1,1,1,1,True,sub-STSWD1132,631101,8,631101.0,sub-STSWD1132
1689,1.0,1.4467,3,4,2,1,1,1,1,True,sub-STSWD1132,635581,8,635581.0,sub-STSWD1132
1690,1.0,1.0017,3,4,2,1,1,1,1,True,sub-STSWD1132,638013,8,638013.0,sub-STSWD1132
1691,1.0,0.67366,2,4,2,1,1,1,1,True,sub-STSWD1132,640445,8,640445.0,sub-STSWD1132
1692,1.0,0.92156,1,4,1,1,1,1,1,True,sub-STSWD1132,642877,8,642877.0,sub-STSWD1132
1693,1.0,0.83149,2,4,1,1,1,1,1,True,sub-STSWD1132,645309,8,645309.0,sub-STSWD1132
1694,1.0,0.78235,1,4,1,1,1,1,1,True,sub-STSWD1132,647741,8,647741.0,sub-STSWD1132
1695,1.0,0.73137,1,4,1,1,1,1,1,True,sub-STSWD1132,650173,8,650173.0,sub-STSWD1132
1696,1.0,1.2063,4,4,1,1,1,1,1,True,sub-STSWD1132,652605,8,652605.0,sub-STSWD1132
1697,1.0,0.50717,3,1,2,1,1,1,1,True,sub-STSWD1132,657085,8,657085.0,sub-STSWD1132
1698,0.0,0.36512,3,1,2,1,1,1,1,True,sub-STSWD1132,659517,8,659517.0,sub-STSWD1132
1699,1.0,0.46206,3,1,1,1,1,1,1,True,sub-STSWD1132,661949,8,661949.0,sub-STSWD1132
1700,1.0,0.34694,3,1,1,1,1,1,1,True,sub-STSWD1132,664381,8,664381.0,sub-STSWD1132
1701,1.0,0.33798,3,1,2,1,1,1,1,True,sub-STSWD1132,666813,8,666813.0,sub-STSWD1132
1702,1.0,0.50786,3,1,1,1,1,1,1,True,sub-STSWD1132,669245,8,669245.0,sub-STSWD1132
1703,1.0,0.96971,3,1,2,1,1,1,1,True,sub-STSWD1132,671677,8,671677.0,sub-STSWD1132
1704,1.0,0.30974,3,1,1,1,1,1,1,True,sub-STSWD1132,674109,8,674109.0,sub-STSWD1132
1705,1.0,0.83661,1,2,2,1,1,1,1,True,sub-STSWD1132,678589,8,678589.0,sub-STSWD1132
1706,1.0,1.0725,1,2,2,1,1,1,1,True,sub-STSWD1132,681021,8,681021.0,sub-STSWD1132
1707,1.0,0.58349,4,2,2,1,1,1,1,True,sub-STSWD1132,683453,8,683453.0,sub-STSWD1132
1708,1.0,0.82443,4,2,1,1,1,1,1,True,sub-STSWD1132,685885,8,685885.0,sub-STSWD1132
1709,1.0,0.86236,4,2,1,1,1,1,1,True,sub-STSWD1132,688317,8,688317.0,sub-STSWD1132
1710,1.0,0.4953,1,2,1,1,1,1,1,True,sub-STSWD1132,690749,8,690749.0,sub-STSWD1132
1711,0.0,0.64327,4,2,2,1,1,1,1,True,sub-STSWD1132,693181,8,693181.0,sub-STSWD1132
1712,1.0,0.63517,1,2,1,1,1,1,1,True,sub-STSWD1132,695613,8,695613.0,sub-STSWD1132
1713,1.0,0.37597,4,1,1,1,1,1,1,True,sub-STSWD1132,700093,8,700093.0,sub-STSWD1132
1714,1.0,0.5969,4,1,2,1,1,1,1,True,sub-STSWD1132,702525,8,702525.0,sub-STSWD1132
1715,1.0,0.35292,4,1,2,1,1,1,1,True,sub-STSWD1132,704957,8,704957.0,sub-STSWD1132
1716,1.0,0.32286,4,1,2,1,1,1,1,True,sub-STSWD1132,707389,8,707389.0,sub-STSWD1132
1717,0.0,0.27073,4,1,2,1,1,1,1,True,sub-STSWD1132,709821,8,709821.0,sub-STSWD1132
1718,1.0,0.33273,4,1,2,1,1,1,1,True,sub-STSWD1132,712252,8,712252.0,sub-STSWD1132
1719,1.0,0.68167,4,1,1,1,1,1,1,True,sub-STSWD1132,714685,8,714685.0,sub-STSWD1132
1720,1.0,0.29052,4,1,1,1,1,1,1,True,sub-STSWD1132,717116,8,717116.0,sub-STSWD1132
1721,0.0,1.2255,4,3,2,1,1,1,1,True,sub-STSWD1132,721597,8,721597.0,sub-STSWD1132
1722,1.0,1.1024,4,3,2,1,1,1,1,True,sub-STSWD1132,724028,8,724028.0,sub-STSWD1132
1723,1.0,0.85234,2,3,1,1,1,1,1,True,sub-STSWD1132,726460,8,726460.0,sub-STSWD1132
1724,1.0,0.76128,4,3,1,1,1,1,1,True,sub-STSWD1132,728893,8,728893.0,sub-STSWD1132
1725,1.0,0.67655,2,3,2,1,1,1,1,True,sub-STSWD1132,731325,8,731325.0,sub-STSWD1132
1726,1.0,0.52949,1,3,2,1,1,1,1,True,sub-STSWD1132,733757,8,733757.0,sub-STSWD1132
1727,1.0,0.94642,1,3,1,1,1,1,1,True,sub-STSWD1132,736189,8,736189.0,sub-STSWD1132
1728,1.0,0.99436,1,3,1,1,1,1,1,True,sub-STSWD1132,738620,8,738620.0,sub-STSWD1132
1729,1.0,0.65325,2,4,1,1,1,1,1,True,sub-STSWD1132,743100,8,743100.0,sub-STSWD1132
1730,1.0,0.71918,2,4,1,1,1,1,1,True,sub-STSWD1132,745532,8,745532.0,sub-STSWD1132
1731,0.0,0.62812,3,4,2,1,1,1,1,True,sub-STSWD1132,747964,8,747964.0,sub-STSWD1132
1732,0.0,1.2067,3,4,1,1,1,1,1,True,sub-STSWD1132,750396,8,750396.0,sub-STSWD1132
1733,1.0,0.76299,1,4,1,1,1,1,1,True,sub-STSWD1132,752828,8,752828.0,sub-STSWD1132
1734,1.0,1.2609,4,4,1,1,1,1,1,True,sub-STSWD1132,755260,8,755260.0,sub-STSWD1132
1735,0.0,1.2628,4,4,1,1,1,1,1,True,sub-STSWD1132,757692,8,757692.0,sub-STSWD1132
1736,0.0,1.3435,4,4,1,1,1,1,1,True,sub-STSWD1132,760124,8,760124.0,sub-STSWD1132
1737,1.0,0.42273,2,2,2,1,1,1,1,True,sub-STSWD1132,764604,8,764604.0,sub-STSWD1132
1738,1.0,0.61254,4,2,2,1,1,1,1,True,sub-STSWD1132,767036,8,767036.0,sub-STSWD1132
1739,0.0,0.87355,4,2,2,1,1,1,1,True,sub-STSWD1132,769468,8,769468.0,sub-STSWD1132
1740,1.0,0.6234,2,2,2,1,1,1,1,True,sub-STSWD1132,771900,8,771900.0,sub-STSWD1132
1741,1.0,0.47041,2,2,2,1,1,1,1,True,sub-STSWD1132,774332,8,774332.0,sub-STSWD1132
1742,1.0,0.68135,4,2,1,1,1,1,1,True,sub-STSWD1132,776764,8,776764.0,sub-STSWD1132
1743,1.0,0.83922,4,2,1,1,1,1,1,True,sub-STSWD1132,779196,8,779196.0,sub-STSWD1132
1744,1.0,0.9292,2,2,2,1,1,1,1,True,sub-STSWD1132,781628,8,781628.0,sub-STSWD1132
1745,1.0,1.354,4,4,2,1,1,1,1,True,sub-STSWD1135,23221,8,23221.0,sub-STSWD1135
1746,0.0,1.2439,4,4,2,1,1,1,1,True,sub-STSWD1135,25652,8,25652.0,sub-STSWD1135
1747,0.0,0.93893,2,4,2,1,1,1,1,True,sub-STSWD1135,28084,8,28084.0,sub-STSWD1135
1748,1.0,0.65182,2,4,1,1,1,1,1,True,sub-STSWD1135,30516,8,30516.0,sub-STSWD1135
1749,0.0,0.82374,2,4,1,1,1,1,1,True,sub-STSWD1135,32948,8,32948.0,sub-STSWD1135
1750,0.0,0.75565,3,4,2,1,1,1,1,True,sub-STSWD1135,35380,8,35380.0,sub-STSWD1135
1751,1.0,1.0756,1,4,2,1,1,1,1,True,sub-STSWD1135,37812,8,37812.0,sub-STSWD1135
1752,1.0,0.99854,1,4,2,1,1,1,1,True,sub-STSWD1135,40244,8,40244.0,sub-STSWD1135
1753,1.0,0.63543,1,1,1,1,1,1,1,True,sub-STSWD1135,44724,8,44724.0,sub-STSWD1135
1754,1.0,0.55137,1,1,2,1,1,1,1,True,sub-STSWD1135,47156,8,47156.0,sub-STSWD1135
1755,1.0,0.44031,1,1,2,1,1,1,1,True,sub-STSWD1135,49588,8,49588.0,sub-STSWD1135
1756,1.0,0.47033,1,1,2,1,1,1,1,True,sub-STSWD1135,52020,8,52020.0,sub-STSWD1135
1757,1.0,0.30317,1,1,1,1,1,1,1,True,sub-STSWD1135,54452,8,54452.0,sub-STSWD1135
1758,1.0,0.53811,1,1,1,1,1,1,1,True,sub-STSWD1135,56884,8,56884.0,sub-STSWD1135
1759,1.0,0.32404,1,1,2,1,1,1,1,True,sub-STSWD1135,59316,8,59316.0,sub-STSWD1135
1760,1.0,0.36398,1,1,1,1,1,1,1,True,sub-STSWD1135,61748,8,61748.0,sub-STSWD1135
1761,1.0,0.96385,1,3,2,1,1,1,1,True,sub-STSWD1135,66228,8,66228.0,sub-STSWD1135
1762,1.0,0.95177,1,3,1,1,1,1,1,True,sub-STSWD1135,68660,8,68660.0,sub-STSWD1135
1763,1.0,1.1427,4,3,2,1,1,1,1,True,sub-STSWD1135,71092,8,71092.0,sub-STSWD1135
1764,0.0,0.94967,2,3,1,1,1,1,1,True,sub-STSWD1135,73524,8,73524.0,sub-STSWD1135
1765,1.0,0.8116,1,3,1,1,1,1,1,True,sub-STSWD1135,75956,8,75956.0,sub-STSWD1135
1766,1.0,0.95153,1,3,1,1,1,1,1,True,sub-STSWD1135,78388,8,78388.0,sub-STSWD1135
1767,1.0,0.50747,1,3,2,1,1,1,1,True,sub-STSWD1135,80820,8,80820.0,sub-STSWD1135
1768,1.0,0.76942,2,3,1,1,1,1,1,True,sub-STSWD1135,83252,8,83252.0,sub-STSWD1135
1769,1.0,0.57437,2,2,2,1,1,1,1,True,sub-STSWD1135,87732,8,87732.0,sub-STSWD1135
1770,0.0,0.34312,4,2,1,1,1,1,1,True,sub-STSWD1135,90164,8,90164.0,sub-STSWD1135
1771,1.0,0.84815,4,2,1,1,1,1,1,True,sub-STSWD1135,92596,8,92596.0,sub-STSWD1135
1772,1.0,0.57109,4,2,2,1,1,1,1,True,sub-STSWD1135,95028,8,95028.0,sub-STSWD1135
1773,1.0,0.67011,2,2,1,1,1,1,1,True,sub-STSWD1135,97460,8,97460.0,sub-STSWD1135
1774,1.0,0.6417,4,2,2,1,1,1,1,True,sub-STSWD1135,99892,8,99892.0,sub-STSWD1135
1775,1.0,0.8699,2,2,2,1,1,1,1,True,sub-STSWD1135,102323,8,102323.0,sub-STSWD1135
1776,1.0,0.50083,2,2,1,1,1,1,1,True,sub-STSWD1135,104756,8,104756.0,sub-STSWD1135
1777,1.0,0.30272,4,1,2,1,1,1,1,True,sub-STSWD1135,109236,8,109236.0,sub-STSWD1135
1778,0.0,0.53565,4,1,1,1,1,1,1,True,sub-STSWD1135,111667,8,111667.0,sub-STSWD1135
1779,1.0,0.55647,4,1,2,1,1,1,1,True,sub-STSWD1135,114099,8,114099.0,sub-STSWD1135
1780,1.0,0.35061,4,1,1,1,1,1,1,True,sub-STSWD1135,116531,8,116531.0,sub-STSWD1135
1781,1.0,0.36627,4,1,1,1,1,1,1,True,sub-STSWD1135,118963,8,118963.0,sub-STSWD1135
1782,1.0,0.55929,4,1,1,1,1,1,1,True,sub-STSWD1135,121395,8,121395.0,sub-STSWD1135
1783,0.0,0.34727,4,1,2,1,1,1,1,True,sub-STSWD1135,123827,8,123827.0,sub-STSWD1135
1784,1.0,0.51632,4,1,1,1,1,1,1,True,sub-STSWD1135,126259,8,126259.0,sub-STSWD1135
1785,1.0,0.99911,3,3,1,1,1,1,1,True,sub-STSWD1135,130739,8,130739.0,sub-STSWD1135
1786,1.0,1.2151,3,3,2,1,1,1,1,True,sub-STSWD1135,133171,8,133171.0,sub-STSWD1135
1787,0.0,1.3441,2,3,1,1,1,1,1,True,sub-STSWD1135,135603,8,135603.0,sub-STSWD1135
1788,0.0,1.1749,4,3,1,1,1,1,1,True,sub-STSWD1135,138035,8,138035.0,sub-STSWD1135
1789,1.0,0.85988,4,3,2,1,1,1,1,True,sub-STSWD1135,140467,8,140467.0,sub-STSWD1135
1790,1.0,0.87051,3,3,2,1,1,1,1,True,sub-STSWD1135,142899,8,142899.0,sub-STSWD1135
1791,1.0,0.86274,3,3,1,1,1,1,1,True,sub-STSWD1135,145331,8,145331.0,sub-STSWD1135
1792,1.0,0.67569,3,3,1,1,1,1,1,True,sub-STSWD1135,147763,8,147763.0,sub-STSWD1135
1793,1.0,0.86742,3,4,2,1,1,1,1,True,sub-STSWD1135,152243,8,152243.0,sub-STSWD1135
1794,1.0,0.84949,3,4,1,1,1,1,1,True,sub-STSWD1135,154675,8,154675.0,sub-STSWD1135
1795,1.0,0.85743,3,4,2,1,1,1,1,True,sub-STSWD1135,157107,8,157107.0,sub-STSWD1135
1796,0.0,1.4043,4,4,2,1,1,1,1,True,sub-STSWD1135,159539,8,159539.0,sub-STSWD1135
1797,1.0,0.84639,1,4,2,1,1,1,1,True,sub-STSWD1135,161971,8,161971.0,sub-STSWD1135
1798,1.0,1.3422,2,4,1,1,1,1,1,True,sub-STSWD1135,164403,8,164403.0,sub-STSWD1135
1799,0.0,0.95219,4,4,1,1,1,1,1,True,sub-STSWD1135,166835,8,166835.0,sub-STSWD1135
1800,1.0,0.86011,1,4,1,1,1,1,1,True,sub-STSWD1135,169267,8,169267.0,sub-STSWD1135
1801,1.0,0.58318,3,2,1,1,1,1,1,True,sub-STSWD1135,173747,8,173747.0,sub-STSWD1135
1802,1.0,1.1439,4,2,2,1,1,1,1,True,sub-STSWD1135,176179,8,176179.0,sub-STSWD1135
1803,1.0,1.2569,3,2,1,1,1,1,1,True,sub-STSWD1135,178611,8,178611.0,sub-STSWD1135
1804,1.0,0.68481,3,2,2,1,1,1,1,True,sub-STSWD1135,181043,8,181043.0,sub-STSWD1135
1805,1.0,0.52174,4,2,2,1,1,1,1,True,sub-STSWD1135,183475,8,183475.0,sub-STSWD1135
1806,1.0,0.60667,3,2,1,1,1,1,1,True,sub-STSWD1135,185907,8,185907.0,sub-STSWD1135
1807,1.0,0.62453,3,2,2,1,1,1,1,True,sub-STSWD1135,188338,8,188338.0,sub-STSWD1135
1808,1.0,0.64555,4,2,2,1,1,1,1,True,sub-STSWD1135,190770,8,190770.0,sub-STSWD1135
1809,0.0,1.1007,4,3,1,1,1,1,1,True,sub-STSWD1135,222245,8,222245.0,sub-STSWD1135
1810,0.0,1.1866,4,3,2,1,1,1,1,True,sub-STSWD1135,224677,8,224677.0,sub-STSWD1135
1811,1.0,0.77858,3,3,2,1,1,1,1,True,sub-STSWD1135,227109,8,227109.0,sub-STSWD1135
1812,1.0,0.88647,3,3,1,1,1,1,1,True,sub-STSWD1135,229541,8,229541.0,sub-STSWD1135
1813,1.0,0.77644,1,3,1,1,1,1,1,True,sub-STSWD1135,231973,8,231973.0,sub-STSWD1135
1814,1.0,0.57625,4,3,1,1,1,1,1,True,sub-STSWD1135,234405,8,234405.0,sub-STSWD1135
1815,1.0,1.1213,4,3,2,1,1,1,1,True,sub-STSWD1135,236837,8,236837.0,sub-STSWD1135
1816,0.0,0.84111,4,4,1,1,1,1,1,True,sub-STSWD1135,241317,8,241317.0,sub-STSWD1135
1817,1.0,0.58604,3,4,2,1,1,1,1,True,sub-STSWD1135,246181,8,246181.0,sub-STSWD1135
1818,1.0,0.68197,3,4,2,1,1,1,1,True,sub-STSWD1135,248613,8,248613.0,sub-STSWD1135
1819,1.0,0.89404,1,4,1,1,1,1,1,True,sub-STSWD1135,251045,8,251045.0,sub-STSWD1135
1820,1.0,0.88688,1,4,1,1,1,1,1,True,sub-STSWD1135,253477,8,253477.0,sub-STSWD1135
1821,1.0,0.57374,2,4,2,1,1,1,1,True,sub-STSWD1135,255909,8,255909.0,sub-STSWD1135
1822,1.0,0.4727,2,4,1,1,1,1,1,True,sub-STSWD1135,258341,8,258341.0,sub-STSWD1135
1823,1.0,0.48962,4,1,2,1,1,1,1,True,sub-STSWD1135,262821,8,262821.0,sub-STSWD1135
1824,1.0,0.42656,4,1,1,1,1,1,1,True,sub-STSWD1135,265253,8,265253.0,sub-STSWD1135
1825,1.0,0.56334,4,1,2,1,1,1,1,True,sub-STSWD1135,267685,8,267685.0,sub-STSWD1135
1826,1.0,0.3564,4,1,1,1,1,1,1,True,sub-STSWD1135,270117,8,270117.0,sub-STSWD1135
1827,1.0,0.45929,4,1,1,1,1,1,1,True,sub-STSWD1135,272549,8,272549.0,sub-STSWD1135
1828,1.0,0.36528,4,1,2,1,1,1,1,True,sub-STSWD1135,274981,8,274981.0,sub-STSWD1135
1829,1.0,0.42533,4,1,2,1,1,1,1,True,sub-STSWD1135,277413,8,277413.0,sub-STSWD1135
1830,1.0,0.35318,4,1,2,1,1,1,1,True,sub-STSWD1135,279845,8,279845.0,sub-STSWD1135
1831,1.0,0.42901,1,2,2,1,1,1,1,True,sub-STSWD1135,284325,8,284325.0,sub-STSWD1135
1832,1.0,0.632,2,2,2,1,1,1,1,True,sub-STSWD1135,286756,8,286756.0,sub-STSWD1135
1833,1.0,0.54488,2,2,1,1,1,1,1,True,sub-STSWD1135,289188,8,289188.0,sub-STSWD1135
1834,1.0,0.86783,1,2,1,1,1,1,1,True,sub-STSWD1135,291620,8,291620.0,sub-STSWD1135
1835,1.0,0.54271,1,2,1,1,1,1,1,True,sub-STSWD1135,294053,8,294053.0,sub-STSWD1135
1836,1.0,0.99483,2,2,1,1,1,1,1,True,sub-STSWD1135,296484,8,296484.0,sub-STSWD1135
1837,1.0,0.56367,2,2,1,1,1,1,1,True,sub-STSWD1135,298916,8,298916.0,sub-STSWD1135
1838,1.0,0.50063,1,2,1,1,1,1,1,True,sub-STSWD1135,301348,8,301348.0,sub-STSWD1135
1839,1.0,0.51246,2,1,1,1,1,1,1,True,sub-STSWD1135,305828,8,305828.0,sub-STSWD1135
1840,1.0,0.39935,2,1,1,1,1,1,1,True,sub-STSWD1135,308260,8,308260.0,sub-STSWD1135
1841,1.0,0.43636,2,1,2,1,1,1,1,True,sub-STSWD1135,310692,8,310692.0,sub-STSWD1135
1842,1.0,0.34239,2,1,1,1,1,1,1,True,sub-STSWD1135,313124,8,313124.0,sub-STSWD1135
1843,0.0,0.34019,2,1,1,1,1,1,1,True,sub-STSWD1135,315556,8,315556.0,sub-STSWD1135
1844,1.0,0.28212,2,1,1,1,1,1,1,True,sub-STSWD1135,317988,8,317988.0,sub-STSWD1135
1845,1.0,0.42011,2,1,2,1,1,1,1,True,sub-STSWD1135,320420,8,320420.0,sub-STSWD1135
1846,0.0,0.41801,2,1,1,1,1,1,1,True,sub-STSWD1135,322852,8,322852.0,sub-STSWD1135
1847,0.0,1.1029,2,3,1,1,1,1,1,True,sub-STSWD1135,327332,8,327332.0,sub-STSWD1135
1848,1.0,0.93285,4,3,2,1,1,1,1,True,sub-STSWD1135,329764,8,329764.0,sub-STSWD1135
1849,1.0,0.90286,4,3,1,1,1,1,1,True,sub-STSWD1135,332196,8,332196.0,sub-STSWD1135
1850,1.0,0.61782,1,3,2,1,1,1,1,True,sub-STSWD1135,334628,8,334628.0,sub-STSWD1135
1851,1.0,0.79368,1,3,1,1,1,1,1,True,sub-STSWD1135,337060,8,337060.0,sub-STSWD1135
1852,1.0,0.81056,1,3,1,1,1,1,1,True,sub-STSWD1135,339492,8,339492.0,sub-STSWD1135
1853,1.0,0.62863,2,3,2,1,1,1,1,True,sub-STSWD1135,341924,8,341924.0,sub-STSWD1135
1854,1.0,0.62547,4,3,1,1,1,1,1,True,sub-STSWD1135,344356,8,344356.0,sub-STSWD1135
1855,1.0,0.39736,1,2,2,1,1,1,1,True,sub-STSWD1135,348836,8,348836.0,sub-STSWD1135
1856,1.0,0.51838,1,2,1,1,1,1,1,True,sub-STSWD1135,351268,8,351268.0,sub-STSWD1135
1857,1.0,0.53724,2,2,2,1,1,1,1,True,sub-STSWD1135,353700,8,353700.0,sub-STSWD1135
1858,0.0,0.50916,2,2,2,1,1,1,1,True,sub-STSWD1135,356132,8,356132.0,sub-STSWD1135
1859,1.0,0.5081,1,2,1,1,1,1,1,True,sub-STSWD1135,358564,8,358564.0,sub-STSWD1135
1860,1.0,0.81603,2,2,2,1,1,1,1,True,sub-STSWD1135,360996,8,360996.0,sub-STSWD1135
1861,1.0,0.81297,2,2,1,1,1,1,1,True,sub-STSWD1135,363428,8,363428.0,sub-STSWD1135
1862,1.0,0.5299,1,2,2,1,1,1,1,True,sub-STSWD1135,365860,8,365860.0,sub-STSWD1135
1863,1.0,0.65586,1,4,2,1,1,1,1,True,sub-STSWD1135,370340,8,370340.0,sub-STSWD1135
1864,1.0,0.70971,4,4,1,1,1,1,1,True,sub-STSWD1135,372772,8,372772.0,sub-STSWD1135
1865,0.0,0.72561,4,4,1,1,1,1,1,True,sub-STSWD1135,375204,8,375204.0,sub-STSWD1135
1866,1.0,1.1545,2,4,1,1,1,1,1,True,sub-STSWD1135,377636,8,377636.0,sub-STSWD1135
1867,0.0,0.52253,2,4,2,1,1,1,1,True,sub-STSWD1135,380068,8,380068.0,sub-STSWD1135
1868,1.0,0.65946,1,4,1,1,1,1,1,True,sub-STSWD1135,382500,8,382500.0,sub-STSWD1135
1869,0.0,0.8074,4,4,1,1,1,1,1,True,sub-STSWD1135,384931,8,384931.0,sub-STSWD1135
1870,0.0,0.83238,3,4,1,1,1,1,1,True,sub-STSWD1135,387364,8,387364.0,sub-STSWD1135
1871,1.0,0.68694,1,3,2,1,1,1,1,True,sub-STSWD1135,416154,8,416154.0,sub-STSWD1135
1872,1.0,0.80084,2,3,1,1,1,1,1,True,sub-STSWD1135,418587,8,418587.0,sub-STSWD1135
1873,1.0,0.55173,2,3,2,1,1,1,1,True,sub-STSWD1135,421019,8,421019.0,sub-STSWD1135
1874,1.0,0.83566,2,3,2,1,1,1,1,True,sub-STSWD1135,423451,8,423451.0,sub-STSWD1135
1875,1.0,0.99159,3,3,2,1,1,1,1,True,sub-STSWD1135,425882,8,425882.0,sub-STSWD1135
1876,1.0,0.74458,2,3,2,1,1,1,1,True,sub-STSWD1135,428315,8,428315.0,sub-STSWD1135
1877,1.0,0.54047,1,3,2,1,1,1,1,True,sub-STSWD1135,430747,8,430747.0,sub-STSWD1135
1878,0.0,0.87941,3,3,1,1,1,1,1,True,sub-STSWD1135,433178,8,433178.0,sub-STSWD1135
1879,1.0,0.47043,1,2,2,1,1,1,1,True,sub-STSWD1135,437658,8,437658.0,sub-STSWD1135
1880,1.0,0.45828,4,2,1,1,1,1,1,True,sub-STSWD1135,440090,8,440090.0,sub-STSWD1135
1881,0.0,0.5142,4,2,1,1,1,1,1,True,sub-STSWD1135,442522,8,442522.0,sub-STSWD1135
1882,1.0,0.46215,1,2,2,1,1,1,1,True,sub-STSWD1135,444954,8,444954.0,sub-STSWD1135
1883,1.0,0.40603,4,2,2,1,1,1,1,True,sub-STSWD1135,447386,8,447386.0,sub-STSWD1135
1884,1.0,0.75005,4,2,1,1,1,1,1,True,sub-STSWD1135,449818,8,449818.0,sub-STSWD1135
1885,1.0,0.54095,1,2,2,1,1,1,1,True,sub-STSWD1135,452250,8,452250.0,sub-STSWD1135
1886,1.0,0.42332,1,2,2,1,1,1,1,True,sub-STSWD1135,454682,8,454682.0,sub-STSWD1135
1887,1.0,0.67383,1,4,1,1,1,1,1,True,sub-STSWD1135,459162,8,459162.0,sub-STSWD1135
1888,1.0,0.4047,2,4,1,1,1,1,1,True,sub-STSWD1135,461594,8,461594.0,sub-STSWD1135
1889,0.0,0.46063,2,4,2,1,1,1,1,True,sub-STSWD1135,464026,8,464026.0,sub-STSWD1135
1890,1.0,0.92956,3,4,2,1,1,1,1,True,sub-STSWD1135,466458,8,466458.0,sub-STSWD1135
1891,1.0,1.0645,3,4,2,1,1,1,1,True,sub-STSWD1135,468890,8,468890.0,sub-STSWD1135
1892,1.0,0.91044,3,4,1,1,1,1,1,True,sub-STSWD1135,471322,8,471322.0,sub-STSWD1135
1893,1.0,0.51737,4,4,2,1,1,1,1,True,sub-STSWD1135,473754,8,473754.0,sub-STSWD1135
1894,1.0,0.8583,4,4,2,1,1,1,1,True,sub-STSWD1135,476186,8,476186.0,sub-STSWD1135
1895,1.0,0.51917,3,1,2,1,1,1,1,True,sub-STSWD1135,480666,8,480666.0,sub-STSWD1135
1896,1.0,0.34813,3,1,2,1,1,1,1,True,sub-STSWD1135,483098,8,483098.0,sub-STSWD1135
1897,1.0,0.26607,3,1,1,1,1,1,1,True,sub-STSWD1135,485530,8,485530.0,sub-STSWD1135
1898,1.0,0.522,3,1,1,1,1,1,1,True,sub-STSWD1135,487962,8,487962.0,sub-STSWD1135
1899,1.0,0.29494,3,1,1,1,1,1,1,True,sub-STSWD1135,490394,8,490394.0,sub-STSWD1135
1900,1.0,0.36097,3,1,2,1,1,1,1,True,sub-STSWD1135,492826,8,492826.0,sub-STSWD1135
1901,1.0,0.5298,3,1,2,1,1,1,1,True,sub-STSWD1135,495258,8,495258.0,sub-STSWD1135
1902,1.0,0.47074,3,1,1,1,1,1,1,True,sub-STSWD1135,497690,8,497690.0,sub-STSWD1135
1903,1.0,0.50662,4,4,2,1,1,1,1,True,sub-STSWD1135,502170,8,502170.0,sub-STSWD1135
1904,1.0,0.79552,1,4,1,1,1,1,1,True,sub-STSWD1135,504602,8,504602.0,sub-STSWD1135
1905,1.0,0.81737,2,4,1,1,1,1,1,True,sub-STSWD1135,507034,8,507034.0,sub-STSWD1135
1906,1.0,0.57242,2,4,2,1,1,1,1,True,sub-STSWD1135,509466,8,509466.0,sub-STSWD1135
1907,1.0,0.77243,4,4,2,1,1,1,1,True,sub-STSWD1135,511898,8,511898.0,sub-STSWD1135
1908,1.0,0.8363,1,4,2,1,1,1,1,True,sub-STSWD1135,514330,8,514330.0,sub-STSWD1135
1909,1.0,0.55124,1,4,1,1,1,1,1,True,sub-STSWD1135,516762,8,516762.0,sub-STSWD1135
1910,0.0,0.53813,3,4,1,1,1,1,1,True,sub-STSWD1135,519194,8,519194.0,sub-STSWD1135
1911,1.0,0.31005,1,1,2,1,1,1,1,True,sub-STSWD1135,523674,8,523674.0,sub-STSWD1135
1912,1.0,0.281,1,1,1,1,1,1,1,True,sub-STSWD1135,526106,8,526106.0,sub-STSWD1135
1913,1.0,0.37489,1,1,1,1,1,1,1,True,sub-STSWD1135,528537,8,528537.0,sub-STSWD1135
1914,1.0,0.39779,1,1,1,1,1,1,1,True,sub-STSWD1135,530969,8,530969.0,sub-STSWD1135
1915,1.0,0.31486,1,1,2,1,1,1,1,True,sub-STSWD1135,533401,8,533401.0,sub-STSWD1135
1916,1.0,0.28573,1,1,2,1,1,1,1,True,sub-STSWD1135,535833,8,535833.0,sub-STSWD1135
1917,1.0,0.34768,1,1,1,1,1,1,1,True,sub-STSWD1135,538265,8,538265.0,sub-STSWD1135
1918,1.0,0.28271,1,1,2,1,1,1,1,True,sub-STSWD1135,540697,8,540697.0,sub-STSWD1135
1919,1.0,0.39644,3,2,1,1,1,1,1,True,sub-STSWD1135,545177,8,545177.0,sub-STSWD1135
1920,1.0,0.45744,3,2,2,1,1,1,1,True,sub-STSWD1135,547609,8,547609.0,sub-STSWD1135
1921,0.0,0.58944,4,2,1,1,1,1,1,True,sub-STSWD1135,550041,8,550041.0,sub-STSWD1135
1922,0.0,0.50731,4,2,2,1,1,1,1,True,sub-STSWD1135,552473,8,552473.0,sub-STSWD1135
1923,1.0,0.95018,4,2,1,1,1,1,1,True,sub-STSWD1135,554905,8,554905.0,sub-STSWD1135
1924,1.0,0.64912,3,2,2,1,1,1,1,True,sub-STSWD1135,557337,8,557337.0,sub-STSWD1135
1925,1.0,0.571,4,2,1,1,1,1,1,True,sub-STSWD1135,559769,8,559769.0,sub-STSWD1135
1926,1.0,0.63203,4,2,2,1,1,1,1,True,sub-STSWD1135,562201,8,562201.0,sub-STSWD1135
1927,1.0,0.72783,1,3,1,1,1,1,1,True,sub-STSWD1135,566681,8,566681.0,sub-STSWD1135
1928,1.0,0.62593,2,3,2,1,1,1,1,True,sub-STSWD1135,569113,8,569113.0,sub-STSWD1135
1929,0.0,0.65779,2,3,1,1,1,1,1,True,sub-STSWD1135,571545,8,571545.0,sub-STSWD1135
1930,1.0,0.47872,2,3,1,1,1,1,1,True,sub-STSWD1135,573977,8,573977.0,sub-STSWD1135
1931,0.0,0.57164,2,3,2,1,1,1,1,True,sub-STSWD1135,576409,8,576409.0,sub-STSWD1135
1932,0.0,0.6476,3,3,1,1,1,1,1,True,sub-STSWD1135,578841,8,578841.0,sub-STSWD1135
1933,1.0,0.94053,3,3,1,1,1,1,1,True,sub-STSWD1135,581273,8,581273.0,sub-STSWD1135
1934,1.0,0.66146,1,3,2,1,1,1,1,True,sub-STSWD1135,583705,8,583705.0,sub-STSWD1135
1935,1.0,0.91872,2,2,1,1,1,1,1,True,sub-STSWD1135,611711,8,611711.0,sub-STSWD1135
1936,1.0,0.59766,3,2,2,1,1,1,1,True,sub-STSWD1135,614143,8,614143.0,sub-STSWD1135
1937,1.0,0.49359,3,2,1,1,1,1,1,True,sub-STSWD1135,616575,8,616575.0,sub-STSWD1135
1938,1.0,1.0435,3,2,1,1,1,1,1,True,sub-STSWD1135,619007,8,619007.0,sub-STSWD1135
1939,1.0,0.40447,2,2,2,1,1,1,1,True,sub-STSWD1135,621439,8,621439.0,sub-STSWD1135
1940,1.0,0.4325,3,2,2,1,1,1,1,True,sub-STSWD1135,623871,8,623871.0,sub-STSWD1135
1941,1.0,0.56434,2,2,1,1,1,1,1,True,sub-STSWD1135,626303,8,626303.0,sub-STSWD1135
1942,0.0,0.77319,2,2,2,1,1,1,1,True,sub-STSWD1135,628735,8,628735.0,sub-STSWD1135
1943,1.0,0.81615,4,4,1,1,1,1,1,True,sub-STSWD1135,633215,8,633215.0,sub-STSWD1135
1944,0.0,0.49352,4,4,1,1,1,1,1,True,sub-STSWD1135,635651,8,635651.0,sub-STSWD1135
1945,1.0,0.81503,1,4,1,1,1,1,1,True,sub-STSWD1135,638079,8,638079.0,sub-STSWD1135
1946,0.0,0.84197,2,4,2,1,1,1,1,True,sub-STSWD1135,640511,8,640511.0,sub-STSWD1135
1947,1.0,0.67431,1,4,2,1,1,1,1,True,sub-STSWD1135,642947,8,642947.0,sub-STSWD1135
1948,1.0,0.83918,2,4,1,1,1,1,1,True,sub-STSWD1135,645379,8,645379.0,sub-STSWD1135
1949,1.0,1.1691,3,4,2,1,1,1,1,True,sub-STSWD1135,647811,8,647811.0,sub-STSWD1135
1950,1.0,0.50305,3,4,1,1,1,1,1,True,sub-STSWD1135,650243,8,650243.0,sub-STSWD1135
1951,1.0,0.35091,2,1,2,1,1,1,1,True,sub-STSWD1135,654723,8,654723.0,sub-STSWD1135
1952,1.0,0.50482,2,1,2,1,1,1,1,True,sub-STSWD1135,657155,8,657155.0,sub-STSWD1135
1953,1.0,0.2944,2,1,1,1,1,1,1,True,sub-STSWD1135,659582,8,659582.0,sub-STSWD1135
1954,1.0,0.41872,2,1,1,1,1,1,1,True,sub-STSWD1135,662019,8,662019.0,sub-STSWD1135
1955,0.0,0.49168,2,1,2,1,1,1,1,True,sub-STSWD1135,664451,8,664451.0,sub-STSWD1135
1956,1.0,0.39861,2,1,2,1,1,1,1,True,sub-STSWD1135,666883,8,666883.0,sub-STSWD1135
1957,0.0,0.54515,2,1,2,1,1,1,1,True,sub-STSWD1135,669315,8,669315.0,sub-STSWD1135
1958,1.0,0.42956,2,1,2,1,1,1,1,True,sub-STSWD1135,671747,8,671747.0,sub-STSWD1135
1959,1.0,0.92927,4,3,2,1,1,1,1,True,sub-STSWD1135,676227,8,676227.0,sub-STSWD1135
1960,0.0,0.99029,4,3,1,1,1,1,1,True,sub-STSWD1135,678659,8,678659.0,sub-STSWD1135
1961,1.0,0.5423,1,3,2,1,1,1,1,True,sub-STSWD1135,681091,8,681091.0,sub-STSWD1135
1962,1.0,0.75716,1,3,1,1,1,1,1,True,sub-STSWD1135,683523,8,683523.0,sub-STSWD1135
1963,1.0,0.97909,3,3,2,1,1,1,1,True,sub-STSWD1135,685955,8,685955.0,sub-STSWD1135
1964,1.0,0.52503,1,3,2,1,1,1,1,True,sub-STSWD1135,688387,8,688387.0,sub-STSWD1135
1965,1.0,1.4079,3,3,2,1,1,1,1,True,sub-STSWD1135,690819,8,690819.0,sub-STSWD1135
1966,0.0,0.6909,4,3,1,1,1,1,1,True,sub-STSWD1135,693251,8,693251.0,sub-STSWD1135
1967,1.0,0.7207,1,2,2,1,1,1,1,True,sub-STSWD1135,697731,8,697731.0,sub-STSWD1135
1968,0.0,0.46772,3,2,1,1,1,1,1,True,sub-STSWD1135,700162,8,700162.0,sub-STSWD1135
1969,1.0,0.37166,3,2,2,1,1,1,1,True,sub-STSWD1135,702594,8,702594.0,sub-STSWD1135
1970,1.0,0.66459,1,2,1,1,1,1,1,True,sub-STSWD1135,705026,8,705026.0,sub-STSWD1135
1971,1.0,0.38252,1,2,1,1,1,1,1,True,sub-STSWD1135,707458,8,707458.0,sub-STSWD1135
1972,1.0,0.67556,3,2,2,1,1,1,1,True,sub-STSWD1135,709891,8,709891.0,sub-STSWD1135
1973,0.0,0.6073,3,2,1,1,1,1,1,True,sub-STSWD1135,712323,8,712323.0,sub-STSWD1135
1974,1.0,0.49233,1,2,1,1,1,1,1,True,sub-STSWD1135,714755,8,714755.0,sub-STSWD1135
1975,1.0,0.49921,2,4,2,1,1,1,1,True,sub-STSWD1135,719235,8,719235.0,sub-STSWD1135
1976,1.0,0.76736,2,4,2,1,1,1,1,True,sub-STSWD1135,721667,8,721667.0,sub-STSWD1135
1977,1.0,0.67708,1,4,2,1,1,1,1,True,sub-STSWD1135,724099,8,724099.0,sub-STSWD1135
1978,1.0,0.58301,1,4,2,1,1,1,1,True,sub-STSWD1135,726530,8,726530.0,sub-STSWD1135
1979,1.0,0.8809,3,4,1,1,1,1,1,True,sub-STSWD1135,728962,8,728962.0,sub-STSWD1135
1980,1.0,0.48014,3,4,1,1,1,1,1,True,sub-STSWD1135,731394,8,731394.0,sub-STSWD1135
1981,1.0,0.53883,4,4,1,1,1,1,1,True,sub-STSWD1135,733826,8,733826.0,sub-STSWD1135
1982,1.0,0.98576,4,4,2,1,1,1,1,True,sub-STSWD1135,736258,8,736258.0,sub-STSWD1135
1983,1.0,0.91198,4,3,2,1,1,1,1,True,sub-STSWD1135,740738,8,740738.0,sub-STSWD1135
1984,0.0,1.2106,2,3,2,1,1,1,1,True,sub-STSWD1135,743170,8,743170.0,sub-STSWD1135
1985,1.0,0.76681,4,3,2,1,1,1,1,True,sub-STSWD1135,745602,8,745602.0,sub-STSWD1135
1986,1.0,0.60541,3,3,2,1,1,1,1,True,sub-STSWD1135,748034,8,748034.0,sub-STSWD1135
1987,1.0,0.83935,3,3,2,1,1,1,1,True,sub-STSWD1135,750466,8,750466.0,sub-STSWD1135
1988,1.0,1.2193,2,3,2,1,1,1,1,True,sub-STSWD1135,752898,8,752898.0,sub-STSWD1135
1989,1.0,1.198,2,3,1,1,1,1,1,True,sub-STSWD1135,755330,8,755330.0,sub-STSWD1135
1990,1.0,0.63749,3,3,1,1,1,1,1,True,sub-STSWD1135,757762,8,757762.0,sub-STSWD1135
1991,1.0,0.35208,3,1,2,1,1,1,1,True,sub-STSWD1135,762242,8,762242.0,sub-STSWD1135
1992,1.0,0.39027,3,1,2,1,1,1,1,True,sub-STSWD1135,764674,8,764674.0,sub-STSWD1135
1993,1.0,0.31822,3,1,1,1,1,1,1,True,sub-STSWD1135,767106,8,767106.0,sub-STSWD1135
1994,1.0,0.44521,3,1,1,1,1,1,1,True,sub-STSWD1135,769538,8,769538.0,sub-STSWD1135
1995,0.0,0.39316,3,1,1,1,1,1,1,True,sub-STSWD1135,771970,8,771970.0,sub-STSWD1135
1996,1.0,0.32291,3,1,2,1,1,1,1,True,sub-STSWD1135,774402,8,774402.0,sub-STSWD1135
1997,1.0,0.27503,3,1,1,1,1,1,1,True,sub-STSWD1135,776834,8,776834.0,sub-STSWD1135
1998,1.0,0.37897,3,1,2,1,1,1,1,True,sub-STSWD1135,779266,8,779266.0,sub-STSWD1135
1999,1.0,0.67153,3,1,1,1,1,1,1,True,sub-STSWD1136,28391,8,28391.0,sub-STSWD1136
2000,1.0,1.0051,3,1,2,1,1,1,1,True,sub-STSWD1136,30822,8,30822.0,sub-STSWD1136
2001,1.0,0.5571,3,1,2,1,1,1,1,True,sub-STSWD1136,33254,8,33254.0,sub-STSWD1136
2002,0.0,0.79398,3,1,2,1,1,1,1,True,sub-STSWD1136,35686,8,35686.0,sub-STSWD1136
2003,1.0,0.52391,3,1,1,1,1,1,1,True,sub-STSWD1136,38118,8,38118.0,sub-STSWD1136
2004,1.0,0.34273,3,1,2,1,1,1,1,True,sub-STSWD1136,40550,8,40550.0,sub-STSWD1136
2005,1.0,0.76879,3,1,2,1,1,1,1,True,sub-STSWD1136,42982,8,42982.0,sub-STSWD1136
2006,1.0,0.35272,3,1,1,1,1,1,1,True,sub-STSWD1136,45414,8,45414.0,sub-STSWD1136
2007,1.0,1.5396,4,2,2,1,1,1,1,True,sub-STSWD1136,49894,8,49894.0,sub-STSWD1136
2008,1.0,1.7365,3,2,1,1,1,1,1,True,sub-STSWD1136,52326,8,52326.0,sub-STSWD1136
2009,1.0,0.78748,4,2,2,1,1,1,1,True,sub-STSWD1136,54758,8,54758.0,sub-STSWD1136
2010,1.0,0.76041,4,2,1,1,1,1,1,True,sub-STSWD1136,57190,8,57190.0,sub-STSWD1136
2011,1.0,0.62835,3,2,2,1,1,1,1,True,sub-STSWD1136,59622,8,59622.0,sub-STSWD1136
2012,1.0,0.86429,3,2,1,1,1,1,1,True,sub-STSWD1136,62054,8,62054.0,sub-STSWD1136
2013,1.0,0.74119,4,2,2,1,1,1,1,True,sub-STSWD1136,64486,8,64486.0,sub-STSWD1136
2014,1.0,0.85315,3,2,2,1,1,1,1,True,sub-STSWD1136,66918,8,66918.0,sub-STSWD1136
2015,1.0,0.89004,2,3,1,1,1,1,1,True,sub-STSWD1136,71397,8,71397.0,sub-STSWD1136
2016,1.0,0.64293,2,3,1,1,1,1,1,True,sub-STSWD1136,73829,8,73829.0,sub-STSWD1136
2017,0.0,0.71192,3,3,1,1,1,1,1,True,sub-STSWD1136,76261,8,76261.0,sub-STSWD1136
2018,1.0,1.3538,3,3,2,1,1,1,1,True,sub-STSWD1136,78693,8,78693.0,sub-STSWD1136
2019,1.0,0.63574,2,3,1,1,1,1,1,True,sub-STSWD1136,81125,8,81125.0,sub-STSWD1136
2020,1.0,0.75876,2,3,1,1,1,1,1,True,sub-STSWD1136,83557,8,83557.0,sub-STSWD1136
2021,0.0,1.17,1,3,2,1,1,1,1,True,sub-STSWD1136,85989,8,85989.0,sub-STSWD1136
2022,1.0,1.2545,1,3,1,1,1,1,1,True,sub-STSWD1136,88421,8,88421.0,sub-STSWD1136
2023,,,4,4,2,1,1,1,1,True,sub-STSWD1136,92901,8,,sub-STSWD1136
2024,0.0,1.4424,4,4,1,1,1,1,1,True,sub-STSWD1136,95333,8,95333.0,sub-STSWD1136
2025,1.0,0.6833,2,4,2,1,1,1,1,True,sub-STSWD1136,97765,8,97765.0,sub-STSWD1136
2026,1.0,0.82329,2,4,2,1,1,1,1,True,sub-STSWD1136,100197,8,100197.0,sub-STSWD1136
2027,1.0,1.1782,1,4,1,1,1,1,1,True,sub-STSWD1136,102629,8,102629.0,sub-STSWD1136
2028,1.0,0.90914,2,4,2,1,1,1,1,True,sub-STSWD1136,105061,8,105061.0,sub-STSWD1136
2029,1.0,0.99009,1,4,1,1,1,1,1,True,sub-STSWD1136,107493,8,107493.0,sub-STSWD1136
2030,1.0,1.076,3,4,1,1,1,1,1,True,sub-STSWD1136,109925,8,109925.0,sub-STSWD1136
2031,1.0,1.2649,3,3,1,1,1,1,1,True,sub-STSWD1136,114405,8,114405.0,sub-STSWD1136
2032,1.0,1.1529,1,3,2,1,1,1,1,True,sub-STSWD1136,116837,8,116837.0,sub-STSWD1136
2033,1.0,0.66581,2,3,1,1,1,1,1,True,sub-STSWD1136,119269,8,119269.0,sub-STSWD1136
2034,1.0,0.72671,2,3,1,1,1,1,1,True,sub-STSWD1136,121701,8,121701.0,sub-STSWD1136
2035,1.0,1.0036,1,3,2,1,1,1,1,True,sub-STSWD1136,124133,8,124133.0,sub-STSWD1136
2036,1.0,0.60267,2,3,2,1,1,1,1,True,sub-STSWD1136,126565,8,126565.0,sub-STSWD1136
2037,1.0,0.68747,2,3,1,1,1,1,1,True,sub-STSWD1136,128997,8,128997.0,sub-STSWD1136
2038,1.0,1.1604,3,3,2,1,1,1,1,True,sub-STSWD1136,131429,8,131429.0,sub-STSWD1136
2039,0.0,1.3752,1,2,2,1,1,1,1,True,sub-STSWD1136,138341,8,138341.0,sub-STSWD1136
2040,1.0,1.1312,4,2,1,1,1,1,1,True,sub-STSWD1136,140773,8,140773.0,sub-STSWD1136
2041,1.0,1.1591,4,2,1,1,1,1,1,True,sub-STSWD1136,143205,8,143205.0,sub-STSWD1136
2042,1.0,1.2171,4,2,2,1,1,1,1,True,sub-STSWD1136,145637,8,145637.0,sub-STSWD1136
2043,1.0,1.1719,1,2,1,1,1,1,1,True,sub-STSWD1136,148069,8,148069.0,sub-STSWD1136
2044,1.0,1.0499,4,2,2,1,1,1,1,True,sub-STSWD1136,150501,8,150501.0,sub-STSWD1136
2045,1.0,1.1568,1,2,1,1,1,1,1,True,sub-STSWD1136,152933,8,152933.0,sub-STSWD1136
2046,1.0,0.85872,3,4,1,1,1,1,1,True,sub-STSWD1136,157413,8,157413.0,sub-STSWD1136
2047,1.0,0.97969,3,4,1,1,1,1,1,True,sub-STSWD1136,159845,8,159845.0,sub-STSWD1136
2048,1.0,0.84055,3,4,2,1,1,1,1,True,sub-STSWD1136,162276,8,162276.0,sub-STSWD1136
2049,1.0,1.0006,1,4,1,1,1,1,1,True,sub-STSWD1136,164708,8,164708.0,sub-STSWD1136
2050,1.0,0.79446,1,4,2,1,1,1,1,True,sub-STSWD1136,167140,8,167140.0,sub-STSWD1136
2051,1.0,1.2783,4,4,1,1,1,1,1,True,sub-STSWD1136,169572,8,169572.0,sub-STSWD1136
2052,1.0,0.95237,4,4,2,1,1,1,1,True,sub-STSWD1136,172004,8,172004.0,sub-STSWD1136
2053,1.0,0.66731,2,4,1,1,1,1,1,True,sub-STSWD1136,174436,8,174436.0,sub-STSWD1136
2054,0.0,0.51524,3,1,2,1,1,1,1,True,sub-STSWD1136,178916,8,178916.0,sub-STSWD1136
2055,0.0,0.56918,3,1,2,1,1,1,1,True,sub-STSWD1136,181348,8,181348.0,sub-STSWD1136
2056,1.0,0.46004,3,1,1,1,1,1,1,True,sub-STSWD1136,183780,8,183780.0,sub-STSWD1136
2057,1.0,0.50106,3,1,1,1,1,1,1,True,sub-STSWD1136,186212,8,186212.0,sub-STSWD1136
2058,1.0,0.45696,3,1,1,1,1,1,1,True,sub-STSWD1136,188644,8,188644.0,sub-STSWD1136
2059,1.0,0.38089,3,1,2,1,1,1,1,True,sub-STSWD1136,191076,8,191076.0,sub-STSWD1136
2060,1.0,0.31985,3,1,1,1,1,1,1,True,sub-STSWD1136,193508,8,193508.0,sub-STSWD1136
2061,1.0,0.99174,3,1,1,1,1,1,1,True,sub-STSWD1136,195940,8,195940.0,sub-STSWD1136
2062,1.0,0.89666,1,2,1,1,1,1,1,True,sub-STSWD1136,224454,8,224454.0,sub-STSWD1136
2063,1.0,1.5885,1,2,2,1,1,1,1,True,sub-STSWD1136,226886,8,226886.0,sub-STSWD1136
2064,1.0,1.0186,3,2,1,1,1,1,1,True,sub-STSWD1136,229318,8,229318.0,sub-STSWD1136
2065,1.0,1.5374,1,2,1,1,1,1,1,True,sub-STSWD1136,231750,8,231750.0,sub-STSWD1136
2066,1.0,1.2734,3,2,1,1,1,1,1,True,sub-STSWD1136,234181,8,234181.0,sub-STSWD1136
2067,1.0,1.4883,3,2,1,1,1,1,1,True,sub-STSWD1136,236613,8,236613.0,sub-STSWD1136
2068,1.0,1.3293,3,2,2,1,1,1,1,True,sub-STSWD1136,239045,8,239045.0,sub-STSWD1136
2069,1.0,1.3712,1,2,2,1,1,1,1,True,sub-STSWD1136,241477,8,241477.0,sub-STSWD1136
2070,0.0,1.0112,3,3,2,1,1,1,1,True,sub-STSWD1136,248389,8,248389.0,sub-STSWD1136
2071,1.0,0.57488,3,3,2,1,1,1,1,True,sub-STSWD1136,250821,8,250821.0,sub-STSWD1136
2072,1.0,1.0159,3,3,2,1,1,1,1,True,sub-STSWD1136,253253,8,253253.0,sub-STSWD1136
2073,1.0,0.95581,2,3,2,1,1,1,1,True,sub-STSWD1136,255685,8,255685.0,sub-STSWD1136
2074,1.0,0.89868,3,3,2,1,1,1,1,True,sub-STSWD1136,258117,8,258117.0,sub-STSWD1136
2075,1.0,0.94271,3,3,2,1,1,1,1,True,sub-STSWD1136,260549,8,260549.0,sub-STSWD1136
2076,1.0,0.85669,4,3,1,1,1,1,1,True,sub-STSWD1136,262981,8,262981.0,sub-STSWD1136
2077,1.0,1.0925,4,4,2,1,1,1,1,True,sub-STSWD1136,267461,8,267461.0,sub-STSWD1136
2078,1.0,0.55348,2,4,2,1,1,1,1,True,sub-STSWD1136,269893,8,269893.0,sub-STSWD1136
2079,1.0,0.79036,3,4,1,1,1,1,1,True,sub-STSWD1136,272325,8,272325.0,sub-STSWD1136
2080,1.0,0.79934,3,4,1,1,1,1,1,True,sub-STSWD1136,274757,8,274757.0,sub-STSWD1136
2081,1.0,0.93728,1,4,1,1,1,1,1,True,sub-STSWD1136,277189,8,277189.0,sub-STSWD1136
2082,1.0,0.58122,2,4,1,1,1,1,1,True,sub-STSWD1136,279621,8,279621.0,sub-STSWD1136
2083,1.0,0.58109,1,4,1,1,1,1,1,True,sub-STSWD1136,282053,8,282053.0,sub-STSWD1136
2084,1.0,0.72309,1,4,2,1,1,1,1,True,sub-STSWD1136,284485,8,284485.0,sub-STSWD1136
2085,0.0,0.89494,1,1,2,1,1,1,1,True,sub-STSWD1136,288965,8,288965.0,sub-STSWD1136
2086,1.0,1.0948,1,1,1,1,1,1,1,True,sub-STSWD1136,291397,8,291397.0,sub-STSWD1136
2087,1.0,0.88573,1,1,2,1,1,1,1,True,sub-STSWD1136,293829,8,293829.0,sub-STSWD1136
2088,1.0,0.55787,1,1,2,1,1,1,1,True,sub-STSWD1136,296261,8,296261.0,sub-STSWD1136
2089,1.0,0.58175,1,1,2,1,1,1,1,True,sub-STSWD1136,298693,8,298693.0,sub-STSWD1136
2090,1.0,0.73265,1,1,1,1,1,1,1,True,sub-STSWD1136,301125,8,301125.0,sub-STSWD1136
2091,1.0,0.54558,1,1,1,1,1,1,1,True,sub-STSWD1136,303557,8,303557.0,sub-STSWD1136
2092,1.0,0.70852,1,1,2,1,1,1,1,True,sub-STSWD1136,305989,8,305989.0,sub-STSWD1136
2093,1.0,0.96933,1,4,2,1,1,1,1,True,sub-STSWD1136,310469,8,310469.0,sub-STSWD1136
2094,1.0,1.4484,4,4,2,1,1,1,1,True,sub-STSWD1136,312901,8,312901.0,sub-STSWD1136
2095,1.0,1.3353,4,4,1,1,1,1,1,True,sub-STSWD1136,315333,8,315333.0,sub-STSWD1136
2096,0.0,1.1672,4,4,1,1,1,1,1,True,sub-STSWD1136,317765,8,317765.0,sub-STSWD1136
2097,1.0,0.54811,2,4,2,1,1,1,1,True,sub-STSWD1136,320197,8,320197.0,sub-STSWD1136
2098,1.0,0.56508,2,4,1,1,1,1,1,True,sub-STSWD1136,322629,8,322629.0,sub-STSWD1136
2099,1.0,0.95898,3,4,2,1,1,1,1,True,sub-STSWD1136,325061,8,325061.0,sub-STSWD1136
2100,1.0,0.899,3,4,1,1,1,1,1,True,sub-STSWD1136,327493,8,327493.0,sub-STSWD1136
2101,0.0,1.3048,4,3,1,1,1,1,1,True,sub-STSWD1136,331973,8,331973.0,sub-STSWD1136
2102,0.0,1.2427,4,3,1,1,1,1,1,True,sub-STSWD1136,334404,8,334404.0,sub-STSWD1136
2103,0.0,1.0357,4,3,1,1,1,1,1,True,sub-STSWD1136,336836,8,336836.0,sub-STSWD1136
2104,1.0,1.3316,1,3,1,1,1,1,1,True,sub-STSWD1136,339268,8,339268.0,sub-STSWD1136
2105,1.0,1.3036,4,3,2,1,1,1,1,True,sub-STSWD1136,341700,8,341700.0,sub-STSWD1136
2106,1.0,0.88047,4,3,2,1,1,1,1,True,sub-STSWD1136,344132,8,344132.0,sub-STSWD1136
2107,1.0,0.9374,3,3,1,1,1,1,1,True,sub-STSWD1136,346564,8,346564.0,sub-STSWD1136
2108,1.0,0.80034,1,3,2,1,1,1,1,True,sub-STSWD1136,348996,8,348996.0,sub-STSWD1136
2109,1.0,0.45428,2,2,2,1,1,1,1,True,sub-STSWD1136,353476,8,353476.0,sub-STSWD1136
2110,1.0,0.76821,3,2,1,1,1,1,1,True,sub-STSWD1136,355908,8,355908.0,sub-STSWD1136
2111,1.0,0.7981,2,2,1,1,1,1,1,True,sub-STSWD1136,358340,8,358340.0,sub-STSWD1136
2112,1.0,0.49308,2,2,2,1,1,1,1,True,sub-STSWD1136,360772,8,360772.0,sub-STSWD1136
2113,1.0,0.84697,3,2,2,1,1,1,1,True,sub-STSWD1136,363204,8,363204.0,sub-STSWD1136
2114,1.0,0.49391,3,2,2,1,1,1,1,True,sub-STSWD1136,365636,8,365636.0,sub-STSWD1136
2115,1.0,0.72189,3,2,1,1,1,1,1,True,sub-STSWD1136,368068,8,368068.0,sub-STSWD1136
2116,1.0,0.44474,2,2,2,1,1,1,1,True,sub-STSWD1136,370500,8,370500.0,sub-STSWD1136
2117,1.0,0.69166,1,1,2,1,1,1,1,True,sub-STSWD1136,374980,8,374980.0,sub-STSWD1136
2118,0.0,0.88059,1,1,2,1,1,1,1,True,sub-STSWD1136,377412,8,377412.0,sub-STSWD1136
2119,1.0,0.33554,1,1,1,1,1,1,1,True,sub-STSWD1136,379844,8,379844.0,sub-STSWD1136
2120,1.0,0.69952,1,1,2,1,1,1,1,True,sub-STSWD1136,382276,8,382276.0,sub-STSWD1136
2121,1.0,0.52041,1,1,1,1,1,1,1,True,sub-STSWD1136,384708,8,384708.0,sub-STSWD1136
2122,1.0,0.58439,1,1,1,1,1,1,1,True,sub-STSWD1136,387140,8,387140.0,sub-STSWD1136
2123,1.0,0.70427,1,1,1,1,1,1,1,True,sub-STSWD1136,389572,8,389572.0,sub-STSWD1136
2124,0.0,0.78825,1,1,1,1,1,1,1,True,sub-STSWD1136,392004,8,392004.0,sub-STSWD1136
2125,0.0,1.0207,1,2,2,1,1,1,1,True,sub-STSWD1136,423406,8,423406.0,sub-STSWD1136
2126,1.0,0.88265,2,2,1,1,1,1,1,True,sub-STSWD1136,425838,8,425838.0,sub-STSWD1136
2127,1.0,0.81464,2,2,2,1,1,1,1,True,sub-STSWD1136,428270,8,428270.0,sub-STSWD1136
2128,1.0,0.92056,1,2,1,1,1,1,1,True,sub-STSWD1136,430702,8,430702.0,sub-STSWD1136
2129,1.0,0.49744,2,2,2,1,1,1,1,True,sub-STSWD1136,433134,8,433134.0,sub-STSWD1136
2130,1.0,0.46443,2,2,2,1,1,1,1,True,sub-STSWD1136,435566,8,435566.0,sub-STSWD1136
2131,1.0,0.66533,1,2,1,1,1,1,1,True,sub-STSWD1136,437998,8,437998.0,sub-STSWD1136
2132,1.0,0.61926,1,2,1,1,1,1,1,True,sub-STSWD1136,440430,8,440430.0,sub-STSWD1136
2133,1.0,1.2882,3,4,2,1,1,1,1,True,sub-STSWD1136,444910,8,444910.0,sub-STSWD1136
2134,1.0,1.2211,4,4,1,1,1,1,1,True,sub-STSWD1136,447342,8,447342.0,sub-STSWD1136
2135,0.0,1.1464,4,4,1,1,1,1,1,True,sub-STSWD1136,449778,8,449778.0,sub-STSWD1136
2136,1.0,0.58833,2,4,2,1,1,1,1,True,sub-STSWD1136,452210,8,452210.0,sub-STSWD1136
2137,1.0,0.94226,1,4,2,1,1,1,1,True,sub-STSWD1136,454642,8,454642.0,sub-STSWD1136
2138,1.0,0.5782,2,4,1,1,1,1,1,True,sub-STSWD1136,457074,8,457074.0,sub-STSWD1136
2139,1.0,0.68905,2,4,1,1,1,1,1,True,sub-STSWD1136,459506,8,459506.0,sub-STSWD1136
2140,1.0,0.71802,1,4,1,1,1,1,1,True,sub-STSWD1136,461938,8,461938.0,sub-STSWD1136
2141,1.0,1.673,4,3,1,1,1,1,1,True,sub-STSWD1136,466418,8,466418.0,sub-STSWD1136
2142,1.0,0.61184,2,3,2,1,1,1,1,True,sub-STSWD1136,468850,8,468850.0,sub-STSWD1136
2143,1.0,0.48184,2,3,2,1,1,1,1,True,sub-STSWD1136,471282,8,471282.0,sub-STSWD1136
2144,1.0,0.86075,3,3,1,1,1,1,1,True,sub-STSWD1136,473714,8,473714.0,sub-STSWD1136
2145,1.0,0.61893,3,3,1,1,1,1,1,True,sub-STSWD1136,476146,8,476146.0,sub-STSWD1136
2146,0.0,1.3006,3,3,1,1,1,1,1,True,sub-STSWD1136,478578,8,478578.0,sub-STSWD1136
2147,1.0,1.0575,2,3,2,1,1,1,1,True,sub-STSWD1136,481010,8,481010.0,sub-STSWD1136
2148,1.0,0.97149,4,3,2,1,1,1,1,True,sub-STSWD1136,483442,8,483442.0,sub-STSWD1136
2149,1.0,0.45539,2,1,1,1,1,1,1,True,sub-STSWD1136,487922,8,487922.0,sub-STSWD1136
2150,1.0,0.51728,2,1,1,1,1,1,1,True,sub-STSWD1136,490354,8,490354.0,sub-STSWD1136
2151,1.0,0.59531,2,1,1,1,1,1,1,True,sub-STSWD1136,492786,8,492786.0,sub-STSWD1136
2152,1.0,0.32621,2,1,2,1,1,1,1,True,sub-STSWD1136,495218,8,495218.0,sub-STSWD1136
2153,1.0,0.27918,2,1,2,1,1,1,1,True,sub-STSWD1136,497650,8,497650.0,sub-STSWD1136
2154,1.0,0.30925,2,1,1,1,1,1,1,True,sub-STSWD1136,500082,8,500082.0,sub-STSWD1136
2155,1.0,0.36196,2,1,2,1,1,1,1,True,sub-STSWD1136,502514,8,502514.0,sub-STSWD1136
2156,1.0,0.55587,2,1,2,1,1,1,1,True,sub-STSWD1136,504946,8,504946.0,sub-STSWD1136
2157,0.0,0.48779,4,3,2,1,1,1,1,True,sub-STSWD1136,509425,8,509425.0,sub-STSWD1136
2158,1.0,0.64865,1,3,1,1,1,1,1,True,sub-STSWD1136,511857,8,511857.0,sub-STSWD1136
2159,1.0,0.53983,1,3,2,1,1,1,1,True,sub-STSWD1136,514290,8,514290.0,sub-STSWD1136
2160,1.0,0.62064,1,3,1,1,1,1,1,True,sub-STSWD1136,516722,8,516722.0,sub-STSWD1136
2161,1.0,0.52756,2,3,2,1,1,1,1,True,sub-STSWD1136,519153,8,519153.0,sub-STSWD1136
2162,1.0,0.62051,1,3,1,1,1,1,1,True,sub-STSWD1136,521585,8,521585.0,sub-STSWD1136
2163,1.0,0.50548,1,3,1,1,1,1,1,True,sub-STSWD1136,524017,8,524017.0,sub-STSWD1136
2164,1.0,0.39828,1,3,2,1,1,1,1,True,sub-STSWD1136,526449,8,526449.0,sub-STSWD1136
2165,1.0,0.62426,4,1,1,1,1,1,1,True,sub-STSWD1136,530929,8,530929.0,sub-STSWD1136
2166,1.0,0.67019,4,1,1,1,1,1,1,True,sub-STSWD1136,533361,8,533361.0,sub-STSWD1136
2167,1.0,0.32109,4,1,2,1,1,1,1,True,sub-STSWD1136,535793,8,535793.0,sub-STSWD1136
2168,1.0,0.35407,4,1,1,1,1,1,1,True,sub-STSWD1136,538225,8,538225.0,sub-STSWD1136
2169,1.0,0.82199,4,1,2,1,1,1,1,True,sub-STSWD1136,540657,8,540657.0,sub-STSWD1136
2170,1.0,0.49286,4,1,2,1,1,1,1,True,sub-STSWD1136,543089,8,543089.0,sub-STSWD1136
2171,1.0,0.53887,4,1,1,1,1,1,1,True,sub-STSWD1136,545521,8,545521.0,sub-STSWD1136
2172,1.0,0.55368,4,1,2,1,1,1,1,True,sub-STSWD1136,547953,8,547953.0,sub-STSWD1136
2173,1.0,0.56774,1,2,2,1,1,1,1,True,sub-STSWD1136,552433,8,552433.0,sub-STSWD1136
2174,1.0,0.61863,2,2,1,1,1,1,1,True,sub-STSWD1136,554865,8,554865.0,sub-STSWD1136
2175,1.0,0.50151,2,2,1,1,1,1,1,True,sub-STSWD1136,557297,8,557297.0,sub-STSWD1136
2176,1.0,0.54264,1,2,2,1,1,1,1,True,sub-STSWD1136,559729,8,559729.0,sub-STSWD1136
2177,1.0,0.69639,2,2,1,1,1,1,1,True,sub-STSWD1136,562161,8,562161.0,sub-STSWD1136
2178,1.0,0.59933,2,2,1,1,1,1,1,True,sub-STSWD1136,564593,8,564593.0,sub-STSWD1136
2179,1.0,0.69826,1,2,2,1,1,1,1,True,sub-STSWD1136,567025,8,567025.0,sub-STSWD1136
2180,0.0,0.82632,1,2,2,1,1,1,1,True,sub-STSWD1136,569457,8,569457.0,sub-STSWD1136
2181,1.0,0.56612,2,4,1,1,1,1,1,True,sub-STSWD1136,573937,8,573937.0,sub-STSWD1136
2182,1.0,0.93727,4,4,2,1,1,1,1,True,sub-STSWD1136,576369,8,576369.0,sub-STSWD1136
2183,1.0,0.88693,4,4,2,1,1,1,1,True,sub-STSWD1136,578801,8,578801.0,sub-STSWD1136
2184,1.0,1.0719,3,4,2,1,1,1,1,True,sub-STSWD1136,581233,8,581233.0,sub-STSWD1136
2185,1.0,1.1438,3,4,2,1,1,1,1,True,sub-STSWD1136,583665,8,583665.0,sub-STSWD1136
2186,0.0,1.1678,3,4,2,1,1,1,1,True,sub-STSWD1136,586097,8,586097.0,sub-STSWD1136
2187,1.0,0.85766,1,4,1,1,1,1,1,True,sub-STSWD1136,588529,8,588529.0,sub-STSWD1136
2188,1.0,0.66863,1,4,2,1,1,1,1,True,sub-STSWD1136,590961,8,590961.0,sub-STSWD1136
2189,1.0,0.57462,2,2,2,1,1,1,1,True,sub-STSWD1136,619513,8,619513.0,sub-STSWD1136
2190,1.0,1.0696,4,2,1,1,1,1,1,True,sub-STSWD1136,621945,8,621945.0,sub-STSWD1136
2191,0.0,0.46277,4,2,1,1,1,1,1,True,sub-STSWD1136,624381,8,624381.0,sub-STSWD1136
2192,0.0,0.65469,2,2,1,1,1,1,1,True,sub-STSWD1136,626813,8,626813.0,sub-STSWD1136
2193,0.0,0.74004,4,2,2,1,1,1,1,True,sub-STSWD1136,629245,8,629245.0,sub-STSWD1136
2194,0.0,0.96055,4,2,1,1,1,1,1,True,sub-STSWD1136,631677,8,631677.0,sub-STSWD1136
2195,1.0,0.53951,2,2,1,1,1,1,1,True,sub-STSWD1136,634109,8,634109.0,sub-STSWD1136
2196,1.0,0.39849,2,2,2,1,1,1,1,True,sub-STSWD1136,636541,8,636541.0,sub-STSWD1136
2197,1.0,0.98433,2,1,2,1,1,1,1,True,sub-STSWD1136,641021,8,641021.0,sub-STSWD1136
2198,1.0,0.51729,2,1,2,1,1,1,1,True,sub-STSWD1136,643453,8,643453.0,sub-STSWD1136
2199,1.0,0.46837,2,1,2,1,1,1,1,True,sub-STSWD1136,645885,8,645885.0,sub-STSWD1136
2200,1.0,0.86316,2,1,1,1,1,1,1,True,sub-STSWD1136,648317,8,648317.0,sub-STSWD1136
2201,1.0,0.77237,2,1,2,1,1,1,1,True,sub-STSWD1136,650749,8,650749.0,sub-STSWD1136
2202,1.0,0.56704,2,1,1,1,1,1,1,True,sub-STSWD1136,653181,8,653181.0,sub-STSWD1136
2203,1.0,0.43307,2,1,1,1,1,1,1,True,sub-STSWD1136,655613,8,655613.0,sub-STSWD1136
2204,1.0,0.43795,2,1,1,1,1,1,1,True,sub-STSWD1136,658045,8,658045.0,sub-STSWD1136
2205,0.0,0.8978,1,3,2,1,1,1,1,True,sub-STSWD1136,662525,8,662525.0,sub-STSWD1136
2206,1.0,1.1067,2,3,2,1,1,1,1,True,sub-STSWD1136,664957,8,664957.0,sub-STSWD1136
2207,1.0,0.65267,2,3,1,1,1,1,1,True,sub-STSWD1136,667389,8,667389.0,sub-STSWD1136
2208,0.0,1.2575,4,3,2,1,1,1,1,True,sub-STSWD1136,669821,8,669821.0,sub-STSWD1136
2209,1.0,0.63454,4,3,1,1,1,1,1,True,sub-STSWD1136,672253,8,672253.0,sub-STSWD1136
2210,1.0,0.65646,1,3,1,1,1,1,1,True,sub-STSWD1136,674685,8,674685.0,sub-STSWD1136
2211,1.0,1.2784,4,3,2,1,1,1,1,True,sub-STSWD1136,677117,8,677117.0,sub-STSWD1136
2212,1.0,0.62029,2,3,2,1,1,1,1,True,sub-STSWD1136,679549,8,679549.0,sub-STSWD1136
2213,1.0,0.77123,1,4,1,1,1,1,1,True,sub-STSWD1136,684028,8,684028.0,sub-STSWD1136
2214,1.0,0.47817,2,4,2,1,1,1,1,True,sub-STSWD1136,686460,8,686460.0,sub-STSWD1136
2215,1.0,0.66803,4,4,1,1,1,1,1,True,sub-STSWD1136,688892,8,688892.0,sub-STSWD1136
2216,1.0,0.99407,4,4,2,1,1,1,1,True,sub-STSWD1136,691324,8,691324.0,sub-STSWD1136
2217,1.0,0.69696,2,4,1,1,1,1,1,True,sub-STSWD1136,693756,8,693756.0,sub-STSWD1136
2218,0.0,1.1589,1,4,2,1,1,1,1,True,sub-STSWD1136,696188,8,696188.0,sub-STSWD1136
2219,1.0,0.81081,3,4,1,1,1,1,1,True,sub-STSWD1136,698621,8,698621.0,sub-STSWD1136
2220,1.0,0.78063,3,4,1,1,1,1,1,True,sub-STSWD1136,701053,8,701053.0,sub-STSWD1136
2221,1.0,1.1226,4,2,2,1,1,1,1,True,sub-STSWD1136,705532,8,705532.0,sub-STSWD1136
2222,1.0,0.53855,4,2,1,1,1,1,1,True,sub-STSWD1136,707964,8,707964.0,sub-STSWD1136
2223,1.0,0.55456,4,2,2,1,1,1,1,True,sub-STSWD1136,710396,8,710396.0,sub-STSWD1136
2224,1.0,0.93067,3,2,2,1,1,1,1,True,sub-STSWD1136,712828,8,712828.0,sub-STSWD1136
2225,1.0,0.76431,3,2,2,1,1,1,1,True,sub-STSWD1136,715260,8,715260.0,sub-STSWD1136
2226,1.0,0.6446,4,2,1,1,1,1,1,True,sub-STSWD1136,717692,8,717692.0,sub-STSWD1136
2227,1.0,0.7086,3,2,1,1,1,1,1,True,sub-STSWD1136,720124,8,720124.0,sub-STSWD1136
2228,0.0,1.114,3,2,2,1,1,1,1,True,sub-STSWD1136,722556,8,722556.0,sub-STSWD1136
2229,0.0,0.84847,3,4,2,1,1,1,1,True,sub-STSWD1136,727036,8,727036.0,sub-STSWD1136
2230,1.0,0.4573,3,4,2,1,1,1,1,True,sub-STSWD1136,729468,8,729468.0,sub-STSWD1136
2231,1.0,0.6265,1,4,2,1,1,1,1,True,sub-STSWD1136,731900,8,731900.0,sub-STSWD1136
2232,1.0,0.78989,1,4,2,1,1,1,1,True,sub-STSWD1136,734332,8,734332.0,sub-STSWD1136
2233,1.0,0.91787,4,4,2,1,1,1,1,True,sub-STSWD1136,736764,8,736764.0,sub-STSWD1136
2234,0.0,0.58297,4,4,1,1,1,1,1,True,sub-STSWD1136,739196,8,739196.0,sub-STSWD1136
2235,1.0,0.65101,2,4,1,1,1,1,1,True,sub-STSWD1136,741628,8,741628.0,sub-STSWD1136
2236,1.0,0.48598,2,4,2,1,1,1,1,True,sub-STSWD1136,744060,8,744060.0,sub-STSWD1136
2237,1.0,0.45953,4,1,2,1,1,1,1,True,sub-STSWD1136,748540,8,748540.0,sub-STSWD1136
2238,1.0,0.44853,4,1,2,1,1,1,1,True,sub-STSWD1136,750972,8,750972.0,sub-STSWD1136
2239,1.0,0.81479,4,1,2,1,1,1,1,True,sub-STSWD1136,753404,8,753404.0,sub-STSWD1136
2240,1.0,0.25168,4,1,1,1,1,1,1,True,sub-STSWD1136,755836,8,755836.0,sub-STSWD1136
2241,1.0,0.54456,4,1,1,1,1,1,1,True,sub-STSWD1136,760700,8,760700.0,sub-STSWD1136
2242,1.0,0.37754,4,1,1,1,1,1,1,True,sub-STSWD1136,763132,8,763132.0,sub-STSWD1136
2243,1.0,0.25047,4,1,1,1,1,1,1,True,sub-STSWD1136,765564,8,765564.0,sub-STSWD1136
2244,1.0,0.91225,3,3,1,1,1,1,1,True,sub-STSWD1136,770044,8,770044.0,sub-STSWD1136
2245,1.0,0.74825,3,3,2,1,1,1,1,True,sub-STSWD1136,772476,8,772476.0,sub-STSWD1136
2246,1.0,0.85117,4,3,2,1,1,1,1,True,sub-STSWD1136,774908,8,774908.0,sub-STSWD1136
2247,1.0,0.62612,4,3,1,1,1,1,1,True,sub-STSWD1136,777340,8,777340.0,sub-STSWD1136
2248,1.0,0.80194,4,3,1,1,1,1,1,True,sub-STSWD1136,779772,8,779772.0,sub-STSWD1136
2249,1.0,0.54602,1,3,1,1,1,1,1,True,sub-STSWD1136,782204,8,782204.0,sub-STSWD1136
2250,1.0,0.63997,3,3,1,1,1,1,1,True,sub-STSWD1136,784636,8,784636.0,sub-STSWD1136
2251,1.0,0.54499,1,3,2,1,1,1,1,True,sub-STSWD1136,787068,8,787068.0,sub-STSWD1136
2252,1.0,0.39052,4,1,1,1,1,1,1,True,sub-STSWD1151,33511,8,33511.0,sub-STSWD1151
2253,1.0,0.58139,4,1,1,1,1,1,1,True,sub-STSWD1151,35942,8,35942.0,sub-STSWD1151
2254,1.0,0.45339,4,1,2,1,1,1,1,True,sub-STSWD1151,38375,8,38375.0,sub-STSWD1151
2255,1.0,0.40232,4,1,2,1,1,1,1,True,sub-STSWD1151,40806,8,40806.0,sub-STSWD1151
2256,1.0,0.47123,4,1,1,1,1,1,1,True,sub-STSWD1151,43238,8,43238.0,sub-STSWD1151
2257,0.0,0.46121,4,1,1,1,1,1,1,True,sub-STSWD1151,45670,8,45670.0,sub-STSWD1151
2258,1.0,0.43522,4,1,2,1,1,1,1,True,sub-STSWD1151,48102,8,48102.0,sub-STSWD1151
2259,1.0,0.37398,4,1,2,1,1,1,1,True,sub-STSWD1151,50534,8,50534.0,sub-STSWD1151
2260,1.0,1.4619,3,3,1,1,1,1,1,True,sub-STSWD1151,55014,8,55014.0,sub-STSWD1151
2261,1.0,1.0808,1,3,1,1,1,1,1,True,sub-STSWD1151,57446,8,57446.0,sub-STSWD1151
2262,1.0,1.4558,4,3,1,1,1,1,1,True,sub-STSWD1151,59878,8,59878.0,sub-STSWD1151
2263,1.0,0.46371,4,3,2,1,1,1,1,True,sub-STSWD1151,62310,8,62310.0,sub-STSWD1151
2264,1.0,1.3176,1,3,2,1,1,1,1,True,sub-STSWD1151,64742,8,64742.0,sub-STSWD1151
2265,1.0,0.76971,4,3,1,1,1,1,1,True,sub-STSWD1151,67174,8,67174.0,sub-STSWD1151
2266,,,4,3,1,1,1,1,1,True,sub-STSWD1151,69606,8,,sub-STSWD1151
2267,1.0,0.7515,4,3,2,1,1,1,1,True,sub-STSWD1151,72038,8,72038.0,sub-STSWD1151
2268,1.0,1.0004,1,2,2,1,1,1,1,True,sub-STSWD1151,76518,8,76518.0,sub-STSWD1151
2269,1.0,0.80931,4,2,1,1,1,1,1,True,sub-STSWD1151,78950,8,78950.0,sub-STSWD1151
2270,1.0,0.84719,4,2,1,1,1,1,1,True,sub-STSWD1151,81382,8,81382.0,sub-STSWD1151
2271,1.0,0.45658,4,2,2,1,1,1,1,True,sub-STSWD1151,83814,8,83814.0,sub-STSWD1151
2272,1.0,0.56706,1,2,2,1,1,1,1,True,sub-STSWD1151,86246,8,86246.0,sub-STSWD1151
2273,1.0,0.85405,4,2,1,1,1,1,1,True,sub-STSWD1151,88678,8,88678.0,sub-STSWD1151
2274,1.0,0.80199,1,2,1,1,1,1,1,True,sub-STSWD1151,91110,8,91110.0,sub-STSWD1151
2275,1.0,0.86992,1,2,1,1,1,1,1,True,sub-STSWD1151,93542,8,93542.0,sub-STSWD1151
2276,1.0,1.0998,4,4,2,1,1,1,1,True,sub-STSWD1151,98022,8,98022.0,sub-STSWD1151
2277,1.0,1.1357,3,4,2,1,1,1,1,True,sub-STSWD1151,100454,8,100454.0,sub-STSWD1151
2278,1.0,1.0196,3,4,2,1,1,1,1,True,sub-STSWD1151,102886,8,102886.0,sub-STSWD1151
2279,1.0,1.1177,3,4,1,1,1,1,1,True,sub-STSWD1151,105318,8,105318.0,sub-STSWD1151
2280,1.0,0.56664,1,4,1,1,1,1,1,True,sub-STSWD1151,107750,8,107750.0,sub-STSWD1151
2281,1.0,1.0715,1,4,2,1,1,1,1,True,sub-STSWD1151,110182,8,110182.0,sub-STSWD1151
2282,1.0,0.66937,2,4,1,1,1,1,1,True,sub-STSWD1151,112614,8,112614.0,sub-STSWD1151
2283,1.0,0.82544,2,4,2,1,1,1,1,True,sub-STSWD1151,115046,8,115046.0,sub-STSWD1151
2284,1.0,0.46224,2,1,2,1,1,1,1,True,sub-STSWD1151,119525,8,119525.0,sub-STSWD1151
2285,1.0,0.4482,2,1,2,1,1,1,1,True,sub-STSWD1151,121957,8,121957.0,sub-STSWD1151
2286,1.0,0.38611,2,1,2,1,1,1,1,True,sub-STSWD1151,124389,8,124389.0,sub-STSWD1151
2287,1.0,0.49725,2,1,1,1,1,1,1,True,sub-STSWD1151,126821,8,126821.0,sub-STSWD1151
2288,1.0,0.50298,2,1,1,1,1,1,1,True,sub-STSWD1151,129253,8,129253.0,sub-STSWD1151
2289,1.0,0.37292,2,1,1,1,1,1,1,True,sub-STSWD1151,131685,8,131685.0,sub-STSWD1151
2290,1.0,0.46179,2,1,2,1,1,1,1,True,sub-STSWD1151,134117,8,134117.0,sub-STSWD1151
2291,1.0,0.41974,2,1,2,1,1,1,1,True,sub-STSWD1151,136549,8,136549.0,sub-STSWD1151
2292,1.0,0.48665,2,2,1,1,1,1,1,True,sub-STSWD1151,141029,8,141029.0,sub-STSWD1151
2293,1.0,0.78461,4,2,2,1,1,1,1,True,sub-STSWD1151,143461,8,143461.0,sub-STSWD1151
2294,1.0,0.58054,2,2,1,1,1,1,1,True,sub-STSWD1151,145893,8,145893.0,sub-STSWD1151
2295,1.0,0.88849,4,2,1,1,1,1,1,True,sub-STSWD1151,148325,8,148325.0,sub-STSWD1151
2296,1.0,0.79442,4,2,2,1,1,1,1,True,sub-STSWD1151,150757,8,150757.0,sub-STSWD1151
2297,1.0,1.3173,4,2,1,1,1,1,1,True,sub-STSWD1151,153189,8,153189.0,sub-STSWD1151
2298,1.0,0.99717,2,2,1,1,1,1,1,True,sub-STSWD1151,155621,8,155621.0,sub-STSWD1151
2299,1.0,0.31827,2,2,2,1,1,1,1,True,sub-STSWD1151,158053,8,158053.0,sub-STSWD1151
2300,1.0,0.87105,1,4,2,1,1,1,1,True,sub-STSWD1151,162533,8,162533.0,sub-STSWD1151
2301,0.0,1.3411,4,4,1,1,1,1,1,True,sub-STSWD1151,164965,8,164965.0,sub-STSWD1151
2302,1.0,0.69502,3,4,1,1,1,1,1,True,sub-STSWD1151,167397,8,167397.0,sub-STSWD1151
2303,1.0,0.81793,2,4,1,1,1,1,1,True,sub-STSWD1151,169829,8,169829.0,sub-STSWD1151
2304,1.0,0.62404,2,4,1,1,1,1,1,True,sub-STSWD1151,172261,8,172261.0,sub-STSWD1151
2305,1.0,0.78178,1,4,1,1,1,1,1,True,sub-STSWD1151,174693,8,174693.0,sub-STSWD1151
2306,0.0,1.2517,4,4,1,1,1,1,1,True,sub-STSWD1151,177125,8,177125.0,sub-STSWD1151
2307,1.0,1.2916,4,4,1,1,1,1,1,True,sub-STSWD1151,179557,8,179557.0,sub-STSWD1151
2308,1.0,0.84953,4,3,2,1,1,1,1,True,sub-STSWD1151,184037,8,184037.0,sub-STSWD1151
2309,1.0,0.79451,4,3,1,1,1,1,1,True,sub-STSWD1151,186469,8,186469.0,sub-STSWD1151
2310,1.0,1.0254,4,3,2,1,1,1,1,True,sub-STSWD1151,188901,8,188901.0,sub-STSWD1151
2311,1.0,1.4624,3,3,2,1,1,1,1,True,sub-STSWD1151,191333,8,191333.0,sub-STSWD1151
2312,1.0,0.62227,1,3,1,1,1,1,1,True,sub-STSWD1151,193765,8,193765.0,sub-STSWD1151
2313,1.0,1.0492,3,3,2,1,1,1,1,True,sub-STSWD1151,196197,8,196197.0,sub-STSWD1151
2314,1.0,0.65515,3,3,1,1,1,1,1,True,sub-STSWD1151,198628,8,198628.0,sub-STSWD1151
2315,1.0,0.92331,1,3,1,1,1,1,1,True,sub-STSWD1151,201060,8,201060.0,sub-STSWD1151
2316,1.0,0.82672,4,4,1,1,1,1,1,True,sub-STSWD1151,228328,8,228328.0,sub-STSWD1151
2317,1.0,0.96667,1,4,1,1,1,1,1,True,sub-STSWD1151,230760,8,230760.0,sub-STSWD1151
2318,1.0,0.61661,1,4,2,1,1,1,1,True,sub-STSWD1151,233192,8,233192.0,sub-STSWD1151
2319,1.0,0.70148,2,4,2,1,1,1,1,True,sub-STSWD1151,235624,8,235624.0,sub-STSWD1151
2320,1.0,0.71853,2,4,2,1,1,1,1,True,sub-STSWD1151,238056,8,238056.0,sub-STSWD1151
2321,1.0,0.49938,3,4,1,1,1,1,1,True,sub-STSWD1151,240488,8,240488.0,sub-STSWD1151
2322,1.0,1.1443,3,4,1,1,1,1,1,True,sub-STSWD1151,242920,8,242920.0,sub-STSWD1151
2323,0.0,1.3412,3,4,2,1,1,1,1,True,sub-STSWD1151,245352,8,245352.0,sub-STSWD1151
2324,1.0,0.44514,2,2,2,1,1,1,1,True,sub-STSWD1151,249832,8,249832.0,sub-STSWD1151
2325,1.0,0.39809,2,2,2,1,1,1,1,True,sub-STSWD1151,252264,8,252264.0,sub-STSWD1151
2326,1.0,0.394,3,2,1,1,1,1,1,True,sub-STSWD1151,254696,8,254696.0,sub-STSWD1151
2327,1.0,0.66983,3,2,1,1,1,1,1,True,sub-STSWD1151,257128,8,257128.0,sub-STSWD1151
2328,1.0,0.62087,2,2,2,1,1,1,1,True,sub-STSWD1151,259560,8,259560.0,sub-STSWD1151
2329,1.0,0.31882,3,2,2,1,1,1,1,True,sub-STSWD1151,261992,8,261992.0,sub-STSWD1151
2330,1.0,0.69307,3,2,2,1,1,1,1,True,sub-STSWD1151,264428,8,264428.0,sub-STSWD1151
2331,1.0,0.79814,2,2,1,1,1,1,1,True,sub-STSWD1151,266860,8,266860.0,sub-STSWD1151
2332,1.0,0.56092,1,3,2,1,1,1,1,True,sub-STSWD1151,271340,8,271340.0,sub-STSWD1151
2333,1.0,1.1698,2,3,2,1,1,1,1,True,sub-STSWD1151,273772,8,273772.0,sub-STSWD1151
2334,1.0,1.0918,2,3,2,1,1,1,1,True,sub-STSWD1151,276204,8,276204.0,sub-STSWD1151
2335,1.0,0.77774,2,3,1,1,1,1,1,True,sub-STSWD1151,278636,8,278636.0,sub-STSWD1151
2336,1.0,0.5005,3,3,1,1,1,1,1,True,sub-STSWD1151,281068,8,281068.0,sub-STSWD1151
2337,1.0,0.79753,2,3,1,1,1,1,1,True,sub-STSWD1151,283500,8,283500.0,sub-STSWD1151
2338,1.0,0.82346,3,3,1,1,1,1,1,True,sub-STSWD1151,285932,8,285932.0,sub-STSWD1151
2339,1.0,0.86844,1,3,2,1,1,1,1,True,sub-STSWD1151,288364,8,288364.0,sub-STSWD1151
2340,1.0,0.49833,2,1,2,1,1,1,1,True,sub-STSWD1151,292844,8,292844.0,sub-STSWD1151
2341,1.0,0.52223,2,1,1,1,1,1,1,True,sub-STSWD1151,295276,8,295276.0,sub-STSWD1151
2342,1.0,0.31916,2,1,2,1,1,1,1,True,sub-STSWD1151,297708,8,297708.0,sub-STSWD1151
2343,1.0,0.41707,2,1,1,1,1,1,1,True,sub-STSWD1151,300140,8,300140.0,sub-STSWD1151
2344,1.0,0.4092,2,1,2,1,1,1,1,True,sub-STSWD1151,302572,8,302572.0,sub-STSWD1151
2345,1.0,0.3801,2,1,1,1,1,1,1,True,sub-STSWD1151,305004,8,305004.0,sub-STSWD1151
2346,1.0,0.37591,2,1,1,1,1,1,1,True,sub-STSWD1151,307436,8,307436.0,sub-STSWD1151
2347,1.0,0.42588,2,1,1,1,1,1,1,True,sub-STSWD1151,309868,8,309868.0,sub-STSWD1151
2348,1.0,0.54577,1,4,1,1,1,1,1,True,sub-STSWD1151,314348,8,314348.0,sub-STSWD1151
2349,1.0,0.85669,4,4,2,1,1,1,1,True,sub-STSWD1151,316780,8,316780.0,sub-STSWD1151
2350,1.0,0.88063,4,4,2,1,1,1,1,True,sub-STSWD1151,319212,8,319212.0,sub-STSWD1151
2351,1.0,0.76752,2,4,2,1,1,1,1,True,sub-STSWD1151,321644,8,321644.0,sub-STSWD1151
2352,1.0,0.45667,2,4,1,1,1,1,1,True,sub-STSWD1151,324076,8,324076.0,sub-STSWD1151
2353,1.0,0.95044,3,4,1,1,1,1,1,True,sub-STSWD1151,326508,8,326508.0,sub-STSWD1151
2354,1.0,1.2373,1,4,2,1,1,1,1,True,sub-STSWD1151,328940,8,328940.0,sub-STSWD1151
2355,1.0,0.86935,4,4,1,1,1,1,1,True,sub-STSWD1151,331372,8,331372.0,sub-STSWD1151
2356,1.0,0.6242,1,2,1,1,1,1,1,True,sub-STSWD1151,335852,8,335852.0,sub-STSWD1151
2357,1.0,1.0091,3,2,1,1,1,1,1,True,sub-STSWD1151,338284,8,338284.0,sub-STSWD1151
2358,0.0,0.87211,3,2,2,1,1,1,1,True,sub-STSWD1151,340716,8,340716.0,sub-STSWD1151
2359,1.0,0.59405,1,2,1,1,1,1,1,True,sub-STSWD1151,343147,8,343147.0,sub-STSWD1151
2360,0.0,1.1079,1,2,2,1,1,1,1,True,sub-STSWD1151,345580,8,345580.0,sub-STSWD1151
2361,1.0,1.0818,3,2,1,1,1,1,1,True,sub-STSWD1151,348012,8,348012.0,sub-STSWD1151
2362,1.0,0.47681,3,2,2,1,1,1,1,True,sub-STSWD1151,350444,8,350444.0,sub-STSWD1151
2363,1.0,0.59875,1,2,1,1,1,1,1,True,sub-STSWD1151,352875,8,352875.0,sub-STSWD1151
2364,1.0,0.29603,1,1,1,1,1,1,1,True,sub-STSWD1151,357355,8,357355.0,sub-STSWD1151
2365,1.0,0.30553,1,1,2,1,1,1,1,True,sub-STSWD1151,359787,8,359787.0,sub-STSWD1151
2366,1.0,0.4765,1,1,1,1,1,1,1,True,sub-STSWD1151,362219,8,362219.0,sub-STSWD1151
2367,1.0,0.88943,1,1,2,1,1,1,1,True,sub-STSWD1151,364651,8,364651.0,sub-STSWD1151
2368,1.0,0.43537,1,1,1,1,1,1,1,True,sub-STSWD1151,367083,8,367083.0,sub-STSWD1151
2369,1.0,0.34335,1,1,1,1,1,1,1,True,sub-STSWD1151,369515,8,369515.0,sub-STSWD1151
2370,1.0,0.38115,1,1,2,1,1,1,1,True,sub-STSWD1151,371947,8,371947.0,sub-STSWD1151
2371,1.0,0.44512,1,1,1,1,1,1,1,True,sub-STSWD1151,374379,8,374379.0,sub-STSWD1151
2372,1.0,0.89422,1,3,1,1,1,1,1,True,sub-STSWD1151,378859,8,378859.0,sub-STSWD1151
2373,1.0,0.84502,3,3,1,1,1,1,1,True,sub-STSWD1151,381291,8,381291.0,sub-STSWD1151
2374,0.0,0.6439,3,3,2,1,1,1,1,True,sub-STSWD1151,383723,8,383723.0,sub-STSWD1151
2375,1.0,0.70886,1,3,1,1,1,1,1,True,sub-STSWD1151,386155,8,386155.0,sub-STSWD1151
2376,1.0,0.70976,2,3,2,1,1,1,1,True,sub-STSWD1151,388587,8,388587.0,sub-STSWD1151
2377,1.0,0.79473,2,3,1,1,1,1,1,True,sub-STSWD1151,391019,8,391019.0,sub-STSWD1151
2378,1.0,1.3227,2,3,2,1,1,1,1,True,sub-STSWD1151,393451,8,393451.0,sub-STSWD1151
2379,1.0,0.59261,2,3,2,1,1,1,1,True,sub-STSWD1151,395883,8,395883.0,sub-STSWD1151
2380,0.0,0.49282,1,4,1,1,1,1,1,True,sub-STSWD1151,427204,8,427204.0,sub-STSWD1151
2381,1.0,0.87672,4,4,1,1,1,1,1,True,sub-STSWD1151,429636,8,429636.0,sub-STSWD1151
2382,1.0,1.3216,4,4,1,1,1,1,1,True,sub-STSWD1151,432068,8,432068.0,sub-STSWD1151
2383,1.0,0.88759,4,4,2,1,1,1,1,True,sub-STSWD1151,434500,8,434500.0,sub-STSWD1151
2384,1.0,0.89656,1,4,1,1,1,1,1,True,sub-STSWD1151,436932,8,436932.0,sub-STSWD1151
2385,1.0,1.0225,3,4,1,1,1,1,1,True,sub-STSWD1151,439364,8,439364.0,sub-STSWD1151
2386,1.0,1.1533,3,4,2,1,1,1,1,True,sub-STSWD1151,441796,8,441796.0,sub-STSWD1151
2387,1.0,0.67734,2,4,2,1,1,1,1,True,sub-STSWD1151,444228,8,444228.0,sub-STSWD1151
2388,1.0,0.8581,4,3,2,1,1,1,1,True,sub-STSWD1151,448708,8,448708.0,sub-STSWD1151
2389,1.0,0.59716,1,3,1,1,1,1,1,True,sub-STSWD1151,451140,8,451140.0,sub-STSWD1151
2390,1.0,0.46205,1,3,2,1,1,1,1,True,sub-STSWD1151,453572,8,453572.0,sub-STSWD1151
2391,1.0,0.55898,1,3,2,1,1,1,1,True,sub-STSWD1151,456004,8,456004.0,sub-STSWD1151
2392,1.0,0.74996,2,3,1,1,1,1,1,True,sub-STSWD1151,458436,8,458436.0,sub-STSWD1151
2393,1.0,0.72489,2,3,1,1,1,1,1,True,sub-STSWD1151,460868,8,460868.0,sub-STSWD1151
2394,1.0,0.85774,1,3,2,1,1,1,1,True,sub-STSWD1151,463300,8,463300.0,sub-STSWD1151
2395,1.0,0.74176,1,3,2,1,1,1,1,True,sub-STSWD1151,465732,8,465732.0,sub-STSWD1151
2396,1.0,0.37961,4,1,1,1,1,1,1,True,sub-STSWD1151,470212,8,470212.0,sub-STSWD1151
2397,1.0,0.32964,4,1,2,1,1,1,1,True,sub-STSWD1151,472644,8,472644.0,sub-STSWD1151
2398,1.0,0.33166,4,1,1,1,1,1,1,True,sub-STSWD1151,475076,8,475076.0,sub-STSWD1151
2399,0.0,0.37438,4,1,1,1,1,1,1,True,sub-STSWD1151,477508,8,477508.0,sub-STSWD1151
2400,1.0,0.52443,4,1,2,1,1,1,1,True,sub-STSWD1151,479940,8,479940.0,sub-STSWD1151
2401,0.0,0.70437,4,1,1,1,1,1,1,True,sub-STSWD1151,482372,8,482372.0,sub-STSWD1151
2402,1.0,0.43337,4,1,2,1,1,1,1,True,sub-STSWD1151,484804,8,484804.0,sub-STSWD1151
2403,1.0,0.31418,4,1,2,1,1,1,1,True,sub-STSWD1151,487236,8,487236.0,sub-STSWD1151
2404,1.0,0.67621,2,2,1,1,1,1,1,True,sub-STSWD1151,491716,8,491716.0,sub-STSWD1151
2405,1.0,0.33296,2,2,1,1,1,1,1,True,sub-STSWD1151,494148,8,494148.0,sub-STSWD1151
2406,0.0,0.41099,1,2,1,1,1,1,1,True,sub-STSWD1151,496580,8,496580.0,sub-STSWD1151
2407,1.0,0.42491,1,2,2,1,1,1,1,True,sub-STSWD1151,499011,8,499011.0,sub-STSWD1151
2408,1.0,0.28873,2,2,2,1,1,1,1,True,sub-STSWD1151,501444,8,501444.0,sub-STSWD1151
2409,1.0,0.53284,2,2,2,1,1,1,1,True,sub-STSWD1151,503876,8,503876.0,sub-STSWD1151
2410,1.0,0.51866,1,2,2,1,1,1,1,True,sub-STSWD1151,506307,8,506307.0,sub-STSWD1151
2411,1.0,0.73459,1,2,2,1,1,1,1,True,sub-STSWD1151,508740,8,508740.0,sub-STSWD1151
2412,1.0,0.58384,3,1,1,1,1,1,1,True,sub-STSWD1151,513223,8,513223.0,sub-STSWD1151
2413,1.0,0.37279,3,1,1,1,1,1,1,True,sub-STSWD1151,515655,8,515655.0,sub-STSWD1151
2414,1.0,0.33272,3,1,2,1,1,1,1,True,sub-STSWD1151,518087,8,518087.0,sub-STSWD1151
2415,1.0,0.28158,3,1,1,1,1,1,1,True,sub-STSWD1151,520519,8,520519.0,sub-STSWD1151
2416,1.0,0.4086,3,1,2,1,1,1,1,True,sub-STSWD1151,522951,8,522951.0,sub-STSWD1151
2417,1.0,0.38648,3,1,1,1,1,1,1,True,sub-STSWD1151,525383,8,525383.0,sub-STSWD1151
2418,1.0,0.29343,3,1,2,1,1,1,1,True,sub-STSWD1151,527816,8,527816.0,sub-STSWD1151
2419,1.0,0.59928,2,4,2,1,1,1,1,True,sub-STSWD1151,534727,8,534727.0,sub-STSWD1151
2420,1.0,0.53822,2,4,1,1,1,1,1,True,sub-STSWD1151,537159,8,537159.0,sub-STSWD1151
2421,1.0,0.67514,2,4,1,1,1,1,1,True,sub-STSWD1151,539591,8,539591.0,sub-STSWD1151
2422,1.0,0.50902,1,4,2,1,1,1,1,True,sub-STSWD1151,542023,8,542023.0,sub-STSWD1151
2423,1.0,0.67602,4,4,2,1,1,1,1,True,sub-STSWD1151,544455,8,544455.0,sub-STSWD1151
2424,1.0,0.44919,1,4,2,1,1,1,1,True,sub-STSWD1151,546887,8,546887.0,sub-STSWD1151
2425,1.0,0.77096,3,4,1,1,1,1,1,True,sub-STSWD1151,549319,8,549319.0,sub-STSWD1151
2426,0.0,0.94978,3,4,2,1,1,1,1,True,sub-STSWD1151,551751,8,551751.0,sub-STSWD1151
2427,1.0,0.59671,1,3,1,1,1,1,1,True,sub-STSWD1151,556231,8,556231.0,sub-STSWD1151
2428,1.0,0.61968,1,3,2,1,1,1,1,True,sub-STSWD1151,558663,8,558663.0,sub-STSWD1151
2429,1.0,1.2096,2,3,1,1,1,1,1,True,sub-STSWD1151,561095,8,561095.0,sub-STSWD1151
2430,1.0,0.62452,1,3,1,1,1,1,1,True,sub-STSWD1151,563527,8,563527.0,sub-STSWD1151
2431,1.0,1.3994,4,3,1,1,1,1,1,True,sub-STSWD1151,565959,8,565959.0,sub-STSWD1151
2432,1.0,0.63539,2,3,2,1,1,1,1,True,sub-STSWD1151,568391,8,568391.0,sub-STSWD1151
2433,1.0,0.75633,4,3,2,1,1,1,1,True,sub-STSWD1151,570823,8,570823.0,sub-STSWD1151
2434,0.0,0.64027,4,3,1,1,1,1,1,True,sub-STSWD1151,573255,8,573255.0,sub-STSWD1151
2435,1.0,0.38815,2,2,1,1,1,1,1,True,sub-STSWD1151,577735,8,577735.0,sub-STSWD1151
2436,1.0,0.29209,2,2,1,1,1,1,1,True,sub-STSWD1151,580167,8,580167.0,sub-STSWD1151
2437,1.0,0.50002,1,2,1,1,1,1,1,True,sub-STSWD1151,582599,8,582599.0,sub-STSWD1151
2438,1.0,0.47795,1,2,1,1,1,1,1,True,sub-STSWD1151,585031,8,585031.0,sub-STSWD1151
2439,1.0,0.69788,2,2,2,1,1,1,1,True,sub-STSWD1151,587463,8,587463.0,sub-STSWD1151
2440,1.0,0.71592,1,2,2,1,1,1,1,True,sub-STSWD1151,589895,8,589895.0,sub-STSWD1151
2441,1.0,0.65176,2,2,2,1,1,1,1,True,sub-STSWD1151,592327,8,592327.0,sub-STSWD1151
2442,1.0,0.34967,1,2,2,1,1,1,1,True,sub-STSWD1151,594759,8,594759.0,sub-STSWD1151
2443,1.0,0.48028,3,4,1,1,1,1,1,True,sub-STSWD1151,621477,8,621477.0,sub-STSWD1151
2444,1.0,0.67427,2,4,2,1,1,1,1,True,sub-STSWD1151,623909,8,623909.0,sub-STSWD1151
2445,1.0,0.97614,1,4,2,1,1,1,1,True,sub-STSWD1151,626341,8,626341.0,sub-STSWD1151
2446,1.0,0.42811,1,4,1,1,1,1,1,True,sub-STSWD1151,628772,8,628772.0,sub-STSWD1151
2447,1.0,0.52907,4,4,2,1,1,1,1,True,sub-STSWD1151,631204,8,631204.0,sub-STSWD1151
2448,1.0,0.93509,4,4,1,1,1,1,1,True,sub-STSWD1151,633636,8,633636.0,sub-STSWD1151
2449,1.0,0.86993,2,4,1,1,1,1,1,True,sub-STSWD1151,636068,8,636068.0,sub-STSWD1151
2450,1.0,0.67761,1,4,1,1,1,1,1,True,sub-STSWD1151,638500,8,638500.0,sub-STSWD1151
2451,1.0,0.42373,3,1,1,1,1,1,1,True,sub-STSWD1151,642980,8,642980.0,sub-STSWD1151
2452,1.0,0.38567,3,1,2,1,1,1,1,True,sub-STSWD1151,645412,8,645412.0,sub-STSWD1151
2453,1.0,0.87759,3,1,2,1,1,1,1,True,sub-STSWD1151,647844,8,647844.0,sub-STSWD1151
2454,1.0,0.59157,3,1,1,1,1,1,1,True,sub-STSWD1151,650276,8,650276.0,sub-STSWD1151
2455,1.0,0.37947,3,1,2,1,1,1,1,True,sub-STSWD1151,652708,8,652708.0,sub-STSWD1151
2456,1.0,0.32841,3,1,1,1,1,1,1,True,sub-STSWD1151,655140,8,655140.0,sub-STSWD1151
2457,1.0,0.33239,3,1,2,1,1,1,1,True,sub-STSWD1151,657572,8,657572.0,sub-STSWD1151
2458,1.0,0.39015,4,3,1,1,1,1,1,True,sub-STSWD1151,664484,8,664484.0,sub-STSWD1151
2459,1.0,1.0281,3,3,2,1,1,1,1,True,sub-STSWD1151,666916,8,666916.0,sub-STSWD1151
2460,1.0,0.60309,3,3,1,1,1,1,1,True,sub-STSWD1151,669348,8,669348.0,sub-STSWD1151
2461,1.0,0.732,2,3,1,1,1,1,1,True,sub-STSWD1151,671780,8,671780.0,sub-STSWD1151
2462,1.0,0.68794,2,3,1,1,1,1,1,True,sub-STSWD1151,674212,8,674212.0,sub-STSWD1151
2463,1.0,0.59991,3,3,1,1,1,1,1,True,sub-STSWD1151,676644,8,676644.0,sub-STSWD1151
2464,1.0,0.88281,3,3,2,1,1,1,1,True,sub-STSWD1151,679076,8,679076.0,sub-STSWD1151
2465,1.0,0.59274,3,3,1,1,1,1,1,True,sub-STSWD1151,681508,8,681508.0,sub-STSWD1151
2466,1.0,0.78162,4,2,2,1,1,1,1,True,sub-STSWD1151,685988,8,685988.0,sub-STSWD1151
2467,1.0,0.60865,4,2,2,1,1,1,1,True,sub-STSWD1151,688420,8,688420.0,sub-STSWD1151
2468,1.0,0.8375,3,2,2,1,1,1,1,True,sub-STSWD1151,690852,8,690852.0,sub-STSWD1151
2469,1.0,0.25941,4,2,2,1,1,1,1,True,sub-STSWD1151,693284,8,693284.0,sub-STSWD1151
2470,1.0,0.87537,4,2,2,1,1,1,1,True,sub-STSWD1151,695716,8,695716.0,sub-STSWD1151
2471,0.0,0.67027,4,2,1,1,1,1,1,True,sub-STSWD1151,698148,8,698148.0,sub-STSWD1151
2472,1.0,0.27022,3,2,2,1,1,1,1,True,sub-STSWD1151,700580,8,700580.0,sub-STSWD1151
2473,1.0,0.56512,3,2,2,1,1,1,1,True,sub-STSWD1151,703012,8,703012.0,sub-STSWD1151
2474,1.0,0.68502,2,3,2,1,1,1,1,True,sub-STSWD1151,707492,8,707492.0,sub-STSWD1151
2475,1.0,0.62594,4,3,2,1,1,1,1,True,sub-STSWD1151,709924,8,709924.0,sub-STSWD1151
2476,1.0,0.65695,4,3,2,1,1,1,1,True,sub-STSWD1151,712356,8,712356.0,sub-STSWD1151
2477,0.0,0.63883,3,3,2,1,1,1,1,True,sub-STSWD1151,714787,8,714787.0,sub-STSWD1151
2478,1.0,0.6838,2,3,2,1,1,1,1,True,sub-STSWD1151,717219,8,717219.0,sub-STSWD1151
2479,0.0,0.83873,4,3,1,1,1,1,1,True,sub-STSWD1151,719651,8,719651.0,sub-STSWD1151
2480,1.0,0.93568,3,3,2,1,1,1,1,True,sub-STSWD1151,722083,8,722083.0,sub-STSWD1151
2481,1.0,0.4324,1,1,2,1,1,1,1,True,sub-STSWD1151,731427,8,731427.0,sub-STSWD1151
2482,1.0,0.39135,1,1,2,1,1,1,1,True,sub-STSWD1151,733860,8,733860.0,sub-STSWD1151
2483,1.0,0.35328,1,1,2,1,1,1,1,True,sub-STSWD1151,736291,8,736291.0,sub-STSWD1151
2484,1.0,0.33154,1,1,2,1,1,1,1,True,sub-STSWD1151,738723,8,738723.0,sub-STSWD1151
2485,1.0,0.3005,1,1,1,1,1,1,1,True,sub-STSWD1151,741155,8,741155.0,sub-STSWD1151
2486,1.0,0.39344,1,1,2,1,1,1,1,True,sub-STSWD1151,743587,8,743587.0,sub-STSWD1151
2487,1.0,0.28038,1,1,1,1,1,1,1,True,sub-STSWD1151,746019,8,746019.0,sub-STSWD1151
2488,1.0,0.59699,3,2,1,1,1,1,1,True,sub-STSWD1151,750499,8,750499.0,sub-STSWD1151
2489,1.0,0.37607,4,2,1,1,1,1,1,True,sub-STSWD1151,752931,8,752931.0,sub-STSWD1151
2490,0.0,0.54913,3,2,1,1,1,1,1,True,sub-STSWD1151,755363,8,755363.0,sub-STSWD1151
2491,1.0,0.37018,4,2,2,1,1,1,1,True,sub-STSWD1151,757795,8,757795.0,sub-STSWD1151
2492,1.0,0.42101,3,2,2,1,1,1,1,True,sub-STSWD1151,760227,8,760227.0,sub-STSWD1151
2493,1.0,0.49494,3,2,1,1,1,1,1,True,sub-STSWD1151,762659,8,762659.0,sub-STSWD1151
2494,1.0,0.84359,3,2,1,1,1,1,1,True,sub-STSWD1151,765091,8,765091.0,sub-STSWD1151
2495,1.0,0.53477,4,2,1,1,1,1,1,True,sub-STSWD1151,767523,8,767523.0,sub-STSWD1151
2496,1.0,0.5497,2,4,2,1,1,1,1,True,sub-STSWD1151,772003,8,772003.0,sub-STSWD1151
2497,1.0,0.72834,2,4,1,1,1,1,1,True,sub-STSWD1151,774435,8,774435.0,sub-STSWD1151
2498,0.0,0.83761,3,4,2,1,1,1,1,True,sub-STSWD1151,776867,8,776867.0,sub-STSWD1151
2499,1.0,0.9595,3,4,2,1,1,1,1,True,sub-STSWD1151,779299,8,779299.0,sub-STSWD1151
2500,1.0,0.90744,3,4,2,1,1,1,1,True,sub-STSWD1151,781731,8,781731.0,sub-STSWD1151
2501,1.0,0.73752,1,4,2,1,1,1,1,True,sub-STSWD1151,784163,8,784163.0,sub-STSWD1151
2502,1.0,0.73029,4,4,2,1,1,1,1,True,sub-STSWD1151,786595,8,786595.0,sub-STSWD1151
2503,1.0,0.73621,4,4,2,1,1,1,1,True,sub-STSWD1151,789027,8,789027.0,sub-STSWD1151
2504,0.0,0.6519,3,1,2,1,1,1,1,True,sub-STSWD1160,23890,8,23890.0,sub-STSWD1160
2505,0.0,0.66082,3,1,2,1,1,1,1,True,sub-STSWD1160,26321,8,26321.0,sub-STSWD1160
2506,1.0,0.62985,3,1,1,1,1,1,1,True,sub-STSWD1160,28753,8,28753.0,sub-STSWD1160
2507,0.0,0.7107,3,1,1,1,1,1,1,True,sub-STSWD1160,31185,8,31185.0,sub-STSWD1160
2508,1.0,0.57363,3,1,1,1,1,1,1,True,sub-STSWD1160,33617,8,33617.0,sub-STSWD1160
2509,1.0,0.52353,3,1,1,1,1,1,1,True,sub-STSWD1160,36049,8,36049.0,sub-STSWD1160
2510,1.0,0.89151,3,1,2,1,1,1,1,True,sub-STSWD1160,38481,8,38481.0,sub-STSWD1160
2511,1.0,0.55944,3,1,2,1,1,1,1,True,sub-STSWD1160,40913,8,40913.0,sub-STSWD1160
2512,1.0,1.6543,4,3,2,1,1,1,1,True,sub-STSWD1160,45393,8,45393.0,sub-STSWD1160
2513,1.0,1.5015,4,3,2,1,1,1,1,True,sub-STSWD1160,47825,8,47825.0,sub-STSWD1160
2514,1.0,1.6701,1,3,2,1,1,1,1,True,sub-STSWD1160,50257,8,50257.0,sub-STSWD1160
2515,,,1,3,1,1,1,1,1,True,sub-STSWD1160,52689,8,,sub-STSWD1160
2516,1.0,0.94106,2,3,2,1,1,1,1,True,sub-STSWD1160,55121,8,55121.0,sub-STSWD1160
2517,1.0,1.0322,1,3,2,1,1,1,1,True,sub-STSWD1160,57553,8,57553.0,sub-STSWD1160
2518,1.0,1.3369,1,3,1,1,1,1,1,True,sub-STSWD1160,59985,8,59985.0,sub-STSWD1160
2519,1.0,0.98888,1,3,1,1,1,1,1,True,sub-STSWD1160,62417,8,62417.0,sub-STSWD1160
2520,1.0,0.64677,2,2,1,1,1,1,1,True,sub-STSWD1160,66897,8,66897.0,sub-STSWD1160
2521,1.0,1.2657,4,2,2,1,1,1,1,True,sub-STSWD1160,69329,8,69329.0,sub-STSWD1160
2522,1.0,0.96363,4,2,2,1,1,1,1,True,sub-STSWD1160,71761,8,71761.0,sub-STSWD1160
2523,1.0,1.2775,4,2,1,1,1,1,1,True,sub-STSWD1160,74192,8,74192.0,sub-STSWD1160
2524,1.0,0.8145,2,2,1,1,1,1,1,True,sub-STSWD1160,76624,8,76624.0,sub-STSWD1160
2525,1.0,0.89543,2,2,1,1,1,1,1,True,sub-STSWD1160,79056,8,79056.0,sub-STSWD1160
2526,1.0,1.4073,4,2,1,1,1,1,1,True,sub-STSWD1160,81488,8,81488.0,sub-STSWD1160
2527,1.0,0.69231,2,2,2,1,1,1,1,True,sub-STSWD1160,83920,8,83920.0,sub-STSWD1160
2528,1.0,1.1562,4,4,2,1,1,1,1,True,sub-STSWD1160,88400,8,88400.0,sub-STSWD1160
2529,1.0,1.1231,4,4,2,1,1,1,1,True,sub-STSWD1160,90832,8,90832.0,sub-STSWD1160
2530,0.0,1.5141,1,4,1,1,1,1,1,True,sub-STSWD1160,93264,8,93264.0,sub-STSWD1160
2531,0.0,1.414,1,4,2,1,1,1,1,True,sub-STSWD1160,95696,8,95696.0,sub-STSWD1160
2532,1.0,1.1239,2,4,2,1,1,1,1,True,sub-STSWD1160,98128,8,98128.0,sub-STSWD1160
2533,1.0,0.69997,3,4,1,1,1,1,1,True,sub-STSWD1160,100560,8,100560.0,sub-STSWD1160
2534,1.0,0.5968,2,4,2,1,1,1,1,True,sub-STSWD1160,102992,8,102992.0,sub-STSWD1160
2535,1.0,1.2848,1,4,1,1,1,1,1,True,sub-STSWD1160,105424,8,105424.0,sub-STSWD1160
2536,1.0,0.62762,3,2,1,1,1,1,1,True,sub-STSWD1160,109904,8,109904.0,sub-STSWD1160
2537,1.0,1.1746,3,2,2,1,1,1,1,True,sub-STSWD1160,112336,8,112336.0,sub-STSWD1160
2538,1.0,0.80449,3,2,1,1,1,1,1,True,sub-STSWD1160,114768,8,114768.0,sub-STSWD1160
2539,0.0,0.78144,4,2,1,1,1,1,1,True,sub-STSWD1160,117200,8,117200.0,sub-STSWD1160
2540,1.0,1.1184,4,2,2,1,1,1,1,True,sub-STSWD1160,119632,8,119632.0,sub-STSWD1160
2541,1.0,1.08,4,2,2,1,1,1,1,True,sub-STSWD1160,122064,8,122064.0,sub-STSWD1160
2542,1.0,0.62723,3,2,1,1,1,1,1,True,sub-STSWD1160,124496,8,124496.0,sub-STSWD1160
2543,0.0,0.99115,4,2,1,1,1,1,1,True,sub-STSWD1160,126928,8,126928.0,sub-STSWD1160
2544,0.0,1.1531,3,4,2,1,1,1,1,True,sub-STSWD1160,131408,8,131408.0,sub-STSWD1160
2545,1.0,1.124,3,4,1,1,1,1,1,True,sub-STSWD1160,133840,8,133840.0,sub-STSWD1160
2546,1.0,0.99592,3,4,1,1,1,1,1,True,sub-STSWD1160,136272,8,136272.0,sub-STSWD1160
2547,0.0,1.3379,4,4,1,1,1,1,1,True,sub-STSWD1160,138704,8,138704.0,sub-STSWD1160
2548,0.0,0.84381,4,4,1,1,1,1,1,True,sub-STSWD1160,141136,8,141136.0,sub-STSWD1160
2549,1.0,1.3417,1,4,1,1,1,1,1,True,sub-STSWD1160,143568,8,143568.0,sub-STSWD1160
2550,1.0,0.81568,2,4,1,1,1,1,1,True,sub-STSWD1160,146000,8,146000.0,sub-STSWD1160
2551,1.0,0.61853,2,4,1,1,1,1,1,True,sub-STSWD1160,148432,8,148432.0,sub-STSWD1160
2552,1.0,0.64862,2,3,2,1,1,1,1,True,sub-STSWD1160,152912,8,152912.0,sub-STSWD1160
2553,1.0,0.54452,2,3,1,1,1,1,1,True,sub-STSWD1160,155344,8,155344.0,sub-STSWD1160
2554,1.0,0.94136,2,3,2,1,1,1,1,True,sub-STSWD1160,157775,8,157775.0,sub-STSWD1160
2555,1.0,1.3973,1,3,2,1,1,1,1,True,sub-STSWD1160,160208,8,160208.0,sub-STSWD1160
2556,1.0,1.3182,1,3,1,1,1,1,1,True,sub-STSWD1160,162639,8,162639.0,sub-STSWD1160
2557,1.0,0.79417,2,3,1,1,1,1,1,True,sub-STSWD1160,165071,8,165071.0,sub-STSWD1160
2558,1.0,1.0155,3,3,2,1,1,1,1,True,sub-STSWD1160,167503,8,167503.0,sub-STSWD1160
2559,0.0,1.331,3,3,2,1,1,1,1,True,sub-STSWD1160,169935,8,169935.0,sub-STSWD1160
2560,1.0,0.56792,1,1,2,1,1,1,1,True,sub-STSWD1160,174415,8,174415.0,sub-STSWD1160
2561,1.0,0.48687,1,1,1,1,1,1,1,True,sub-STSWD1160,176847,8,176847.0,sub-STSWD1160
2562,1.0,0.46381,1,1,1,1,1,1,1,True,sub-STSWD1160,179279,8,179279.0,sub-STSWD1160
2563,1.0,0.49275,1,1,2,1,1,1,1,True,sub-STSWD1160,181711,8,181711.0,sub-STSWD1160
2564,1.0,0.59467,1,1,1,1,1,1,1,True,sub-STSWD1160,184143,8,184143.0,sub-STSWD1160
2565,0.0,0.52062,1,1,2,1,1,1,1,True,sub-STSWD1160,186575,8,186575.0,sub-STSWD1160
2566,1.0,1.0107,1,1,2,1,1,1,1,True,sub-STSWD1160,189007,8,189007.0,sub-STSWD1160
2567,1.0,0.46448,1,1,1,1,1,1,1,True,sub-STSWD1160,191439,8,191439.0,sub-STSWD1160
2568,0.0,1.2367,3,3,2,1,1,1,1,True,sub-STSWD1160,221250,8,221250.0,sub-STSWD1160
2569,1.0,0.89263,1,3,2,1,1,1,1,True,sub-STSWD1160,223682,8,223682.0,sub-STSWD1160
2570,0.0,1.2225,3,3,2,1,1,1,1,True,sub-STSWD1160,226114,8,226114.0,sub-STSWD1160
2571,1.0,0.6985,2,3,1,1,1,1,1,True,sub-STSWD1160,228546,8,228546.0,sub-STSWD1160
2572,1.0,0.67244,2,3,2,1,1,1,1,True,sub-STSWD1160,230978,8,230978.0,sub-STSWD1160
2573,1.0,0.74837,2,3,1,1,1,1,1,True,sub-STSWD1160,233410,8,233410.0,sub-STSWD1160
2574,0.0,1.2443,1,3,1,1,1,1,1,True,sub-STSWD1160,235842,8,235842.0,sub-STSWD1160
2575,1.0,0.75234,2,3,1,1,1,1,1,True,sub-STSWD1160,238274,8,238274.0,sub-STSWD1160
2576,1.0,0.75013,1,2,2,1,1,1,1,True,sub-STSWD1160,242754,8,242754.0,sub-STSWD1160
2577,1.0,0.92106,1,2,1,1,1,1,1,True,sub-STSWD1160,245186,8,245186.0,sub-STSWD1160
2578,1.0,0.89199,3,2,2,1,1,1,1,True,sub-STSWD1160,247618,8,247618.0,sub-STSWD1160
2579,1.0,0.77294,3,2,2,1,1,1,1,True,sub-STSWD1160,250050,8,250050.0,sub-STSWD1160
2580,1.0,0.65288,1,2,2,1,1,1,1,True,sub-STSWD1160,252482,8,252482.0,sub-STSWD1160
2581,1.0,1.0177,3,2,1,1,1,1,1,True,sub-STSWD1160,254914,8,254914.0,sub-STSWD1160
2582,1.0,0.60675,3,2,2,1,1,1,1,True,sub-STSWD1160,257346,8,257346.0,sub-STSWD1160
2583,1.0,0.5437,1,2,1,1,1,1,1,True,sub-STSWD1160,259778,8,259778.0,sub-STSWD1160
2584,1.0,0.80163,2,4,1,1,1,1,1,True,sub-STSWD1160,264257,8,264257.0,sub-STSWD1160
2585,1.0,0.7035,4,4,2,1,1,1,1,True,sub-STSWD1160,266689,8,266689.0,sub-STSWD1160
2586,1.0,0.61843,4,4,2,1,1,1,1,True,sub-STSWD1160,269122,8,269122.0,sub-STSWD1160
2587,1.0,0.98028,4,4,2,1,1,1,1,True,sub-STSWD1160,271553,8,271553.0,sub-STSWD1160
2588,1.0,0.61845,1,4,1,1,1,1,1,True,sub-STSWD1160,273985,8,273985.0,sub-STSWD1160
2589,0.0,1.1113,3,4,2,1,1,1,1,True,sub-STSWD1160,276417,8,276417.0,sub-STSWD1160
2590,1.0,0.86939,1,4,2,1,1,1,1,True,sub-STSWD1160,278849,8,278849.0,sub-STSWD1160
2591,0.0,1.1681,2,4,2,1,1,1,1,True,sub-STSWD1160,281281,8,281281.0,sub-STSWD1160
2592,1.0,1.1631,2,1,2,1,1,1,1,True,sub-STSWD1160,285761,8,285761.0,sub-STSWD1160
2593,1.0,0.52993,2,1,2,1,1,1,1,True,sub-STSWD1160,288193,8,288193.0,sub-STSWD1160
2594,1.0,0.66283,2,1,2,1,1,1,1,True,sub-STSWD1160,290625,8,290625.0,sub-STSWD1160
2595,1.0,0.46077,2,1,1,1,1,1,1,True,sub-STSWD1160,293057,8,293057.0,sub-STSWD1160
2596,1.0,0.64069,2,1,1,1,1,1,1,True,sub-STSWD1160,295489,8,295489.0,sub-STSWD1160
2597,1.0,0.44766,2,1,1,1,1,1,1,True,sub-STSWD1160,297921,8,297921.0,sub-STSWD1160
2598,1.0,0.50854,2,1,2,1,1,1,1,True,sub-STSWD1160,300353,8,300353.0,sub-STSWD1160
2599,1.0,0.46856,2,1,1,1,1,1,1,True,sub-STSWD1160,302785,8,302785.0,sub-STSWD1160
2600,1.0,0.99643,2,3,2,1,1,1,1,True,sub-STSWD1160,307265,8,307265.0,sub-STSWD1160
2601,1.0,0.99736,3,3,1,1,1,1,1,True,sub-STSWD1160,309697,8,309697.0,sub-STSWD1160
2602,1.0,1.4663,3,3,2,1,1,1,1,True,sub-STSWD1160,312129,8,312129.0,sub-STSWD1160
2603,0.0,1.0933,3,3,1,1,1,1,1,True,sub-STSWD1160,314561,8,314561.0,sub-STSWD1160
2604,0.0,1.1552,4,3,1,1,1,1,1,True,sub-STSWD1160,316993,8,316993.0,sub-STSWD1160
2605,1.0,1.1541,3,3,1,1,1,1,1,True,sub-STSWD1160,319425,8,319425.0,sub-STSWD1160
2606,1.0,0.72604,2,3,1,1,1,1,1,True,sub-STSWD1160,321857,8,321857.0,sub-STSWD1160
2607,0.0,1.148,4,3,1,1,1,1,1,True,sub-STSWD1160,324289,8,324289.0,sub-STSWD1160
2608,1.0,0.88487,1,2,2,1,1,1,1,True,sub-STSWD1160,328769,8,328769.0,sub-STSWD1160
2609,1.0,0.92872,1,2,1,1,1,1,1,True,sub-STSWD1160,331201,8,331201.0,sub-STSWD1160
2610,0.0,0.95775,4,2,1,1,1,1,1,True,sub-STSWD1160,333633,8,333633.0,sub-STSWD1160
2611,1.0,0.88967,4,2,2,1,1,1,1,True,sub-STSWD1160,336065,8,336065.0,sub-STSWD1160
2612,1.0,1.6466,1,2,2,1,1,1,1,True,sub-STSWD1160,338497,8,338497.0,sub-STSWD1160
2613,0.0,1.1637,4,2,1,1,1,1,1,True,sub-STSWD1160,340929,8,340929.0,sub-STSWD1160
2614,,,4,2,1,1,1,1,1,True,sub-STSWD1160,343361,8,,sub-STSWD1160
2615,1.0,0.54834,1,2,1,1,1,1,1,True,sub-STSWD1160,345793,8,345793.0,sub-STSWD1160
2616,1.0,0.40531,1,1,1,1,1,1,1,True,sub-STSWD1160,350273,8,350273.0,sub-STSWD1160
2617,,,1,1,2,1,1,1,1,True,sub-STSWD1160,352705,8,,sub-STSWD1160
2618,1.0,0.38317,1,1,1,1,1,1,1,True,sub-STSWD1160,355137,8,355137.0,sub-STSWD1160
2619,1.0,0.29911,1,1,2,1,1,1,1,True,sub-STSWD1160,357569,8,357569.0,sub-STSWD1160
2620,1.0,0.30406,1,1,2,1,1,1,1,True,sub-STSWD1160,360001,8,360001.0,sub-STSWD1160
2621,1.0,0.31304,1,1,2,1,1,1,1,True,sub-STSWD1160,362433,8,362433.0,sub-STSWD1160
2622,1.0,0.34692,1,1,1,1,1,1,1,True,sub-STSWD1160,364865,8,364865.0,sub-STSWD1160
2623,1.0,0.39186,1,1,1,1,1,1,1,True,sub-STSWD1160,367296,8,367296.0,sub-STSWD1160
2624,1.0,0.89801,1,4,2,1,1,1,1,True,sub-STSWD1160,371776,8,371776.0,sub-STSWD1160
2625,1.0,0.68268,1,4,1,1,1,1,1,True,sub-STSWD1160,374209,8,374209.0,sub-STSWD1160
2626,0.0,1.0385,3,4,2,1,1,1,1,True,sub-STSWD1160,376640,8,376640.0,sub-STSWD1160
2627,1.0,1.0285,3,4,1,1,1,1,1,True,sub-STSWD1160,379072,8,379072.0,sub-STSWD1160
2628,0.0,1.2125,3,4,2,1,1,1,1,True,sub-STSWD1160,381504,8,381504.0,sub-STSWD1160
2629,1.0,0.79533,2,4,1,1,1,1,1,True,sub-STSWD1160,383936,8,383936.0,sub-STSWD1160
2630,1.0,0.62531,2,4,1,1,1,1,1,True,sub-STSWD1160,386368,8,386368.0,sub-STSWD1160
2631,0.0,1.1484,4,4,1,1,1,1,1,True,sub-STSWD1160,388800,8,388800.0,sub-STSWD1160
2632,0.0,0.68383,4,3,1,1,1,1,1,True,sub-STSWD1160,417284,8,417284.0,sub-STSWD1160
2633,1.0,0.68777,4,3,2,1,1,1,1,True,sub-STSWD1160,419716,8,419716.0,sub-STSWD1160
2634,1.0,0.56074,1,3,2,1,1,1,1,True,sub-STSWD1160,422148,8,422148.0,sub-STSWD1160
2635,1.0,0.68666,3,3,1,1,1,1,1,True,sub-STSWD1160,424580,8,424580.0,sub-STSWD1160
2636,1.0,0.8566,3,3,2,1,1,1,1,True,sub-STSWD1160,427012,8,427012.0,sub-STSWD1160
2637,0.0,1.3955,1,3,2,1,1,1,1,True,sub-STSWD1160,429444,8,429444.0,sub-STSWD1160
2638,1.0,1.0735,4,3,2,1,1,1,1,True,sub-STSWD1160,431876,8,431876.0,sub-STSWD1160
2639,0.0,0.93938,4,3,1,1,1,1,1,True,sub-STSWD1160,434308,8,434308.0,sub-STSWD1160
2640,1.0,0.79031,4,1,2,1,1,1,1,True,sub-STSWD1160,438788,8,438788.0,sub-STSWD1160
2641,1.0,0.46525,4,1,2,1,1,1,1,True,sub-STSWD1160,441220,8,441220.0,sub-STSWD1160
2642,1.0,0.45719,4,1,2,1,1,1,1,True,sub-STSWD1160,443652,8,443652.0,sub-STSWD1160
2643,1.0,0.41713,4,1,2,1,1,1,1,True,sub-STSWD1160,446084,8,446084.0,sub-STSWD1160
2644,1.0,0.51002,4,1,1,1,1,1,1,True,sub-STSWD1160,448516,8,448516.0,sub-STSWD1160
2645,1.0,0.82191,4,1,1,1,1,1,1,True,sub-STSWD1160,450948,8,450948.0,sub-STSWD1160
2646,0.0,0.55389,4,1,1,1,1,1,1,True,sub-STSWD1160,453380,8,453380.0,sub-STSWD1160
2647,0.0,0.39477,4,1,1,1,1,1,1,True,sub-STSWD1160,455812,8,455812.0,sub-STSWD1160
2648,1.0,0.47576,3,2,1,1,1,1,1,True,sub-STSWD1160,460292,8,460292.0,sub-STSWD1160
2649,1.0,1.0827,4,2,2,1,1,1,1,True,sub-STSWD1160,462724,8,462724.0,sub-STSWD1160
2650,1.0,1.0366,4,2,2,1,1,1,1,True,sub-STSWD1160,465156,8,465156.0,sub-STSWD1160
2651,1.0,1.2335,3,2,2,1,1,1,1,True,sub-STSWD1160,467588,8,467588.0,sub-STSWD1160
2652,1.0,1.4105,4,2,2,1,1,1,1,True,sub-STSWD1160,470020,8,470020.0,sub-STSWD1160
2653,1.0,1.4775,3,2,2,1,1,1,1,True,sub-STSWD1160,472452,8,472452.0,sub-STSWD1160
2654,1.0,0.57637,3,2,1,1,1,1,1,True,sub-STSWD1160,474884,8,474884.0,sub-STSWD1160
2655,0.0,0.70122,4,2,1,1,1,1,1,True,sub-STSWD1160,477316,8,477316.0,sub-STSWD1160
2656,1.0,0.6622,2,4,2,1,1,1,1,True,sub-STSWD1160,481796,8,481796.0,sub-STSWD1160
2657,1.0,1.1381,2,4,2,1,1,1,1,True,sub-STSWD1160,484228,8,484228.0,sub-STSWD1160
2658,0.0,1.1031,4,4,1,1,1,1,1,True,sub-STSWD1160,486660,8,486660.0,sub-STSWD1160
2659,0.0,0.75799,4,4,1,1,1,1,1,True,sub-STSWD1160,489092,8,489092.0,sub-STSWD1160
2660,1.0,1.0559,3,4,1,1,1,1,1,True,sub-STSWD1160,491524,8,491524.0,sub-STSWD1160
2661,1.0,1.2819,3,4,2,1,1,1,1,True,sub-STSWD1160,493956,8,493956.0,sub-STSWD1160
2662,1.0,0.7218,1,4,2,1,1,1,1,True,sub-STSWD1160,496388,8,496388.0,sub-STSWD1160
2663,1.0,0.88877,1,4,1,1,1,1,1,True,sub-STSWD1160,498820,8,498820.0,sub-STSWD1160
2664,1.0,0.9467,2,1,1,1,1,1,1,True,sub-STSWD1160,503300,8,503300.0,sub-STSWD1160
2665,1.0,0.55956,2,1,2,1,1,1,1,True,sub-STSWD1160,505732,8,505732.0,sub-STSWD1160
2666,1.0,0.6025,2,1,2,1,1,1,1,True,sub-STSWD1160,508164,8,508164.0,sub-STSWD1160
2667,1.0,0.50144,2,1,1,1,1,1,1,True,sub-STSWD1160,510595,8,510595.0,sub-STSWD1160
2668,1.0,0.62938,2,1,2,1,1,1,1,True,sub-STSWD1160,513027,8,513027.0,sub-STSWD1160
2669,1.0,0.5493,2,1,2,1,1,1,1,True,sub-STSWD1160,515459,8,515459.0,sub-STSWD1160
2670,1.0,0.30025,2,1,1,1,1,1,1,True,sub-STSWD1160,517891,8,517891.0,sub-STSWD1160
2671,1.0,0.34614,2,1,1,1,1,1,1,True,sub-STSWD1160,520323,8,520323.0,sub-STSWD1160
2672,1.0,0.81506,2,2,1,1,1,1,1,True,sub-STSWD1160,524803,8,524803.0,sub-STSWD1160
2673,1.0,0.61399,2,2,2,1,1,1,1,True,sub-STSWD1160,527235,8,527235.0,sub-STSWD1160
2674,0.0,1.005,1,2,1,1,1,1,1,True,sub-STSWD1160,529667,8,529667.0,sub-STSWD1160
2675,1.0,0.56086,2,2,2,1,1,1,1,True,sub-STSWD1160,532099,8,532099.0,sub-STSWD1160
2676,1.0,0.9388,1,2,2,1,1,1,1,True,sub-STSWD1160,534531,8,534531.0,sub-STSWD1160
2677,1.0,0.50974,2,2,2,1,1,1,1,True,sub-STSWD1160,536963,8,536963.0,sub-STSWD1160
2678,1.0,0.77967,1,2,2,1,1,1,1,True,sub-STSWD1160,539395,8,539395.0,sub-STSWD1160
2679,1.0,0.81867,1,2,2,1,1,1,1,True,sub-STSWD1160,541827,8,541827.0,sub-STSWD1160
2680,1.0,0.82749,3,4,1,1,1,1,1,True,sub-STSWD1160,546307,8,546307.0,sub-STSWD1160
2681,1.0,1.1394,3,4,2,1,1,1,1,True,sub-STSWD1160,548739,8,548739.0,sub-STSWD1160
2682,1.0,1.3734,1,4,1,1,1,1,1,True,sub-STSWD1160,551171,8,551171.0,sub-STSWD1160
2683,0.0,1.2833,4,4,1,1,1,1,1,True,sub-STSWD1160,553603,8,553603.0,sub-STSWD1160
2684,0.0,0.99624,1,4,2,1,1,1,1,True,sub-STSWD1160,556035,8,556035.0,sub-STSWD1160
2685,1.0,0.80518,2,4,2,1,1,1,1,True,sub-STSWD1160,558467,8,558467.0,sub-STSWD1160
2686,1.0,0.92319,2,4,2,1,1,1,1,True,sub-STSWD1160,560899,8,560899.0,sub-STSWD1160
2687,0.0,1.159,4,4,1,1,1,1,1,True,sub-STSWD1160,563331,8,563331.0,sub-STSWD1160
2688,1.0,0.93893,4,3,2,1,1,1,1,True,sub-STSWD1160,567811,8,567811.0,sub-STSWD1160
2689,1.0,1.0569,4,3,2,1,1,1,1,True,sub-STSWD1160,570243,8,570243.0,sub-STSWD1160
2690,1.0,0.9038,2,3,2,1,1,1,1,True,sub-STSWD1160,572675,8,572675.0,sub-STSWD1160
2691,1.0,1.4672,3,3,1,1,1,1,1,True,sub-STSWD1160,575107,8,575107.0,sub-STSWD1160
2692,1.0,1.0467,3,3,1,1,1,1,1,True,sub-STSWD1160,577539,8,577539.0,sub-STSWD1160
2693,1.0,1.1927,3,3,2,1,1,1,1,True,sub-STSWD1160,579971,8,579971.0,sub-STSWD1160
2694,1.0,0.91862,3,3,1,1,1,1,1,True,sub-STSWD1160,582403,8,582403.0,sub-STSWD1160
2695,1.0,0.70948,2,3,2,1,1,1,1,True,sub-STSWD1160,584835,8,584835.0,sub-STSWD1160
2696,1.0,0.73507,2,2,2,1,1,1,1,True,sub-STSWD1160,612909,8,612909.0,sub-STSWD1160
2697,1.0,0.89202,3,2,1,1,1,1,1,True,sub-STSWD1160,615341,8,615341.0,sub-STSWD1160
2698,1.0,1.4919,3,2,2,1,1,1,1,True,sub-STSWD1160,617773,8,617773.0,sub-STSWD1160
2699,1.0,0.73689,3,2,2,1,1,1,1,True,sub-STSWD1160,620205,8,620205.0,sub-STSWD1160
2700,1.0,0.82682,2,2,2,1,1,1,1,True,sub-STSWD1160,622637,8,622637.0,sub-STSWD1160
2701,1.0,0.64177,2,2,2,1,1,1,1,True,sub-STSWD1160,625069,8,625069.0,sub-STSWD1160
2702,1.0,0.8598,3,2,1,1,1,1,1,True,sub-STSWD1160,627501,8,627501.0,sub-STSWD1160
2703,1.0,0.74063,2,2,2,1,1,1,1,True,sub-STSWD1160,629933,8,629933.0,sub-STSWD1160
2704,0.0,0.90753,4,3,1,1,1,1,1,True,sub-STSWD1160,634413,8,634413.0,sub-STSWD1160
2705,1.0,0.77545,1,3,2,1,1,1,1,True,sub-STSWD1160,636845,8,636845.0,sub-STSWD1160
2706,1.0,0.64035,1,3,2,1,1,1,1,True,sub-STSWD1160,639277,8,639277.0,sub-STSWD1160
2707,1.0,0.82933,2,3,1,1,1,1,1,True,sub-STSWD1160,641709,8,641709.0,sub-STSWD1160
2708,1.0,1.0273,1,3,1,1,1,1,1,True,sub-STSWD1160,644141,8,644141.0,sub-STSWD1160
2709,1.0,0.58325,2,3,1,1,1,1,1,True,sub-STSWD1160,646573,8,646573.0,sub-STSWD1160
2710,1.0,0.63514,2,3,2,1,1,1,1,True,sub-STSWD1160,649005,8,649005.0,sub-STSWD1160
2711,1.0,1.1301,4,3,2,1,1,1,1,True,sub-STSWD1160,651437,8,651437.0,sub-STSWD1160
2712,1.0,0.46605,4,1,2,1,1,1,1,True,sub-STSWD1160,655917,8,655917.0,sub-STSWD1160
2713,1.0,0.43091,4,1,2,1,1,1,1,True,sub-STSWD1160,658349,8,658349.0,sub-STSWD1160
2714,1.0,0.49983,4,1,2,1,1,1,1,True,sub-STSWD1160,660781,8,660781.0,sub-STSWD1160
2715,1.0,0.60285,4,1,1,1,1,1,1,True,sub-STSWD1160,663213,8,663213.0,sub-STSWD1160
2716,0.0,0.4017,4,1,1,1,1,1,1,True,sub-STSWD1160,665645,8,665645.0,sub-STSWD1160
2717,1.0,0.61565,4,1,2,1,1,1,1,True,sub-STSWD1160,668077,8,668077.0,sub-STSWD1160
2718,0.0,0.74057,4,1,1,1,1,1,1,True,sub-STSWD1160,670509,8,670509.0,sub-STSWD1160
2719,0.0,0.68751,4,1,1,1,1,1,1,True,sub-STSWD1160,672941,8,672941.0,sub-STSWD1160
2720,1.0,0.91039,4,4,2,1,1,1,1,True,sub-STSWD1160,677421,8,677421.0,sub-STSWD1160
2721,0.0,1.2903,4,4,1,1,1,1,1,True,sub-STSWD1160,679853,8,679853.0,sub-STSWD1160
2722,1.0,0.64727,2,4,2,1,1,1,1,True,sub-STSWD1160,682285,8,682285.0,sub-STSWD1160
2723,1.0,0.60522,2,4,1,1,1,1,1,True,sub-STSWD1160,684717,8,684717.0,sub-STSWD1160
2724,1.0,1.0091,3,4,1,1,1,1,1,True,sub-STSWD1160,687149,8,687149.0,sub-STSWD1160
2725,1.0,0.66808,3,4,2,1,1,1,1,True,sub-STSWD1160,689581,8,689581.0,sub-STSWD1160
2726,1.0,0.9651,3,4,2,1,1,1,1,True,sub-STSWD1160,692013,8,692013.0,sub-STSWD1160
2727,1.0,0.95595,1,4,2,1,1,1,1,True,sub-STSWD1160,694445,8,694445.0,sub-STSWD1160
2728,1.0,1.0998,3,3,2,1,1,1,1,True,sub-STSWD1160,698925,8,698925.0,sub-STSWD1160
2729,1.0,0.63777,1,3,1,1,1,1,1,True,sub-STSWD1160,701357,8,701357.0,sub-STSWD1160
2730,1.0,0.61871,3,3,1,1,1,1,1,True,sub-STSWD1160,703789,8,703789.0,sub-STSWD1160
2731,1.0,1.1749,4,3,2,1,1,1,1,True,sub-STSWD1160,708653,8,708653.0,sub-STSWD1160
2732,0.0,0.99459,4,3,1,1,1,1,1,True,sub-STSWD1160,711085,8,711085.0,sub-STSWD1160
2733,1.0,1.4615,4,3,1,1,1,1,1,True,sub-STSWD1160,713516,8,713516.0,sub-STSWD1160
2734,0.0,1.2383,1,3,1,1,1,1,1,True,sub-STSWD1160,715948,8,715948.0,sub-STSWD1160
2735,1.0,0.96327,3,4,1,1,1,1,1,True,sub-STSWD1160,720428,8,720428.0,sub-STSWD1160
2736,1.0,0.94017,4,4,2,1,1,1,1,True,sub-STSWD1160,722860,8,722860.0,sub-STSWD1160
2737,1.0,0.94365,1,4,2,1,1,1,1,True,sub-STSWD1160,725292,8,725292.0,sub-STSWD1160
2738,1.0,0.65241,1,4,1,1,1,1,1,True,sub-STSWD1160,727724,8,727724.0,sub-STSWD1160
2739,1.0,0.54861,2,4,1,1,1,1,1,True,sub-STSWD1160,730156,8,730156.0,sub-STSWD1160
2740,1.0,0.63822,2,4,1,1,1,1,1,True,sub-STSWD1160,732588,8,732588.0,sub-STSWD1160
2741,1.0,1.0334,4,4,2,1,1,1,1,True,sub-STSWD1160,735020,8,735020.0,sub-STSWD1160
2742,1.0,0.89224,1,4,2,1,1,1,1,True,sub-STSWD1160,737452,8,737452.0,sub-STSWD1160
2743,1.0,0.53302,3,1,2,1,1,1,1,True,sub-STSWD1160,741932,8,741932.0,sub-STSWD1160
2744,1.0,0.39298,3,1,1,1,1,1,1,True,sub-STSWD1160,744364,8,744364.0,sub-STSWD1160
2745,1.0,0.30792,3,1,2,1,1,1,1,True,sub-STSWD1160,746796,8,746796.0,sub-STSWD1160
2746,1.0,0.32799,3,1,1,1,1,1,1,True,sub-STSWD1160,749228,8,749228.0,sub-STSWD1160
2747,1.0,0.45877,3,1,1,1,1,1,1,True,sub-STSWD1160,751660,8,751660.0,sub-STSWD1160
2748,1.0,0.64672,3,1,2,1,1,1,1,True,sub-STSWD1160,754092,8,754092.0,sub-STSWD1160
2749,0.0,1.0407,3,1,1,1,1,1,1,True,sub-STSWD1160,756524,8,756524.0,sub-STSWD1160
2750,1.0,0.3946,3,1,2,1,1,1,1,True,sub-STSWD1160,758956,8,758956.0,sub-STSWD1160
2751,1.0,0.57948,1,2,1,1,1,1,1,True,sub-STSWD1160,763436,8,763436.0,sub-STSWD1160
2752,1.0,0.72141,1,2,1,1,1,1,1,True,sub-STSWD1160,765868,8,765868.0,sub-STSWD1160
2753,1.0,0.49045,1,2,2,1,1,1,1,True,sub-STSWD1160,768300,8,768300.0,sub-STSWD1160
2754,1.0,0.54628,2,2,1,1,1,1,1,True,sub-STSWD1160,770732,8,770732.0,sub-STSWD1160
2755,1.0,0.53522,2,2,1,1,1,1,1,True,sub-STSWD1160,773164,8,773164.0,sub-STSWD1160
2756,1.0,0.64316,1,2,1,1,1,1,1,True,sub-STSWD1160,775596,8,775596.0,sub-STSWD1160
2757,1.0,0.57106,2,2,1,1,1,1,1,True,sub-STSWD1160,778028,8,778028.0,sub-STSWD1160
2758,1.0,0.64303,2,2,1,1,1,1,1,True,sub-STSWD1160,780460,8,780460.0,sub-STSWD1160
2759,0.0,1.2731,4,3,1,1,1,1,1,True,sub-STSWD1164,88609,8,88609.0,sub-STSWD1164
2760,1.0,0.902,4,3,2,1,1,1,1,True,sub-STSWD1164,91041,8,91041.0,sub-STSWD1164
2761,1.0,1.0371,4,3,2,1,1,1,1,True,sub-STSWD1164,93473,8,93473.0,sub-STSWD1164
2762,1.0,1.1509,1,3,1,1,1,1,1,True,sub-STSWD1164,95905,8,95905.0,sub-STSWD1164
2763,1.0,0.72489,1,3,1,1,1,1,1,True,sub-STSWD1164,98337,8,98337.0,sub-STSWD1164
2764,1.0,0.86388,4,3,2,1,1,1,1,True,sub-STSWD1164,100769,8,100769.0,sub-STSWD1164
2765,0.0,0.7488,4,3,1,1,1,1,1,True,sub-STSWD1164,103200,8,103200.0,sub-STSWD1164
2766,1.0,0.98369,3,3,1,1,1,1,1,True,sub-STSWD1164,105633,8,105633.0,sub-STSWD1164
2767,1.0,0.30972,4,1,1,1,1,1,1,True,sub-STSWD1164,110112,8,110112.0,sub-STSWD1164
2768,1.0,0.30253,4,1,2,1,1,1,1,True,sub-STSWD1164,112544,8,112544.0,sub-STSWD1164
2769,1.0,0.40251,4,1,1,1,1,1,1,True,sub-STSWD1164,114976,8,114976.0,sub-STSWD1164
2770,1.0,0.2534,4,1,1,1,1,1,1,True,sub-STSWD1164,117408,8,117408.0,sub-STSWD1164
2771,1.0,0.2863,4,1,1,1,1,1,1,True,sub-STSWD1164,119840,8,119840.0,sub-STSWD1164
2772,1.0,0.27221,4,1,2,1,1,1,1,True,sub-STSWD1164,124704,8,124704.0,sub-STSWD1164
2773,1.0,0.57201,2,2,1,1,1,1,1,True,sub-STSWD1164,131616,8,131616.0,sub-STSWD1164
2774,1.0,0.79499,3,2,1,1,1,1,1,True,sub-STSWD1164,134048,8,134048.0,sub-STSWD1164
2775,1.0,0.2709,2,2,1,1,1,1,1,True,sub-STSWD1164,136480,8,136480.0,sub-STSWD1164
2776,1.0,0.78679,2,2,2,1,1,1,1,True,sub-STSWD1164,138912,8,138912.0,sub-STSWD1164
2777,1.0,0.4097,3,2,1,1,1,1,1,True,sub-STSWD1164,141344,8,141344.0,sub-STSWD1164
2778,1.0,0.62273,3,2,2,1,1,1,1,True,sub-STSWD1164,143776,8,143776.0,sub-STSWD1164
2779,1.0,0.59465,3,2,2,1,1,1,1,True,sub-STSWD1164,146208,8,146208.0,sub-STSWD1164
2780,1.0,0.52357,2,2,2,1,1,1,1,True,sub-STSWD1164,148640,8,148640.0,sub-STSWD1164
2781,1.0,0.99448,3,4,2,1,1,1,1,True,sub-STSWD1164,153120,8,153120.0,sub-STSWD1164
2782,1.0,0.48652,2,4,1,1,1,1,1,True,sub-STSWD1164,155552,8,155552.0,sub-STSWD1164
2783,0.0,1.0854,1,4,1,1,1,1,1,True,sub-STSWD1164,157984,8,157984.0,sub-STSWD1164
2784,1.0,0.74229,2,4,2,1,1,1,1,True,sub-STSWD1164,160416,8,160416.0,sub-STSWD1164
2785,0.0,1.1632,4,4,1,1,1,1,1,True,sub-STSWD1164,162848,8,162848.0,sub-STSWD1164
2786,1.0,0.81617,4,4,2,1,1,1,1,True,sub-STSWD1164,165280,8,165280.0,sub-STSWD1164
2787,0.0,0.95212,4,4,1,1,1,1,1,True,sub-STSWD1164,167711,8,167711.0,sub-STSWD1164
2788,0.0,1.422,1,4,1,1,1,1,1,True,sub-STSWD1164,170143,8,170143.0,sub-STSWD1164
2789,1.0,0.27789,2,1,2,1,1,1,1,True,sub-STSWD1164,174623,8,174623.0,sub-STSWD1164
2790,1.0,0.25987,2,1,1,1,1,1,1,True,sub-STSWD1164,177055,8,177055.0,sub-STSWD1164
2791,1.0,0.27981,2,1,2,1,1,1,1,True,sub-STSWD1164,179487,8,179487.0,sub-STSWD1164
2792,1.0,0.28665,2,1,1,1,1,1,1,True,sub-STSWD1164,181919,8,181919.0,sub-STSWD1164
2793,1.0,0.36963,2,1,2,1,1,1,1,True,sub-STSWD1164,184351,8,184351.0,sub-STSWD1164
2794,1.0,0.30258,2,1,1,1,1,1,1,True,sub-STSWD1164,186783,8,186783.0,sub-STSWD1164
2795,1.0,0.3555,2,1,2,1,1,1,1,True,sub-STSWD1164,189215,8,189215.0,sub-STSWD1164
2796,1.0,0.30043,2,1,2,1,1,1,1,True,sub-STSWD1164,191647,8,191647.0,sub-STSWD1164
2797,1.0,0.93261,2,2,1,1,1,1,1,True,sub-STSWD1164,196127,8,196127.0,sub-STSWD1164
2798,1.0,0.60921,2,2,1,1,1,1,1,True,sub-STSWD1164,198559,8,198559.0,sub-STSWD1164
2799,1.0,0.59222,1,2,2,1,1,1,1,True,sub-STSWD1164,200991,8,200991.0,sub-STSWD1164
2800,1.0,0.86942,1,2,2,1,1,1,1,True,sub-STSWD1164,203423,8,203423.0,sub-STSWD1164
2801,1.0,0.48006,2,2,1,1,1,1,1,True,sub-STSWD1164,205855,8,205855.0,sub-STSWD1164
2802,1.0,0.59294,2,2,2,1,1,1,1,True,sub-STSWD1164,208287,8,208287.0,sub-STSWD1164
2803,1.0,0.59897,1,2,2,1,1,1,1,True,sub-STSWD1164,210719,8,210719.0,sub-STSWD1164
2804,1.0,0.63386,1,2,2,1,1,1,1,True,sub-STSWD1164,213151,8,213151.0,sub-STSWD1164
2805,0.0,1.1728,1,3,1,1,1,1,1,True,sub-STSWD1164,217631,8,217631.0,sub-STSWD1164
2806,1.0,0.57268,2,3,2,1,1,1,1,True,sub-STSWD1164,220063,8,220063.0,sub-STSWD1164
2807,1.0,0.83261,1,3,2,1,1,1,1,True,sub-STSWD1164,222495,8,222495.0,sub-STSWD1164
2808,1.0,0.6496,1,3,2,1,1,1,1,True,sub-STSWD1164,224927,8,224927.0,sub-STSWD1164
2809,1.0,1.2765,1,3,2,1,1,1,1,True,sub-STSWD1164,227359,8,227359.0,sub-STSWD1164
2810,1.0,0.71446,1,3,1,1,1,1,1,True,sub-STSWD1164,229791,8,229791.0,sub-STSWD1164
2811,1.0,0.63441,2,3,1,1,1,1,1,True,sub-STSWD1164,232223,8,232223.0,sub-STSWD1164
2812,1.0,0.85029,4,3,2,1,1,1,1,True,sub-STSWD1164,234655,8,234655.0,sub-STSWD1164
2813,1.0,1.1062,3,4,2,1,1,1,1,True,sub-STSWD1164,239135,8,239135.0,sub-STSWD1164
2814,1.0,0.90114,3,4,2,1,1,1,1,True,sub-STSWD1164,241567,8,241567.0,sub-STSWD1164
2815,1.0,1.051,3,4,1,1,1,1,1,True,sub-STSWD1164,243999,8,243999.0,sub-STSWD1164
2816,1.0,0.58498,1,4,2,1,1,1,1,True,sub-STSWD1164,246431,8,246431.0,sub-STSWD1164
2817,1.0,1.1829,1,4,2,1,1,1,1,True,sub-STSWD1164,248863,8,248863.0,sub-STSWD1164
2818,1.0,1.0288,4,4,2,1,1,1,1,True,sub-STSWD1164,251295,8,251295.0,sub-STSWD1164
2819,1.0,0.89875,2,4,2,1,1,1,1,True,sub-STSWD1164,253726,8,253726.0,sub-STSWD1164
2820,1.0,0.46272,2,4,1,1,1,1,1,True,sub-STSWD1164,256158,8,256158.0,sub-STSWD1164
2821,1.0,1.0659,4,2,2,1,1,1,1,True,sub-STSWD1164,287198,8,287198.0,sub-STSWD1164
2822,1.0,1.0548,4,2,2,1,1,1,1,True,sub-STSWD1164,289630,8,289630.0,sub-STSWD1164
2823,1.0,1.1328,3,2,1,1,1,1,1,True,sub-STSWD1164,292062,8,292062.0,sub-STSWD1164
2824,1.0,0.74163,3,2,1,1,1,1,1,True,sub-STSWD1164,294494,8,294494.0,sub-STSWD1164
2825,1.0,0.67869,4,2,1,1,1,1,1,True,sub-STSWD1164,296926,8,296926.0,sub-STSWD1164
2826,1.0,0.61563,3,2,2,1,1,1,1,True,sub-STSWD1164,299358,8,299358.0,sub-STSWD1164
2827,1.0,0.97257,4,2,2,1,1,1,1,True,sub-STSWD1164,301790,8,301790.0,sub-STSWD1164
2828,1.0,1.0584,3,2,1,1,1,1,1,True,sub-STSWD1164,304222,8,304222.0,sub-STSWD1164
2829,1.0,1.2173,4,3,1,1,1,1,1,True,sub-STSWD1164,308702,8,308702.0,sub-STSWD1164
2830,1.0,1.0843,3,3,2,1,1,1,1,True,sub-STSWD1164,311134,8,311134.0,sub-STSWD1164
2831,1.0,1.0032,3,3,2,1,1,1,1,True,sub-STSWD1164,313566,8,313566.0,sub-STSWD1164
2832,1.0,1.1441,3,3,2,1,1,1,1,True,sub-STSWD1164,315998,8,315998.0,sub-STSWD1164
2833,1.0,0.69111,2,3,1,1,1,1,1,True,sub-STSWD1164,318430,8,318430.0,sub-STSWD1164
2834,1.0,0.70505,3,3,1,1,1,1,1,True,sub-STSWD1164,320862,8,320862.0,sub-STSWD1164
2835,1.0,0.71695,2,3,1,1,1,1,1,True,sub-STSWD1164,323294,8,323294.0,sub-STSWD1164
2836,1.0,0.96001,4,3,2,1,1,1,1,True,sub-STSWD1164,325726,8,325726.0,sub-STSWD1164
2837,1.0,0.65481,2,4,2,1,1,1,1,True,sub-STSWD1164,330206,8,330206.0,sub-STSWD1164
2838,1.0,0.85769,2,4,1,1,1,1,1,True,sub-STSWD1164,332638,8,332638.0,sub-STSWD1164
2839,1.0,1.0136,1,4,1,1,1,1,1,True,sub-STSWD1164,335070,8,335070.0,sub-STSWD1164
2840,1.0,0.55658,2,4,2,1,1,1,1,True,sub-STSWD1164,337502,8,337502.0,sub-STSWD1164
2841,0.0,1.5145,3,4,1,1,1,1,1,True,sub-STSWD1164,339933,8,339933.0,sub-STSWD1164
2842,1.0,1.0325,4,4,1,1,1,1,1,True,sub-STSWD1164,342365,8,342365.0,sub-STSWD1164
2843,0.0,1.1404,4,4,1,1,1,1,1,True,sub-STSWD1164,344798,8,344798.0,sub-STSWD1164
2844,1.0,0.99731,1,4,1,1,1,1,1,True,sub-STSWD1164,347229,8,347229.0,sub-STSWD1164
2845,1.0,0.31227,4,1,2,1,1,1,1,True,sub-STSWD1164,351709,8,351709.0,sub-STSWD1164
2846,1.0,0.29004,4,1,1,1,1,1,1,True,sub-STSWD1164,356573,8,356573.0,sub-STSWD1164
2847,1.0,0.317,4,1,2,1,1,1,1,True,sub-STSWD1164,359005,8,359005.0,sub-STSWD1164
2848,1.0,0.69293,4,1,2,1,1,1,1,True,sub-STSWD1164,361437,8,361437.0,sub-STSWD1164
2849,1.0,0.28189,4,1,2,1,1,1,1,True,sub-STSWD1164,363869,8,363869.0,sub-STSWD1164
2850,1.0,0.48681,4,1,1,1,1,1,1,True,sub-STSWD1164,366301,8,366301.0,sub-STSWD1164
2851,0.0,0.6268,4,1,1,1,1,1,1,True,sub-STSWD1164,368733,8,368733.0,sub-STSWD1164
2852,1.0,0.87868,1,2,1,1,1,1,1,True,sub-STSWD1164,373213,8,373213.0,sub-STSWD1164
2853,1.0,0.72356,1,2,2,1,1,1,1,True,sub-STSWD1164,375645,8,375645.0,sub-STSWD1164
2854,1.0,0.82447,4,2,1,1,1,1,1,True,sub-STSWD1164,378077,8,378077.0,sub-STSWD1164
2855,1.0,0.96044,4,2,2,1,1,1,1,True,sub-STSWD1164,380509,8,380509.0,sub-STSWD1164
2856,1.0,0.91245,1,2,1,1,1,1,1,True,sub-STSWD1164,382941,8,382941.0,sub-STSWD1164
2857,1.0,1.1903,4,2,2,1,1,1,1,True,sub-STSWD1164,385373,8,385373.0,sub-STSWD1164
2858,1.0,0.59929,4,2,1,1,1,1,1,True,sub-STSWD1164,387805,8,387805.0,sub-STSWD1164
2859,0.0,1.0872,1,2,2,1,1,1,1,True,sub-STSWD1164,390237,8,390237.0,sub-STSWD1164
2860,1.0,0.36604,1,1,2,1,1,1,1,True,sub-STSWD1164,394717,8,394717.0,sub-STSWD1164
2861,1.0,0.42706,1,1,2,1,1,1,1,True,sub-STSWD1164,397149,8,397149.0,sub-STSWD1164
2862,1.0,0.36996,1,1,1,1,1,1,1,True,sub-STSWD1164,399581,8,399581.0,sub-STSWD1164
2863,1.0,0.47088,1,1,1,1,1,1,1,True,sub-STSWD1164,402013,8,402013.0,sub-STSWD1164
2864,1.0,0.88185,1,1,2,1,1,1,1,True,sub-STSWD1164,404445,8,404445.0,sub-STSWD1164
2865,1.0,0.50877,1,1,1,1,1,1,1,True,sub-STSWD1164,406877,8,406877.0,sub-STSWD1164
2866,1.0,0.36556,1,1,2,1,1,1,1,True,sub-STSWD1164,409309,8,409309.0,sub-STSWD1164
2867,1.0,0.26167,1,1,2,1,1,1,1,True,sub-STSWD1164,411741,8,411741.0,sub-STSWD1164
2868,1.0,0.6965,3,4,2,1,1,1,1,True,sub-STSWD1164,416221,8,416221.0,sub-STSWD1164
2869,1.0,0.91448,3,4,1,1,1,1,1,True,sub-STSWD1164,418653,8,418653.0,sub-STSWD1164
2870,1.0,0.88636,3,4,1,1,1,1,1,True,sub-STSWD1164,421085,8,421085.0,sub-STSWD1164
2871,1.0,0.75434,4,4,1,1,1,1,1,True,sub-STSWD1164,423517,8,423517.0,sub-STSWD1164
2872,1.0,1.0282,4,4,2,1,1,1,1,True,sub-STSWD1164,425949,8,425949.0,sub-STSWD1164
2873,1.0,0.71222,2,4,2,1,1,1,1,True,sub-STSWD1164,428381,8,428381.0,sub-STSWD1164
2874,1.0,0.53616,1,4,1,1,1,1,1,True,sub-STSWD1164,430813,8,430813.0,sub-STSWD1164
2875,1.0,1.1171,1,4,2,1,1,1,1,True,sub-STSWD1164,433245,8,433245.0,sub-STSWD1164
2876,1.0,1.134,4,3,1,1,1,1,1,True,sub-STSWD1164,437724,8,437724.0,sub-STSWD1164
2877,1.0,0.95089,4,3,2,1,1,1,1,True,sub-STSWD1164,440156,8,440156.0,sub-STSWD1164
2878,1.0,0.71581,2,3,1,1,1,1,1,True,sub-STSWD1164,442588,8,442588.0,sub-STSWD1164
2879,1.0,0.88078,1,3,1,1,1,1,1,True,sub-STSWD1164,445020,8,445020.0,sub-STSWD1164
2880,1.0,0.86059,1,3,1,1,1,1,1,True,sub-STSWD1164,447453,8,447453.0,sub-STSWD1164
2881,0.0,1.1106,1,3,2,1,1,1,1,True,sub-STSWD1164,449884,8,449884.0,sub-STSWD1164
2882,1.0,0.6026,2,3,2,1,1,1,1,True,sub-STSWD1164,452316,8,452316.0,sub-STSWD1164
2883,1.0,0.76747,4,3,1,1,1,1,1,True,sub-STSWD1164,454748,8,454748.0,sub-STSWD1164
2884,1.0,0.44105,1,2,1,1,1,1,1,True,sub-STSWD1164,483386,8,483386.0,sub-STSWD1164
2885,1.0,0.62603,1,2,1,1,1,1,1,True,sub-STSWD1164,485818,8,485818.0,sub-STSWD1164
2886,1.0,0.48899,2,2,1,1,1,1,1,True,sub-STSWD1164,488250,8,488250.0,sub-STSWD1164
2887,1.0,0.27688,2,2,2,1,1,1,1,True,sub-STSWD1164,490682,8,490682.0,sub-STSWD1164
2888,1.0,0.5098,1,2,1,1,1,1,1,True,sub-STSWD1164,493114,8,493114.0,sub-STSWD1164
2889,1.0,0.46997,2,2,1,1,1,1,1,True,sub-STSWD1164,495546,8,495546.0,sub-STSWD1164
2890,1.0,0.45368,1,2,2,1,1,1,1,True,sub-STSWD1164,497978,8,497978.0,sub-STSWD1164
2891,1.0,0.56464,2,2,1,1,1,1,1,True,sub-STSWD1164,500410,8,500410.0,sub-STSWD1164
2892,1.0,0.97952,1,4,2,1,1,1,1,True,sub-STSWD1164,504890,8,504890.0,sub-STSWD1164
2893,1.0,1.1594,4,4,2,1,1,1,1,True,sub-STSWD1164,507322,8,507322.0,sub-STSWD1164
2894,1.0,0.54341,2,4,1,1,1,1,1,True,sub-STSWD1164,509754,8,509754.0,sub-STSWD1164
2895,1.0,0.52234,2,4,2,1,1,1,1,True,sub-STSWD1164,512186,8,512186.0,sub-STSWD1164
2896,1.0,0.52128,2,4,1,1,1,1,1,True,sub-STSWD1164,514618,8,514618.0,sub-STSWD1164
2897,1.0,0.9143,3,4,2,1,1,1,1,True,sub-STSWD1164,517050,8,517050.0,sub-STSWD1164
2898,0.0,0.96051,3,4,1,1,1,1,1,True,sub-STSWD1164,519486,8,519486.0,sub-STSWD1164
2899,1.0,0.85842,3,4,1,1,1,1,1,True,sub-STSWD1164,521918,8,521918.0,sub-STSWD1164
2900,1.0,0.28727,1,1,1,1,1,1,1,True,sub-STSWD1164,526398,8,526398.0,sub-STSWD1164
2901,1.0,0.3312,1,1,2,1,1,1,1,True,sub-STSWD1164,528830,8,528830.0,sub-STSWD1164
2902,1.0,0.30411,1,1,2,1,1,1,1,True,sub-STSWD1164,533694,8,533694.0,sub-STSWD1164
2903,1.0,0.28106,1,1,2,1,1,1,1,True,sub-STSWD1164,536126,8,536126.0,sub-STSWD1164
2904,1.0,0.50799,1,1,1,1,1,1,1,True,sub-STSWD1164,538558,8,538558.0,sub-STSWD1164
2905,1.0,0.45187,1,1,1,1,1,1,1,True,sub-STSWD1164,540990,8,540990.0,sub-STSWD1164
2906,1.0,0.26495,1,1,1,1,1,1,1,True,sub-STSWD1164,543422,8,543422.0,sub-STSWD1164
2907,1.0,0.66474,2,3,2,1,1,1,1,True,sub-STSWD1164,547901,8,547901.0,sub-STSWD1164
2908,1.0,0.89455,4,3,2,1,1,1,1,True,sub-STSWD1164,550333,8,550333.0,sub-STSWD1164
2909,1.0,0.88559,4,3,1,1,1,1,1,True,sub-STSWD1164,552765,8,552765.0,sub-STSWD1164
2910,1.0,0.62961,2,3,2,1,1,1,1,True,sub-STSWD1164,555197,8,555197.0,sub-STSWD1164
2911,1.0,0.43443,3,3,1,1,1,1,1,True,sub-STSWD1164,557629,8,557629.0,sub-STSWD1164
2912,0.0,1.0244,3,3,1,1,1,1,1,True,sub-STSWD1164,560062,8,560062.0,sub-STSWD1164
2913,1.0,0.7293,3,3,1,1,1,1,1,True,sub-STSWD1164,562494,8,562494.0,sub-STSWD1164
2914,1.0,0.58224,3,3,2,1,1,1,1,True,sub-STSWD1164,564925,8,564925.0,sub-STSWD1164
2915,1.0,0.40112,3,1,1,1,1,1,1,True,sub-STSWD1164,569406,8,569406.0,sub-STSWD1164
2916,1.0,0.28103,3,1,2,1,1,1,1,True,sub-STSWD1164,571838,8,571838.0,sub-STSWD1164
2917,1.0,0.92888,3,1,2,1,1,1,1,True,sub-STSWD1164,576701,8,576701.0,sub-STSWD1164
2918,1.0,0.45285,3,1,2,1,1,1,1,True,sub-STSWD1164,579133,8,579133.0,sub-STSWD1164
2919,1.0,0.25572,3,1,2,1,1,1,1,True,sub-STSWD1164,581565,8,581565.0,sub-STSWD1164
2920,1.0,0.32273,3,1,2,1,1,1,1,True,sub-STSWD1164,583997,8,583997.0,sub-STSWD1164
2921,1.0,0.31368,3,1,2,1,1,1,1,True,sub-STSWD1164,586429,8,586429.0,sub-STSWD1164
2922,1.0,0.58463,2,4,1,1,1,1,1,True,sub-STSWD1164,590909,8,590909.0,sub-STSWD1164
2923,1.0,0.8166,4,4,2,1,1,1,1,True,sub-STSWD1164,593341,8,593341.0,sub-STSWD1164
2924,1.0,0.91242,4,4,1,1,1,1,1,True,sub-STSWD1164,595773,8,595773.0,sub-STSWD1164
2925,0.0,1.1034,1,4,2,1,1,1,1,True,sub-STSWD1164,598205,8,598205.0,sub-STSWD1164
2926,1.0,1.0073,3,4,2,1,1,1,1,True,sub-STSWD1164,600637,8,600637.0,sub-STSWD1164
2927,1.0,0.77628,1,4,2,1,1,1,1,True,sub-STSWD1164,603069,8,603069.0,sub-STSWD1164
2928,1.0,0.8052,1,4,1,1,1,1,1,True,sub-STSWD1164,605501,8,605501.0,sub-STSWD1164
2929,1.0,1.3261,4,4,1,1,1,1,1,True,sub-STSWD1164,607933,8,607933.0,sub-STSWD1164
2930,1.0,0.65799,2,3,1,1,1,1,1,True,sub-STSWD1164,612413,8,612413.0,sub-STSWD1164
2931,1.0,0.61492,2,3,2,1,1,1,1,True,sub-STSWD1164,614845,8,614845.0,sub-STSWD1164
2932,1.0,0.52988,2,3,2,1,1,1,1,True,sub-STSWD1164,617277,8,617277.0,sub-STSWD1164
2933,1.0,0.91711,1,3,2,1,1,1,1,True,sub-STSWD1164,619709,8,619709.0,sub-STSWD1164
2934,1.0,1.0537,3,3,1,1,1,1,1,True,sub-STSWD1164,622141,8,622141.0,sub-STSWD1164
2935,1.0,0.71968,3,3,1,1,1,1,1,True,sub-STSWD1164,624573,8,624573.0,sub-STSWD1164
2936,1.0,0.65464,2,3,2,1,1,1,1,True,sub-STSWD1164,627005,8,627005.0,sub-STSWD1164
2937,1.0,0.55566,2,3,1,1,1,1,1,True,sub-STSWD1164,629437,8,629437.0,sub-STSWD1164
2938,1.0,0.79148,4,2,1,1,1,1,1,True,sub-STSWD1164,633917,8,633917.0,sub-STSWD1164
2939,1.0,1.0104,4,2,2,1,1,1,1,True,sub-STSWD1164,636349,8,636349.0,sub-STSWD1164
2940,1.0,0.95135,3,2,2,1,1,1,1,True,sub-STSWD1164,638781,8,638781.0,sub-STSWD1164
2941,0.0,0.82428,3,2,1,1,1,1,1,True,sub-STSWD1164,641213,8,641213.0,sub-STSWD1164
2942,0.0,0.96719,4,2,1,1,1,1,1,True,sub-STSWD1164,643645,8,643645.0,sub-STSWD1164
2943,1.0,0.6441,4,2,1,1,1,1,1,True,sub-STSWD1164,646077,8,646077.0,sub-STSWD1164
2944,1.0,1.0609,3,2,1,1,1,1,1,True,sub-STSWD1164,648509,8,648509.0,sub-STSWD1164
2945,0.0,0.934,3,2,1,1,1,1,1,True,sub-STSWD1164,650941,8,650941.0,sub-STSWD1164
2946,1.0,0.40757,3,1,1,1,1,1,1,True,sub-STSWD1164,681063,8,681063.0,sub-STSWD1164
2947,1.0,0.37649,3,1,2,1,1,1,1,True,sub-STSWD1164,683495,8,683495.0,sub-STSWD1164
2948,1.0,0.26042,3,1,1,1,1,1,1,True,sub-STSWD1164,685927,8,685927.0,sub-STSWD1164
2949,0.0,1.0723,3,1,1,1,1,1,1,True,sub-STSWD1164,688359,8,688359.0,sub-STSWD1164
2950,1.0,0.3662,3,1,1,1,1,1,1,True,sub-STSWD1164,693223,8,693223.0,sub-STSWD1164
2951,1.0,0.37216,3,1,2,1,1,1,1,True,sub-STSWD1164,695655,8,695655.0,sub-STSWD1164
2952,1.0,0.32912,3,1,1,1,1,1,1,True,sub-STSWD1164,698087,8,698087.0,sub-STSWD1164
2953,1.0,1.0293,1,2,1,1,1,1,1,True,sub-STSWD1164,702567,8,702567.0,sub-STSWD1164
2954,1.0,0.41081,3,2,2,1,1,1,1,True,sub-STSWD1164,704999,8,704999.0,sub-STSWD1164
2955,1.0,0.42082,3,2,2,1,1,1,1,True,sub-STSWD1164,707431,8,707431.0,sub-STSWD1164
2956,1.0,0.47075,3,2,2,1,1,1,1,True,sub-STSWD1164,709863,8,709863.0,sub-STSWD1164
2957,1.0,0.74965,1,2,1,1,1,1,1,True,sub-STSWD1164,712295,8,712295.0,sub-STSWD1164
2958,1.0,0.70364,3,2,2,1,1,1,1,True,sub-STSWD1164,714727,8,714727.0,sub-STSWD1164
2959,1.0,0.6266,1,2,1,1,1,1,1,True,sub-STSWD1164,717159,8,717159.0,sub-STSWD1164
2960,1.0,0.78746,1,2,2,1,1,1,1,True,sub-STSWD1164,719591,8,719591.0,sub-STSWD1164
2961,1.0,0.71167,2,4,2,1,1,1,1,True,sub-STSWD1164,724075,8,724075.0,sub-STSWD1164
2962,1.0,0.57069,2,4,1,1,1,1,1,True,sub-STSWD1164,726507,8,726507.0,sub-STSWD1164
2963,1.0,0.79763,1,4,2,1,1,1,1,True,sub-STSWD1164,728939,8,728939.0,sub-STSWD1164
2964,1.0,1.1895,4,4,2,1,1,1,1,True,sub-STSWD1164,731371,8,731371.0,sub-STSWD1164
2965,0.0,1.2927,4,4,1,1,1,1,1,True,sub-STSWD1164,733803,8,733803.0,sub-STSWD1164
2966,1.0,0.73239,4,4,2,1,1,1,1,True,sub-STSWD1164,736235,8,736235.0,sub-STSWD1164
2967,1.0,0.80233,1,4,1,1,1,1,1,True,sub-STSWD1164,738666,8,738666.0,sub-STSWD1164
2968,1.0,1.1693,3,4,1,1,1,1,1,True,sub-STSWD1164,741099,8,741099.0,sub-STSWD1164
2969,1.0,1.0261,4,3,1,1,1,1,1,True,sub-STSWD1164,745578,8,745578.0,sub-STSWD1164
2970,0.0,0.87008,1,3,2,1,1,1,1,True,sub-STSWD1164,748010,8,748010.0,sub-STSWD1164
2971,1.0,0.91001,3,3,2,1,1,1,1,True,sub-STSWD1164,750442,8,750442.0,sub-STSWD1164
2972,1.0,0.63901,4,3,1,1,1,1,1,True,sub-STSWD1164,752874,8,752874.0,sub-STSWD1164
2973,1.0,0.86384,4,3,2,1,1,1,1,True,sub-STSWD1164,755306,8,755306.0,sub-STSWD1164
2974,1.0,0.9018,1,3,1,1,1,1,1,True,sub-STSWD1164,757738,8,757738.0,sub-STSWD1164
2975,1.0,0.79769,3,3,2,1,1,1,1,True,sub-STSWD1164,760170,8,760170.0,sub-STSWD1164
2976,1.0,0.79873,3,3,2,1,1,1,1,True,sub-STSWD1164,762602,8,762602.0,sub-STSWD1164
2977,1.0,0.66493,3,4,2,1,1,1,1,True,sub-STSWD1164,767082,8,767082.0,sub-STSWD1164
2978,0.0,1.1475,3,4,1,1,1,1,1,True,sub-STSWD1164,769514,8,769514.0,sub-STSWD1164
2979,1.0,0.60849,3,4,2,1,1,1,1,True,sub-STSWD1164,771946,8,771946.0,sub-STSWD1164
2980,1.0,0.64543,2,4,2,1,1,1,1,True,sub-STSWD1164,774378,8,774378.0,sub-STSWD1164
2981,1.0,0.82236,2,4,1,1,1,1,1,True,sub-STSWD1164,776810,8,776810.0,sub-STSWD1164
2982,1.0,1.0392,1,4,1,1,1,1,1,True,sub-STSWD1164,779242,8,779242.0,sub-STSWD1164
2983,1.0,1.1402,4,4,2,1,1,1,1,True,sub-STSWD1164,781674,8,781674.0,sub-STSWD1164
2984,0.0,0.71109,1,4,2,1,1,1,1,True,sub-STSWD1164,784106,8,784106.0,sub-STSWD1164
2985,1.0,0.56106,2,2,2,1,1,1,1,True,sub-STSWD1164,788586,8,788586.0,sub-STSWD1164
2986,1.0,0.43735,4,2,2,1,1,1,1,True,sub-STSWD1164,791018,8,791018.0,sub-STSWD1164
2987,1.0,0.49713,4,2,1,1,1,1,1,True,sub-STSWD1164,793450,8,793450.0,sub-STSWD1164
2988,1.0,0.46312,4,2,2,1,1,1,1,True,sub-STSWD1164,795882,8,795882.0,sub-STSWD1164
2989,1.0,0.5061,2,2,2,1,1,1,1,True,sub-STSWD1164,798314,8,798314.0,sub-STSWD1164
2990,1.0,0.28475,2,2,2,1,1,1,1,True,sub-STSWD1164,800746,8,800746.0,sub-STSWD1164
2991,0.0,0.95363,4,2,1,1,1,1,1,True,sub-STSWD1164,803178,8,803178.0,sub-STSWD1164
2992,1.0,0.79552,2,2,2,1,1,1,1,True,sub-STSWD1164,805610,8,805610.0,sub-STSWD1164
2993,1.0,0.34375,2,1,2,1,1,1,1,True,sub-STSWD1164,810090,8,810090.0,sub-STSWD1164
2994,1.0,0.25771,2,1,1,1,1,1,1,True,sub-STSWD1164,817386,8,817386.0,sub-STSWD1164
2995,1.0,0.37858,2,1,1,1,1,1,1,True,sub-STSWD1164,819818,8,819818.0,sub-STSWD1164
2996,1.0,0.29738,2,1,2,1,1,1,1,True,sub-STSWD1164,822250,8,822250.0,sub-STSWD1164
2997,1.0,0.32012,2,1,1,1,1,1,1,True,sub-STSWD1164,824682,8,824682.0,sub-STSWD1164
2998,1.0,0.42514,2,1,2,1,1,1,1,True,sub-STSWD1164,827114,8,827114.0,sub-STSWD1164
2999,1.0,0.59321,2,3,1,1,1,1,1,True,sub-STSWD1164,831594,8,831594.0,sub-STSWD1164
3000,1.0,0.4372,2,3,1,1,1,1,1,True,sub-STSWD1164,834026,8,834026.0,sub-STSWD1164
3001,1.0,0.68876,1,3,1,1,1,1,1,True,sub-STSWD1164,836458,8,836458.0,sub-STSWD1164
3002,1.0,0.77307,1,3,2,1,1,1,1,True,sub-STSWD1164,838890,8,838890.0,sub-STSWD1164
3003,1.0,0.764,3,3,1,1,1,1,1,True,sub-STSWD1164,841322,8,841322.0,sub-STSWD1164
3004,1.0,0.75058,1,3,2,1,1,1,1,True,sub-STSWD1164,843754,8,843754.0,sub-STSWD1164
3005,1.0,0.86874,3,3,2,1,1,1,1,True,sub-STSWD1164,846186,8,846186.0,sub-STSWD1164
3006,1.0,0.59674,2,3,2,1,1,1,1,True,sub-STSWD1164,848618,8,848618.0,sub-STSWD1164
3007,1.0,0.6849,1,1,2,1,1,1,1,True,sub-STSWD1167,19455,8,19455.0,sub-STSWD1167
3008,1.0,0.4068,1,1,1,1,1,1,1,True,sub-STSWD1167,21887,8,21887.0,sub-STSWD1167
3009,1.0,0.39983,1,1,1,1,1,1,1,True,sub-STSWD1167,24319,8,24319.0,sub-STSWD1167
3010,1.0,0.55166,1,1,1,1,1,1,1,True,sub-STSWD1167,26751,8,26751.0,sub-STSWD1167
3011,1.0,0.31267,1,1,2,1,1,1,1,True,sub-STSWD1167,29183,8,29183.0,sub-STSWD1167
3012,1.0,0.52271,1,1,2,1,1,1,1,True,sub-STSWD1167,31615,8,31615.0,sub-STSWD1167
3013,1.0,0.93054,1,1,2,1,1,1,1,True,sub-STSWD1167,34047,8,34047.0,sub-STSWD1167
3014,1.0,0.34145,1,1,1,1,1,1,1,True,sub-STSWD1167,36479,8,36479.0,sub-STSWD1167
3015,1.0,0.94037,4,3,1,1,1,1,1,True,sub-STSWD1167,40959,8,40959.0,sub-STSWD1167
3016,0.0,0.53231,1,3,1,1,1,1,1,True,sub-STSWD1167,43391,8,43391.0,sub-STSWD1167
3017,1.0,0.80524,1,3,2,1,1,1,1,True,sub-STSWD1167,45823,8,45823.0,sub-STSWD1167
3018,1.0,0.50019,1,3,2,1,1,1,1,True,sub-STSWD1167,48255,8,48255.0,sub-STSWD1167
3019,1.0,0.58721,2,3,1,1,1,1,1,True,sub-STSWD1167,50687,8,50687.0,sub-STSWD1167
3020,1.0,0.46904,2,3,2,1,1,1,1,True,sub-STSWD1167,53119,8,53119.0,sub-STSWD1167
3021,1.0,1.011,1,3,2,1,1,1,1,True,sub-STSWD1167,55551,8,55551.0,sub-STSWD1167
3022,1.0,0.76891,1,3,2,1,1,1,1,True,sub-STSWD1167,57982,8,57982.0,sub-STSWD1167
3023,1.0,0.81084,3,2,2,1,1,1,1,True,sub-STSWD1167,62462,8,62462.0,sub-STSWD1167
3024,1.0,1.2097,4,2,2,1,1,1,1,True,sub-STSWD1167,64894,8,64894.0,sub-STSWD1167
3025,1.0,0.9416,3,2,2,1,1,1,1,True,sub-STSWD1167,67326,8,67326.0,sub-STSWD1167
3026,1.0,1.0516,4,2,1,1,1,1,1,True,sub-STSWD1167,69758,8,69758.0,sub-STSWD1167
3027,1.0,1.1645,4,2,2,1,1,1,1,True,sub-STSWD1167,72190,8,72190.0,sub-STSWD1167
3028,0.0,0.91043,4,2,1,1,1,1,1,True,sub-STSWD1167,74622,8,74622.0,sub-STSWD1167
3029,0.0,1.3884,3,2,1,1,1,1,1,True,sub-STSWD1167,77054,8,77054.0,sub-STSWD1167
3030,1.0,1.0343,3,2,2,1,1,1,1,True,sub-STSWD1167,79486,8,79486.0,sub-STSWD1167
3031,1.0,0.77523,1,4,1,1,1,1,1,True,sub-STSWD1167,83966,8,83966.0,sub-STSWD1167
3032,0.0,0.73312,3,4,2,1,1,1,1,True,sub-STSWD1167,86398,8,86398.0,sub-STSWD1167
3033,1.0,0.55702,3,4,2,1,1,1,1,True,sub-STSWD1167,88830,8,88830.0,sub-STSWD1167
3034,1.0,0.54504,3,4,1,1,1,1,1,True,sub-STSWD1167,91262,8,91262.0,sub-STSWD1167
3035,0.0,1.095,1,4,1,1,1,1,1,True,sub-STSWD1167,93694,8,93694.0,sub-STSWD1167
3036,0.0,0.76589,4,4,1,1,1,1,1,True,sub-STSWD1167,96126,8,96126.0,sub-STSWD1167
3037,1.0,0.95711,4,4,2,1,1,1,1,True,sub-STSWD1167,98558,8,98558.0,sub-STSWD1167
3038,1.0,0.82077,2,4,1,1,1,1,1,True,sub-STSWD1167,100990,8,100990.0,sub-STSWD1167
3039,1.0,0.90364,1,2,1,1,1,1,1,True,sub-STSWD1167,105470,8,105470.0,sub-STSWD1167
3040,1.0,0.42056,1,2,2,1,1,1,1,True,sub-STSWD1167,107902,8,107902.0,sub-STSWD1167
3041,1.0,0.71057,2,2,2,1,1,1,1,True,sub-STSWD1167,110334,8,110334.0,sub-STSWD1167
3042,1.0,0.67133,1,2,2,1,1,1,1,True,sub-STSWD1167,112766,8,112766.0,sub-STSWD1167
3043,1.0,0.61942,2,2,1,1,1,1,1,True,sub-STSWD1167,115198,8,115198.0,sub-STSWD1167
3044,1.0,0.83034,2,2,1,1,1,1,1,True,sub-STSWD1167,117630,8,117630.0,sub-STSWD1167
3045,1.0,0.79426,2,2,2,1,1,1,1,True,sub-STSWD1167,120062,8,120062.0,sub-STSWD1167
3046,1.0,0.50821,1,2,2,1,1,1,1,True,sub-STSWD1167,122494,8,122494.0,sub-STSWD1167
3047,1.0,0.9501,4,4,2,1,1,1,1,True,sub-STSWD1167,126974,8,126974.0,sub-STSWD1167
3048,1.0,0.65602,4,4,2,1,1,1,1,True,sub-STSWD1167,129406,8,129406.0,sub-STSWD1167
3049,1.0,0.79597,1,4,1,1,1,1,1,True,sub-STSWD1167,131838,8,131838.0,sub-STSWD1167
3050,1.0,0.96085,3,4,1,1,1,1,1,True,sub-STSWD1167,134270,8,134270.0,sub-STSWD1167
3051,1.0,1.4408,1,4,1,1,1,1,1,True,sub-STSWD1167,136701,8,136701.0,sub-STSWD1167
3052,1.0,0.62273,2,4,1,1,1,1,1,True,sub-STSWD1167,139133,8,139133.0,sub-STSWD1167
3053,1.0,0.53771,2,4,1,1,1,1,1,True,sub-STSWD1167,141565,8,141565.0,sub-STSWD1167
3054,1.0,0.57064,2,4,1,1,1,1,1,True,sub-STSWD1167,143997,8,143997.0,sub-STSWD1167
3055,1.0,0.37349,2,3,2,1,1,1,1,True,sub-STSWD1167,148477,8,148477.0,sub-STSWD1167
3056,1.0,0.49346,3,3,1,1,1,1,1,True,sub-STSWD1167,150909,8,150909.0,sub-STSWD1167
3057,1.0,0.58435,3,3,1,1,1,1,1,True,sub-STSWD1167,153341,8,153341.0,sub-STSWD1167
3058,1.0,0.74331,3,3,2,1,1,1,1,True,sub-STSWD1167,155773,8,155773.0,sub-STSWD1167
3059,0.0,1.1632,4,3,1,1,1,1,1,True,sub-STSWD1167,158205,8,158205.0,sub-STSWD1167
3060,1.0,0.99915,3,3,2,1,1,1,1,True,sub-STSWD1167,160637,8,160637.0,sub-STSWD1167
3061,1.0,1.2791,3,3,2,1,1,1,1,True,sub-STSWD1167,163069,8,163069.0,sub-STSWD1167
3062,1.0,0.66401,3,3,1,1,1,1,1,True,sub-STSWD1167,165501,8,165501.0,sub-STSWD1167
3063,1.0,0.35988,1,1,1,1,1,1,1,True,sub-STSWD1167,169981,8,169981.0,sub-STSWD1167
3064,1.0,0.42082,1,1,2,1,1,1,1,True,sub-STSWD1167,172413,8,172413.0,sub-STSWD1167
3065,1.0,0.64183,1,1,2,1,1,1,1,True,sub-STSWD1167,174845,8,174845.0,sub-STSWD1167
3066,1.0,0.28312,1,1,1,1,1,1,1,True,sub-STSWD1167,177282,8,177282.0,sub-STSWD1167
3067,1.0,0.40105,1,1,1,1,1,1,1,True,sub-STSWD1167,179714,8,179714.0,sub-STSWD1167
3068,1.0,0.62498,1,1,2,1,1,1,1,True,sub-STSWD1167,182145,8,182145.0,sub-STSWD1167
3069,1.0,0.42689,1,1,1,1,1,1,1,True,sub-STSWD1167,184577,8,184577.0,sub-STSWD1167
3070,1.0,0.82483,1,1,2,1,1,1,1,True,sub-STSWD1167,187009,8,187009.0,sub-STSWD1167
3071,1.0,1.3471,1,2,2,1,1,1,1,True,sub-STSWD1167,214862,8,214862.0,sub-STSWD1167
3072,1.0,0.67599,3,2,1,1,1,1,1,True,sub-STSWD1167,217294,8,217294.0,sub-STSWD1167
3073,1.0,0.67893,3,2,1,1,1,1,1,True,sub-STSWD1167,219726,8,219726.0,sub-STSWD1167
3074,0.0,1.3539,1,2,1,1,1,1,1,True,sub-STSWD1167,222158,8,222158.0,sub-STSWD1167
3075,1.0,1.4228,1,2,1,1,1,1,1,True,sub-STSWD1167,224590,8,224590.0,sub-STSWD1167
3076,1.0,1.4808,3,2,2,1,1,1,1,True,sub-STSWD1167,227022,8,227022.0,sub-STSWD1167
3077,1.0,0.72468,3,2,1,1,1,1,1,True,sub-STSWD1167,229454,8,229454.0,sub-STSWD1167
3078,1.0,0.8176,1,2,2,1,1,1,1,True,sub-STSWD1167,231886,8,231886.0,sub-STSWD1167
3079,1.0,0.7565,1,4,1,1,1,1,1,True,sub-STSWD1167,236366,8,236366.0,sub-STSWD1167
3080,1.0,0.70348,1,4,2,1,1,1,1,True,sub-STSWD1167,238798,8,238798.0,sub-STSWD1167
3081,1.0,0.96036,3,4,1,1,1,1,1,True,sub-STSWD1167,241229,8,241229.0,sub-STSWD1167
3082,1.0,1.0103,3,4,1,1,1,1,1,True,sub-STSWD1167,243661,8,243661.0,sub-STSWD1167
3083,1.0,1.0762,3,4,2,1,1,1,1,True,sub-STSWD1167,246093,8,246093.0,sub-STSWD1167
3084,1.0,0.79317,2,4,1,1,1,1,1,True,sub-STSWD1167,248525,8,248525.0,sub-STSWD1167
3085,1.0,0.76515,2,4,1,1,1,1,1,True,sub-STSWD1167,250957,8,250957.0,sub-STSWD1167
3086,1.0,0.99109,4,4,2,1,1,1,1,True,sub-STSWD1167,253389,8,253389.0,sub-STSWD1167
3087,1.0,0.69893,3,1,2,1,1,1,1,True,sub-STSWD1167,257869,8,257869.0,sub-STSWD1167
3088,1.0,0.66691,3,1,1,1,1,1,1,True,sub-STSWD1167,260301,8,260301.0,sub-STSWD1167
3089,1.0,0.50581,3,1,1,1,1,1,1,True,sub-STSWD1167,262733,8,262733.0,sub-STSWD1167
3090,1.0,1.0759,3,1,1,1,1,1,1,True,sub-STSWD1167,265165,8,265165.0,sub-STSWD1167
3091,1.0,0.31359,3,1,2,1,1,1,1,True,sub-STSWD1167,267597,8,267597.0,sub-STSWD1167
3092,1.0,1.0346,3,1,2,1,1,1,1,True,sub-STSWD1167,270029,8,270029.0,sub-STSWD1167
3093,1.0,0.58549,3,1,1,1,1,1,1,True,sub-STSWD1167,272461,8,272461.0,sub-STSWD1167
3094,1.0,0.63352,3,1,2,1,1,1,1,True,sub-STSWD1167,274893,8,274893.0,sub-STSWD1167
3095,1.0,1.2463,2,3,1,1,1,1,1,True,sub-STSWD1167,279373,8,279373.0,sub-STSWD1167
3096,1.0,1.0103,4,3,2,1,1,1,1,True,sub-STSWD1167,281805,8,281805.0,sub-STSWD1167
3097,1.0,0.74727,3,3,2,1,1,1,1,True,sub-STSWD1167,284237,8,284237.0,sub-STSWD1167
3098,1.0,0.57321,4,3,2,1,1,1,1,True,sub-STSWD1167,286669,8,286669.0,sub-STSWD1167
3099,1.0,0.61023,4,3,2,1,1,1,1,True,sub-STSWD1167,289101,8,289101.0,sub-STSWD1167
3100,1.0,0.78199,2,3,2,1,1,1,1,True,sub-STSWD1167,291533,8,291533.0,sub-STSWD1167
3101,1.0,1.1569,2,3,1,1,1,1,1,True,sub-STSWD1167,293965,8,293965.0,sub-STSWD1167
3102,1.0,0.67883,3,3,1,1,1,1,1,True,sub-STSWD1167,296397,8,296397.0,sub-STSWD1167
3103,1.0,0.72913,4,1,2,1,1,1,1,True,sub-STSWD1167,300881,8,300881.0,sub-STSWD1167
3104,0.0,0.78702,4,1,1,1,1,1,1,True,sub-STSWD1167,303313,8,303313.0,sub-STSWD1167
3105,0.0,0.50191,4,1,1,1,1,1,1,True,sub-STSWD1167,305745,8,305745.0,sub-STSWD1167
3106,1.0,0.65492,4,1,2,1,1,1,1,True,sub-STSWD1167,308177,8,308177.0,sub-STSWD1167
3107,1.0,0.54292,4,1,2,1,1,1,1,True,sub-STSWD1167,310609,8,310609.0,sub-STSWD1167
3108,0.0,1.1478,4,1,1,1,1,1,1,True,sub-STSWD1167,313041,8,313041.0,sub-STSWD1167
3109,1.0,0.64776,4,1,2,1,1,1,1,True,sub-STSWD1167,315473,8,315473.0,sub-STSWD1167
3110,0.0,1.2297,4,1,2,1,1,1,1,True,sub-STSWD1167,317905,8,317905.0,sub-STSWD1167
3111,1.0,0.6706,1,2,1,1,1,1,1,True,sub-STSWD1167,322385,8,322385.0,sub-STSWD1167
3112,1.0,0.69859,4,2,2,1,1,1,1,True,sub-STSWD1167,324817,8,324817.0,sub-STSWD1167
3113,1.0,0.98442,4,2,2,1,1,1,1,True,sub-STSWD1167,327249,8,327249.0,sub-STSWD1167
3114,1.0,1.0823,4,2,1,1,1,1,1,True,sub-STSWD1167,329681,8,329681.0,sub-STSWD1167
3115,1.0,1.0273,1,2,1,1,1,1,1,True,sub-STSWD1167,332113,8,332113.0,sub-STSWD1167
3116,1.0,0.96732,1,2,2,1,1,1,1,True,sub-STSWD1167,334545,8,334545.0,sub-STSWD1167
3117,1.0,1.1462,4,2,2,1,1,1,1,True,sub-STSWD1167,336977,8,336977.0,sub-STSWD1167
3118,1.0,0.77115,1,2,1,1,1,1,1,True,sub-STSWD1167,339409,8,339409.0,sub-STSWD1167
3119,1.0,0.61099,1,4,2,1,1,1,1,True,sub-STSWD1167,343888,8,343888.0,sub-STSWD1167
3120,1.0,0.72987,4,4,2,1,1,1,1,True,sub-STSWD1167,346320,8,346320.0,sub-STSWD1167
3121,1.0,0.8649,2,4,2,1,1,1,1,True,sub-STSWD1167,348752,8,348752.0,sub-STSWD1167
3122,1.0,0.57081,2,4,2,1,1,1,1,True,sub-STSWD1167,351185,8,351185.0,sub-STSWD1167
3123,1.0,0.99502,3,4,1,1,1,1,1,True,sub-STSWD1167,353616,8,353616.0,sub-STSWD1167
3124,1.0,1.1067,4,4,1,1,1,1,1,True,sub-STSWD1167,356048,8,356048.0,sub-STSWD1167
3125,1.0,1.3326,4,4,2,1,1,1,1,True,sub-STSWD1167,358480,8,358480.0,sub-STSWD1167
3126,1.0,1.4365,1,4,2,1,1,1,1,True,sub-STSWD1167,360912,8,360912.0,sub-STSWD1167
3127,0.0,0.75342,4,3,1,1,1,1,1,True,sub-STSWD1167,365392,8,365392.0,sub-STSWD1167
3128,0.0,1.4203,4,3,1,1,1,1,1,True,sub-STSWD1167,367824,8,367824.0,sub-STSWD1167
3129,1.0,1.1133,4,3,2,1,1,1,1,True,sub-STSWD1167,370256,8,370256.0,sub-STSWD1167
3130,1.0,0.76527,1,3,1,1,1,1,1,True,sub-STSWD1167,372688,8,372688.0,sub-STSWD1167
3131,1.0,0.9022,3,3,2,1,1,1,1,True,sub-STSWD1167,375120,8,375120.0,sub-STSWD1167
3132,1.0,0.7091,3,3,1,1,1,1,1,True,sub-STSWD1167,377552,8,377552.0,sub-STSWD1167
3133,0.0,1.006,4,3,1,1,1,1,1,True,sub-STSWD1167,379984,8,379984.0,sub-STSWD1167
3134,1.0,0.72398,1,3,2,1,1,1,1,True,sub-STSWD1167,382416,8,382416.0,sub-STSWD1167
3135,1.0,0.35793,2,1,2,1,1,1,1,True,sub-STSWD1167,411276,8,411276.0,sub-STSWD1167
3136,1.0,0.51386,2,1,2,1,1,1,1,True,sub-STSWD1167,413708,8,413708.0,sub-STSWD1167
3137,1.0,0.43371,2,1,1,1,1,1,1,True,sub-STSWD1167,416140,8,416140.0,sub-STSWD1167
3138,1.0,0.52273,2,1,2,1,1,1,1,True,sub-STSWD1167,418572,8,418572.0,sub-STSWD1167
3139,1.0,0.28365,2,1,1,1,1,1,1,True,sub-STSWD1167,421003,8,421003.0,sub-STSWD1167
3140,1.0,0.53157,2,1,2,1,1,1,1,True,sub-STSWD1167,423435,8,423435.0,sub-STSWD1167
3141,1.0,0.55451,2,1,2,1,1,1,1,True,sub-STSWD1167,425867,8,425867.0,sub-STSWD1167
3142,1.0,0.28745,2,1,1,1,1,1,1,True,sub-STSWD1167,428299,8,428299.0,sub-STSWD1167
3143,1.0,0.54027,2,4,1,1,1,1,1,True,sub-STSWD1167,432779,8,432779.0,sub-STSWD1167
3144,1.0,0.4283,2,4,2,1,1,1,1,True,sub-STSWD1167,435212,8,435212.0,sub-STSWD1167
3145,1.0,1.1292,4,4,1,1,1,1,1,True,sub-STSWD1167,437643,8,437643.0,sub-STSWD1167
3146,1.0,0.65912,1,4,1,1,1,1,1,True,sub-STSWD1167,440076,8,440076.0,sub-STSWD1167
3147,1.0,0.84809,3,4,1,1,1,1,1,True,sub-STSWD1167,442507,8,442507.0,sub-STSWD1167
3148,1.0,0.65304,3,4,1,1,1,1,1,True,sub-STSWD1167,444940,8,444940.0,sub-STSWD1167
3149,1.0,0.62989,2,4,2,1,1,1,1,True,sub-STSWD1167,447371,8,447371.0,sub-STSWD1167
3150,1.0,0.7239,1,4,2,1,1,1,1,True,sub-STSWD1167,449803,8,449803.0,sub-STSWD1167
3151,1.0,0.5847,2,2,2,1,1,1,1,True,sub-STSWD1167,454283,8,454283.0,sub-STSWD1167
3152,0.0,1.0047,4,2,1,1,1,1,1,True,sub-STSWD1167,456715,8,456715.0,sub-STSWD1167
3153,1.0,0.78966,2,2,1,1,1,1,1,True,sub-STSWD1167,459147,8,459147.0,sub-STSWD1167
3154,1.0,0.98658,4,2,2,1,1,1,1,True,sub-STSWD1167,461579,8,461579.0,sub-STSWD1167
3155,0.0,1.0605,4,2,1,1,1,1,1,True,sub-STSWD1167,464011,8,464011.0,sub-STSWD1167
3156,1.0,0.60748,4,2,2,1,1,1,1,True,sub-STSWD1167,466443,8,466443.0,sub-STSWD1167
3157,1.0,0.56537,2,2,2,1,1,1,1,True,sub-STSWD1167,468875,8,468875.0,sub-STSWD1167
3158,1.0,0.87825,2,2,1,1,1,1,1,True,sub-STSWD1167,471307,8,471307.0,sub-STSWD1167
3159,1.0,0.62318,2,3,1,1,1,1,1,True,sub-STSWD1167,475787,8,475787.0,sub-STSWD1167
3160,1.0,0.47309,2,3,1,1,1,1,1,True,sub-STSWD1167,478219,8,478219.0,sub-STSWD1167
3161,1.0,0.6251,2,3,2,1,1,1,1,True,sub-STSWD1167,480651,8,480651.0,sub-STSWD1167
3162,1.0,0.543,1,3,1,1,1,1,1,True,sub-STSWD1167,483083,8,483083.0,sub-STSWD1167
3163,1.0,0.64714,3,3,2,1,1,1,1,True,sub-STSWD1167,485515,8,485515.0,sub-STSWD1167
3164,1.0,0.49288,2,3,2,1,1,1,1,True,sub-STSWD1167,487947,8,487947.0,sub-STSWD1167
3165,1.0,0.48376,2,3,2,1,1,1,1,True,sub-STSWD1167,490379,8,490379.0,sub-STSWD1167
3166,1.0,0.61669,3,3,2,1,1,1,1,True,sub-STSWD1167,492811,8,492811.0,sub-STSWD1167
3167,1.0,0.91066,2,4,1,1,1,1,1,True,sub-STSWD1167,497291,8,497291.0,sub-STSWD1167
3168,1.0,0.79454,4,4,2,1,1,1,1,True,sub-STSWD1167,499723,8,499723.0,sub-STSWD1167
3169,0.0,0.57848,4,4,1,1,1,1,1,True,sub-STSWD1167,502155,8,502155.0,sub-STSWD1167
3170,0.0,0.55244,4,4,1,1,1,1,1,True,sub-STSWD1167,504587,8,504587.0,sub-STSWD1167
3171,1.0,0.74372,3,4,1,1,1,1,1,True,sub-STSWD1167,507023,8,507023.0,sub-STSWD1167
3172,1.0,0.71959,3,4,2,1,1,1,1,True,sub-STSWD1167,509455,8,509455.0,sub-STSWD1167
3173,1.0,0.6226,1,4,2,1,1,1,1,True,sub-STSWD1167,511887,8,511887.0,sub-STSWD1167
3174,1.0,0.56154,1,4,2,1,1,1,1,True,sub-STSWD1167,514320,8,514320.0,sub-STSWD1167
3175,1.0,0.41538,2,1,1,1,1,1,1,True,sub-STSWD1167,518799,8,518799.0,sub-STSWD1167
3176,1.0,0.45053,2,1,1,1,1,1,1,True,sub-STSWD1167,521231,8,521231.0,sub-STSWD1167
3177,1.0,0.50029,2,1,1,1,1,1,1,True,sub-STSWD1167,523663,8,523663.0,sub-STSWD1167
3178,1.0,0.79924,2,1,1,1,1,1,1,True,sub-STSWD1167,526095,8,526095.0,sub-STSWD1167
3179,1.0,0.53009,2,1,2,1,1,1,1,True,sub-STSWD1167,528527,8,528527.0,sub-STSWD1167
3180,1.0,0.59911,2,1,2,1,1,1,1,True,sub-STSWD1167,530959,8,530959.0,sub-STSWD1167
3181,1.0,0.32114,2,1,1,1,1,1,1,True,sub-STSWD1167,533391,8,533391.0,sub-STSWD1167
3182,1.0,0.47993,2,1,2,1,1,1,1,True,sub-STSWD1167,535823,8,535823.0,sub-STSWD1167
3183,1.0,0.66185,2,2,1,1,1,1,1,True,sub-STSWD1167,540303,8,540303.0,sub-STSWD1167
3184,1.0,0.50289,2,2,2,1,1,1,1,True,sub-STSWD1167,542735,8,542735.0,sub-STSWD1167
3185,1.0,0.55869,3,2,1,1,1,1,1,True,sub-STSWD1167,545167,8,545167.0,sub-STSWD1167
3186,1.0,0.30266,3,2,2,1,1,1,1,True,sub-STSWD1167,547599,8,547599.0,sub-STSWD1167
3187,1.0,0.59448,3,2,2,1,1,1,1,True,sub-STSWD1167,550031,8,550031.0,sub-STSWD1167
3188,1.0,0.44955,2,2,2,1,1,1,1,True,sub-STSWD1167,552463,8,552463.0,sub-STSWD1167
3189,1.0,0.64543,3,2,1,1,1,1,1,True,sub-STSWD1167,554895,8,554895.0,sub-STSWD1167
3190,1.0,0.6974,2,2,2,1,1,1,1,True,sub-STSWD1167,557327,8,557327.0,sub-STSWD1167
3191,1.0,0.71929,1,3,1,1,1,1,1,True,sub-STSWD1167,561807,8,561807.0,sub-STSWD1167
3192,1.0,0.74737,3,3,1,1,1,1,1,True,sub-STSWD1167,564238,8,564238.0,sub-STSWD1167
3193,1.0,1.0402,4,3,2,1,1,1,1,True,sub-STSWD1167,566671,8,566671.0,sub-STSWD1167
3194,1.0,0.5921,4,3,1,1,1,1,1,True,sub-STSWD1167,569102,8,569102.0,sub-STSWD1167
3195,1.0,0.66803,4,3,1,1,1,1,1,True,sub-STSWD1167,571534,8,571534.0,sub-STSWD1167
3196,1.0,0.68496,4,3,2,1,1,1,1,True,sub-STSWD1167,573966,8,573966.0,sub-STSWD1167
3197,1.0,0.93085,1,3,1,1,1,1,1,True,sub-STSWD1167,576399,8,576399.0,sub-STSWD1167
3198,1.0,0.7048,3,3,1,1,1,1,1,True,sub-STSWD1167,578830,8,578830.0,sub-STSWD1167
3199,1.0,0.55949,1,2,2,1,1,1,1,True,sub-STSWD1167,614128,8,614128.0,sub-STSWD1167
3200,1.0,0.56348,2,2,1,1,1,1,1,True,sub-STSWD1167,616560,8,616560.0,sub-STSWD1167
3201,1.0,0.58141,2,2,1,1,1,1,1,True,sub-STSWD1167,618992,8,618992.0,sub-STSWD1167
3202,1.0,0.49431,2,2,1,1,1,1,1,True,sub-STSWD1167,621424,8,621424.0,sub-STSWD1167
3203,1.0,0.50332,1,2,1,1,1,1,1,True,sub-STSWD1167,623856,8,623856.0,sub-STSWD1167
3204,1.0,0.53926,2,2,2,1,1,1,1,True,sub-STSWD1167,626288,8,626288.0,sub-STSWD1167
3205,1.0,0.80515,1,2,1,1,1,1,1,True,sub-STSWD1167,628720,8,628720.0,sub-STSWD1167
3206,1.0,0.50809,1,2,2,1,1,1,1,True,sub-STSWD1167,631152,8,631152.0,sub-STSWD1167
3207,1.0,0.88335,4,1,1,1,1,1,1,True,sub-STSWD1167,635636,8,635636.0,sub-STSWD1167
3208,1.0,0.26825,4,1,1,1,1,1,1,True,sub-STSWD1167,638068,8,638068.0,sub-STSWD1167
3209,1.0,0.83621,4,1,2,1,1,1,1,True,sub-STSWD1167,640500,8,640500.0,sub-STSWD1167
3210,1.0,0.68007,4,1,1,1,1,1,1,True,sub-STSWD1167,642932,8,642932.0,sub-STSWD1167
3211,1.0,0.83802,4,1,1,1,1,1,1,True,sub-STSWD1167,645364,8,645364.0,sub-STSWD1167
3212,0.0,0.68694,4,1,1,1,1,1,1,True,sub-STSWD1167,647796,8,647796.0,sub-STSWD1167
3213,1.0,0.46494,4,1,2,1,1,1,1,True,sub-STSWD1167,650228,8,650228.0,sub-STSWD1167
3214,1.0,0.42186,4,1,2,1,1,1,1,True,sub-STSWD1167,652660,8,652660.0,sub-STSWD1167
3215,0.0,0.75274,4,4,1,1,1,1,1,True,sub-STSWD1167,657140,8,657140.0,sub-STSWD1167
3216,1.0,0.51668,2,4,2,1,1,1,1,True,sub-STSWD1167,659572,8,659572.0,sub-STSWD1167
3217,1.0,0.51457,2,4,2,1,1,1,1,True,sub-STSWD1167,662004,8,662004.0,sub-STSWD1167
3218,1.0,0.56352,1,4,2,1,1,1,1,True,sub-STSWD1167,664436,8,664436.0,sub-STSWD1167
3219,1.0,0.87144,3,4,2,1,1,1,1,True,sub-STSWD1167,666868,8,666868.0,sub-STSWD1167
3220,1.0,0.56641,3,4,2,1,1,1,1,True,sub-STSWD1167,669300,8,669300.0,sub-STSWD1167
3221,1.0,0.61335,1,4,1,1,1,1,1,True,sub-STSWD1167,671732,8,671732.0,sub-STSWD1167
3222,1.0,0.54326,2,4,2,1,1,1,1,True,sub-STSWD1167,674164,8,674164.0,sub-STSWD1167
3223,1.0,0.73018,2,3,1,1,1,1,1,True,sub-STSWD1167,678644,8,678644.0,sub-STSWD1167
3224,0.0,0.8281,4,3,1,1,1,1,1,True,sub-STSWD1167,681076,8,681076.0,sub-STSWD1167
3225,1.0,0.66113,1,3,1,1,1,1,1,True,sub-STSWD1167,683508,8,683508.0,sub-STSWD1167
3226,1.0,0.52694,2,3,1,1,1,1,1,True,sub-STSWD1167,685940,8,685940.0,sub-STSWD1167
3227,1.0,0.41592,1,3,2,1,1,1,1,True,sub-STSWD1167,688371,8,688371.0,sub-STSWD1167
3228,1.0,0.57486,1,3,2,1,1,1,1,True,sub-STSWD1167,690803,8,690803.0,sub-STSWD1167
3229,1.0,0.69179,4,3,2,1,1,1,1,True,sub-STSWD1167,693235,8,693235.0,sub-STSWD1167
3230,1.0,0.80572,4,3,2,1,1,1,1,True,sub-STSWD1167,695667,8,695667.0,sub-STSWD1167
3231,1.0,1.0556,3,4,2,1,1,1,1,True,sub-STSWD1167,700147,8,700147.0,sub-STSWD1167
3232,1.0,0.66554,3,4,2,1,1,1,1,True,sub-STSWD1167,702579,8,702579.0,sub-STSWD1167
3233,0.0,0.78152,4,4,1,1,1,1,1,True,sub-STSWD1167,705011,8,705011.0,sub-STSWD1167
3234,0.0,1.0984,4,4,1,1,1,1,1,True,sub-STSWD1167,707443,8,707443.0,sub-STSWD1167
3235,1.0,0.79939,4,4,2,1,1,1,1,True,sub-STSWD1167,709875,8,709875.0,sub-STSWD1167
3236,1.0,0.65129,1,4,1,1,1,1,1,True,sub-STSWD1167,712307,8,712307.0,sub-STSWD1167
3237,1.0,0.74927,1,4,2,1,1,1,1,True,sub-STSWD1167,714739,8,714739.0,sub-STSWD1167
3238,1.0,0.42616,2,4,2,1,1,1,1,True,sub-STSWD1167,717171,8,717171.0,sub-STSWD1167
3239,1.0,0.55006,3,1,1,1,1,1,1,True,sub-STSWD1167,721651,8,721651.0,sub-STSWD1167
3240,1.0,0.25999,3,1,2,1,1,1,1,True,sub-STSWD1167,724083,8,724083.0,sub-STSWD1167
3241,1.0,0.42092,3,1,1,1,1,1,1,True,sub-STSWD1167,726515,8,726515.0,sub-STSWD1167
3242,1.0,0.38286,3,1,1,1,1,1,1,True,sub-STSWD1167,728947,8,728947.0,sub-STSWD1167
3243,0.0,0.66912,3,1,2,1,1,1,1,True,sub-STSWD1167,731379,8,731379.0,sub-STSWD1167
3244,1.0,0.41873,3,1,2,1,1,1,1,True,sub-STSWD1167,733811,8,733811.0,sub-STSWD1167
3245,1.0,0.2757,3,1,2,1,1,1,1,True,sub-STSWD1167,736243,8,736243.0,sub-STSWD1167
3246,1.0,0.34659,3,1,1,1,1,1,1,True,sub-STSWD1167,738675,8,738675.0,sub-STSWD1167
3247,1.0,0.82084,1,3,2,1,1,1,1,True,sub-STSWD1167,743155,8,743155.0,sub-STSWD1167
3248,1.0,0.50542,1,3,1,1,1,1,1,True,sub-STSWD1167,745587,8,745587.0,sub-STSWD1167
3249,1.0,0.71339,3,3,1,1,1,1,1,True,sub-STSWD1167,748019,8,748019.0,sub-STSWD1167
3250,1.0,0.90228,2,3,1,1,1,1,1,True,sub-STSWD1167,750451,8,750451.0,sub-STSWD1167
3251,1.0,0.46922,2,3,2,1,1,1,1,True,sub-STSWD1167,752883,8,752883.0,sub-STSWD1167
3252,1.0,0.53213,2,3,2,1,1,1,1,True,sub-STSWD1167,755315,8,755315.0,sub-STSWD1167
3253,1.0,0.55442,1,3,1,1,1,1,1,True,sub-STSWD1167,757747,8,757747.0,sub-STSWD1167
3254,1.0,1.3045,3,3,2,1,1,1,1,True,sub-STSWD1167,760179,8,760179.0,sub-STSWD1167
3255,0.0,0.51225,3,2,1,1,1,1,1,True,sub-STSWD1167,764659,8,764659.0,sub-STSWD1167
3256,1.0,0.94117,4,2,2,1,1,1,1,True,sub-STSWD1167,767091,8,767091.0,sub-STSWD1167
3257,0.0,0.57812,4,2,1,1,1,1,1,True,sub-STSWD1167,769523,8,769523.0,sub-STSWD1167
3258,1.0,0.65509,3,2,2,1,1,1,1,True,sub-STSWD1167,771955,8,771955.0,sub-STSWD1167
3259,0.0,0.92302,4,2,1,1,1,1,1,True,sub-STSWD1167,774387,8,774387.0,sub-STSWD1167
3260,0.0,0.54897,4,2,1,1,1,1,1,True,sub-STSWD1167,776819,8,776819.0,sub-STSWD1167
3261,1.0,1.0339,3,2,1,1,1,1,1,True,sub-STSWD1167,779251,8,779251.0,sub-STSWD1167
3262,1.0,0.6448,3,2,2,1,1,1,1,True,sub-STSWD1167,781683,8,781683.0,sub-STSWD1167
3263,1.0,0.50628,3,1,1,1,1,1,1,True,sub-STSWD1169,79198,8,79198.0,sub-STSWD1169
3264,1.0,0.60121,3,1,1,1,1,1,1,True,sub-STSWD1169,81629,8,81629.0,sub-STSWD1169
3265,0.0,0.52214,3,1,1,1,1,1,1,True,sub-STSWD1169,84061,8,84061.0,sub-STSWD1169
3266,1.0,0.652,3,1,2,1,1,1,1,True,sub-STSWD1169,86493,8,86493.0,sub-STSWD1169
3267,0.0,0.38624,3,1,2,1,1,1,1,True,sub-STSWD1169,88925,8,88925.0,sub-STSWD1169
3268,1.0,0.32496,3,1,1,1,1,1,1,True,sub-STSWD1169,91357,8,91357.0,sub-STSWD1169
3269,1.0,0.50288,3,1,2,1,1,1,1,True,sub-STSWD1169,93789,8,93789.0,sub-STSWD1169
3270,1.0,0.49784,3,1,2,1,1,1,1,True,sub-STSWD1169,96221,8,96221.0,sub-STSWD1169
3271,1.0,1.1627,1,4,2,1,1,1,1,True,sub-STSWD1169,100701,8,100701.0,sub-STSWD1169
3272,0.0,1.1746,3,4,1,1,1,1,1,True,sub-STSWD1169,103133,8,103133.0,sub-STSWD1169
3273,1.0,1.0796,3,4,1,1,1,1,1,True,sub-STSWD1169,105565,8,105565.0,sub-STSWD1169
3274,1.0,1.6125,1,4,2,1,1,1,1,True,sub-STSWD1169,107997,8,107997.0,sub-STSWD1169
3275,1.0,1.0984,2,4,1,1,1,1,1,True,sub-STSWD1169,110429,8,110429.0,sub-STSWD1169
3276,1.0,0.51439,2,4,2,1,1,1,1,True,sub-STSWD1169,112861,8,112861.0,sub-STSWD1169
3277,1.0,1.3203,4,4,2,1,1,1,1,True,sub-STSWD1169,115293,8,115293.0,sub-STSWD1169
3278,1.0,0.69925,2,4,1,1,1,1,1,True,sub-STSWD1169,117725,8,117725.0,sub-STSWD1169
3279,1.0,0.82106,1,2,1,1,1,1,1,True,sub-STSWD1169,124637,8,124637.0,sub-STSWD1169
3280,1.0,0.60827,2,2,2,1,1,1,1,True,sub-STSWD1169,127069,8,127069.0,sub-STSWD1169
3281,1.0,0.59894,1,2,1,1,1,1,1,True,sub-STSWD1169,129501,8,129501.0,sub-STSWD1169
3282,1.0,0.48693,2,2,2,1,1,1,1,True,sub-STSWD1169,131933,8,131933.0,sub-STSWD1169
3283,1.0,1.1327,2,2,1,1,1,1,1,True,sub-STSWD1169,134365,8,134365.0,sub-STSWD1169
3284,1.0,0.75975,1,2,2,1,1,1,1,True,sub-STSWD1169,136797,8,136797.0,sub-STSWD1169
3285,1.0,0.5297,1,2,1,1,1,1,1,True,sub-STSWD1169,139229,8,139229.0,sub-STSWD1169
3286,1.0,0.70757,2,3,2,1,1,1,1,True,sub-STSWD1169,143709,8,143709.0,sub-STSWD1169
3287,1.0,0.59556,2,3,2,1,1,1,1,True,sub-STSWD1169,146141,8,146141.0,sub-STSWD1169
3288,1.0,1.4224,3,3,2,1,1,1,1,True,sub-STSWD1169,148573,8,148573.0,sub-STSWD1169
3289,1.0,1.6174,4,3,2,1,1,1,1,True,sub-STSWD1169,151005,8,151005.0,sub-STSWD1169
3290,0.0,1.2613,4,3,1,1,1,1,1,True,sub-STSWD1169,153437,8,153437.0,sub-STSWD1169
3291,1.0,1.3312,3,3,2,1,1,1,1,True,sub-STSWD1169,155869,8,155869.0,sub-STSWD1169
3292,1.0,0.73913,3,3,1,1,1,1,1,True,sub-STSWD1169,158301,8,158301.0,sub-STSWD1169
3293,1.0,0.70508,3,3,1,1,1,1,1,True,sub-STSWD1169,160732,8,160732.0,sub-STSWD1169
3294,1.0,0.75096,2,4,2,1,1,1,1,True,sub-STSWD1169,165212,8,165212.0,sub-STSWD1169
3295,1.0,1.5119,1,4,1,1,1,1,1,True,sub-STSWD1169,167644,8,167644.0,sub-STSWD1169
3296,1.0,0.92377,1,4,2,1,1,1,1,True,sub-STSWD1169,170076,8,170076.0,sub-STSWD1169
3297,0.0,0.7968,4,4,1,1,1,1,1,True,sub-STSWD1169,172508,8,172508.0,sub-STSWD1169
3298,1.0,1.2297,4,4,2,1,1,1,1,True,sub-STSWD1169,174940,8,174940.0,sub-STSWD1169
3299,1.0,0.6426,4,4,2,1,1,1,1,True,sub-STSWD1169,177372,8,177372.0,sub-STSWD1169
3300,1.0,1.2426,3,4,2,1,1,1,1,True,sub-STSWD1169,179804,8,179804.0,sub-STSWD1169
3301,0.0,0.82455,3,4,2,1,1,1,1,True,sub-STSWD1169,182236,8,182236.0,sub-STSWD1169
3302,0.0,0.86739,1,2,2,1,1,1,1,True,sub-STSWD1169,186716,8,186716.0,sub-STSWD1169
3303,1.0,0.78354,1,2,1,1,1,1,1,True,sub-STSWD1169,189148,8,189148.0,sub-STSWD1169
3304,0.0,0.6313,4,2,1,1,1,1,1,True,sub-STSWD1169,191580,8,191580.0,sub-STSWD1169
3305,1.0,0.83319,4,2,2,1,1,1,1,True,sub-STSWD1169,194012,8,194012.0,sub-STSWD1169
3306,1.0,0.90717,4,2,1,1,1,1,1,True,sub-STSWD1169,196444,8,196444.0,sub-STSWD1169
3307,1.0,0.8941,1,2,1,1,1,1,1,True,sub-STSWD1169,198876,8,198876.0,sub-STSWD1169
3308,1.0,1.012,4,2,1,1,1,1,1,True,sub-STSWD1169,201308,8,201308.0,sub-STSWD1169
3309,1.0,1.066,1,2,1,1,1,1,1,True,sub-STSWD1169,203740,8,203740.0,sub-STSWD1169
3310,1.0,0.26788,2,1,1,1,1,1,1,True,sub-STSWD1169,208220,8,208220.0,sub-STSWD1169
3311,1.0,0.3028,2,1,2,1,1,1,1,True,sub-STSWD1169,210652,8,210652.0,sub-STSWD1169
3312,1.0,0.30869,2,1,2,1,1,1,1,True,sub-STSWD1169,213084,8,213084.0,sub-STSWD1169
3313,1.0,0.31257,2,1,1,1,1,1,1,True,sub-STSWD1169,215516,8,215516.0,sub-STSWD1169
3314,1.0,0.39556,2,1,1,1,1,1,1,True,sub-STSWD1169,217948,8,217948.0,sub-STSWD1169
3315,1.0,0.40855,2,1,2,1,1,1,1,True,sub-STSWD1169,220380,8,220380.0,sub-STSWD1169
3316,1.0,0.38447,2,1,2,1,1,1,1,True,sub-STSWD1169,222812,8,222812.0,sub-STSWD1169
3317,1.0,0.2884,2,1,1,1,1,1,1,True,sub-STSWD1169,225244,8,225244.0,sub-STSWD1169
3318,1.0,0.86529,2,3,1,1,1,1,1,True,sub-STSWD1169,229724,8,229724.0,sub-STSWD1169
3319,1.0,0.67523,2,3,2,1,1,1,1,True,sub-STSWD1169,232156,8,232156.0,sub-STSWD1169
3320,1.0,0.65113,2,3,2,1,1,1,1,True,sub-STSWD1169,234588,8,234588.0,sub-STSWD1169
3321,,,1,3,1,1,1,1,1,True,sub-STSWD1169,237020,8,,sub-STSWD1169
3322,1.0,0.75003,1,3,1,1,1,1,1,True,sub-STSWD1169,239452,8,239452.0,sub-STSWD1169
3323,1.0,0.91492,2,3,1,1,1,1,1,True,sub-STSWD1169,241884,8,241884.0,sub-STSWD1169
3324,1.0,0.63085,2,3,1,1,1,1,1,True,sub-STSWD1169,244316,8,244316.0,sub-STSWD1169
3325,1.0,0.94474,3,3,1,1,1,1,1,True,sub-STSWD1169,246748,8,246748.0,sub-STSWD1169
3326,1.0,0.62636,2,2,1,1,1,1,1,True,sub-STSWD1169,277932,8,277932.0,sub-STSWD1169
3327,1.0,0.53724,2,2,1,1,1,1,1,True,sub-STSWD1169,280364,8,280364.0,sub-STSWD1169
3328,0.0,0.83717,4,2,1,1,1,1,1,True,sub-STSWD1169,282796,8,282796.0,sub-STSWD1169
3329,1.0,0.78751,4,2,2,1,1,1,1,True,sub-STSWD1169,285228,8,285228.0,sub-STSWD1169
3330,1.0,0.74609,2,2,1,1,1,1,1,True,sub-STSWD1169,287660,8,287660.0,sub-STSWD1169
3331,0.0,0.75399,4,2,1,1,1,1,1,True,sub-STSWD1169,290092,8,290092.0,sub-STSWD1169
3332,1.0,1.061,4,2,1,1,1,1,1,True,sub-STSWD1169,292524,8,292524.0,sub-STSWD1169
3333,1.0,0.61483,2,2,2,1,1,1,1,True,sub-STSWD1169,294956,8,294956.0,sub-STSWD1169
3334,1.0,0.58678,2,3,2,1,1,1,1,True,sub-STSWD1169,299436,8,299436.0,sub-STSWD1169
3335,1.0,1.1526,3,3,1,1,1,1,1,True,sub-STSWD1169,301868,8,301868.0,sub-STSWD1169
3336,1.0,0.71855,2,3,1,1,1,1,1,True,sub-STSWD1169,306732,8,306732.0,sub-STSWD1169
3337,1.0,0.64853,2,3,2,1,1,1,1,True,sub-STSWD1169,309164,8,309164.0,sub-STSWD1169
3338,0.0,1.3035,3,3,2,1,1,1,1,True,sub-STSWD1169,311596,8,311596.0,sub-STSWD1169
3339,1.0,1.0344,3,3,2,1,1,1,1,True,sub-STSWD1169,314028,8,314028.0,sub-STSWD1169
3340,1.0,0.85228,1,3,1,1,1,1,1,True,sub-STSWD1169,316460,8,316460.0,sub-STSWD1169
3341,1.0,0.59221,1,1,1,1,1,1,1,True,sub-STSWD1169,320940,8,320940.0,sub-STSWD1169
3342,1.0,0.54115,1,1,2,1,1,1,1,True,sub-STSWD1169,323372,8,323372.0,sub-STSWD1169
3343,0.0,0.53709,1,1,2,1,1,1,1,True,sub-STSWD1169,325804,8,325804.0,sub-STSWD1169
3344,1.0,0.69703,1,1,1,1,1,1,1,True,sub-STSWD1169,328236,8,328236.0,sub-STSWD1169
3345,1.0,0.38286,1,1,2,1,1,1,1,True,sub-STSWD1169,330668,8,330668.0,sub-STSWD1169
3346,1.0,0.38489,1,1,1,1,1,1,1,True,sub-STSWD1169,333100,8,333100.0,sub-STSWD1169
3347,1.0,0.28582,1,1,1,1,1,1,1,True,sub-STSWD1169,335532,8,335532.0,sub-STSWD1169
3348,1.0,0.47165,1,4,2,1,1,1,1,True,sub-STSWD1169,342444,8,342444.0,sub-STSWD1169
3349,1.0,0.71358,2,4,2,1,1,1,1,True,sub-STSWD1169,344876,8,344876.0,sub-STSWD1169
3350,1.0,0.61384,2,4,2,1,1,1,1,True,sub-STSWD1169,347312,8,347312.0,sub-STSWD1169
3351,1.0,0.92978,2,4,1,1,1,1,1,True,sub-STSWD1169,349744,8,349744.0,sub-STSWD1169
3352,1.0,0.81635,3,4,2,1,1,1,1,True,sub-STSWD1169,352171,8,352171.0,sub-STSWD1169
3353,1.0,0.89364,3,4,2,1,1,1,1,True,sub-STSWD1169,354608,8,354608.0,sub-STSWD1169
3354,1.0,0.92854,4,4,1,1,1,1,1,True,sub-STSWD1169,357040,8,357040.0,sub-STSWD1169
3355,1.0,0.91448,4,4,2,1,1,1,1,True,sub-STSWD1169,359472,8,359472.0,sub-STSWD1169
3356,1.0,0.75535,3,2,1,1,1,1,1,True,sub-STSWD1169,363951,8,363951.0,sub-STSWD1169
3357,1.0,0.61429,3,2,1,1,1,1,1,True,sub-STSWD1169,366384,8,366384.0,sub-STSWD1169
3358,1.0,0.70124,4,2,2,1,1,1,1,True,sub-STSWD1169,368816,8,368816.0,sub-STSWD1169
3359,1.0,1.0881,3,2,2,1,1,1,1,True,sub-STSWD1169,371247,8,371247.0,sub-STSWD1169
3360,1.0,1.1351,4,2,2,1,1,1,1,True,sub-STSWD1169,373679,8,373679.0,sub-STSWD1169
3361,1.0,1.094,3,2,2,1,1,1,1,True,sub-STSWD1169,376111,8,376111.0,sub-STSWD1169
3362,0.0,1.032,4,2,1,1,1,1,1,True,sub-STSWD1169,378543,8,378543.0,sub-STSWD1169
3363,0.0,0.93589,4,2,2,1,1,1,1,True,sub-STSWD1169,380975,8,380975.0,sub-STSWD1169
3364,1.0,0.42083,4,1,1,1,1,1,1,True,sub-STSWD1169,385455,8,385455.0,sub-STSWD1169
3365,1.0,0.61176,4,1,2,1,1,1,1,True,sub-STSWD1169,387887,8,387887.0,sub-STSWD1169
3366,1.0,0.28771,4,1,1,1,1,1,1,True,sub-STSWD1169,390319,8,390319.0,sub-STSWD1169
3367,1.0,0.33752,4,1,2,1,1,1,1,True,sub-STSWD1169,392751,8,392751.0,sub-STSWD1169
3368,1.0,0.42257,4,1,2,1,1,1,1,True,sub-STSWD1169,395183,8,395183.0,sub-STSWD1169
3369,1.0,0.70551,4,1,1,1,1,1,1,True,sub-STSWD1169,397615,8,397615.0,sub-STSWD1169
3370,1.0,0.46145,4,1,2,1,1,1,1,True,sub-STSWD1169,400047,8,400047.0,sub-STSWD1169
3371,1.0,0.38539,4,1,2,1,1,1,1,True,sub-STSWD1169,402479,8,402479.0,sub-STSWD1169
3372,1.0,0.76128,2,3,1,1,1,1,1,True,sub-STSWD1169,406959,8,406959.0,sub-STSWD1169
3373,1.0,0.8442,4,3,2,1,1,1,1,True,sub-STSWD1169,409391,8,409391.0,sub-STSWD1169
3374,1.0,0.58122,1,3,2,1,1,1,1,True,sub-STSWD1169,411823,8,411823.0,sub-STSWD1169
3375,1.0,0.80805,2,3,1,1,1,1,1,True,sub-STSWD1169,414255,8,414255.0,sub-STSWD1169
3376,1.0,1.39,1,3,2,1,1,1,1,True,sub-STSWD1169,416687,8,416687.0,sub-STSWD1169
3377,1.0,0.70691,1,3,1,1,1,1,1,True,sub-STSWD1169,419119,8,419119.0,sub-STSWD1169
3378,0.0,0.70889,1,3,2,1,1,1,1,True,sub-STSWD1169,421551,8,421551.0,sub-STSWD1169
3379,1.0,0.82071,1,3,1,1,1,1,1,True,sub-STSWD1169,423983,8,423983.0,sub-STSWD1169
3380,1.0,1.2297,3,4,2,1,1,1,1,True,sub-STSWD1169,428463,8,428463.0,sub-STSWD1169
3381,1.0,1.0756,3,4,1,1,1,1,1,True,sub-STSWD1169,430895,8,430895.0,sub-STSWD1169
3382,1.0,0.8495,1,4,1,1,1,1,1,True,sub-STSWD1169,433327,8,433327.0,sub-STSWD1169
3383,0.0,1.1135,1,4,2,1,1,1,1,True,sub-STSWD1169,435759,8,435759.0,sub-STSWD1169
3384,1.0,0.76744,2,4,2,1,1,1,1,True,sub-STSWD1169,438191,8,438191.0,sub-STSWD1169
3385,1.0,0.67932,4,4,2,1,1,1,1,True,sub-STSWD1169,440623,8,440623.0,sub-STSWD1169
3386,1.0,0.80931,1,4,1,1,1,1,1,True,sub-STSWD1169,443055,8,443055.0,sub-STSWD1169
3387,0.0,1.2182,4,4,1,1,1,1,1,True,sub-STSWD1169,445487,8,445487.0,sub-STSWD1169
3388,1.0,0.96133,1,3,2,1,1,1,1,True,sub-STSWD1169,479675,8,479675.0,sub-STSWD1169
3389,1.0,1.0783,1,3,2,1,1,1,1,True,sub-STSWD1169,482107,8,482107.0,sub-STSWD1169
3390,1.0,0.75412,4,3,2,1,1,1,1,True,sub-STSWD1169,484539,8,484539.0,sub-STSWD1169
3391,0.0,0.8671,3,3,2,1,1,1,1,True,sub-STSWD1169,486971,8,486971.0,sub-STSWD1169
3392,1.0,1.0041,3,3,1,1,1,1,1,True,sub-STSWD1169,489403,8,489403.0,sub-STSWD1169
3393,1.0,0.83702,4,3,2,1,1,1,1,True,sub-STSWD1169,491835,8,491835.0,sub-STSWD1169
3394,1.0,0.63595,4,3,1,1,1,1,1,True,sub-STSWD1169,494267,8,494267.0,sub-STSWD1169
3395,1.0,1.0389,4,3,2,1,1,1,1,True,sub-STSWD1169,496699,8,496699.0,sub-STSWD1169
3396,1.0,0.43978,1,1,2,1,1,1,1,True,sub-STSWD1169,501179,8,501179.0,sub-STSWD1169
3397,1.0,0.33071,1,1,1,1,1,1,1,True,sub-STSWD1169,503611,8,503611.0,sub-STSWD1169
3398,1.0,0.48765,1,1,2,1,1,1,1,True,sub-STSWD1169,506043,8,506043.0,sub-STSWD1169
3399,1.0,0.36055,1,1,1,1,1,1,1,True,sub-STSWD1169,508475,8,508475.0,sub-STSWD1169
3400,1.0,0.48353,1,1,1,1,1,1,1,True,sub-STSWD1169,510907,8,510907.0,sub-STSWD1169
3401,0.0,0.60042,1,1,1,1,1,1,1,True,sub-STSWD1169,513339,8,513339.0,sub-STSWD1169
3402,1.0,0.42035,1,1,2,1,1,1,1,True,sub-STSWD1169,515771,8,515771.0,sub-STSWD1169
3403,1.0,0.51332,1,1,2,1,1,1,1,True,sub-STSWD1169,518203,8,518203.0,sub-STSWD1169
3404,1.0,0.57517,2,2,2,1,1,1,1,True,sub-STSWD1169,522682,8,522682.0,sub-STSWD1169
3405,1.0,1.1501,3,2,2,1,1,1,1,True,sub-STSWD1169,525114,8,525114.0,sub-STSWD1169
3406,0.0,0.94007,3,2,1,1,1,1,1,True,sub-STSWD1169,527546,8,527546.0,sub-STSWD1169
3407,1.0,0.67803,2,2,2,1,1,1,1,True,sub-STSWD1169,529979,8,529979.0,sub-STSWD1169
3408,1.0,0.61496,2,2,2,1,1,1,1,True,sub-STSWD1169,532411,8,532411.0,sub-STSWD1169
3409,1.0,0.85679,3,2,2,1,1,1,1,True,sub-STSWD1169,534843,8,534843.0,sub-STSWD1169
3410,1.0,0.9357,3,2,2,1,1,1,1,True,sub-STSWD1169,537275,8,537275.0,sub-STSWD1169
3411,1.0,1.0557,2,2,1,1,1,1,1,True,sub-STSWD1169,539707,8,539707.0,sub-STSWD1169
3412,1.0,0.69262,2,4,1,1,1,1,1,True,sub-STSWD1169,544186,8,544186.0,sub-STSWD1169
3413,1.0,0.74859,2,4,2,1,1,1,1,True,sub-STSWD1169,546618,8,546618.0,sub-STSWD1169
3414,1.0,0.89352,1,4,1,1,1,1,1,True,sub-STSWD1169,549050,8,549050.0,sub-STSWD1169
3415,0.0,0.76444,3,4,2,1,1,1,1,True,sub-STSWD1169,551482,8,551482.0,sub-STSWD1169
3416,1.0,0.83837,1,4,1,1,1,1,1,True,sub-STSWD1169,553915,8,553915.0,sub-STSWD1169
3417,1.0,0.58931,2,4,2,1,1,1,1,True,sub-STSWD1169,556346,8,556346.0,sub-STSWD1169
3418,1.0,0.97425,4,4,1,1,1,1,1,True,sub-STSWD1169,558778,8,558778.0,sub-STSWD1169
3419,0.0,0.83219,4,4,1,1,1,1,1,True,sub-STSWD1169,561210,8,561210.0,sub-STSWD1169
3420,1.0,1.235,3,3,1,1,1,1,1,True,sub-STSWD1169,565690,8,565690.0,sub-STSWD1169
3421,0.0,1.473,4,3,1,1,1,1,1,True,sub-STSWD1169,568122,8,568122.0,sub-STSWD1169
3422,1.0,1.0719,3,3,1,1,1,1,1,True,sub-STSWD1169,570554,8,570554.0,sub-STSWD1169
3423,0.0,1.3409,3,3,2,1,1,1,1,True,sub-STSWD1169,572986,8,572986.0,sub-STSWD1169
3424,1.0,0.59382,3,3,2,1,1,1,1,True,sub-STSWD1169,575418,8,575418.0,sub-STSWD1169
3425,1.0,0.83971,2,3,1,1,1,1,1,True,sub-STSWD1169,577850,8,577850.0,sub-STSWD1169
3426,0.0,0.72965,4,3,1,1,1,1,1,True,sub-STSWD1169,580282,8,580282.0,sub-STSWD1169
3427,1.0,0.86954,2,3,2,1,1,1,1,True,sub-STSWD1169,582714,8,582714.0,sub-STSWD1169
3428,0.0,1.3015,4,4,1,1,1,1,1,True,sub-STSWD1169,587194,8,587194.0,sub-STSWD1169
3429,0.0,0.8344,4,4,1,1,1,1,1,True,sub-STSWD1169,589626,8,589626.0,sub-STSWD1169
3430,1.0,0.88838,1,4,2,1,1,1,1,True,sub-STSWD1169,592058,8,592058.0,sub-STSWD1169
3431,0.0,0.72831,1,4,2,1,1,1,1,True,sub-STSWD1169,594490,8,594490.0,sub-STSWD1169
3432,1.0,1.3362,3,4,1,1,1,1,1,True,sub-STSWD1169,596922,8,596922.0,sub-STSWD1169
3433,1.0,0.91417,3,4,2,1,1,1,1,True,sub-STSWD1169,599354,8,599354.0,sub-STSWD1169
3434,1.0,1.2371,3,4,1,1,1,1,1,True,sub-STSWD1169,601786,8,601786.0,sub-STSWD1169
3435,1.0,0.71401,2,4,1,1,1,1,1,True,sub-STSWD1169,604218,8,604218.0,sub-STSWD1169
3436,1.0,0.29695,2,1,1,1,1,1,1,True,sub-STSWD1169,608698,8,608698.0,sub-STSWD1169
3437,1.0,0.30789,2,1,2,1,1,1,1,True,sub-STSWD1169,611130,8,611130.0,sub-STSWD1169
3438,1.0,0.63068,2,1,2,1,1,1,1,True,sub-STSWD1169,613562,8,613562.0,sub-STSWD1169
3439,1.0,0.72576,2,1,2,1,1,1,1,True,sub-STSWD1169,615994,8,615994.0,sub-STSWD1169
3440,1.0,0.39368,2,1,2,1,1,1,1,True,sub-STSWD1169,618426,8,618426.0,sub-STSWD1169
3441,1.0,1.2806,2,1,1,1,1,1,1,True,sub-STSWD1169,620858,8,620858.0,sub-STSWD1169
3442,1.0,0.33656,2,1,1,1,1,1,1,True,sub-STSWD1169,623290,8,623290.0,sub-STSWD1169
3443,1.0,0.32749,2,1,1,1,1,1,1,True,sub-STSWD1169,625722,8,625722.0,sub-STSWD1169
3444,1.0,0.67832,1,2,1,1,1,1,1,True,sub-STSWD1169,630202,8,630202.0,sub-STSWD1169
3445,1.0,0.59131,1,2,2,1,1,1,1,True,sub-STSWD1169,632634,8,632634.0,sub-STSWD1169
3446,1.0,0.56724,3,2,1,1,1,1,1,True,sub-STSWD1169,635066,8,635066.0,sub-STSWD1169
3447,1.0,0.62517,3,2,1,1,1,1,1,True,sub-STSWD1169,637498,8,637498.0,sub-STSWD1169
3448,1.0,0.57011,3,2,2,1,1,1,1,True,sub-STSWD1169,639930,8,639930.0,sub-STSWD1169
3449,1.0,0.54201,1,2,2,1,1,1,1,True,sub-STSWD1169,642362,8,642362.0,sub-STSWD1169
3450,0.0,1.17,3,2,2,1,1,1,1,True,sub-STSWD1169,644794,8,644794.0,sub-STSWD1169
3451,1.0,0.62282,1,2,2,1,1,1,1,True,sub-STSWD1169,647226,8,647226.0,sub-STSWD1169
3452,0.0,1.3755,4,4,1,1,1,1,1,True,sub-STSWD1169,675658,8,675658.0,sub-STSWD1169
3453,1.0,1.3914,4,4,2,1,1,1,1,True,sub-STSWD1169,678090,8,678090.0,sub-STSWD1169
3454,1.0,0.99437,3,4,2,1,1,1,1,True,sub-STSWD1169,680522,8,680522.0,sub-STSWD1169
3455,1.0,0.92028,3,4,1,1,1,1,1,True,sub-STSWD1169,682954,8,682954.0,sub-STSWD1169
3456,1.0,0.82423,1,4,1,1,1,1,1,True,sub-STSWD1169,685386,8,685386.0,sub-STSWD1169
3457,1.0,0.66427,1,4,1,1,1,1,1,True,sub-STSWD1169,687818,8,687818.0,sub-STSWD1169
3458,1.0,0.66613,2,4,2,1,1,1,1,True,sub-STSWD1169,690250,8,690250.0,sub-STSWD1169
3459,1.0,0.62004,2,4,1,1,1,1,1,True,sub-STSWD1169,692682,8,692682.0,sub-STSWD1169
3460,0.0,0.40594,4,1,1,1,1,1,1,True,sub-STSWD1169,697162,8,697162.0,sub-STSWD1169
3461,1.0,0.61089,4,1,2,1,1,1,1,True,sub-STSWD1169,699594,8,699594.0,sub-STSWD1169
3462,1.0,0.45281,4,1,2,1,1,1,1,True,sub-STSWD1169,702026,8,702026.0,sub-STSWD1169
3463,1.0,0.3477,4,1,1,1,1,1,1,True,sub-STSWD1169,704458,8,704458.0,sub-STSWD1169
3464,1.0,0.41268,4,1,2,1,1,1,1,True,sub-STSWD1169,706890,8,706890.0,sub-STSWD1169
3465,0.0,0.62158,4,1,1,1,1,1,1,True,sub-STSWD1169,709322,8,709322.0,sub-STSWD1169
3466,0.0,0.59555,4,1,1,1,1,1,1,True,sub-STSWD1169,711754,8,711754.0,sub-STSWD1169
3467,0.0,0.84647,4,1,1,1,1,1,1,True,sub-STSWD1169,714186,8,714186.0,sub-STSWD1169
3468,1.0,0.50333,3,2,1,1,1,1,1,True,sub-STSWD1169,718666,8,718666.0,sub-STSWD1169
3469,1.0,0.71528,3,2,1,1,1,1,1,True,sub-STSWD1169,721098,8,721098.0,sub-STSWD1169
3470,1.0,0.72223,3,2,2,1,1,1,1,True,sub-STSWD1169,723530,8,723530.0,sub-STSWD1169
3471,1.0,0.54517,4,2,2,1,1,1,1,True,sub-STSWD1169,725962,8,725962.0,sub-STSWD1169
3472,1.0,1.129,4,2,1,1,1,1,1,True,sub-STSWD1169,728394,8,728394.0,sub-STSWD1169
3473,1.0,1.2501,3,2,1,1,1,1,1,True,sub-STSWD1169,730826,8,730826.0,sub-STSWD1169
3474,1.0,0.72799,4,2,2,1,1,1,1,True,sub-STSWD1169,733258,8,733258.0,sub-STSWD1169
3475,1.0,0.60081,4,2,2,1,1,1,1,True,sub-STSWD1169,735690,8,735690.0,sub-STSWD1169
3476,0.0,0.8978,4,3,1,1,1,1,1,True,sub-STSWD1169,740170,8,740170.0,sub-STSWD1169
3477,1.0,0.61174,2,3,1,1,1,1,1,True,sub-STSWD1169,742602,8,742602.0,sub-STSWD1169
3478,1.0,1.4567,1,3,2,1,1,1,1,True,sub-STSWD1169,745033,8,745033.0,sub-STSWD1169
3479,1.0,0.94661,1,3,1,1,1,1,1,True,sub-STSWD1169,747465,8,747465.0,sub-STSWD1169
3480,1.0,0.50556,1,3,2,1,1,1,1,True,sub-STSWD1169,749897,8,749897.0,sub-STSWD1169
3481,1.0,0.65443,2,3,2,1,1,1,1,True,sub-STSWD1169,752330,8,752330.0,sub-STSWD1169
3482,0.0,1.1674,4,3,1,1,1,1,1,True,sub-STSWD1169,754761,8,754761.0,sub-STSWD1169
3483,1.0,0.71736,4,3,2,1,1,1,1,True,sub-STSWD1169,757193,8,757193.0,sub-STSWD1169
3484,1.0,0.6742,1,4,1,1,1,1,1,True,sub-STSWD1169,761674,8,761674.0,sub-STSWD1169
3485,1.0,0.98417,4,4,2,1,1,1,1,True,sub-STSWD1169,764105,8,764105.0,sub-STSWD1169
3486,1.0,0.75123,2,4,1,1,1,1,1,True,sub-STSWD1169,766537,8,766537.0,sub-STSWD1169
3487,1.0,0.52804,2,4,1,1,1,1,1,True,sub-STSWD1169,768969,8,768969.0,sub-STSWD1169
3488,1.0,1.076,3,4,1,1,1,1,1,True,sub-STSWD1169,771401,8,771401.0,sub-STSWD1169
3489,1.0,0.82591,3,4,1,1,1,1,1,True,sub-STSWD1169,773833,8,773833.0,sub-STSWD1169
3490,1.0,0.86078,4,4,2,1,1,1,1,True,sub-STSWD1169,776265,8,776265.0,sub-STSWD1169
3491,1.0,0.60972,1,4,2,1,1,1,1,True,sub-STSWD1169,778697,8,778697.0,sub-STSWD1169
3492,1.0,0.99861,3,3,1,1,1,1,1,True,sub-STSWD1169,783177,8,783177.0,sub-STSWD1169
3493,1.0,0.99656,1,3,1,1,1,1,1,True,sub-STSWD1169,785609,8,785609.0,sub-STSWD1169
3494,1.0,1.0505,4,3,1,1,1,1,1,True,sub-STSWD1169,788041,8,788041.0,sub-STSWD1169
3495,1.0,1.0528,3,3,2,1,1,1,1,True,sub-STSWD1169,790473,8,790473.0,sub-STSWD1169
3496,1.0,1.0756,4,3,2,1,1,1,1,True,sub-STSWD1169,792905,8,792905.0,sub-STSWD1169
3497,1.0,0.91436,4,3,1,1,1,1,1,True,sub-STSWD1169,795337,8,795337.0,sub-STSWD1169
3498,1.0,0.91129,4,3,2,1,1,1,1,True,sub-STSWD1169,797769,8,797769.0,sub-STSWD1169
3499,1.0,1.0232,1,3,1,1,1,1,1,True,sub-STSWD1169,800201,8,800201.0,sub-STSWD1169
3500,1.0,0.5661,3,1,2,1,1,1,1,True,sub-STSWD1169,804681,8,804681.0,sub-STSWD1169
3501,1.0,0.60305,3,1,2,1,1,1,1,True,sub-STSWD1169,807113,8,807113.0,sub-STSWD1169
3502,0.0,0.56997,3,1,2,1,1,1,1,True,sub-STSWD1169,809545,8,809545.0,sub-STSWD1169
3503,1.0,0.55786,3,1,2,1,1,1,1,True,sub-STSWD1169,811977,8,811977.0,sub-STSWD1169
3504,1.0,0.34387,3,1,1,1,1,1,1,True,sub-STSWD1169,814409,8,814409.0,sub-STSWD1169
3505,1.0,0.2838,3,1,1,1,1,1,1,True,sub-STSWD1169,816841,8,816841.0,sub-STSWD1169
3506,1.0,0.86694,3,1,1,1,1,1,1,True,sub-STSWD1169,819273,8,819273.0,sub-STSWD1169
3507,1.0,0.53267,3,1,1,1,1,1,1,True,sub-STSWD1169,821705,8,821705.0,sub-STSWD1169
3508,1.0,0.55384,1,2,2,1,1,1,1,True,sub-STSWD1169,826185,8,826185.0,sub-STSWD1169
3509,1.0,0.44082,2,2,1,1,1,1,1,True,sub-STSWD1169,828617,8,828617.0,sub-STSWD1169
3510,1.0,0.62075,1,2,2,1,1,1,1,True,sub-STSWD1169,831049,8,831049.0,sub-STSWD1169
3511,1.0,0.86764,2,2,2,1,1,1,1,True,sub-STSWD1169,833481,8,833481.0,sub-STSWD1169
3512,1.0,0.81261,2,2,1,1,1,1,1,True,sub-STSWD1169,835913,8,835913.0,sub-STSWD1169
3513,1.0,0.56845,2,2,1,1,1,1,1,True,sub-STSWD1169,838345,8,838345.0,sub-STSWD1169
3514,1.0,0.62445,2,2,2,1,1,1,1,True,sub-STSWD1169,840777,8,840777.0,sub-STSWD1169
3515,1.0,0.48644,1,2,1,1,1,1,1,True,sub-STSWD1169,843209,8,843209.0,sub-STSWD1169
3516,0.0,1.3603,3,4,2,1,1,1,1,True,sub-STSWD1172,42917,8,42917.0,sub-STSWD1172
3517,0.0,1.1362,3,4,2,1,1,1,1,True,sub-STSWD1172,45348,8,45348.0,sub-STSWD1172
3518,1.0,1.6192,4,4,2,1,1,1,1,True,sub-STSWD1172,47780,8,47780.0,sub-STSWD1172
3519,0.0,1.1961,1,4,1,1,1,1,1,True,sub-STSWD1172,50212,8,50212.0,sub-STSWD1172
3520,1.0,1.4081,1,4,1,1,1,1,1,True,sub-STSWD1172,52644,8,52644.0,sub-STSWD1172
3521,1.0,1.309,2,4,2,1,1,1,1,True,sub-STSWD1172,55076,8,55076.0,sub-STSWD1172
3522,0.0,0.96594,2,4,1,1,1,1,1,True,sub-STSWD1172,57508,8,57508.0,sub-STSWD1172
3523,0.0,0.98173,2,4,1,1,1,1,1,True,sub-STSWD1172,59940,8,59940.0,sub-STSWD1172
3524,1.0,0.49176,2,2,2,1,1,1,1,True,sub-STSWD1172,64420,8,64420.0,sub-STSWD1172
3525,0.0,1.4507,3,2,1,1,1,1,1,True,sub-STSWD1172,66852,8,66852.0,sub-STSWD1172
3526,1.0,1.3136,3,2,2,1,1,1,1,True,sub-STSWD1172,69284,8,69284.0,sub-STSWD1172
3527,0.0,0.60387,2,2,1,1,1,1,1,True,sub-STSWD1172,71720,8,71720.0,sub-STSWD1172
3528,0.0,1.4198,3,2,1,1,1,1,1,True,sub-STSWD1172,74152,8,74152.0,sub-STSWD1172
3529,0.0,1.0677,3,2,2,1,1,1,1,True,sub-STSWD1172,76584,8,76584.0,sub-STSWD1172
3530,0.0,0.55868,2,2,1,1,1,1,1,True,sub-STSWD1172,79016,8,79016.0,sub-STSWD1172
3531,0.0,0.87964,2,2,1,1,1,1,1,True,sub-STSWD1172,81448,8,81448.0,sub-STSWD1172
3532,1.0,0.58949,2,1,2,1,1,1,1,True,sub-STSWD1172,85928,8,85928.0,sub-STSWD1172
3533,0.0,0.65143,2,1,1,1,1,1,1,True,sub-STSWD1172,88360,8,88360.0,sub-STSWD1172
3534,1.0,0.70936,2,1,1,1,1,1,1,True,sub-STSWD1172,90792,8,90792.0,sub-STSWD1172
3535,1.0,0.6483,2,1,2,1,1,1,1,True,sub-STSWD1172,93224,8,93224.0,sub-STSWD1172
3536,0.0,0.95998,2,1,1,1,1,1,1,True,sub-STSWD1172,95656,8,95656.0,sub-STSWD1172
3537,1.0,0.64717,2,1,2,1,1,1,1,True,sub-STSWD1172,98088,8,98088.0,sub-STSWD1172
3538,0.0,0.67703,2,1,1,1,1,1,1,True,sub-STSWD1172,100520,8,100520.0,sub-STSWD1172
3539,1.0,0.71104,2,1,1,1,1,1,1,True,sub-STSWD1172,102952,8,102952.0,sub-STSWD1172
3540,1.0,1.1599,3,3,2,1,1,1,1,True,sub-STSWD1172,107432,8,107432.0,sub-STSWD1172
3541,1.0,1.5469,3,3,2,1,1,1,1,True,sub-STSWD1172,109864,8,109864.0,sub-STSWD1172
3542,1.0,1.2398,3,3,2,1,1,1,1,True,sub-STSWD1172,112296,8,112296.0,sub-STSWD1172
3543,,,4,3,2,1,1,1,1,True,sub-STSWD1172,114728,8,,sub-STSWD1172
3544,1.0,0.7657,4,3,2,1,1,1,1,True,sub-STSWD1172,117159,8,117159.0,sub-STSWD1172
3545,0.0,0.63965,2,3,1,1,1,1,1,True,sub-STSWD1172,119591,8,119591.0,sub-STSWD1172
3546,1.0,0.56058,3,3,2,1,1,1,1,True,sub-STSWD1172,122023,8,122023.0,sub-STSWD1172
3547,0.0,0.53251,3,3,1,1,1,1,1,True,sub-STSWD1172,124455,8,124455.0,sub-STSWD1172
3548,1.0,1.5854,1,2,1,1,1,1,1,True,sub-STSWD1172,128935,8,128935.0,sub-STSWD1172
3549,0.0,1.2038,3,2,1,1,1,1,1,True,sub-STSWD1172,131367,8,131367.0,sub-STSWD1172
3550,0.0,1.5513,1,2,2,1,1,1,1,True,sub-STSWD1172,133799,8,133799.0,sub-STSWD1172
3551,1.0,0.98619,1,2,1,1,1,1,1,True,sub-STSWD1172,136231,8,136231.0,sub-STSWD1172
3552,1.0,1.0151,3,2,2,1,1,1,1,True,sub-STSWD1172,138663,8,138663.0,sub-STSWD1172
3553,1.0,0.90903,3,2,2,1,1,1,1,True,sub-STSWD1172,141095,8,141095.0,sub-STSWD1172
3554,1.0,1.554,3,2,2,1,1,1,1,True,sub-STSWD1172,143527,8,143527.0,sub-STSWD1172
3555,1.0,0.74874,1,2,2,1,1,1,1,True,sub-STSWD1172,145959,8,145959.0,sub-STSWD1172
3556,0.0,0.57176,3,1,2,1,1,1,1,True,sub-STSWD1172,150439,8,150439.0,sub-STSWD1172
3557,1.0,0.74064,3,1,2,1,1,1,1,True,sub-STSWD1172,152871,8,152871.0,sub-STSWD1172
3558,1.0,0.6097,3,1,1,1,1,1,1,True,sub-STSWD1172,155303,8,155303.0,sub-STSWD1172
3559,1.0,0.51959,3,1,1,1,1,1,1,True,sub-STSWD1172,157735,8,157735.0,sub-STSWD1172
3560,0.0,0.64248,3,1,1,1,1,1,1,True,sub-STSWD1172,160167,8,160167.0,sub-STSWD1172
3561,1.0,0.71951,3,1,2,1,1,1,1,True,sub-STSWD1172,162599,8,162599.0,sub-STSWD1172
3562,1.0,0.75044,3,1,1,1,1,1,1,True,sub-STSWD1172,165031,8,165031.0,sub-STSWD1172
3563,1.0,0.57038,3,1,2,1,1,1,1,True,sub-STSWD1172,167463,8,167463.0,sub-STSWD1172
3564,1.0,0.81126,2,3,1,1,1,1,1,True,sub-STSWD1172,171943,8,171943.0,sub-STSWD1172
3565,1.0,0.87119,2,3,2,1,1,1,1,True,sub-STSWD1172,174375,8,174375.0,sub-STSWD1172
3566,1.0,1.154,1,3,2,1,1,1,1,True,sub-STSWD1172,176807,8,176807.0,sub-STSWD1172
3567,1.0,1.0371,1,3,1,1,1,1,1,True,sub-STSWD1172,179239,8,179239.0,sub-STSWD1172
3568,1.0,0.89896,2,3,2,1,1,1,1,True,sub-STSWD1172,181671,8,181671.0,sub-STSWD1172
3569,1.0,0.76884,2,3,2,1,1,1,1,True,sub-STSWD1172,184103,8,184103.0,sub-STSWD1172
3570,1.0,0.87083,2,3,2,1,1,1,1,True,sub-STSWD1172,186535,8,186535.0,sub-STSWD1172
3571,1.0,0.95676,3,3,2,1,1,1,1,True,sub-STSWD1172,188967,8,188967.0,sub-STSWD1172
3572,1.0,1.7277,4,4,2,1,1,1,1,True,sub-STSWD1172,193447,8,193447.0,sub-STSWD1172
3573,0.0,1.5135,4,4,2,1,1,1,1,True,sub-STSWD1172,195879,8,195879.0,sub-STSWD1172
3574,1.0,0.68552,1,4,2,1,1,1,1,True,sub-STSWD1172,198311,8,198311.0,sub-STSWD1172
3575,1.0,1.6324,3,4,1,1,1,1,1,True,sub-STSWD1172,200743,8,200743.0,sub-STSWD1172
3576,1.0,1.0825,3,4,1,1,1,1,1,True,sub-STSWD1172,203174,8,203174.0,sub-STSWD1172
3577,1.0,1.1643,1,4,1,1,1,1,1,True,sub-STSWD1172,205606,8,205606.0,sub-STSWD1172
3578,0.0,1.8032,4,4,1,1,1,1,1,True,sub-STSWD1172,208038,8,208038.0,sub-STSWD1172
3579,1.0,0.9122,2,4,2,1,1,1,1,True,sub-STSWD1172,210470,8,210470.0,sub-STSWD1172
3580,1.0,1.2206,3,3,1,1,1,1,1,True,sub-STSWD1172,238980,8,238980.0,sub-STSWD1172
3581,0.0,1.1067,4,3,1,1,1,1,1,True,sub-STSWD1172,241412,8,241412.0,sub-STSWD1172
3582,1.0,0.71565,2,3,2,1,1,1,1,True,sub-STSWD1172,243844,8,243844.0,sub-STSWD1172
3583,1.0,0.80513,2,3,2,1,1,1,1,True,sub-STSWD1172,246276,8,246276.0,sub-STSWD1172
3584,0.0,1.1376,3,3,1,1,1,1,1,True,sub-STSWD1172,248708,8,248708.0,sub-STSWD1172
3585,1.0,1.1475,3,3,2,1,1,1,1,True,sub-STSWD1172,251140,8,251140.0,sub-STSWD1172
3586,1.0,1.6294,4,3,2,1,1,1,1,True,sub-STSWD1172,253572,8,253572.0,sub-STSWD1172
3587,1.0,1.0984,2,3,2,1,1,1,1,True,sub-STSWD1172,256004,8,256004.0,sub-STSWD1172
3588,0.0,0.65527,3,1,2,1,1,1,1,True,sub-STSWD1172,260484,8,260484.0,sub-STSWD1172
3589,1.0,0.59211,3,1,2,1,1,1,1,True,sub-STSWD1172,262916,8,262916.0,sub-STSWD1172
3590,1.0,0.62673,3,1,2,1,1,1,1,True,sub-STSWD1172,265348,8,265348.0,sub-STSWD1172
3591,1.0,0.63906,3,1,2,1,1,1,1,True,sub-STSWD1172,267780,8,267780.0,sub-STSWD1172
3592,1.0,0.43793,3,1,1,1,1,1,1,True,sub-STSWD1172,270212,8,270212.0,sub-STSWD1172
3593,1.0,0.59494,3,1,1,1,1,1,1,True,sub-STSWD1172,272644,8,272644.0,sub-STSWD1172
3594,1.0,0.44388,3,1,1,1,1,1,1,True,sub-STSWD1172,275076,8,275076.0,sub-STSWD1172
3595,1.0,0.66281,3,1,1,1,1,1,1,True,sub-STSWD1172,277507,8,277507.0,sub-STSWD1172
3596,1.0,0.86068,2,4,2,1,1,1,1,True,sub-STSWD1172,281987,8,281987.0,sub-STSWD1172
3597,0.0,0.66764,2,4,1,1,1,1,1,True,sub-STSWD1172,284419,8,284419.0,sub-STSWD1172
3598,1.0,0.65362,2,4,2,1,1,1,1,True,sub-STSWD1172,286851,8,286851.0,sub-STSWD1172
3599,1.0,0.9815,1,4,2,1,1,1,1,True,sub-STSWD1172,289283,8,289283.0,sub-STSWD1172
3600,1.0,1.4254,3,4,2,1,1,1,1,True,sub-STSWD1172,291715,8,291715.0,sub-STSWD1172
3601,1.0,1.5464,1,4,1,1,1,1,1,True,sub-STSWD1172,294147,8,294147.0,sub-STSWD1172
3602,1.0,1.8494,4,4,1,1,1,1,1,True,sub-STSWD1172,296579,8,296579.0,sub-STSWD1172
3603,1.0,1.8692,4,4,1,1,1,1,1,True,sub-STSWD1172,299011,8,299011.0,sub-STSWD1172
3604,1.0,0.77712,3,2,1,1,1,1,1,True,sub-STSWD1172,303491,8,303491.0,sub-STSWD1172
3605,1.0,0.46907,3,2,1,1,1,1,1,True,sub-STSWD1172,305923,8,305923.0,sub-STSWD1172
3606,0.0,1.2887,4,2,2,1,1,1,1,True,sub-STSWD1172,308355,8,308355.0,sub-STSWD1172
3607,1.0,1.3979,4,2,2,1,1,1,1,True,sub-STSWD1172,310787,8,310787.0,sub-STSWD1172
3608,1.0,1.0499,4,2,2,1,1,1,1,True,sub-STSWD1172,313219,8,313219.0,sub-STSWD1172
3609,1.0,0.73584,3,2,1,1,1,1,1,True,sub-STSWD1172,315651,8,315651.0,sub-STSWD1172
3610,1.0,1.0267,4,2,2,1,1,1,1,True,sub-STSWD1172,318083,8,318083.0,sub-STSWD1172
3611,0.0,0.92267,4,2,1,1,1,1,1,True,sub-STSWD1172,320515,8,320515.0,sub-STSWD1172
3612,1.0,0.9506,1,1,1,1,1,1,1,True,sub-STSWD1172,324995,8,324995.0,sub-STSWD1172
3613,1.0,0.59646,1,1,2,1,1,1,1,True,sub-STSWD1172,327427,8,327427.0,sub-STSWD1172
3614,1.0,0.68443,1,1,1,1,1,1,1,True,sub-STSWD1172,329859,8,329859.0,sub-STSWD1172
3615,1.0,1.0393,1,1,1,1,1,1,1,True,sub-STSWD1172,332291,8,332291.0,sub-STSWD1172
3616,1.0,0.60751,1,1,2,1,1,1,1,True,sub-STSWD1172,334723,8,334723.0,sub-STSWD1172
3617,1.0,0.97919,1,1,1,1,1,1,1,True,sub-STSWD1172,337155,8,337155.0,sub-STSWD1172
3618,1.0,0.67313,1,1,2,1,1,1,1,True,sub-STSWD1172,339587,8,339587.0,sub-STSWD1172
3619,1.0,0.70107,1,1,2,1,1,1,1,True,sub-STSWD1172,342019,8,342019.0,sub-STSWD1172
3620,1.0,1.697,3,3,1,1,1,1,1,True,sub-STSWD1172,346499,8,346499.0,sub-STSWD1172
3621,1.0,0.90788,3,3,2,1,1,1,1,True,sub-STSWD1172,348931,8,348931.0,sub-STSWD1172
3622,1.0,1.8819,4,3,1,1,1,1,1,True,sub-STSWD1172,351363,8,351363.0,sub-STSWD1172
3623,1.0,0.65876,4,3,2,1,1,1,1,True,sub-STSWD1172,353795,8,353795.0,sub-STSWD1172
3624,0.0,0.83169,4,3,1,1,1,1,1,True,sub-STSWD1172,356227,8,356227.0,sub-STSWD1172
3625,1.0,1.1446,1,3,1,1,1,1,1,True,sub-STSWD1172,358659,8,358659.0,sub-STSWD1172
3626,1.0,0.80365,1,3,2,1,1,1,1,True,sub-STSWD1172,361091,8,361091.0,sub-STSWD1172
3627,1.0,0.9645,4,3,1,1,1,1,1,True,sub-STSWD1172,363523,8,363523.0,sub-STSWD1172
3628,1.0,0.68239,2,2,2,1,1,1,1,True,sub-STSWD1172,368003,8,368003.0,sub-STSWD1172
3629,1.0,0.66332,2,2,2,1,1,1,1,True,sub-STSWD1172,370435,8,370435.0,sub-STSWD1172
3630,1.0,0.68338,4,2,1,1,1,1,1,True,sub-STSWD1172,372867,8,372867.0,sub-STSWD1172
3631,1.0,0.64411,2,2,2,1,1,1,1,True,sub-STSWD1172,375298,8,375298.0,sub-STSWD1172
3632,0.0,0.90813,4,2,1,1,1,1,1,True,sub-STSWD1172,377730,8,377730.0,sub-STSWD1172
3633,1.0,0.55506,4,2,2,1,1,1,1,True,sub-STSWD1172,380162,8,380162.0,sub-STSWD1172
3634,0.0,0.74995,4,2,1,1,1,1,1,True,sub-STSWD1172,382594,8,382594.0,sub-STSWD1172
3635,0.0,0.61694,2,2,1,1,1,1,1,True,sub-STSWD1172,385027,8,385027.0,sub-STSWD1172
3636,0.0,0.57574,2,4,1,1,1,1,1,True,sub-STSWD1172,389506,8,389506.0,sub-STSWD1172
3637,1.0,1.2438,1,4,1,1,1,1,1,True,sub-STSWD1172,391938,8,391938.0,sub-STSWD1172
3638,1.0,0.95268,3,4,2,1,1,1,1,True,sub-STSWD1172,394370,8,394370.0,sub-STSWD1172
3639,0.0,1.3027,3,4,2,1,1,1,1,True,sub-STSWD1172,396802,8,396802.0,sub-STSWD1172
3640,0.0,1.0796,3,4,2,1,1,1,1,True,sub-STSWD1172,399234,8,399234.0,sub-STSWD1172
3641,1.0,1.1305,1,4,1,1,1,1,1,True,sub-STSWD1172,401666,8,401666.0,sub-STSWD1172
3642,1.0,1.6413,4,4,2,1,1,1,1,True,sub-STSWD1172,404098,8,404098.0,sub-STSWD1172
3643,0.0,1.5054,4,4,1,1,1,1,1,True,sub-STSWD1172,406530,8,406530.0,sub-STSWD1172
3644,1.0,0.67183,1,3,2,1,1,1,1,True,sub-STSWD1172,438854,8,438854.0,sub-STSWD1172
3645,1.0,0.89278,1,3,1,1,1,1,1,True,sub-STSWD1172,441286,8,441286.0,sub-STSWD1172
3646,1.0,1.3147,4,3,2,1,1,1,1,True,sub-STSWD1172,443718,8,443718.0,sub-STSWD1172
3647,1.0,1.0206,1,3,1,1,1,1,1,True,sub-STSWD1172,446150,8,446150.0,sub-STSWD1172
3648,0.0,1.4137,1,3,2,1,1,1,1,True,sub-STSWD1172,448582,8,448582.0,sub-STSWD1172
3649,1.0,1.0056,1,3,2,1,1,1,1,True,sub-STSWD1172,451014,8,451014.0,sub-STSWD1172
3650,1.0,0.52547,2,3,2,1,1,1,1,True,sub-STSWD1172,453446,8,453446.0,sub-STSWD1172
3651,0.0,0.59942,2,3,1,1,1,1,1,True,sub-STSWD1172,455878,8,455878.0,sub-STSWD1172
3652,0.0,1.5462,1,4,2,1,1,1,1,True,sub-STSWD1172,460358,8,460358.0,sub-STSWD1172
3653,0.0,0.72922,2,4,1,1,1,1,1,True,sub-STSWD1172,462790,8,462790.0,sub-STSWD1172
3654,0.0,0.65116,2,4,1,1,1,1,1,True,sub-STSWD1172,465222,8,465222.0,sub-STSWD1172
3655,1.0,1.3152,4,4,1,1,1,1,1,True,sub-STSWD1172,467654,8,467654.0,sub-STSWD1172
3656,1.0,0.71803,4,4,2,1,1,1,1,True,sub-STSWD1172,470086,8,470086.0,sub-STSWD1172
3657,1.0,1.29,3,4,1,1,1,1,1,True,sub-STSWD1172,472518,8,472518.0,sub-STSWD1172
3658,1.0,0.80294,3,4,1,1,1,1,1,True,sub-STSWD1172,474950,8,474950.0,sub-STSWD1172
3659,1.0,0.87393,3,4,1,1,1,1,1,True,sub-STSWD1172,477382,8,477382.0,sub-STSWD1172
3660,1.0,0.71476,1,1,1,1,1,1,1,True,sub-STSWD1172,481861,8,481861.0,sub-STSWD1172
3661,1.0,0.54066,1,1,1,1,1,1,1,True,sub-STSWD1172,484294,8,484294.0,sub-STSWD1172
3662,1.0,0.5096,1,1,2,1,1,1,1,True,sub-STSWD1172,486725,8,486725.0,sub-STSWD1172
3663,1.0,0.72553,1,1,1,1,1,1,1,True,sub-STSWD1172,489158,8,489158.0,sub-STSWD1172
3664,1.0,0.91747,1,1,1,1,1,1,1,True,sub-STSWD1172,491590,8,491590.0,sub-STSWD1172
3665,1.0,0.68141,1,1,2,1,1,1,1,True,sub-STSWD1172,494022,8,494022.0,sub-STSWD1172
3666,1.0,0.58634,1,1,2,1,1,1,1,True,sub-STSWD1172,496453,8,496453.0,sub-STSWD1172
3667,0.0,0.97527,1,1,2,1,1,1,1,True,sub-STSWD1172,498886,8,498886.0,sub-STSWD1172
3668,1.0,1.0902,1,2,1,1,1,1,1,True,sub-STSWD1172,503365,8,503365.0,sub-STSWD1172
3669,1.0,0.86909,1,2,1,1,1,1,1,True,sub-STSWD1172,505798,8,505798.0,sub-STSWD1172
3670,1.0,0.60703,1,2,2,1,1,1,1,True,sub-STSWD1172,508230,8,508230.0,sub-STSWD1172
3671,1.0,0.92896,2,2,1,1,1,1,1,True,sub-STSWD1172,510661,8,510661.0,sub-STSWD1172
3672,0.0,0.78804,2,2,2,1,1,1,1,True,sub-STSWD1172,513093,8,513093.0,sub-STSWD1172
3673,1.0,0.57285,1,2,2,1,1,1,1,True,sub-STSWD1172,515526,8,515526.0,sub-STSWD1172
3674,0.0,0.54478,2,2,2,1,1,1,1,True,sub-STSWD1172,517957,8,517957.0,sub-STSWD1172
3675,1.0,0.67971,1,2,2,1,1,1,1,True,sub-STSWD1172,520390,8,520390.0,sub-STSWD1172
3676,1.0,0.96059,3,3,2,1,1,1,1,True,sub-STSWD1172,524869,8,524869.0,sub-STSWD1172
3677,1.0,1.5385,4,3,2,1,1,1,1,True,sub-STSWD1172,527301,8,527301.0,sub-STSWD1172
3678,1.0,0.76284,3,3,1,1,1,1,1,True,sub-STSWD1172,529737,8,529737.0,sub-STSWD1172
3679,1.0,0.92977,1,3,2,1,1,1,1,True,sub-STSWD1172,532169,8,532169.0,sub-STSWD1172
3680,1.0,1.0187,4,3,1,1,1,1,1,True,sub-STSWD1172,534601,8,534601.0,sub-STSWD1172
3681,1.0,0.81163,4,3,1,1,1,1,1,True,sub-STSWD1172,537034,8,537034.0,sub-STSWD1172
3682,1.0,1.1656,4,3,2,1,1,1,1,True,sub-STSWD1172,539466,8,539466.0,sub-STSWD1172
3683,1.0,1.0075,1,3,1,1,1,1,1,True,sub-STSWD1172,541897,8,541897.0,sub-STSWD1172
3684,1.0,1.1083,4,4,2,1,1,1,1,True,sub-STSWD1172,546377,8,546377.0,sub-STSWD1172
3685,1.0,0.56531,1,4,2,1,1,1,1,True,sub-STSWD1172,548809,8,548809.0,sub-STSWD1172
3686,1.0,0.65727,1,4,2,1,1,1,1,True,sub-STSWD1172,551241,8,551241.0,sub-STSWD1172
3687,0.0,0.66922,2,4,2,1,1,1,1,True,sub-STSWD1172,553673,8,553673.0,sub-STSWD1172
3688,0.0,0.62615,2,4,2,1,1,1,1,True,sub-STSWD1172,556105,8,556105.0,sub-STSWD1172
3689,1.0,0.97308,4,4,2,1,1,1,1,True,sub-STSWD1172,558537,8,558537.0,sub-STSWD1172
3690,1.0,0.64293,1,4,2,1,1,1,1,True,sub-STSWD1172,560969,8,560969.0,sub-STSWD1172
3691,1.0,0.98391,3,4,2,1,1,1,1,True,sub-STSWD1172,563401,8,563401.0,sub-STSWD1172
3692,1.0,1.2408,3,2,1,1,1,1,1,True,sub-STSWD1172,567881,8,567881.0,sub-STSWD1172
3693,1.0,1.5408,3,2,2,1,1,1,1,True,sub-STSWD1172,570313,8,570313.0,sub-STSWD1172
3694,1.0,0.93067,4,2,1,1,1,1,1,True,sub-STSWD1172,572745,8,572745.0,sub-STSWD1172
3695,1.0,0.61165,3,2,1,1,1,1,1,True,sub-STSWD1172,575177,8,575177.0,sub-STSWD1172
3696,1.0,0.76058,4,2,2,1,1,1,1,True,sub-STSWD1172,577609,8,577609.0,sub-STSWD1172
3697,0.0,0.80952,3,2,2,1,1,1,1,True,sub-STSWD1172,580041,8,580041.0,sub-STSWD1172
3698,1.0,0.53348,3,2,2,1,1,1,1,True,sub-STSWD1172,582473,8,582473.0,sub-STSWD1172
3699,1.0,0.77238,4,2,2,1,1,1,1,True,sub-STSWD1172,584905,8,584905.0,sub-STSWD1172
3700,1.0,1.4892,2,1,1,1,1,1,1,True,sub-STSWD1172,589385,8,589385.0,sub-STSWD1172
3701,0.0,0.33821,2,1,2,1,1,1,1,True,sub-STSWD1172,591817,8,591817.0,sub-STSWD1172
3702,0.0,0.55415,2,1,2,1,1,1,1,True,sub-STSWD1172,594249,8,594249.0,sub-STSWD1172
3703,0.0,0.43806,2,1,2,1,1,1,1,True,sub-STSWD1172,596681,8,596681.0,sub-STSWD1172
3704,1.0,0.43493,2,1,2,1,1,1,1,True,sub-STSWD1172,599113,8,599113.0,sub-STSWD1172
3705,0.0,0.82895,2,1,2,1,1,1,1,True,sub-STSWD1172,601545,8,601545.0,sub-STSWD1172
3706,0.0,0.41485,2,1,1,1,1,1,1,True,sub-STSWD1172,603977,8,603977.0,sub-STSWD1172
3707,1.0,0.63183,2,1,1,1,1,1,1,True,sub-STSWD1172,606409,8,606409.0,sub-STSWD1172
3708,1.0,1.1511,1,4,1,1,1,1,1,True,sub-STSWD1172,644480,8,644480.0,sub-STSWD1172
3709,1.0,0.88909,3,4,1,1,1,1,1,True,sub-STSWD1172,646912,8,646912.0,sub-STSWD1172
3710,1.0,0.75903,3,4,1,1,1,1,1,True,sub-STSWD1172,649344,8,649344.0,sub-STSWD1172
3711,1.0,0.96596,4,4,1,1,1,1,1,True,sub-STSWD1172,651776,8,651776.0,sub-STSWD1172
3712,0.0,0.96091,4,4,2,1,1,1,1,True,sub-STSWD1172,654208,8,654208.0,sub-STSWD1172
3713,1.0,0.97084,2,4,2,1,1,1,1,True,sub-STSWD1172,656640,8,656640.0,sub-STSWD1172
3714,1.0,1.0307,1,4,2,1,1,1,1,True,sub-STSWD1172,659072,8,659072.0,sub-STSWD1172
3715,0.0,0.73861,2,4,1,1,1,1,1,True,sub-STSWD1172,661504,8,661504.0,sub-STSWD1172
3716,1.0,1.0676,1,2,1,1,1,1,1,True,sub-STSWD1172,665984,8,665984.0,sub-STSWD1172
3717,1.0,0.66241,4,2,1,1,1,1,1,True,sub-STSWD1172,668416,8,668416.0,sub-STSWD1172
3718,1.0,0.60348,1,2,2,1,1,1,1,True,sub-STSWD1172,670848,8,670848.0,sub-STSWD1172
3719,1.0,0.8464,4,2,2,1,1,1,1,True,sub-STSWD1172,673279,8,673279.0,sub-STSWD1172
3720,1.0,0.89634,4,2,1,1,1,1,1,True,sub-STSWD1172,675711,8,675711.0,sub-STSWD1172
3721,0.0,0.88228,4,2,1,1,1,1,1,True,sub-STSWD1172,678143,8,678143.0,sub-STSWD1172
3722,1.0,0.69117,1,2,2,1,1,1,1,True,sub-STSWD1172,680575,8,680575.0,sub-STSWD1172
3723,1.0,0.74411,1,2,1,1,1,1,1,True,sub-STSWD1172,683008,8,683008.0,sub-STSWD1172
3724,1.0,0.75904,3,3,1,1,1,1,1,True,sub-STSWD1172,687487,8,687487.0,sub-STSWD1172
3725,1.0,0.804,3,3,1,1,1,1,1,True,sub-STSWD1172,689919,8,689919.0,sub-STSWD1172
3726,1.0,0.67884,1,3,2,1,1,1,1,True,sub-STSWD1172,692351,8,692351.0,sub-STSWD1172
3727,1.0,0.69384,3,3,1,1,1,1,1,True,sub-STSWD1172,694783,8,694783.0,sub-STSWD1172
3728,0.0,0.60678,2,3,1,1,1,1,1,True,sub-STSWD1172,697215,8,697215.0,sub-STSWD1172
3729,1.0,0.78071,1,3,1,1,1,1,1,True,sub-STSWD1172,699647,8,699647.0,sub-STSWD1172
3730,0.0,0.65575,2,3,1,1,1,1,1,True,sub-STSWD1172,702079,8,702079.0,sub-STSWD1172
3731,0.0,0.61664,2,3,1,1,1,1,1,True,sub-STSWD1172,704511,8,704511.0,sub-STSWD1172
3732,1.0,0.65547,4,1,2,1,1,1,1,True,sub-STSWD1172,708991,8,708991.0,sub-STSWD1172
3733,0.0,0.6234,4,1,1,1,1,1,1,True,sub-STSWD1172,711423,8,711423.0,sub-STSWD1172
3734,1.0,0.31434,4,1,1,1,1,1,1,True,sub-STSWD1172,713855,8,713855.0,sub-STSWD1172
3735,1.0,0.38828,4,1,2,1,1,1,1,True,sub-STSWD1172,716287,8,716287.0,sub-STSWD1172
3736,1.0,0.54318,4,1,1,1,1,1,1,True,sub-STSWD1172,718719,8,718719.0,sub-STSWD1172
3737,1.0,0.28315,4,1,2,1,1,1,1,True,sub-STSWD1172,721151,8,721151.0,sub-STSWD1172
3738,1.0,1.0511,4,1,2,1,1,1,1,True,sub-STSWD1172,723583,8,723583.0,sub-STSWD1172
3739,1.0,0.37803,4,1,2,1,1,1,1,True,sub-STSWD1172,726015,8,726015.0,sub-STSWD1172
3740,1.0,0.53282,1,2,2,1,1,1,1,True,sub-STSWD1172,730495,8,730495.0,sub-STSWD1172
3741,0.0,0.50584,2,2,1,1,1,1,1,True,sub-STSWD1172,732927,8,732927.0,sub-STSWD1172
3742,1.0,0.59473,2,2,2,1,1,1,1,True,sub-STSWD1172,735359,8,735359.0,sub-STSWD1172
3743,0.0,0.52668,2,2,1,1,1,1,1,True,sub-STSWD1172,737791,8,737791.0,sub-STSWD1172
3744,1.0,0.5469,2,2,2,1,1,1,1,True,sub-STSWD1172,740223,8,740223.0,sub-STSWD1172
3745,1.0,0.70255,1,2,1,1,1,1,1,True,sub-STSWD1172,742655,8,742655.0,sub-STSWD1172
3746,0.0,0.56949,2,2,1,1,1,1,1,True,sub-STSWD1172,745087,8,745087.0,sub-STSWD1172
3747,1.0,0.65662,1,2,1,1,1,1,1,True,sub-STSWD1172,747519,8,747519.0,sub-STSWD1172
3748,0.0,0.60125,2,3,1,1,1,1,1,True,sub-STSWD1172,751999,8,751999.0,sub-STSWD1172
3749,1.0,1.0032,1,3,2,1,1,1,1,True,sub-STSWD1172,754431,8,754431.0,sub-STSWD1172
3750,0.0,1.2892,4,3,1,1,1,1,1,True,sub-STSWD1172,756863,8,756863.0,sub-STSWD1172
3751,1.0,0.61412,4,3,1,1,1,1,1,True,sub-STSWD1172,759295,8,759295.0,sub-STSWD1172
3752,0.0,0.64205,2,3,1,1,1,1,1,True,sub-STSWD1172,761727,8,761727.0,sub-STSWD1172
3753,0.0,0.58499,1,3,1,1,1,1,1,True,sub-STSWD1172,764159,8,764159.0,sub-STSWD1172
3754,1.0,0.9215,1,3,1,1,1,1,1,True,sub-STSWD1172,766591,8,766591.0,sub-STSWD1172
3755,0.0,1.1259,4,3,2,1,1,1,1,True,sub-STSWD1172,769023,8,769023.0,sub-STSWD1172
3756,1.0,0.93774,3,4,2,1,1,1,1,True,sub-STSWD1172,773502,8,773502.0,sub-STSWD1172
3757,1.0,0.92866,3,4,1,1,1,1,1,True,sub-STSWD1172,775934,8,775934.0,sub-STSWD1172
3758,1.0,0.9566,4,4,1,1,1,1,1,True,sub-STSWD1172,778367,8,778367.0,sub-STSWD1172
3759,0.0,1.3179,4,4,1,1,1,1,1,True,sub-STSWD1172,780798,8,780798.0,sub-STSWD1172
3760,1.0,1.0605,1,4,1,1,1,1,1,True,sub-STSWD1172,783231,8,783231.0,sub-STSWD1172
3761,0.0,0.87143,1,4,2,1,1,1,1,True,sub-STSWD1172,785663,8,785663.0,sub-STSWD1172
3762,0.0,0.69336,2,4,2,1,1,1,1,True,sub-STSWD1172,788095,8,788095.0,sub-STSWD1172
3763,1.0,0.62024,2,4,1,1,1,1,1,True,sub-STSWD1172,790527,8,790527.0,sub-STSWD1172
3764,1.0,0.53055,4,1,2,1,1,1,1,True,sub-STSWD1172,795006,8,795006.0,sub-STSWD1172
3765,0.0,0.47649,4,1,1,1,1,1,1,True,sub-STSWD1172,797439,8,797439.0,sub-STSWD1172
3766,1.0,0.52139,4,1,1,1,1,1,1,True,sub-STSWD1172,799871,8,799871.0,sub-STSWD1172
3767,0.0,0.55235,4,1,1,1,1,1,1,True,sub-STSWD1172,802302,8,802302.0,sub-STSWD1172
3768,1.0,0.49726,4,1,1,1,1,1,1,True,sub-STSWD1172,804734,8,804734.0,sub-STSWD1172
3769,0.0,0.61423,4,1,1,1,1,1,1,True,sub-STSWD1172,807167,8,807167.0,sub-STSWD1172
3770,1.0,0.32717,4,1,2,1,1,1,1,True,sub-STSWD1172,809599,8,809599.0,sub-STSWD1172
3771,1.0,0.41011,4,1,2,1,1,1,1,True,sub-STSWD1172,812030,8,812030.0,sub-STSWD1172
3772,1.0,0.78658,4,1,2,1,1,1,1,True,sub-STSWD1173,35253,8,35253.0,sub-STSWD1173
3773,1.0,0.38952,4,1,2,1,1,1,1,True,sub-STSWD1173,37684,8,37684.0,sub-STSWD1173
3774,1.0,0.87245,4,1,1,1,1,1,1,True,sub-STSWD1173,40116,8,40116.0,sub-STSWD1173
3775,1.0,1.0394,4,1,2,1,1,1,1,True,sub-STSWD1173,42548,8,42548.0,sub-STSWD1173
3776,0.0,0.73331,4,1,1,1,1,1,1,True,sub-STSWD1173,44980,8,44980.0,sub-STSWD1173
3777,0.0,0.55325,4,1,2,1,1,1,1,True,sub-STSWD1173,47412,8,47412.0,sub-STSWD1173
3778,0.0,0.36419,4,1,1,1,1,1,1,True,sub-STSWD1173,49844,8,49844.0,sub-STSWD1173
3779,0.0,0.86812,4,1,2,1,1,1,1,True,sub-STSWD1173,52276,8,52276.0,sub-STSWD1173
3780,0.0,1.494,1,3,1,1,1,1,1,True,sub-STSWD1173,56756,8,56756.0,sub-STSWD1173
3781,1.0,1.733,1,3,2,1,1,1,1,True,sub-STSWD1173,59188,8,59188.0,sub-STSWD1173
3782,1.0,1.2969,1,3,1,1,1,1,1,True,sub-STSWD1173,61620,8,61620.0,sub-STSWD1173
3783,1.0,1.6958,4,3,2,1,1,1,1,True,sub-STSWD1173,64052,8,64052.0,sub-STSWD1173
3784,1.0,0.67574,4,3,2,1,1,1,1,True,sub-STSWD1173,66484,8,66484.0,sub-STSWD1173
3785,0.0,1.0056,2,3,2,1,1,1,1,True,sub-STSWD1173,68916,8,68916.0,sub-STSWD1173
3786,0.0,1.6167,1,3,1,1,1,1,1,True,sub-STSWD1173,71348,8,71348.0,sub-STSWD1173
3787,1.0,1.5405,1,3,1,1,1,1,1,True,sub-STSWD1173,73780,8,73780.0,sub-STSWD1173
3788,1.0,0.92744,1,4,2,1,1,1,1,True,sub-STSWD1173,78260,8,78260.0,sub-STSWD1173
3789,1.0,1.0465,2,4,1,1,1,1,1,True,sub-STSWD1173,80692,8,80692.0,sub-STSWD1173
3790,1.0,1.3922,1,4,2,1,1,1,1,True,sub-STSWD1173,83124,8,83124.0,sub-STSWD1173
3791,,,1,4,2,1,1,1,1,True,sub-STSWD1173,85556,8,,sub-STSWD1173
3792,1.0,0.70319,2,4,1,1,1,1,1,True,sub-STSWD1173,87988,8,87988.0,sub-STSWD1173
3793,0.0,1.7311,3,4,2,1,1,1,1,True,sub-STSWD1173,90420,8,90420.0,sub-STSWD1173
3794,1.0,1.1571,4,4,2,1,1,1,1,True,sub-STSWD1173,92852,8,92852.0,sub-STSWD1173
3795,0.0,0.856,4,4,1,1,1,1,1,True,sub-STSWD1173,95284,8,95284.0,sub-STSWD1173
3796,1.0,0.82488,2,2,1,1,1,1,1,True,sub-STSWD1173,99764,8,99764.0,sub-STSWD1173
3797,1.0,0.73282,2,2,2,1,1,1,1,True,sub-STSWD1173,102196,8,102196.0,sub-STSWD1173
3798,1.0,1.1868,4,2,2,1,1,1,1,True,sub-STSWD1173,104628,8,104628.0,sub-STSWD1173
3799,1.0,1.2486,2,2,1,1,1,1,1,True,sub-STSWD1173,107060,8,107060.0,sub-STSWD1173
3800,0.0,1.2616,4,2,1,1,1,1,1,True,sub-STSWD1173,109492,8,109492.0,sub-STSWD1173
3801,1.0,1.0625,4,2,2,1,1,1,1,True,sub-STSWD1173,111924,8,111924.0,sub-STSWD1173
3802,1.0,0.88241,4,2,1,1,1,1,1,True,sub-STSWD1173,114355,8,114355.0,sub-STSWD1173
3803,0.0,1.6244,2,2,2,1,1,1,1,True,sub-STSWD1173,116787,8,116787.0,sub-STSWD1173
3804,1.0,1.7022,3,4,1,1,1,1,1,True,sub-STSWD1173,121267,8,121267.0,sub-STSWD1173
3805,1.0,1.1852,3,4,1,1,1,1,1,True,sub-STSWD1173,123699,8,123699.0,sub-STSWD1173
3806,0.0,1.4452,3,4,1,1,1,1,1,True,sub-STSWD1173,126131,8,126131.0,sub-STSWD1173
3807,1.0,0.72505,2,4,2,1,1,1,1,True,sub-STSWD1173,128563,8,128563.0,sub-STSWD1173
3808,1.0,1.301,2,4,2,1,1,1,1,True,sub-STSWD1173,130995,8,130995.0,sub-STSWD1173
3809,,,1,4,1,1,1,1,1,True,sub-STSWD1173,133427,8,,sub-STSWD1173
3810,0.0,1.3379,4,4,2,1,1,1,1,True,sub-STSWD1173,135859,8,135859.0,sub-STSWD1173
3811,0.0,1.2038,4,4,1,1,1,1,1,True,sub-STSWD1173,138291,8,138291.0,sub-STSWD1173
3812,1.0,0.64769,2,1,2,1,1,1,1,True,sub-STSWD1173,142771,8,142771.0,sub-STSWD1173
3813,0.0,0.74757,2,1,1,1,1,1,1,True,sub-STSWD1173,145203,8,145203.0,sub-STSWD1173
3814,0.0,0.93861,2,1,2,1,1,1,1,True,sub-STSWD1173,147635,8,147635.0,sub-STSWD1173
3815,1.0,0.49156,2,1,1,1,1,1,1,True,sub-STSWD1173,150067,8,150067.0,sub-STSWD1173
3816,1.0,0.99853,2,1,2,1,1,1,1,True,sub-STSWD1173,152499,8,152499.0,sub-STSWD1173
3817,1.0,0.60743,2,1,1,1,1,1,1,True,sub-STSWD1173,154931,8,154931.0,sub-STSWD1173
3818,1.0,0.51538,2,1,2,1,1,1,1,True,sub-STSWD1173,157363,8,157363.0,sub-STSWD1173
3819,0.0,0.66422,2,1,2,1,1,1,1,True,sub-STSWD1173,159795,8,159795.0,sub-STSWD1173
3820,1.0,0.76823,4,3,2,1,1,1,1,True,sub-STSWD1173,164275,8,164275.0,sub-STSWD1173
3821,0.0,0.89004,4,3,1,1,1,1,1,True,sub-STSWD1173,166707,8,166707.0,sub-STSWD1173
3822,0.0,1.0171,3,3,2,1,1,1,1,True,sub-STSWD1173,169139,8,169139.0,sub-STSWD1173
3823,0.0,1.467,3,3,1,1,1,1,1,True,sub-STSWD1173,171571,8,171571.0,sub-STSWD1173
3824,1.0,1.4009,3,3,1,1,1,1,1,True,sub-STSWD1173,174003,8,174003.0,sub-STSWD1173
3825,0.0,1.3359,2,3,2,1,1,1,1,True,sub-STSWD1173,176435,8,176435.0,sub-STSWD1173
3826,1.0,1.3478,3,3,1,1,1,1,1,True,sub-STSWD1173,178867,8,178867.0,sub-STSWD1173
3827,0.0,0.68278,3,3,1,1,1,1,1,True,sub-STSWD1173,181299,8,181299.0,sub-STSWD1173
3828,1.0,1.2996,1,2,2,1,1,1,1,True,sub-STSWD1173,185779,8,185779.0,sub-STSWD1173
3829,1.0,0.87256,4,2,1,1,1,1,1,True,sub-STSWD1173,188211,8,188211.0,sub-STSWD1173
3830,1.0,1.0114,1,2,2,1,1,1,1,True,sub-STSWD1173,190643,8,190643.0,sub-STSWD1173
3831,0.0,1.1875,4,2,1,1,1,1,1,True,sub-STSWD1173,193075,8,193075.0,sub-STSWD1173
3832,1.0,1.7783,4,2,2,1,1,1,1,True,sub-STSWD1173,195507,8,195507.0,sub-STSWD1173
3833,0.0,1.1953,4,2,2,1,1,1,1,True,sub-STSWD1173,197939,8,197939.0,sub-STSWD1173
3834,0.0,1.5843,1,2,1,1,1,1,1,True,sub-STSWD1173,200370,8,200370.0,sub-STSWD1173
3835,1.0,1.1262,1,2,2,1,1,1,1,True,sub-STSWD1173,202802,8,202802.0,sub-STSWD1173
3836,0.0,1.0705,1,4,1,1,1,1,1,True,sub-STSWD1173,231039,8,231039.0,sub-STSWD1173
3837,0.0,1.3344,3,4,2,1,1,1,1,True,sub-STSWD1173,233471,8,233471.0,sub-STSWD1173
3838,1.0,1.3582,3,4,1,1,1,1,1,True,sub-STSWD1173,235903,8,235903.0,sub-STSWD1173
3839,0.0,0.73724,2,4,2,1,1,1,1,True,sub-STSWD1173,238335,8,238335.0,sub-STSWD1173
3840,1.0,0.84817,2,4,1,1,1,1,1,True,sub-STSWD1173,240767,8,240767.0,sub-STSWD1173
3841,1.0,1.188,2,4,2,1,1,1,1,True,sub-STSWD1173,243199,8,243199.0,sub-STSWD1173
3842,0.0,1.5371,4,4,1,1,1,1,1,True,sub-STSWD1173,245631,8,245631.0,sub-STSWD1173
3843,0.0,0.88499,4,4,1,1,1,1,1,True,sub-STSWD1173,248063,8,248063.0,sub-STSWD1173
3844,0.0,1.0859,3,1,2,1,1,1,1,True,sub-STSWD1173,252543,8,252543.0,sub-STSWD1173
3845,1.0,0.39682,3,1,2,1,1,1,1,True,sub-STSWD1173,254975,8,254975.0,sub-STSWD1173
3846,1.0,0.64275,3,1,2,1,1,1,1,True,sub-STSWD1173,257406,8,257406.0,sub-STSWD1173
3847,0.0,0.91467,3,1,2,1,1,1,1,True,sub-STSWD1173,259838,8,259838.0,sub-STSWD1173
3848,0.0,1.3746,3,1,1,1,1,1,1,True,sub-STSWD1173,262270,8,262270.0,sub-STSWD1173
3849,1.0,0.98255,3,1,1,1,1,1,1,True,sub-STSWD1173,264702,8,264702.0,sub-STSWD1173
3850,1.0,0.46749,3,1,2,1,1,1,1,True,sub-STSWD1173,267134,8,267134.0,sub-STSWD1173
3851,1.0,0.68043,3,1,1,1,1,1,1,True,sub-STSWD1173,269566,8,269566.0,sub-STSWD1173
3852,0.0,1.2512,1,2,1,1,1,1,1,True,sub-STSWD1173,274046,8,274046.0,sub-STSWD1173
3853,1.0,0.92426,3,2,1,1,1,1,1,True,sub-STSWD1173,276478,8,276478.0,sub-STSWD1173
3854,1.0,0.94118,1,2,2,1,1,1,1,True,sub-STSWD1173,278910,8,278910.0,sub-STSWD1173
3855,1.0,1.5031,3,2,2,1,1,1,1,True,sub-STSWD1173,281342,8,281342.0,sub-STSWD1173
3856,1.0,0.71006,3,2,2,1,1,1,1,True,sub-STSWD1173,283774,8,283774.0,sub-STSWD1173
3857,1.0,1.111,3,2,2,1,1,1,1,True,sub-STSWD1173,286206,8,286206.0,sub-STSWD1173
3858,1.0,1.2289,1,2,1,1,1,1,1,True,sub-STSWD1173,288638,8,288638.0,sub-STSWD1173
3859,0.0,1.0729,1,2,1,1,1,1,1,True,sub-STSWD1173,291070,8,291070.0,sub-STSWD1173
3860,0.0,1.2187,2,3,1,1,1,1,1,True,sub-STSWD1173,295550,8,295550.0,sub-STSWD1173
3861,1.0,0.62968,2,3,1,1,1,1,1,True,sub-STSWD1173,297982,8,297982.0,sub-STSWD1173
3862,1.0,1.2236,3,3,1,1,1,1,1,True,sub-STSWD1173,300414,8,300414.0,sub-STSWD1173
3863,1.0,1.0775,3,3,2,1,1,1,1,True,sub-STSWD1173,302846,8,302846.0,sub-STSWD1173
3864,1.0,1.3204,2,3,1,1,1,1,1,True,sub-STSWD1173,305278,8,305278.0,sub-STSWD1173
3865,0.0,1.0654,2,3,1,1,1,1,1,True,sub-STSWD1173,307710,8,307710.0,sub-STSWD1173
3866,0.0,0.99635,1,3,1,1,1,1,1,True,sub-STSWD1173,310142,8,310142.0,sub-STSWD1173
3867,1.0,0.82425,1,3,2,1,1,1,1,True,sub-STSWD1173,312574,8,312574.0,sub-STSWD1173
3868,0.0,0.97917,1,1,1,1,1,1,1,True,sub-STSWD1173,317054,8,317054.0,sub-STSWD1173
3869,0.0,1.154,1,1,2,1,1,1,1,True,sub-STSWD1173,319486,8,319486.0,sub-STSWD1173
3870,1.0,0.80104,1,1,2,1,1,1,1,True,sub-STSWD1173,321918,8,321918.0,sub-STSWD1173
3871,0.0,0.91099,1,1,1,1,1,1,1,True,sub-STSWD1173,324350,8,324350.0,sub-STSWD1173
3872,1.0,0.84085,1,1,1,1,1,1,1,True,sub-STSWD1173,326782,8,326782.0,sub-STSWD1173
3873,0.0,1.8419,1,1,2,1,1,1,1,True,sub-STSWD1173,329214,8,329214.0,sub-STSWD1173
3874,1.0,0.51484,1,1,1,1,1,1,1,True,sub-STSWD1173,331646,8,331646.0,sub-STSWD1173
3875,1.0,0.52767,1,1,2,1,1,1,1,True,sub-STSWD1173,334078,8,334078.0,sub-STSWD1173
3876,1.0,0.90165,3,2,1,1,1,1,1,True,sub-STSWD1173,338558,8,338558.0,sub-STSWD1173
3877,0.0,1.3165,4,2,1,1,1,1,1,True,sub-STSWD1173,340990,8,340990.0,sub-STSWD1173
3878,1.0,1.4385,3,2,2,1,1,1,1,True,sub-STSWD1173,343422,8,343422.0,sub-STSWD1173
3879,0.0,0.81443,3,2,2,1,1,1,1,True,sub-STSWD1173,345854,8,345854.0,sub-STSWD1173
3880,1.0,1.2344,3,2,1,1,1,1,1,True,sub-STSWD1173,348286,8,348286.0,sub-STSWD1173
3881,0.0,0.59831,4,2,1,1,1,1,1,True,sub-STSWD1173,350718,8,350718.0,sub-STSWD1173
3882,0.0,1.0572,4,2,1,1,1,1,1,True,sub-STSWD1173,353150,8,353150.0,sub-STSWD1173
3883,1.0,1.2582,3,2,1,1,1,1,1,True,sub-STSWD1173,355581,8,355581.0,sub-STSWD1173
3884,1.0,1.652,4,4,1,1,1,1,1,True,sub-STSWD1173,360062,8,360062.0,sub-STSWD1173
3885,1.0,1.59,2,4,1,1,1,1,1,True,sub-STSWD1173,362494,8,362494.0,sub-STSWD1173
3886,0.0,0.99996,4,4,2,1,1,1,1,True,sub-STSWD1173,364925,8,364925.0,sub-STSWD1173
3887,1.0,1.1729,1,4,2,1,1,1,1,True,sub-STSWD1173,367358,8,367358.0,sub-STSWD1173
3888,1.0,1.5168,3,4,1,1,1,1,1,True,sub-STSWD1173,369789,8,369789.0,sub-STSWD1173
3889,0.0,1.3917,3,4,1,1,1,1,1,True,sub-STSWD1173,372221,8,372221.0,sub-STSWD1173
3890,0.0,1.2887,1,4,1,1,1,1,1,True,sub-STSWD1173,374653,8,374653.0,sub-STSWD1173
3891,0.0,1.3896,1,4,2,1,1,1,1,True,sub-STSWD1173,377085,8,377085.0,sub-STSWD1173
3892,1.0,1.4195,3,3,2,1,1,1,1,True,sub-STSWD1173,381565,8,381565.0,sub-STSWD1173
3893,0.0,1.6484,2,3,2,1,1,1,1,True,sub-STSWD1173,383997,8,383997.0,sub-STSWD1173
3894,0.0,0.8464,1,3,1,1,1,1,1,True,sub-STSWD1173,386429,8,386429.0,sub-STSWD1173
3895,1.0,1.2813,3,3,2,1,1,1,1,True,sub-STSWD1173,388861,8,388861.0,sub-STSWD1173
3896,1.0,1.0102,2,3,1,1,1,1,1,True,sub-STSWD1173,391293,8,391293.0,sub-STSWD1173
3897,0.0,1.0852,2,3,2,1,1,1,1,True,sub-STSWD1173,393725,8,393725.0,sub-STSWD1173
3898,0.0,1.4951,2,3,2,1,1,1,1,True,sub-STSWD1173,396157,8,396157.0,sub-STSWD1173
3899,1.0,1.1161,1,3,2,1,1,1,1,True,sub-STSWD1173,398589,8,398589.0,sub-STSWD1173
3900,0.0,0.89793,1,2,1,1,1,1,1,True,sub-STSWD1173,430137,8,430137.0,sub-STSWD1173
3901,1.0,0.64082,2,2,1,1,1,1,1,True,sub-STSWD1173,432569,8,432569.0,sub-STSWD1173
3902,1.0,0.69677,2,2,1,1,1,1,1,True,sub-STSWD1173,435001,8,435001.0,sub-STSWD1173
3903,0.0,0.68165,2,2,2,1,1,1,1,True,sub-STSWD1173,437432,8,437432.0,sub-STSWD1173
3904,1.0,0.86666,1,2,2,1,1,1,1,True,sub-STSWD1173,439864,8,439864.0,sub-STSWD1173
3905,1.0,1.2786,2,2,1,1,1,1,1,True,sub-STSWD1173,442296,8,442296.0,sub-STSWD1173
3906,0.0,0.62056,2,2,1,1,1,1,1,True,sub-STSWD1173,444728,8,444728.0,sub-STSWD1173
3907,0.0,1.0418,1,2,1,1,1,1,1,True,sub-STSWD1173,447164,8,447164.0,sub-STSWD1173
3908,0.0,1.0057,2,3,2,1,1,1,1,True,sub-STSWD1173,451644,8,451644.0,sub-STSWD1173
3909,0.0,1.3246,4,3,2,1,1,1,1,True,sub-STSWD1173,454076,8,454076.0,sub-STSWD1173
3910,0.0,0.95846,1,3,2,1,1,1,1,True,sub-STSWD1173,456508,8,456508.0,sub-STSWD1173
3911,1.0,0.71346,1,3,2,1,1,1,1,True,sub-STSWD1173,458940,8,458940.0,sub-STSWD1173
3912,1.0,0.9254,4,3,1,1,1,1,1,True,sub-STSWD1173,461372,8,461372.0,sub-STSWD1173
3913,1.0,1.3173,1,3,1,1,1,1,1,True,sub-STSWD1173,463804,8,463804.0,sub-STSWD1173
3914,1.0,1.2133,2,3,1,1,1,1,1,True,sub-STSWD1173,466236,8,466236.0,sub-STSWD1173
3915,1.0,0.50523,2,3,2,1,1,1,1,True,sub-STSWD1173,468668,8,468668.0,sub-STSWD1173
3916,1.0,0.9361,4,4,1,1,1,1,1,True,sub-STSWD1173,473148,8,473148.0,sub-STSWD1173
3917,0.0,0.68606,4,4,1,1,1,1,1,True,sub-STSWD1173,475580,8,475580.0,sub-STSWD1173
3918,1.0,0.64691,2,4,2,1,1,1,1,True,sub-STSWD1173,478012,8,478012.0,sub-STSWD1173
3919,1.0,0.81991,2,4,1,1,1,1,1,True,sub-STSWD1173,480444,8,480444.0,sub-STSWD1173
3920,0.0,1.2068,1,4,2,1,1,1,1,True,sub-STSWD1173,482876,8,482876.0,sub-STSWD1173
3921,1.0,0.80469,1,4,1,1,1,1,1,True,sub-STSWD1173,485308,8,485308.0,sub-STSWD1173
3922,0.0,0.64871,3,4,2,1,1,1,1,True,sub-STSWD1173,487740,8,487740.0,sub-STSWD1173
3923,0.0,1.1727,3,4,1,1,1,1,1,True,sub-STSWD1173,490172,8,490172.0,sub-STSWD1173
3924,1.0,0.47154,2,1,1,1,1,1,1,True,sub-STSWD1173,494652,8,494652.0,sub-STSWD1173
3925,0.0,0.48148,2,1,2,1,1,1,1,True,sub-STSWD1173,497084,8,497084.0,sub-STSWD1173
3926,0.0,0.9394,2,1,1,1,1,1,1,True,sub-STSWD1173,499516,8,499516.0,sub-STSWD1173
3927,1.0,0.52235,2,1,1,1,1,1,1,True,sub-STSWD1173,501948,8,501948.0,sub-STSWD1173
3928,0.0,1.3843,2,1,2,1,1,1,1,True,sub-STSWD1173,504380,8,504380.0,sub-STSWD1173
3929,1.0,0.70821,2,1,1,1,1,1,1,True,sub-STSWD1173,506812,8,506812.0,sub-STSWD1173
3930,0.0,1.2961,2,1,2,1,1,1,1,True,sub-STSWD1173,509244,8,509244.0,sub-STSWD1173
3931,0.0,0.55809,2,1,1,1,1,1,1,True,sub-STSWD1173,511676,8,511676.0,sub-STSWD1173
3932,,,1,4,1,1,1,1,1,True,sub-STSWD1173,516156,8,,sub-STSWD1173
3933,1.0,0.66991,2,4,1,1,1,1,1,True,sub-STSWD1173,518588,8,518588.0,sub-STSWD1173
3934,1.0,0.63279,2,4,2,1,1,1,1,True,sub-STSWD1173,521020,8,521020.0,sub-STSWD1173
3935,0.0,1.0876,4,4,2,1,1,1,1,True,sub-STSWD1173,523452,8,523452.0,sub-STSWD1173
3936,1.0,0.64169,1,4,2,1,1,1,1,True,sub-STSWD1173,525884,8,525884.0,sub-STSWD1173
3937,1.0,0.74668,4,4,2,1,1,1,1,True,sub-STSWD1173,528316,8,528316.0,sub-STSWD1173
3938,0.0,0.95812,3,4,2,1,1,1,1,True,sub-STSWD1173,530748,8,530748.0,sub-STSWD1173
3939,0.0,1.3596,3,4,1,1,1,1,1,True,sub-STSWD1173,533180,8,533180.0,sub-STSWD1173
3940,0.0,0.78494,4,3,1,1,1,1,1,True,sub-STSWD1173,537660,8,537660.0,sub-STSWD1173
3941,1.0,1.1274,4,3,1,1,1,1,1,True,sub-STSWD1173,540092,8,540092.0,sub-STSWD1173
3942,1.0,1.1663,3,3,2,1,1,1,1,True,sub-STSWD1173,542524,8,542524.0,sub-STSWD1173
3943,0.0,1.0262,3,3,2,1,1,1,1,True,sub-STSWD1173,544956,8,544956.0,sub-STSWD1173
3944,1.0,0.89215,1,3,2,1,1,1,1,True,sub-STSWD1173,547388,8,547388.0,sub-STSWD1173
3945,0.0,0.66812,4,3,1,1,1,1,1,True,sub-STSWD1173,549820,8,549820.0,sub-STSWD1173
3946,0.0,1.0029,4,3,1,1,1,1,1,True,sub-STSWD1173,552252,8,552252.0,sub-STSWD1173
3947,0.0,0.97888,4,3,2,1,1,1,1,True,sub-STSWD1173,554684,8,554684.0,sub-STSWD1173
3948,0.0,1.4528,3,2,1,1,1,1,1,True,sub-STSWD1173,559164,8,559164.0,sub-STSWD1173
3949,0.0,0.82969,4,2,1,1,1,1,1,True,sub-STSWD1173,561596,8,561596.0,sub-STSWD1173
3950,1.0,0.66975,4,2,2,1,1,1,1,True,sub-STSWD1173,564028,8,564028.0,sub-STSWD1173
3951,0.0,1.0127,4,2,2,1,1,1,1,True,sub-STSWD1173,566460,8,566460.0,sub-STSWD1173
3952,0.0,1.3726,3,2,2,1,1,1,1,True,sub-STSWD1173,568892,8,568892.0,sub-STSWD1173
3953,1.0,0.91256,4,2,2,1,1,1,1,True,sub-STSWD1173,571324,8,571324.0,sub-STSWD1173
3954,0.0,1.2155,4,2,2,1,1,1,1,True,sub-STSWD1173,573756,8,573756.0,sub-STSWD1173
3955,1.0,0.9254,3,2,1,1,1,1,1,True,sub-STSWD1173,576188,8,576188.0,sub-STSWD1173
3956,1.0,0.57732,3,1,2,1,1,1,1,True,sub-STSWD1173,580668,8,580668.0,sub-STSWD1173
3957,1.0,0.39323,3,1,1,1,1,1,1,True,sub-STSWD1173,583100,8,583100.0,sub-STSWD1173
3958,1.0,0.98219,3,1,2,1,1,1,1,True,sub-STSWD1173,585532,8,585532.0,sub-STSWD1173
3959,1.0,0.51413,3,1,1,1,1,1,1,True,sub-STSWD1173,587964,8,587964.0,sub-STSWD1173
3960,1.0,0.49703,3,1,2,1,1,1,1,True,sub-STSWD1173,590396,8,590396.0,sub-STSWD1173
3961,0.0,0.799,3,1,1,1,1,1,1,True,sub-STSWD1173,592827,8,592827.0,sub-STSWD1173
3962,1.0,0.42391,3,1,1,1,1,1,1,True,sub-STSWD1173,595260,8,595260.0,sub-STSWD1173
3963,1.0,0.76387,3,1,1,1,1,1,1,True,sub-STSWD1173,597691,8,597691.0,sub-STSWD1173
3964,0.0,0.77922,1,3,1,1,1,1,1,True,sub-STSWD1173,625634,8,625634.0,sub-STSWD1173
3965,0.0,0.82004,1,3,2,1,1,1,1,True,sub-STSWD1173,628066,8,628066.0,sub-STSWD1173
3966,1.0,0.83297,3,3,1,1,1,1,1,True,sub-STSWD1173,630498,8,630498.0,sub-STSWD1173
3967,1.0,0.97291,4,3,2,1,1,1,1,True,sub-STSWD1173,632930,8,632930.0,sub-STSWD1173
3968,1.0,0.58386,1,3,2,1,1,1,1,True,sub-STSWD1173,635362,8,635362.0,sub-STSWD1173
3969,0.0,0.68579,3,3,2,1,1,1,1,True,sub-STSWD1173,637793,8,637793.0,sub-STSWD1173
3970,1.0,0.95171,4,3,2,1,1,1,1,True,sub-STSWD1173,640225,8,640225.0,sub-STSWD1173
3971,1.0,0.72467,4,3,2,1,1,1,1,True,sub-STSWD1173,642657,8,642657.0,sub-STSWD1173
3972,1.0,0.96054,2,4,2,1,1,1,1,True,sub-STSWD1173,647137,8,647137.0,sub-STSWD1173
3973,1.0,0.66748,4,4,2,1,1,1,1,True,sub-STSWD1173,649569,8,649569.0,sub-STSWD1173
3974,0.0,0.86046,4,4,2,1,1,1,1,True,sub-STSWD1173,652001,8,652001.0,sub-STSWD1173
3975,1.0,0.61541,4,4,2,1,1,1,1,True,sub-STSWD1173,654433,8,654433.0,sub-STSWD1173
3976,0.0,0.90629,2,4,1,1,1,1,1,True,sub-STSWD1173,656865,8,656865.0,sub-STSWD1173
3977,1.0,0.70223,1,4,2,1,1,1,1,True,sub-STSWD1173,659297,8,659297.0,sub-STSWD1173
3978,1.0,0.70516,3,4,2,1,1,1,1,True,sub-STSWD1173,661729,8,661729.0,sub-STSWD1173
3979,1.0,0.8491,1,4,1,1,1,1,1,True,sub-STSWD1173,664161,8,664161.0,sub-STSWD1173
3980,0.0,0.94597,1,2,2,1,1,1,1,True,sub-STSWD1173,668641,8,668641.0,sub-STSWD1173
3981,1.0,1.0949,1,2,2,1,1,1,1,True,sub-STSWD1173,671073,8,671073.0,sub-STSWD1173
3982,0.0,0.73685,2,2,1,1,1,1,1,True,sub-STSWD1173,673505,8,673505.0,sub-STSWD1173
3983,1.0,1.0218,2,2,2,1,1,1,1,True,sub-STSWD1173,675937,8,675937.0,sub-STSWD1173
3984,1.0,0.96676,1,2,1,1,1,1,1,True,sub-STSWD1173,678369,8,678369.0,sub-STSWD1173
3985,0.0,0.84467,2,2,1,1,1,1,1,True,sub-STSWD1173,680801,8,680801.0,sub-STSWD1173
3986,1.0,1.1916,1,2,2,1,1,1,1,True,sub-STSWD1173,683233,8,683233.0,sub-STSWD1173
3987,1.0,0.96758,1,2,1,1,1,1,1,True,sub-STSWD1173,685665,8,685665.0,sub-STSWD1173
3988,1.0,0.84542,1,1,1,1,1,1,1,True,sub-STSWD1173,690145,8,690145.0,sub-STSWD1173
3989,1.0,0.5814,1,1,2,1,1,1,1,True,sub-STSWD1173,692577,8,692577.0,sub-STSWD1173
3990,0.0,0.60334,1,1,1,1,1,1,1,True,sub-STSWD1173,695009,8,695009.0,sub-STSWD1173
3991,1.0,0.61724,1,1,2,1,1,1,1,True,sub-STSWD1173,697441,8,697441.0,sub-STSWD1173
3992,1.0,0.67517,1,1,2,1,1,1,1,True,sub-STSWD1173,699873,8,699873.0,sub-STSWD1173
3993,0.0,0.68415,1,1,1,1,1,1,1,True,sub-STSWD1173,702305,8,702305.0,sub-STSWD1173
3994,1.0,0.89104,1,1,2,1,1,1,1,True,sub-STSWD1173,704737,8,704737.0,sub-STSWD1173
3995,1.0,0.62502,1,1,1,1,1,1,1,True,sub-STSWD1173,707169,8,707169.0,sub-STSWD1173
3996,1.0,0.7039,2,2,2,1,1,1,1,True,sub-STSWD1173,711649,8,711649.0,sub-STSWD1173
3997,1.0,0.82779,3,2,1,1,1,1,1,True,sub-STSWD1173,714081,8,714081.0,sub-STSWD1173
3998,0.0,1.383,3,2,1,1,1,1,1,True,sub-STSWD1173,716513,8,716513.0,sub-STSWD1173
3999,1.0,0.68368,3,2,2,1,1,1,1,True,sub-STSWD1173,718945,8,718945.0,sub-STSWD1173
4000,1.0,0.76857,2,2,2,1,1,1,1,True,sub-STSWD1173,721377,8,721377.0,sub-STSWD1173
4001,1.0,0.93757,3,2,2,1,1,1,1,True,sub-STSWD1173,723809,8,723809.0,sub-STSWD1173
4002,1.0,1.2665,2,2,2,1,1,1,1,True,sub-STSWD1173,726241,8,726241.0,sub-STSWD1173
4003,1.0,1.1034,2,2,2,1,1,1,1,True,sub-STSWD1173,728673,8,728673.0,sub-STSWD1173
4004,0.0,1.0855,3,3,1,1,1,1,1,True,sub-STSWD1173,733153,8,733153.0,sub-STSWD1173
4005,0.0,0.95917,3,3,2,1,1,1,1,True,sub-STSWD1173,735585,8,735585.0,sub-STSWD1173
4006,0.0,1.0562,4,3,1,1,1,1,1,True,sub-STSWD1173,738017,8,738017.0,sub-STSWD1173
4007,0.0,0.81212,3,3,1,1,1,1,1,True,sub-STSWD1173,740449,8,740449.0,sub-STSWD1173
4008,1.0,0.61738,2,3,2,1,1,1,1,True,sub-STSWD1173,742881,8,742881.0,sub-STSWD1173
4009,1.0,1.3082,2,3,1,1,1,1,1,True,sub-STSWD1173,745313,8,745313.0,sub-STSWD1173
4010,0.0,1.3272,4,3,1,1,1,1,1,True,sub-STSWD1173,747745,8,747745.0,sub-STSWD1173
4011,0.0,0.45024,2,3,1,1,1,1,1,True,sub-STSWD1173,750177,8,750177.0,sub-STSWD1173
4012,1.0,0.47875,4,1,2,1,1,1,1,True,sub-STSWD1173,754656,8,754656.0,sub-STSWD1173
4013,1.0,0.40405,4,1,2,1,1,1,1,True,sub-STSWD1173,757088,8,757088.0,sub-STSWD1173
4014,0.0,0.42756,4,1,1,1,1,1,1,True,sub-STSWD1173,759520,8,759520.0,sub-STSWD1173
4015,1.0,0.44155,4,1,1,1,1,1,1,True,sub-STSWD1173,761952,8,761952.0,sub-STSWD1173
4016,1.0,0.40883,4,1,1,1,1,1,1,True,sub-STSWD1173,764384,8,764384.0,sub-STSWD1173
4017,0.0,0.63937,4,1,1,1,1,1,1,True,sub-STSWD1173,766816,8,766816.0,sub-STSWD1173
4018,0.0,0.60136,4,1,1,1,1,1,1,True,sub-STSWD1173,769248,8,769248.0,sub-STSWD1173
4019,1.0,0.40935,4,1,2,1,1,1,1,True,sub-STSWD1173,771680,8,771680.0,sub-STSWD1173
4020,0.0,0.63544,2,4,1,1,1,1,1,True,sub-STSWD1173,776160,8,776160.0,sub-STSWD1173
4021,1.0,0.73345,2,4,2,1,1,1,1,True,sub-STSWD1173,778592,8,778592.0,sub-STSWD1173
4022,0.0,0.70239,4,4,1,1,1,1,1,True,sub-STSWD1173,781024,8,781024.0,sub-STSWD1173
4023,0.0,0.97748,3,4,2,1,1,1,1,True,sub-STSWD1173,783456,8,783456.0,sub-STSWD1173
4024,1.0,0.93429,3,4,2,1,1,1,1,True,sub-STSWD1173,785888,8,785888.0,sub-STSWD1173
4025,0.0,0.97719,3,4,2,1,1,1,1,True,sub-STSWD1173,788320,8,788320.0,sub-STSWD1173
4026,0.0,0.82013,1,4,1,1,1,1,1,True,sub-STSWD1173,790752,8,790752.0,sub-STSWD1173
4027,0.0,0.56807,1,4,1,1,1,1,1,True,sub-STSWD1173,793184,8,793184.0,sub-STSWD1173
4028,1.0,1.5349,3,2,2,1,1,1,1,True,sub-STSWD1178,25252,8,25252.0,sub-STSWD1178
4029,1.0,1.5018,3,2,1,1,1,1,1,True,sub-STSWD1178,27684,8,27684.0,sub-STSWD1178
4030,1.0,1.6707,4,2,1,1,1,1,1,True,sub-STSWD1178,30116,8,30116.0,sub-STSWD1178
4031,1.0,1.3368,3,2,1,1,1,1,1,True,sub-STSWD1178,32548,8,32548.0,sub-STSWD1178
4032,1.0,1.8546,4,2,1,1,1,1,1,True,sub-STSWD1178,34980,8,34980.0,sub-STSWD1178
4033,1.0,0.95361,4,2,2,1,1,1,1,True,sub-STSWD1178,37412,8,37412.0,sub-STSWD1178
4034,1.0,1.3535,3,2,2,1,1,1,1,True,sub-STSWD1178,39844,8,39844.0,sub-STSWD1178
4035,1.0,0.99447,3,2,1,1,1,1,1,True,sub-STSWD1178,42276,8,42276.0,sub-STSWD1178
4036,0.0,1.9894,1,4,2,1,1,1,1,True,sub-STSWD1178,46756,8,46757.0,sub-STSWD1178
4037,1.0,1.6713,1,4,2,1,1,1,1,True,sub-STSWD1178,49188,8,49188.0,sub-STSWD1178
4038,1.0,1.0642,2,4,2,1,1,1,1,True,sub-STSWD1178,51620,8,51620.0,sub-STSWD1178
4039,1.0,1.1322,2,4,2,1,1,1,1,True,sub-STSWD1178,54052,8,54052.0,sub-STSWD1178
4040,1.0,1.6671,4,4,2,1,1,1,1,True,sub-STSWD1178,56484,8,56484.0,sub-STSWD1178
4041,1.0,0.76105,3,4,1,1,1,1,1,True,sub-STSWD1178,58916,8,58916.0,sub-STSWD1178
4042,1.0,0.95298,3,4,1,1,1,1,1,True,sub-STSWD1178,61348,8,61348.0,sub-STSWD1178
4043,1.0,1.0709,3,4,2,1,1,1,1,True,sub-STSWD1178,63780,8,63780.0,sub-STSWD1178
4044,1.0,1.1848,1,3,1,1,1,1,1,True,sub-STSWD1178,68260,8,68260.0,sub-STSWD1178
4045,1.0,0.74174,1,3,2,1,1,1,1,True,sub-STSWD1178,70692,8,70692.0,sub-STSWD1178
4046,1.0,1.0697,1,3,2,1,1,1,1,True,sub-STSWD1178,73123,8,73123.0,sub-STSWD1178
4047,0.0,0.63162,4,3,1,1,1,1,1,True,sub-STSWD1178,75555,8,75555.0,sub-STSWD1178
4048,1.0,0.79454,4,3,2,1,1,1,1,True,sub-STSWD1178,77987,8,77987.0,sub-STSWD1178
4049,0.0,0.77248,2,3,1,1,1,1,1,True,sub-STSWD1178,80419,8,80419.0,sub-STSWD1178
4050,0.0,1.6624,1,3,2,1,1,1,1,True,sub-STSWD1178,82851,8,82851.0,sub-STSWD1178
4051,0.0,0.79636,1,3,2,1,1,1,1,True,sub-STSWD1178,85283,8,85283.0,sub-STSWD1178
4052,0.0,0.48226,4,1,2,1,1,1,1,True,sub-STSWD1178,89763,8,89763.0,sub-STSWD1178
4053,1.0,0.29719,4,1,2,1,1,1,1,True,sub-STSWD1178,92195,8,92195.0,sub-STSWD1178
4054,1.0,0.27409,4,1,1,1,1,1,1,True,sub-STSWD1178,94627,8,94627.0,sub-STSWD1178
4055,1.0,0.91506,4,1,1,1,1,1,1,True,sub-STSWD1178,97059,8,97059.0,sub-STSWD1178
4056,1.0,0.49702,4,1,1,1,1,1,1,True,sub-STSWD1178,99491,8,99491.0,sub-STSWD1178
4057,0.0,0.60297,4,1,2,1,1,1,1,True,sub-STSWD1178,101923,8,101923.0,sub-STSWD1178
4058,1.0,0.433,4,1,2,1,1,1,1,True,sub-STSWD1178,104355,8,104355.0,sub-STSWD1178
4059,1.0,0.51781,4,1,2,1,1,1,1,True,sub-STSWD1178,106787,8,106787.0,sub-STSWD1178
4060,1.0,1.1997,1,4,1,1,1,1,1,True,sub-STSWD1178,111267,8,111267.0,sub-STSWD1178
4061,1.0,1.4046,4,4,2,1,1,1,1,True,sub-STSWD1178,113699,8,113699.0,sub-STSWD1178
4062,1.0,1.0416,4,4,2,1,1,1,1,True,sub-STSWD1178,116131,8,116131.0,sub-STSWD1178
4063,1.0,0.65846,1,4,1,1,1,1,1,True,sub-STSWD1178,118563,8,118563.0,sub-STSWD1178
4064,0.0,1.3804,2,4,1,1,1,1,1,True,sub-STSWD1178,120995,8,120995.0,sub-STSWD1178
4065,1.0,0.77655,2,4,1,1,1,1,1,True,sub-STSWD1178,123427,8,123427.0,sub-STSWD1178
4066,1.0,1.5333,3,4,2,1,1,1,1,True,sub-STSWD1178,125859,8,125859.0,sub-STSWD1178
4067,0.0,1.2523,4,4,1,1,1,1,1,True,sub-STSWD1178,128291,8,128291.0,sub-STSWD1178
4068,1.0,0.54313,1,2,2,1,1,1,1,True,sub-STSWD1178,132771,8,132771.0,sub-STSWD1178
4069,1.0,0.56624,1,2,1,1,1,1,1,True,sub-STSWD1178,135203,8,135203.0,sub-STSWD1178
4070,1.0,1.334,2,2,1,1,1,1,1,True,sub-STSWD1178,137635,8,137635.0,sub-STSWD1178
4071,1.0,0.449,1,2,1,1,1,1,1,True,sub-STSWD1178,140067,8,140067.0,sub-STSWD1178
4072,1.0,0.80188,1,2,2,1,1,1,1,True,sub-STSWD1178,142499,8,142499.0,sub-STSWD1178
4073,1.0,0.94282,2,2,2,1,1,1,1,True,sub-STSWD1178,144931,8,144931.0,sub-STSWD1178
4074,1.0,0.71076,1,2,1,1,1,1,1,True,sub-STSWD1178,147363,8,147363.0,sub-STSWD1178
4075,1.0,1.1447,2,2,2,1,1,1,1,True,sub-STSWD1178,149794,8,149794.0,sub-STSWD1178
4076,1.0,0.76677,1,1,2,1,1,1,1,True,sub-STSWD1178,154274,8,154274.0,sub-STSWD1178
4077,1.0,0.61052,1,1,1,1,1,1,1,True,sub-STSWD1178,156706,8,156706.0,sub-STSWD1178
4078,1.0,0.54146,1,1,2,1,1,1,1,True,sub-STSWD1178,159138,8,159138.0,sub-STSWD1178
4079,1.0,0.99045,1,1,2,1,1,1,1,True,sub-STSWD1178,161570,8,161570.0,sub-STSWD1178
4080,1.0,0.33438,1,1,1,1,1,1,1,True,sub-STSWD1178,164002,8,164002.0,sub-STSWD1178
4081,1.0,0.34426,1,1,2,1,1,1,1,True,sub-STSWD1178,166434,8,166434.0,sub-STSWD1178
4082,1.0,0.62122,1,1,2,1,1,1,1,True,sub-STSWD1178,168866,8,168866.0,sub-STSWD1178
4083,1.0,0.85915,1,1,2,1,1,1,1,True,sub-STSWD1178,171298,8,171298.0,sub-STSWD1178
4084,0.0,0.49803,2,3,2,1,1,1,1,True,sub-STSWD1178,175778,8,175778.0,sub-STSWD1178
4085,0.0,1.267,1,3,2,1,1,1,1,True,sub-STSWD1178,178210,8,178210.0,sub-STSWD1178
4086,0.0,1.4888,1,3,2,1,1,1,1,True,sub-STSWD1178,180642,8,180642.0,sub-STSWD1178
4087,1.0,1.1978,2,3,2,1,1,1,1,True,sub-STSWD1178,183074,8,183074.0,sub-STSWD1178
4088,1.0,0.80174,2,3,2,1,1,1,1,True,sub-STSWD1178,185506,8,185506.0,sub-STSWD1178
4089,1.0,0.8987,4,3,1,1,1,1,1,True,sub-STSWD1178,187938,8,187938.0,sub-STSWD1178
4090,1.0,0.94961,1,3,1,1,1,1,1,True,sub-STSWD1178,190370,8,190370.0,sub-STSWD1178
4091,1.0,0.99054,4,3,1,1,1,1,1,True,sub-STSWD1178,192802,8,192802.0,sub-STSWD1178
4092,1.0,0.6855,3,1,1,1,1,1,1,True,sub-STSWD1178,222788,8,222788.0,sub-STSWD1178
4093,1.0,0.51846,3,1,1,1,1,1,1,True,sub-STSWD1178,225220,8,225220.0,sub-STSWD1178
4094,1.0,0.44236,3,1,1,1,1,1,1,True,sub-STSWD1178,227652,8,227652.0,sub-STSWD1178
4095,1.0,0.67239,3,1,2,1,1,1,1,True,sub-STSWD1178,230084,8,230084.0,sub-STSWD1178
4096,1.0,0.46319,3,1,2,1,1,1,1,True,sub-STSWD1178,232516,8,232516.0,sub-STSWD1178
4097,1.0,0.52713,3,1,2,1,1,1,1,True,sub-STSWD1178,234947,8,234947.0,sub-STSWD1178
4098,1.0,0.37812,3,1,2,1,1,1,1,True,sub-STSWD1178,237379,8,237379.0,sub-STSWD1178
4099,1.0,0.52207,3,1,1,1,1,1,1,True,sub-STSWD1178,239811,8,239811.0,sub-STSWD1178
4100,1.0,0.98184,2,2,2,1,1,1,1,True,sub-STSWD1178,244291,8,244291.0,sub-STSWD1178
4101,1.0,0.60781,2,2,1,1,1,1,1,True,sub-STSWD1178,246723,8,246723.0,sub-STSWD1178
4102,1.0,0.31177,4,2,2,1,1,1,1,True,sub-STSWD1178,249155,8,249155.0,sub-STSWD1178
4103,1.0,0.39975,4,2,1,1,1,1,1,True,sub-STSWD1178,251587,8,251587.0,sub-STSWD1178
4104,1.0,0.74468,4,2,1,1,1,1,1,True,sub-STSWD1178,254019,8,254019.0,sub-STSWD1178
4105,1.0,0.94761,2,2,1,1,1,1,1,True,sub-STSWD1178,256451,8,256451.0,sub-STSWD1178
4106,1.0,0.59155,4,2,1,1,1,1,1,True,sub-STSWD1178,258883,8,258883.0,sub-STSWD1178
4107,1.0,0.69351,2,2,1,1,1,1,1,True,sub-STSWD1178,261315,8,261315.0,sub-STSWD1178
4108,1.0,0.79737,2,4,2,1,1,1,1,True,sub-STSWD1178,265795,8,265795.0,sub-STSWD1178
4109,1.0,1.6593,1,4,2,1,1,1,1,True,sub-STSWD1178,268227,8,268227.0,sub-STSWD1178
4110,0.0,0.94022,4,4,2,1,1,1,1,True,sub-STSWD1178,270659,8,270659.0,sub-STSWD1178
4111,1.0,1.0902,4,4,2,1,1,1,1,True,sub-STSWD1178,273091,8,273091.0,sub-STSWD1178
4112,1.0,1.1311,1,4,1,1,1,1,1,True,sub-STSWD1178,275523,8,275523.0,sub-STSWD1178
4113,1.0,0.80505,2,4,1,1,1,1,1,True,sub-STSWD1178,277955,8,277955.0,sub-STSWD1178
4114,1.0,0.593,2,4,2,1,1,1,1,True,sub-STSWD1178,280387,8,280387.0,sub-STSWD1178
4115,1.0,0.99293,3,4,1,1,1,1,1,True,sub-STSWD1178,282819,8,282819.0,sub-STSWD1178
4116,1.0,1.1151,1,3,1,1,1,1,1,True,sub-STSWD1178,287299,8,287299.0,sub-STSWD1178
4117,0.0,1.6777,3,3,1,1,1,1,1,True,sub-STSWD1178,289731,8,289731.0,sub-STSWD1178
4118,1.0,0.77369,2,3,1,1,1,1,1,True,sub-STSWD1178,292163,8,292163.0,sub-STSWD1178
4119,1.0,1.0826,2,3,1,1,1,1,1,True,sub-STSWD1178,294595,8,294595.0,sub-STSWD1178
4120,0.0,1.5296,3,3,1,1,1,1,1,True,sub-STSWD1178,297027,8,297027.0,sub-STSWD1178
4121,1.0,0.8465,2,3,1,1,1,1,1,True,sub-STSWD1178,299459,8,299459.0,sub-STSWD1178
4122,1.0,0.46645,2,3,1,1,1,1,1,True,sub-STSWD1178,301891,8,301891.0,sub-STSWD1178
4123,0.0,1.0744,2,3,2,1,1,1,1,True,sub-STSWD1178,304323,8,304323.0,sub-STSWD1178
4124,1.0,0.58728,1,1,1,1,1,1,1,True,sub-STSWD1178,308803,8,308803.0,sub-STSWD1178
4125,1.0,0.60321,1,1,1,1,1,1,1,True,sub-STSWD1178,311235,8,311235.0,sub-STSWD1178
4126,1.0,0.57815,1,1,1,1,1,1,1,True,sub-STSWD1178,313667,8,313667.0,sub-STSWD1178
4127,1.0,0.541,1,1,1,1,1,1,1,True,sub-STSWD1178,316099,8,316099.0,sub-STSWD1178
4128,1.0,0.48201,1,1,1,1,1,1,1,True,sub-STSWD1178,318531,8,318531.0,sub-STSWD1178
4129,1.0,0.57995,1,1,2,1,1,1,1,True,sub-STSWD1178,320963,8,320963.0,sub-STSWD1178
4130,1.0,0.6279,1,1,1,1,1,1,1,True,sub-STSWD1178,323395,8,323395.0,sub-STSWD1178
4131,1.0,0.35383,1,1,2,1,1,1,1,True,sub-STSWD1178,325827,8,325827.0,sub-STSWD1178
4132,0.0,0.98661,3,3,2,1,1,1,1,True,sub-STSWD1178,330307,8,330307.0,sub-STSWD1178
4133,0.0,0.89763,3,3,2,1,1,1,1,True,sub-STSWD1178,332739,8,332739.0,sub-STSWD1178
4134,1.0,0.57859,3,3,2,1,1,1,1,True,sub-STSWD1178,335171,8,335171.0,sub-STSWD1178
4135,1.0,1.1334,4,3,2,1,1,1,1,True,sub-STSWD1178,337603,8,337603.0,sub-STSWD1178
4136,1.0,0.33246,4,3,1,1,1,1,1,True,sub-STSWD1178,340034,8,340034.0,sub-STSWD1178
4137,0.0,1.0404,3,3,2,1,1,1,1,True,sub-STSWD1178,342466,8,342466.0,sub-STSWD1178
4138,1.0,1.0583,3,3,2,1,1,1,1,True,sub-STSWD1178,344898,8,344898.0,sub-STSWD1178
4139,1.0,0.41622,2,3,2,1,1,1,1,True,sub-STSWD1178,347330,8,347330.0,sub-STSWD1178
4140,1.0,1.0391,1,2,1,1,1,1,1,True,sub-STSWD1178,351810,8,351810.0,sub-STSWD1178
4141,1.0,0.5061,1,2,2,1,1,1,1,True,sub-STSWD1178,354242,8,354242.0,sub-STSWD1178
4142,0.0,0.81402,3,2,2,1,1,1,1,True,sub-STSWD1178,356674,8,356674.0,sub-STSWD1178
4143,1.0,0.72296,1,2,2,1,1,1,1,True,sub-STSWD1178,359106,8,359106.0,sub-STSWD1178
4144,0.0,1.178,3,2,2,1,1,1,1,True,sub-STSWD1178,361538,8,361538.0,sub-STSWD1178
4145,1.0,1.0298,3,2,1,1,1,1,1,True,sub-STSWD1178,363970,8,363970.0,sub-STSWD1178
4146,1.0,1.0578,3,2,1,1,1,1,1,True,sub-STSWD1178,366402,8,366402.0,sub-STSWD1178
4147,0.0,1.5387,1,2,2,1,1,1,1,True,sub-STSWD1178,368834,8,368834.0,sub-STSWD1178
4148,1.0,0.8796,1,4,1,1,1,1,1,True,sub-STSWD1178,373314,8,373314.0,sub-STSWD1178
4149,1.0,0.87445,1,4,1,1,1,1,1,True,sub-STSWD1178,375746,8,375746.0,sub-STSWD1178
4150,1.0,1.4605,4,4,2,1,1,1,1,True,sub-STSWD1178,378178,8,378178.0,sub-STSWD1178
4151,1.0,0.95642,4,4,1,1,1,1,1,True,sub-STSWD1178,380610,8,380610.0,sub-STSWD1178
4152,1.0,0.93934,2,4,1,1,1,1,1,True,sub-STSWD1178,383042,8,383042.0,sub-STSWD1178
4153,1.0,1.2193,3,4,1,1,1,1,1,True,sub-STSWD1178,385474,8,385474.0,sub-STSWD1178
4154,1.0,0.51323,3,4,2,1,1,1,1,True,sub-STSWD1178,387906,8,387906.0,sub-STSWD1178
4155,1.0,0.92016,3,4,1,1,1,1,1,True,sub-STSWD1178,390338,8,390338.0,sub-STSWD1178
4156,0.0,0.47795,4,1,1,1,1,1,1,True,sub-STSWD1178,422896,8,422896.0,sub-STSWD1178
4157,0.0,0.55589,4,1,1,1,1,1,1,True,sub-STSWD1178,425328,8,425328.0,sub-STSWD1178
4158,1.0,0.43486,4,1,1,1,1,1,1,True,sub-STSWD1178,427760,8,427760.0,sub-STSWD1178
4159,1.0,0.3488,4,1,2,1,1,1,1,True,sub-STSWD1178,430192,8,430192.0,sub-STSWD1178
4160,0.0,0.57279,4,1,1,1,1,1,1,True,sub-STSWD1178,432624,8,432624.0,sub-STSWD1178
4161,1.0,0.39859,4,1,2,1,1,1,1,True,sub-STSWD1178,435056,8,435056.0,sub-STSWD1178
4162,1.0,0.44758,4,1,1,1,1,1,1,True,sub-STSWD1178,437488,8,437488.0,sub-STSWD1178
4163,1.0,0.40355,4,1,2,1,1,1,1,True,sub-STSWD1178,439920,8,439920.0,sub-STSWD1178
4164,1.0,0.75849,2,2,1,1,1,1,1,True,sub-STSWD1178,444400,8,444400.0,sub-STSWD1178
4165,1.0,0.50534,2,2,1,1,1,1,1,True,sub-STSWD1178,446832,8,446832.0,sub-STSWD1178
4166,1.0,0.46623,3,2,2,1,1,1,1,True,sub-STSWD1178,449264,8,449264.0,sub-STSWD1178
4167,1.0,0.75125,2,2,2,1,1,1,1,True,sub-STSWD1178,451696,8,451696.0,sub-STSWD1178
4168,1.0,1.8421,3,2,2,1,1,1,1,True,sub-STSWD1178,454128,8,454128.0,sub-STSWD1178
4169,1.0,0.44512,3,2,2,1,1,1,1,True,sub-STSWD1178,456560,8,456560.0,sub-STSWD1178
4170,1.0,0.49506,3,2,1,1,1,1,1,True,sub-STSWD1178,458992,8,458992.0,sub-STSWD1178
4171,1.0,0.88895,2,2,1,1,1,1,1,True,sub-STSWD1178,461424,8,461424.0,sub-STSWD1178
4172,1.0,1.4069,3,3,2,1,1,1,1,True,sub-STSWD1178,465904,8,465904.0,sub-STSWD1178
4173,1.0,0.96281,1,3,2,1,1,1,1,True,sub-STSWD1178,468336,8,468336.0,sub-STSWD1178
4174,1.0,0.59672,1,3,1,1,1,1,1,True,sub-STSWD1178,470768,8,470768.0,sub-STSWD1178
4175,1.0,1.6926,3,3,1,1,1,1,1,True,sub-STSWD1178,473200,8,473200.0,sub-STSWD1178
4176,1.0,0.97259,1,3,1,1,1,1,1,True,sub-STSWD1178,475632,8,475632.0,sub-STSWD1178
4177,1.0,0.88049,2,3,1,1,1,1,1,True,sub-STSWD1178,478064,8,478064.0,sub-STSWD1178
4178,1.0,1.1258,2,3,2,1,1,1,1,True,sub-STSWD1178,480500,8,480500.0,sub-STSWD1178
4179,1.0,1.0217,2,3,2,1,1,1,1,True,sub-STSWD1178,482932,8,482932.0,sub-STSWD1178
4180,1.0,0.67862,2,4,2,1,1,1,1,True,sub-STSWD1178,487412,8,487412.0,sub-STSWD1178
4181,1.0,0.94455,3,4,2,1,1,1,1,True,sub-STSWD1178,489844,8,489844.0,sub-STSWD1178
4182,0.0,1.2715,3,4,2,1,1,1,1,True,sub-STSWD1178,492276,8,492276.0,sub-STSWD1178
4183,0.0,1.0794,1,4,2,1,1,1,1,True,sub-STSWD1178,494708,8,494708.0,sub-STSWD1178
4184,1.0,0.6943,2,4,2,1,1,1,1,True,sub-STSWD1178,497140,8,497140.0,sub-STSWD1178
4185,1.0,0.63131,1,4,1,1,1,1,1,True,sub-STSWD1178,499572,8,499572.0,sub-STSWD1178
4186,0.0,1.0622,1,4,2,1,1,1,1,True,sub-STSWD1178,502004,8,502004.0,sub-STSWD1178
4187,0.0,1.4462,4,4,1,1,1,1,1,True,sub-STSWD1178,504436,8,504436.0,sub-STSWD1178
4188,1.0,0.76307,2,2,2,1,1,1,1,True,sub-STSWD1178,508916,8,508916.0,sub-STSWD1178
4189,1.0,0.712,2,2,2,1,1,1,1,True,sub-STSWD1178,511348,8,511348.0,sub-STSWD1178
4190,1.0,0.51894,1,2,1,1,1,1,1,True,sub-STSWD1178,513780,8,513780.0,sub-STSWD1178
4191,1.0,0.40788,1,2,1,1,1,1,1,True,sub-STSWD1178,516212,8,516212.0,sub-STSWD1178
4192,1.0,0.79386,2,2,2,1,1,1,1,True,sub-STSWD1178,518644,8,518644.0,sub-STSWD1178
4193,1.0,0.5148,2,2,1,1,1,1,1,True,sub-STSWD1178,521076,8,521076.0,sub-STSWD1178
4194,1.0,0.53269,2,2,2,1,1,1,1,True,sub-STSWD1178,523508,8,523508.0,sub-STSWD1178
4195,0.0,1.4816,1,2,2,1,1,1,1,True,sub-STSWD1178,525940,8,525940.0,sub-STSWD1178
4196,1.0,0.63056,3,4,2,1,1,1,1,True,sub-STSWD1178,530420,8,530420.0,sub-STSWD1178
4197,1.0,1.2064,3,4,2,1,1,1,1,True,sub-STSWD1178,532851,8,532851.0,sub-STSWD1178
4198,1.0,0.87637,1,4,1,1,1,1,1,True,sub-STSWD1178,535283,8,535283.0,sub-STSWD1178
4199,1.0,1.2163,2,4,2,1,1,1,1,True,sub-STSWD1178,537715,8,537715.0,sub-STSWD1178
4200,1.0,0.81825,2,4,1,1,1,1,1,True,sub-STSWD1178,540147,8,540147.0,sub-STSWD1178
4201,1.0,1.0832,4,4,1,1,1,1,1,True,sub-STSWD1178,542579,8,542579.0,sub-STSWD1178
4202,1.0,1.5642,4,4,1,1,1,1,1,True,sub-STSWD1178,545011,8,545011.0,sub-STSWD1178
4203,1.0,1.1321,4,4,2,1,1,1,1,True,sub-STSWD1178,547443,8,547443.0,sub-STSWD1178
4204,1.0,1.0969,3,1,1,1,1,1,1,True,sub-STSWD1178,551923,8,551923.0,sub-STSWD1178
4205,1.0,0.54595,3,1,2,1,1,1,1,True,sub-STSWD1178,554355,8,554355.0,sub-STSWD1178
4206,1.0,0.60488,3,1,2,1,1,1,1,True,sub-STSWD1178,556787,8,556787.0,sub-STSWD1178
4207,1.0,0.55577,3,1,2,1,1,1,1,True,sub-STSWD1178,559219,8,559219.0,sub-STSWD1178
4208,1.0,0.66371,3,1,1,1,1,1,1,True,sub-STSWD1178,561651,8,561651.0,sub-STSWD1178
4209,1.0,0.66568,3,1,1,1,1,1,1,True,sub-STSWD1178,564083,8,564083.0,sub-STSWD1178
4210,1.0,0.41464,3,1,1,1,1,1,1,True,sub-STSWD1178,566515,8,566515.0,sub-STSWD1178
4211,1.0,0.50457,3,1,2,1,1,1,1,True,sub-STSWD1178,568947,8,568947.0,sub-STSWD1178
4212,0.0,1.5984,3,3,1,1,1,1,1,True,sub-STSWD1178,573427,8,573427.0,sub-STSWD1178
4213,1.0,1.6043,3,3,1,1,1,1,1,True,sub-STSWD1178,575859,8,575859.0,sub-STSWD1178
4214,1.0,1.0583,1,3,1,1,1,1,1,True,sub-STSWD1178,578291,8,578291.0,sub-STSWD1178
4215,1.0,1.3113,4,3,2,1,1,1,1,True,sub-STSWD1178,580723,8,580723.0,sub-STSWD1178
4216,0.0,1.7991,4,3,1,1,1,1,1,True,sub-STSWD1178,583155,8,583155.0,sub-STSWD1178
4217,1.0,1.6801,1,3,2,1,1,1,1,True,sub-STSWD1178,585587,8,585587.0,sub-STSWD1178
4218,0.0,1.759,4,3,1,1,1,1,1,True,sub-STSWD1178,588019,8,588019.0,sub-STSWD1178
4219,1.0,0.698,4,3,2,1,1,1,1,True,sub-STSWD1178,590451,8,590451.0,sub-STSWD1178
4220,0.0,1.4032,1,2,2,1,1,1,1,True,sub-STSWD1178,618223,8,618223.0,sub-STSWD1178
4221,1.0,1.2289,4,2,2,1,1,1,1,True,sub-STSWD1178,620654,8,620654.0,sub-STSWD1178
4222,1.0,1.1909,4,2,2,1,1,1,1,True,sub-STSWD1178,623087,8,623087.0,sub-STSWD1178
4223,1.0,0.63873,4,2,1,1,1,1,1,True,sub-STSWD1178,625519,8,625519.0,sub-STSWD1178
4224,1.0,0.88466,1,2,1,1,1,1,1,True,sub-STSWD1178,627950,8,627950.0,sub-STSWD1178
4225,1.0,1.2376,4,2,1,1,1,1,1,True,sub-STSWD1178,630382,8,630382.0,sub-STSWD1178
4226,1.0,1.3035,1,2,1,1,1,1,1,True,sub-STSWD1178,632814,8,632814.0,sub-STSWD1178
4227,0.0,1.6705,1,2,2,1,1,1,1,True,sub-STSWD1178,635246,8,635246.0,sub-STSWD1178
4228,1.0,0.79631,3,3,1,1,1,1,1,True,sub-STSWD1178,639726,8,639726.0,sub-STSWD1178
4229,1.0,1.4863,4,3,2,1,1,1,1,True,sub-STSWD1178,642158,8,642158.0,sub-STSWD1178
4230,1.0,0.91723,2,3,1,1,1,1,1,True,sub-STSWD1178,644590,8,644590.0,sub-STSWD1178
4231,1.0,1.1582,4,3,2,1,1,1,1,True,sub-STSWD1178,647022,8,647022.0,sub-STSWD1178
4232,1.0,0.77312,2,3,1,1,1,1,1,True,sub-STSWD1178,649454,8,649454.0,sub-STSWD1178
4233,1.0,1.726,2,3,2,1,1,1,1,True,sub-STSWD1178,651886,8,651886.0,sub-STSWD1178
4234,1.0,1.4449,3,3,2,1,1,1,1,True,sub-STSWD1178,654318,8,654318.0,sub-STSWD1178
4235,,,3,3,1,1,1,1,1,True,sub-STSWD1178,656750,8,,sub-STSWD1178
4236,1.0,0.40681,2,1,2,1,1,1,1,True,sub-STSWD1178,661230,8,661230.0,sub-STSWD1178
4237,1.0,0.34275,2,1,1,1,1,1,1,True,sub-STSWD1178,663662,8,663662.0,sub-STSWD1178
4238,1.0,0.53377,2,1,1,1,1,1,1,True,sub-STSWD1178,666094,8,666094.0,sub-STSWD1178
4239,1.0,0.44156,2,1,2,1,1,1,1,True,sub-STSWD1178,668526,8,668526.0,sub-STSWD1178
4240,1.0,0.38887,2,1,2,1,1,1,1,True,sub-STSWD1178,670958,8,670958.0,sub-STSWD1178
4241,1.0,0.7305,2,1,2,1,1,1,1,True,sub-STSWD1178,673390,8,673390.0,sub-STSWD1178
4242,1.0,0.47344,2,1,1,1,1,1,1,True,sub-STSWD1178,675822,8,675822.0,sub-STSWD1178
4243,1.0,0.37843,2,1,2,1,1,1,1,True,sub-STSWD1178,678254,8,678254.0,sub-STSWD1178
4244,1.0,1.3542,1,4,2,1,1,1,1,True,sub-STSWD1178,682734,8,682734.0,sub-STSWD1178
4245,1.0,0.5992,2,4,2,1,1,1,1,True,sub-STSWD1178,685166,8,685166.0,sub-STSWD1178
4246,0.0,1.3301,4,4,1,1,1,1,1,True,sub-STSWD1178,687598,8,687598.0,sub-STSWD1178
4247,1.0,1.3651,4,4,2,1,1,1,1,True,sub-STSWD1178,690030,8,690030.0,sub-STSWD1178
4248,1.0,1.1879,3,4,2,1,1,1,1,True,sub-STSWD1178,692462,8,692462.0,sub-STSWD1178
4249,1.0,0.531,3,4,1,1,1,1,1,True,sub-STSWD1178,694894,8,694894.0,sub-STSWD1178
4250,1.0,0.54096,2,4,1,1,1,1,1,True,sub-STSWD1178,697326,8,697326.0,sub-STSWD1178
4251,1.0,1.2377,1,4,1,1,1,1,1,True,sub-STSWD1178,699758,8,699758.0,sub-STSWD1178
4252,1.0,1.7217,3,2,1,1,1,1,1,True,sub-STSWD1178,704238,8,704238.0,sub-STSWD1178
4253,1.0,0.61969,4,2,2,1,1,1,1,True,sub-STSWD1178,706670,8,706670.0,sub-STSWD1178
4254,1.0,1.0656,4,2,1,1,1,1,1,True,sub-STSWD1178,709102,8,709102.0,sub-STSWD1178
4255,1.0,0.56851,3,2,2,1,1,1,1,True,sub-STSWD1178,711534,8,711534.0,sub-STSWD1178
4256,1.0,1.1614,4,2,2,1,1,1,1,True,sub-STSWD1178,713966,8,713966.0,sub-STSWD1178
4257,1.0,1.4114,4,2,2,1,1,1,1,True,sub-STSWD1178,716398,8,716398.0,sub-STSWD1178
4258,0.0,1.3864,4,2,2,1,1,1,1,True,sub-STSWD1178,718830,8,718830.0,sub-STSWD1178
4259,,,3,2,1,1,1,1,1,True,sub-STSWD1178,721261,8,,sub-STSWD1178
4260,1.0,0.34219,2,1,1,1,1,1,1,True,sub-STSWD1178,725742,8,725742.0,sub-STSWD1178
4261,1.0,0.54109,2,1,1,1,1,1,1,True,sub-STSWD1178,728173,8,728173.0,sub-STSWD1178
4262,1.0,0.45111,2,1,2,1,1,1,1,True,sub-STSWD1178,730605,8,730605.0,sub-STSWD1178
4263,1.0,0.44901,2,1,2,1,1,1,1,True,sub-STSWD1178,733038,8,733038.0,sub-STSWD1178
4264,1.0,0.73691,2,1,1,1,1,1,1,True,sub-STSWD1178,735469,8,735469.0,sub-STSWD1178
4265,1.0,0.41893,2,1,2,1,1,1,1,True,sub-STSWD1178,737901,8,737901.0,sub-STSWD1178
4266,1.0,0.52581,2,1,1,1,1,1,1,True,sub-STSWD1178,740334,8,740334.0,sub-STSWD1178
4267,1.0,0.4747,2,1,1,1,1,1,1,True,sub-STSWD1178,742765,8,742765.0,sub-STSWD1178
4268,1.0,0.97163,2,4,1,1,1,1,1,True,sub-STSWD1178,747245,8,747245.0,sub-STSWD1178
4269,1.0,0.58758,2,4,1,1,1,1,1,True,sub-STSWD1178,749677,8,749677.0,sub-STSWD1178
4270,0.0,1.4594,3,4,1,1,1,1,1,True,sub-STSWD1178,752109,8,752109.0,sub-STSWD1178
4271,1.0,0.93041,3,4,1,1,1,1,1,True,sub-STSWD1178,754541,8,754541.0,sub-STSWD1178
4272,0.0,1.3223,4,4,1,1,1,1,1,True,sub-STSWD1178,756973,8,756973.0,sub-STSWD1178
4273,0.0,1.5905,4,4,1,1,1,1,1,True,sub-STSWD1178,759405,8,759405.0,sub-STSWD1178
4274,0.0,1.3932,1,4,2,1,1,1,1,True,sub-STSWD1178,761837,8,761837.0,sub-STSWD1178
4275,1.0,1.2192,1,4,2,1,1,1,1,True,sub-STSWD1178,764269,8,764269.0,sub-STSWD1178
4276,1.0,1.258,4,3,1,1,1,1,1,True,sub-STSWD1178,768749,8,768749.0,sub-STSWD1178
4277,1.0,1.114,4,3,2,1,1,1,1,True,sub-STSWD1178,771181,8,771181.0,sub-STSWD1178
4278,0.0,1.3583,4,3,1,1,1,1,1,True,sub-STSWD1178,773613,8,773613.0,sub-STSWD1178
4279,1.0,1.2322,4,3,2,1,1,1,1,True,sub-STSWD1178,776045,8,776045.0,sub-STSWD1178
4280,1.0,1.4374,3,3,1,1,1,1,1,True,sub-STSWD1178,778477,8,778477.0,sub-STSWD1178
4281,1.0,0.52711,1,3,1,1,1,1,1,True,sub-STSWD1178,780909,8,780909.0,sub-STSWD1178
4282,1.0,1.252,3,3,2,1,1,1,1,True,sub-STSWD1178,783341,8,783341.0,sub-STSWD1178
4283,1.0,1.033,1,3,1,1,1,1,1,True,sub-STSWD1178,785773,8,785773.0,sub-STSWD1178
4284,0.0,1.0363,1,4,1,1,1,1,1,True,sub-STSWD1182,24782,8,24782.0,sub-STSWD1182
4285,0.0,0.85733,2,4,2,1,1,1,1,True,sub-STSWD1182,27213,8,27213.0,sub-STSWD1182
4286,1.0,1.1833,4,4,2,1,1,1,1,True,sub-STSWD1182,29645,8,29645.0,sub-STSWD1182
4287,1.0,0.93924,1,4,2,1,1,1,1,True,sub-STSWD1182,32077,8,32077.0,sub-STSWD1182
4288,1.0,1.3642,3,4,1,1,1,1,1,True,sub-STSWD1182,34509,8,34509.0,sub-STSWD1182
4289,1.0,0.92606,3,4,2,1,1,1,1,True,sub-STSWD1182,36941,8,36941.0,sub-STSWD1182
4290,1.0,1.037,3,4,2,1,1,1,1,True,sub-STSWD1182,39373,8,39373.0,sub-STSWD1182
4291,1.0,0.83294,2,4,1,1,1,1,1,True,sub-STSWD1182,41805,8,41805.0,sub-STSWD1182
4292,1.0,0.78882,3,2,2,1,1,1,1,True,sub-STSWD1182,46285,8,46285.0,sub-STSWD1182
4293,1.0,0.77375,4,2,2,1,1,1,1,True,sub-STSWD1182,48717,8,48717.0,sub-STSWD1182
4294,1.0,0.60966,4,2,1,1,1,1,1,True,sub-STSWD1182,51149,8,51149.0,sub-STSWD1182
4295,,,4,2,1,1,1,1,1,True,sub-STSWD1182,53581,8,,sub-STSWD1182
4296,1.0,1.1727,3,2,1,1,1,1,1,True,sub-STSWD1182,56013,8,56013.0,sub-STSWD1182
4297,0.0,0.95651,4,2,1,1,1,1,1,True,sub-STSWD1182,58445,8,58445.0,sub-STSWD1182
4298,1.0,1.0504,4,2,1,1,1,1,1,True,sub-STSWD1182,60877,8,60877.0,sub-STSWD1182
4299,1.0,0.63335,3,2,1,1,1,1,1,True,sub-STSWD1182,63309,8,63309.0,sub-STSWD1182
4300,0.0,0.69727,3,3,1,1,1,1,1,True,sub-STSWD1182,67788,8,67788.0,sub-STSWD1182
4301,0.0,0.88411,4,3,2,1,1,1,1,True,sub-STSWD1182,70220,8,70220.0,sub-STSWD1182
4302,1.0,0.8801,2,3,1,1,1,1,1,True,sub-STSWD1182,72652,8,72652.0,sub-STSWD1182
4303,0.0,0.89604,3,3,1,1,1,1,1,True,sub-STSWD1182,75084,8,75084.0,sub-STSWD1182
4304,1.0,0.65702,3,3,2,1,1,1,1,True,sub-STSWD1182,77516,8,77516.0,sub-STSWD1182
4305,1.0,0.76995,3,3,2,1,1,1,1,True,sub-STSWD1182,79948,8,79948.0,sub-STSWD1182
4306,1.0,1.0339,4,3,2,1,1,1,1,True,sub-STSWD1182,82380,8,82380.0,sub-STSWD1182
4307,1.0,0.60183,2,3,1,1,1,1,1,True,sub-STSWD1182,84812,8,84812.0,sub-STSWD1182
4308,0.0,0.55072,3,1,2,1,1,1,1,True,sub-STSWD1182,89292,8,89292.0,sub-STSWD1182
4309,1.0,0.70366,3,1,2,1,1,1,1,True,sub-STSWD1182,91724,8,91724.0,sub-STSWD1182
4310,1.0,0.69659,3,1,1,1,1,1,1,True,sub-STSWD1182,94156,8,94156.0,sub-STSWD1182
4311,1.0,0.64248,3,1,2,1,1,1,1,True,sub-STSWD1182,96588,8,96588.0,sub-STSWD1182
4312,1.0,0.64836,3,1,1,1,1,1,1,True,sub-STSWD1182,99020,8,99020.0,sub-STSWD1182
4313,1.0,0.57729,3,1,2,1,1,1,1,True,sub-STSWD1182,101452,8,101452.0,sub-STSWD1182
4314,1.0,0.52733,3,1,1,1,1,1,1,True,sub-STSWD1182,103884,8,103884.0,sub-STSWD1182
4315,1.0,0.39426,3,1,2,1,1,1,1,True,sub-STSWD1182,106316,8,106316.0,sub-STSWD1182
4316,1.0,0.92112,2,3,1,1,1,1,1,True,sub-STSWD1182,110796,8,110796.0,sub-STSWD1182
4317,0.0,0.85109,4,3,1,1,1,1,1,True,sub-STSWD1182,113228,8,113228.0,sub-STSWD1182
4318,1.0,1.158,4,3,1,1,1,1,1,True,sub-STSWD1182,115660,8,115660.0,sub-STSWD1182
4319,1.0,0.86396,2,3,1,1,1,1,1,True,sub-STSWD1182,118092,8,118092.0,sub-STSWD1182
4320,0.0,0.76889,3,3,1,1,1,1,1,True,sub-STSWD1182,120524,8,120524.0,sub-STSWD1182
4321,1.0,1.0449,3,3,1,1,1,1,1,True,sub-STSWD1182,122956,8,122956.0,sub-STSWD1182
4322,1.0,0.60572,3,3,2,1,1,1,1,True,sub-STSWD1182,125388,8,125388.0,sub-STSWD1182
4323,1.0,0.7987,3,3,1,1,1,1,1,True,sub-STSWD1182,127820,8,127820.0,sub-STSWD1182
4324,0.0,1.1515,1,4,1,1,1,1,1,True,sub-STSWD1182,132300,8,132300.0,sub-STSWD1182
4325,1.0,0.72849,1,4,2,1,1,1,1,True,sub-STSWD1182,134732,8,134732.0,sub-STSWD1182
4326,1.0,0.93441,4,4,1,1,1,1,1,True,sub-STSWD1182,137164,8,137164.0,sub-STSWD1182
4327,1.0,1.0844,4,4,2,1,1,1,1,True,sub-STSWD1182,139596,8,139596.0,sub-STSWD1182
4328,1.0,1.3083,4,4,1,1,1,1,1,True,sub-STSWD1182,142028,8,142028.0,sub-STSWD1182
4329,1.0,0.9363,3,4,2,1,1,1,1,True,sub-STSWD1182,144460,8,144460.0,sub-STSWD1182
4330,1.0,0.68222,2,4,1,1,1,1,1,True,sub-STSWD1182,146892,8,146892.0,sub-STSWD1182
4331,1.0,0.84914,2,4,2,1,1,1,1,True,sub-STSWD1182,149323,8,149323.0,sub-STSWD1182
4332,1.0,0.54403,2,2,2,1,1,1,1,True,sub-STSWD1182,153803,8,153803.0,sub-STSWD1182
4333,1.0,0.51393,2,2,2,1,1,1,1,True,sub-STSWD1182,156235,8,156235.0,sub-STSWD1182
4334,1.0,0.55594,4,2,1,1,1,1,1,True,sub-STSWD1182,158667,8,158667.0,sub-STSWD1182
4335,1.0,0.5398,4,2,2,1,1,1,1,True,sub-STSWD1182,161099,8,161099.0,sub-STSWD1182
4336,1.0,0.84977,2,2,1,1,1,1,1,True,sub-STSWD1182,163531,8,163531.0,sub-STSWD1182
4337,1.0,0.72271,4,2,2,1,1,1,1,True,sub-STSWD1182,165963,8,165963.0,sub-STSWD1182
4338,1.0,0.67665,4,2,1,1,1,1,1,True,sub-STSWD1182,168395,8,168395.0,sub-STSWD1182
4339,1.0,0.38355,2,2,2,1,1,1,1,True,sub-STSWD1182,170827,8,170827.0,sub-STSWD1182
4340,1.0,0.50147,3,1,2,1,1,1,1,True,sub-STSWD1182,175307,8,175307.0,sub-STSWD1182
4341,1.0,0.3834,3,1,1,1,1,1,1,True,sub-STSWD1182,177739,8,177739.0,sub-STSWD1182
4342,1.0,0.32033,3,1,2,1,1,1,1,True,sub-STSWD1182,180171,8,180171.0,sub-STSWD1182
4343,1.0,0.55524,3,1,1,1,1,1,1,True,sub-STSWD1182,182603,8,182603.0,sub-STSWD1182
4344,1.0,0.43822,3,1,1,1,1,1,1,True,sub-STSWD1182,185035,8,185035.0,sub-STSWD1182
4345,1.0,0.83211,3,1,1,1,1,1,1,True,sub-STSWD1182,187467,8,187467.0,sub-STSWD1182
4346,1.0,0.35009,3,1,2,1,1,1,1,True,sub-STSWD1182,189899,8,189899.0,sub-STSWD1182
4347,1.0,0.41498,3,1,1,1,1,1,1,True,sub-STSWD1182,192331,8,192331.0,sub-STSWD1182
4348,1.0,0.72101,3,2,2,1,1,1,1,True,sub-STSWD1182,218272,8,218272.0,sub-STSWD1182
4349,1.0,0.92392,4,2,2,1,1,1,1,True,sub-STSWD1182,220704,8,220704.0,sub-STSWD1182
4350,1.0,0.5099,3,2,2,1,1,1,1,True,sub-STSWD1182,223136,8,223136.0,sub-STSWD1182
4351,1.0,0.76182,3,2,2,1,1,1,1,True,sub-STSWD1182,225568,8,225568.0,sub-STSWD1182
4352,1.0,0.62677,3,2,2,1,1,1,1,True,sub-STSWD1182,227999,8,227999.0,sub-STSWD1182
4353,1.0,0.7737,4,2,2,1,1,1,1,True,sub-STSWD1182,230431,8,230431.0,sub-STSWD1182
4354,1.0,0.92864,4,2,2,1,1,1,1,True,sub-STSWD1182,232864,8,232864.0,sub-STSWD1182
4355,1.0,0.53757,3,2,2,1,1,1,1,True,sub-STSWD1182,235295,8,235295.0,sub-STSWD1182
4356,1.0,0.2905,2,1,2,1,1,1,1,True,sub-STSWD1182,239775,8,239775.0,sub-STSWD1182
4357,1.0,0.38231,2,1,1,1,1,1,1,True,sub-STSWD1182,242207,8,242207.0,sub-STSWD1182
4358,1.0,0.39435,2,1,2,1,1,1,1,True,sub-STSWD1182,244639,8,244639.0,sub-STSWD1182
4359,1.0,0.67627,2,1,2,1,1,1,1,True,sub-STSWD1182,247071,8,247071.0,sub-STSWD1182
4360,1.0,0.47222,2,1,2,1,1,1,1,True,sub-STSWD1182,249503,8,249503.0,sub-STSWD1182
4361,1.0,0.32516,2,1,2,1,1,1,1,True,sub-STSWD1182,251935,8,251935.0,sub-STSWD1182
4362,1.0,0.45808,2,1,1,1,1,1,1,True,sub-STSWD1182,254367,8,254367.0,sub-STSWD1182
4363,1.0,0.42805,2,1,1,1,1,1,1,True,sub-STSWD1182,256799,8,256799.0,sub-STSWD1182
4364,0.0,1.5559,1,3,2,1,1,1,1,True,sub-STSWD1182,261279,8,261279.0,sub-STSWD1182
4365,1.0,0.61659,1,3,2,1,1,1,1,True,sub-STSWD1182,263711,8,263711.0,sub-STSWD1182
4366,1.0,0.65478,2,3,1,1,1,1,1,True,sub-STSWD1182,266143,8,266143.0,sub-STSWD1182
4367,1.0,0.71767,3,3,1,1,1,1,1,True,sub-STSWD1182,268575,8,268575.0,sub-STSWD1182
4368,1.0,0.95965,3,3,2,1,1,1,1,True,sub-STSWD1182,271007,8,271007.0,sub-STSWD1182
4369,0.0,1.2266,2,3,2,1,1,1,1,True,sub-STSWD1182,273439,8,273439.0,sub-STSWD1182
4370,1.0,0.79152,2,3,2,1,1,1,1,True,sub-STSWD1182,275871,8,275871.0,sub-STSWD1182
4371,1.0,0.87445,2,3,1,1,1,1,1,True,sub-STSWD1182,278303,8,278303.0,sub-STSWD1182
4372,1.0,0.69934,2,4,2,1,1,1,1,True,sub-STSWD1182,282783,8,282783.0,sub-STSWD1182
4373,1.0,0.75028,2,4,2,1,1,1,1,True,sub-STSWD1182,285215,8,285215.0,sub-STSWD1182
4374,1.0,0.89921,2,4,1,1,1,1,1,True,sub-STSWD1182,287647,8,287647.0,sub-STSWD1182
4375,1.0,1.1161,3,4,1,1,1,1,1,True,sub-STSWD1182,292511,8,292511.0,sub-STSWD1182
4376,1.0,0.9669,4,4,2,1,1,1,1,True,sub-STSWD1182,294943,8,294943.0,sub-STSWD1182
4377,1.0,1.692,1,4,2,1,1,1,1,True,sub-STSWD1182,297375,8,297375.0,sub-STSWD1182
4378,1.0,0.92491,1,4,1,1,1,1,1,True,sub-STSWD1182,299807,8,299807.0,sub-STSWD1182
4379,1.0,1.3838,1,3,1,1,1,1,1,True,sub-STSWD1182,304287,8,304287.0,sub-STSWD1182
4380,1.0,1.5767,1,3,1,1,1,1,1,True,sub-STSWD1182,306719,8,306719.0,sub-STSWD1182
4381,1.0,1.2067,1,3,2,1,1,1,1,True,sub-STSWD1182,309151,8,309151.0,sub-STSWD1182
4382,1.0,0.81653,4,3,1,1,1,1,1,True,sub-STSWD1182,311583,8,311583.0,sub-STSWD1182
4383,1.0,1.0505,4,3,2,1,1,1,1,True,sub-STSWD1182,314015,8,314015.0,sub-STSWD1182
4384,1.0,0.88246,2,3,2,1,1,1,1,True,sub-STSWD1182,316447,8,316447.0,sub-STSWD1182
4385,1.0,0.47631,2,3,2,1,1,1,1,True,sub-STSWD1182,318879,8,318879.0,sub-STSWD1182
4386,0.0,1.2083,1,3,1,1,1,1,1,True,sub-STSWD1182,321311,8,321311.0,sub-STSWD1182
4387,1.0,0.75514,1,1,2,1,1,1,1,True,sub-STSWD1182,325791,8,325791.0,sub-STSWD1182
4388,1.0,0.51613,1,1,1,1,1,1,1,True,sub-STSWD1182,328223,8,328223.0,sub-STSWD1182
4389,1.0,0.36907,1,1,1,1,1,1,1,True,sub-STSWD1182,330655,8,330655.0,sub-STSWD1182
4390,1.0,0.28596,1,1,2,1,1,1,1,True,sub-STSWD1182,333087,8,333087.0,sub-STSWD1182
4391,1.0,0.36998,1,1,2,1,1,1,1,True,sub-STSWD1182,335518,8,335518.0,sub-STSWD1182
4392,1.0,0.53791,1,1,2,1,1,1,1,True,sub-STSWD1182,337950,8,337950.0,sub-STSWD1182
4393,1.0,0.33178,1,1,1,1,1,1,1,True,sub-STSWD1182,340382,8,340382.0,sub-STSWD1182
4394,1.0,0.30483,1,1,2,1,1,1,1,True,sub-STSWD1182,342814,8,342814.0,sub-STSWD1182
4395,1.0,1.0807,4,4,2,1,1,1,1,True,sub-STSWD1182,347294,8,347294.0,sub-STSWD1182
4396,1.0,1.2917,4,4,1,1,1,1,1,True,sub-STSWD1182,349726,8,349726.0,sub-STSWD1182
4397,1.0,0.99354,1,4,2,1,1,1,1,True,sub-STSWD1182,352158,8,352158.0,sub-STSWD1182
4398,1.0,0.55443,2,4,2,1,1,1,1,True,sub-STSWD1182,354590,8,354590.0,sub-STSWD1182
4399,1.0,1.4544,4,4,1,1,1,1,1,True,sub-STSWD1182,357022,8,357022.0,sub-STSWD1182
4400,1.0,0.82131,3,4,2,1,1,1,1,True,sub-STSWD1182,359454,8,359454.0,sub-STSWD1182
4401,1.0,1.2623,3,4,1,1,1,1,1,True,sub-STSWD1182,361886,8,361886.0,sub-STSWD1182
4402,1.0,1.0022,1,4,1,1,1,1,1,True,sub-STSWD1182,364318,8,364318.0,sub-STSWD1182
4403,1.0,0.7641,2,2,2,1,1,1,1,True,sub-STSWD1182,368798,8,368798.0,sub-STSWD1182
4404,1.0,0.85704,2,2,1,1,1,1,1,True,sub-STSWD1182,371230,8,371230.0,sub-STSWD1182
4405,1.0,0.60395,1,2,1,1,1,1,1,True,sub-STSWD1182,373662,8,373662.0,sub-STSWD1182
4406,1.0,0.64893,2,2,1,1,1,1,1,True,sub-STSWD1182,376094,8,376094.0,sub-STSWD1182
4407,1.0,0.41575,2,2,1,1,1,1,1,True,sub-STSWD1182,378526,8,378526.0,sub-STSWD1182
4408,1.0,0.4188,1,2,2,1,1,1,1,True,sub-STSWD1182,380958,8,380958.0,sub-STSWD1182
4409,1.0,0.67473,1,2,1,1,1,1,1,True,sub-STSWD1182,383390,8,383390.0,sub-STSWD1182
4410,1.0,0.48767,1,2,1,1,1,1,1,True,sub-STSWD1182,385822,8,385822.0,sub-STSWD1182
4411,1.0,0.54827,1,1,1,1,1,1,1,True,sub-STSWD1182,410863,8,410863.0,sub-STSWD1182
4412,1.0,0.2903,1,1,2,1,1,1,1,True,sub-STSWD1182,413295,8,413295.0,sub-STSWD1182
4413,1.0,0.31324,1,1,1,1,1,1,1,True,sub-STSWD1182,415727,8,415727.0,sub-STSWD1182
4414,1.0,0.37904,1,1,1,1,1,1,1,True,sub-STSWD1182,418159,8,418159.0,sub-STSWD1182
4415,1.0,0.30412,1,1,2,1,1,1,1,True,sub-STSWD1182,420591,8,420591.0,sub-STSWD1182
4416,1.0,0.54904,1,1,2,1,1,1,1,True,sub-STSWD1182,423023,8,423023.0,sub-STSWD1182
4417,1.0,0.58698,1,1,1,1,1,1,1,True,sub-STSWD1182,425455,8,425455.0,sub-STSWD1182
4418,1.0,0.32291,1,1,1,1,1,1,1,True,sub-STSWD1182,427887,8,427887.0,sub-STSWD1182
4419,1.0,1.0348,2,4,2,1,1,1,1,True,sub-STSWD1182,432367,8,432367.0,sub-STSWD1182
4420,1.0,0.79167,2,4,2,1,1,1,1,True,sub-STSWD1182,434799,8,434799.0,sub-STSWD1182
4421,1.0,1.3087,1,4,1,1,1,1,1,True,sub-STSWD1182,437231,8,437231.0,sub-STSWD1182
4422,1.0,1.0786,1,4,2,1,1,1,1,True,sub-STSWD1182,439663,8,439663.0,sub-STSWD1182
4423,1.0,0.8295,3,4,1,1,1,1,1,True,sub-STSWD1182,442095,8,442095.0,sub-STSWD1182
4424,1.0,0.95444,3,4,2,1,1,1,1,True,sub-STSWD1182,444527,8,444527.0,sub-STSWD1182
4425,1.0,1.1474,4,4,2,1,1,1,1,True,sub-STSWD1182,449390,8,449390.0,sub-STSWD1182
4426,1.0,1.2682,3,3,2,1,1,1,1,True,sub-STSWD1182,453871,8,453871.0,sub-STSWD1182
4427,1.0,1.0052,4,3,2,1,1,1,1,True,sub-STSWD1182,456303,8,456303.0,sub-STSWD1182
4428,1.0,0.98211,4,3,2,1,1,1,1,True,sub-STSWD1182,458734,8,458734.0,sub-STSWD1182
4429,1.0,0.97004,4,3,1,1,1,1,1,True,sub-STSWD1182,461167,8,461167.0,sub-STSWD1182
4430,1.0,1.061,1,3,2,1,1,1,1,True,sub-STSWD1182,463599,8,463599.0,sub-STSWD1182
4431,1.0,1.3079,4,3,2,1,1,1,1,True,sub-STSWD1182,466031,8,466031.0,sub-STSWD1182
4432,1.0,1.4268,4,3,1,1,1,1,1,True,sub-STSWD1182,468462,8,468462.0,sub-STSWD1182
4433,1.0,1.2078,1,3,2,1,1,1,1,True,sub-STSWD1182,470895,8,470895.0,sub-STSWD1182
4434,1.0,0.73564,1,2,2,1,1,1,1,True,sub-STSWD1182,475374,8,475374.0,sub-STSWD1182
4435,1.0,0.95958,4,2,1,1,1,1,1,True,sub-STSWD1182,477806,8,477806.0,sub-STSWD1182
4436,1.0,1.7054,4,2,2,1,1,1,1,True,sub-STSWD1182,480238,8,480238.0,sub-STSWD1182
4437,1.0,0.84249,1,2,2,1,1,1,1,True,sub-STSWD1182,482670,8,482670.0,sub-STSWD1182
4438,1.0,0.58343,1,2,2,1,1,1,1,True,sub-STSWD1182,485102,8,485102.0,sub-STSWD1182
4439,1.0,1.1553,4,2,2,1,1,1,1,True,sub-STSWD1182,487534,8,487534.0,sub-STSWD1182
4440,1.0,0.89963,4,2,1,1,1,1,1,True,sub-STSWD1182,489970,8,489970.0,sub-STSWD1182
4441,1.0,0.44453,1,2,2,1,1,1,1,True,sub-STSWD1182,492402,8,492402.0,sub-STSWD1182
4442,1.0,0.79014,2,4,1,1,1,1,1,True,sub-STSWD1182,496882,8,496882.0,sub-STSWD1182
4443,1.0,0.63339,2,4,1,1,1,1,1,True,sub-STSWD1182,499314,8,499314.0,sub-STSWD1182
4444,0.0,1.0403,3,4,2,1,1,1,1,True,sub-STSWD1182,501746,8,501746.0,sub-STSWD1182
4445,1.0,1.0663,3,4,1,1,1,1,1,True,sub-STSWD1182,504178,8,504178.0,sub-STSWD1182
4446,1.0,0.79322,1,4,2,1,1,1,1,True,sub-STSWD1182,506610,8,506610.0,sub-STSWD1182
4447,0.0,1.4851,4,4,1,1,1,1,1,True,sub-STSWD1182,509042,8,509042.0,sub-STSWD1182
4448,1.0,1.1001,1,4,1,1,1,1,1,True,sub-STSWD1182,511474,8,511474.0,sub-STSWD1182
4449,1.0,1.6059,4,4,2,1,1,1,1,True,sub-STSWD1182,513906,8,513906.0,sub-STSWD1182
4450,1.0,0.8209,4,3,1,1,1,1,1,True,sub-STSWD1182,518386,8,518386.0,sub-STSWD1182
4451,1.0,0.77584,1,3,1,1,1,1,1,True,sub-STSWD1182,520818,8,520818.0,sub-STSWD1182
4452,1.0,0.59281,1,3,1,1,1,1,1,True,sub-STSWD1182,523250,8,523250.0,sub-STSWD1182
4453,1.0,0.80371,1,3,2,1,1,1,1,True,sub-STSWD1182,525682,8,525682.0,sub-STSWD1182
4454,1.0,0.68765,4,3,2,1,1,1,1,True,sub-STSWD1182,528114,8,528114.0,sub-STSWD1182
4455,1.0,0.83255,2,3,2,1,1,1,1,True,sub-STSWD1182,530546,8,530546.0,sub-STSWD1182
4456,1.0,1.2305,1,3,1,1,1,1,1,True,sub-STSWD1182,532978,8,532978.0,sub-STSWD1182
4457,1.0,0.70346,2,3,2,1,1,1,1,True,sub-STSWD1182,535410,8,535410.0,sub-STSWD1182
4458,1.0,0.35531,2,1,1,1,1,1,1,True,sub-STSWD1182,539890,8,539890.0,sub-STSWD1182
4459,1.0,0.57529,2,1,2,1,1,1,1,True,sub-STSWD1182,542322,8,542322.0,sub-STSWD1182
4460,1.0,0.38322,2,1,1,1,1,1,1,True,sub-STSWD1182,544754,8,544754.0,sub-STSWD1182
4461,1.0,0.35716,2,1,2,1,1,1,1,True,sub-STSWD1182,547186,8,547186.0,sub-STSWD1182
4462,1.0,0.4171,2,1,1,1,1,1,1,True,sub-STSWD1182,549618,8,549618.0,sub-STSWD1182
4463,1.0,0.43807,2,1,1,1,1,1,1,True,sub-STSWD1182,552050,8,552050.0,sub-STSWD1182
4464,1.0,0.35994,2,1,1,1,1,1,1,True,sub-STSWD1182,554482,8,554482.0,sub-STSWD1182
4465,1.0,0.57786,2,1,2,1,1,1,1,True,sub-STSWD1182,556914,8,556914.0,sub-STSWD1182
4466,1.0,0.86883,2,2,1,1,1,1,1,True,sub-STSWD1182,561394,8,561394.0,sub-STSWD1182
4467,1.0,0.49968,3,2,1,1,1,1,1,True,sub-STSWD1182,563826,8,563826.0,sub-STSWD1182
4468,1.0,0.64162,2,2,2,1,1,1,1,True,sub-STSWD1182,566258,8,566258.0,sub-STSWD1182
4469,0.0,0.7486,3,2,1,1,1,1,1,True,sub-STSWD1182,568690,8,568690.0,sub-STSWD1182
4470,0.0,0.65658,3,2,1,1,1,1,1,True,sub-STSWD1182,571122,8,571122.0,sub-STSWD1182
4471,1.0,0.82745,3,2,2,1,1,1,1,True,sub-STSWD1182,573554,8,573554.0,sub-STSWD1182
4472,1.0,0.54041,2,2,1,1,1,1,1,True,sub-STSWD1182,575986,8,575986.0,sub-STSWD1182
4473,1.0,0.55631,2,2,1,1,1,1,1,True,sub-STSWD1182,578418,8,578418.0,sub-STSWD1182
4474,1.0,0.81702,2,4,1,1,1,1,1,True,sub-STSWD1182,604137,8,604137.0,sub-STSWD1182
4475,1.0,0.63896,2,4,2,1,1,1,1,True,sub-STSWD1182,606569,8,606569.0,sub-STSWD1182
4476,1.0,1.3679,4,4,2,1,1,1,1,True,sub-STSWD1182,609001,8,609001.0,sub-STSWD1182
4477,1.0,1.4188,4,4,1,1,1,1,1,True,sub-STSWD1182,611433,8,611433.0,sub-STSWD1182
4478,1.0,0.63476,3,4,1,1,1,1,1,True,sub-STSWD1182,613865,8,613865.0,sub-STSWD1182
4479,1.0,0.84169,3,4,1,1,1,1,1,True,sub-STSWD1182,616297,8,616297.0,sub-STSWD1182
4480,1.0,0.74263,3,4,2,1,1,1,1,True,sub-STSWD1182,618729,8,618729.0,sub-STSWD1182
4481,1.0,0.98757,1,4,1,1,1,1,1,True,sub-STSWD1182,621161,8,621161.0,sub-STSWD1182
4482,1.0,0.77645,4,1,1,1,1,1,1,True,sub-STSWD1182,625640,8,625640.0,sub-STSWD1182
4483,1.0,0.40743,4,1,2,1,1,1,1,True,sub-STSWD1182,628073,8,628073.0,sub-STSWD1182
4484,1.0,0.60234,4,1,1,1,1,1,1,True,sub-STSWD1182,630505,8,630505.0,sub-STSWD1182
4485,1.0,0.38022,4,1,1,1,1,1,1,True,sub-STSWD1182,632937,8,632937.0,sub-STSWD1182
4486,1.0,0.32821,4,1,1,1,1,1,1,True,sub-STSWD1182,635369,8,635369.0,sub-STSWD1182
4487,1.0,0.3101,4,1,2,1,1,1,1,True,sub-STSWD1182,637800,8,637800.0,sub-STSWD1182
4488,1.0,0.36977,4,1,2,1,1,1,1,True,sub-STSWD1182,640232,8,640232.0,sub-STSWD1182
4489,1.0,0.43502,4,1,1,1,1,1,1,True,sub-STSWD1182,642664,8,642664.0,sub-STSWD1182
4490,1.0,0.86091,1,3,1,1,1,1,1,True,sub-STSWD1182,647144,8,647144.0,sub-STSWD1182
4491,1.0,0.47186,3,3,1,1,1,1,1,True,sub-STSWD1182,649576,8,649576.0,sub-STSWD1182
4492,1.0,0.76778,3,3,2,1,1,1,1,True,sub-STSWD1182,652008,8,652008.0,sub-STSWD1182
4493,1.0,0.51275,1,3,2,1,1,1,1,True,sub-STSWD1182,654440,8,654440.0,sub-STSWD1182
4494,1.0,1.7246,4,3,2,1,1,1,1,True,sub-STSWD1182,656872,8,656872.0,sub-STSWD1182
4495,1.0,0.78359,4,3,1,1,1,1,1,True,sub-STSWD1182,659304,8,659304.0,sub-STSWD1182
4496,0.0,1.6205,4,3,1,1,1,1,1,True,sub-STSWD1182,661736,8,661736.0,sub-STSWD1182
4497,1.0,1.1675,3,3,2,1,1,1,1,True,sub-STSWD1182,664168,8,664168.0,sub-STSWD1182
4498,1.0,0.6653,2,2,2,1,1,1,1,True,sub-STSWD1182,668648,8,668648.0,sub-STSWD1182
4499,1.0,0.61928,1,2,1,1,1,1,1,True,sub-STSWD1182,671080,8,671080.0,sub-STSWD1182
4500,1.0,0.67322,1,2,1,1,1,1,1,True,sub-STSWD1182,673512,8,673512.0,sub-STSWD1182
4501,1.0,0.38208,2,2,2,1,1,1,1,True,sub-STSWD1182,675944,8,675944.0,sub-STSWD1182
4502,1.0,0.5781,2,2,1,1,1,1,1,True,sub-STSWD1182,678376,8,678376.0,sub-STSWD1182
4503,1.0,0.55205,1,2,1,1,1,1,1,True,sub-STSWD1182,680808,8,680808.0,sub-STSWD1182
4504,1.0,0.43888,2,2,2,1,1,1,1,True,sub-STSWD1182,683240,8,683240.0,sub-STSWD1182
4505,1.0,0.49091,1,2,2,1,1,1,1,True,sub-STSWD1182,685672,8,685672.0,sub-STSWD1182
4506,1.0,0.82075,1,3,2,1,1,1,1,True,sub-STSWD1182,690152,8,690152.0,sub-STSWD1182
4507,1.0,0.9147,3,3,1,1,1,1,1,True,sub-STSWD1182,692584,8,692584.0,sub-STSWD1182
4508,1.0,0.67266,2,3,2,1,1,1,1,True,sub-STSWD1182,695016,8,695016.0,sub-STSWD1182
4509,1.0,0.57961,3,3,2,1,1,1,1,True,sub-STSWD1182,697448,8,697448.0,sub-STSWD1182
4510,1.0,0.6595,2,3,2,1,1,1,1,True,sub-STSWD1182,699880,8,699880.0,sub-STSWD1182
4511,1.0,0.70948,2,3,1,1,1,1,1,True,sub-STSWD1182,702312,8,702312.0,sub-STSWD1182
4512,1.0,0.63942,2,3,1,1,1,1,1,True,sub-STSWD1182,704744,8,704744.0,sub-STSWD1182
4513,1.0,0.81364,1,3,1,1,1,1,1,True,sub-STSWD1182,707176,8,707176.0,sub-STSWD1182
4514,1.0,0.63353,4,4,1,1,1,1,1,True,sub-STSWD1182,711656,8,711656.0,sub-STSWD1182
4515,1.0,0.63318,1,4,2,1,1,1,1,True,sub-STSWD1182,714088,8,714088.0,sub-STSWD1182
4516,1.0,0.60937,3,4,2,1,1,1,1,True,sub-STSWD1182,716520,8,716520.0,sub-STSWD1182
4517,1.0,0.61932,2,4,1,1,1,1,1,True,sub-STSWD1182,718952,8,718952.0,sub-STSWD1182
4518,1.0,0.46226,2,4,1,1,1,1,1,True,sub-STSWD1182,721384,8,721384.0,sub-STSWD1182
4519,1.0,0.63192,1,4,2,1,1,1,1,True,sub-STSWD1182,723816,8,723816.0,sub-STSWD1182
4520,1.0,0.67755,1,4,1,1,1,1,1,True,sub-STSWD1182,726248,8,726248.0,sub-STSWD1182
4521,1.0,1.2681,4,4,2,1,1,1,1,True,sub-STSWD1182,728680,8,728680.0,sub-STSWD1182
4522,1.0,0.30065,4,1,2,1,1,1,1,True,sub-STSWD1182,733160,8,733160.0,sub-STSWD1182
4523,1.0,0.34863,4,1,1,1,1,1,1,True,sub-STSWD1182,735592,8,735592.0,sub-STSWD1182
4524,1.0,0.36556,4,1,2,1,1,1,1,True,sub-STSWD1182,738024,8,738024.0,sub-STSWD1182
4525,1.0,0.33546,4,1,2,1,1,1,1,True,sub-STSWD1182,740456,8,740456.0,sub-STSWD1182
4526,1.0,0.35832,4,1,2,1,1,1,1,True,sub-STSWD1182,742888,8,742888.0,sub-STSWD1182
4527,1.0,0.66933,4,1,1,1,1,1,1,True,sub-STSWD1182,745320,8,745320.0,sub-STSWD1182
4528,1.0,0.37827,4,1,2,1,1,1,1,True,sub-STSWD1182,747752,8,747752.0,sub-STSWD1182
4529,1.0,0.35129,4,1,1,1,1,1,1,True,sub-STSWD1182,750183,8,750183.0,sub-STSWD1182
4530,1.0,0.57735,1,2,2,1,1,1,1,True,sub-STSWD1182,754664,8,754664.0,sub-STSWD1182
4531,1.0,1.3821,3,2,2,1,1,1,1,True,sub-STSWD1182,757096,8,757096.0,sub-STSWD1182
4532,1.0,0.90791,3,2,1,1,1,1,1,True,sub-STSWD1182,759527,8,759527.0,sub-STSWD1182
4533,1.0,0.54019,1,2,1,1,1,1,1,True,sub-STSWD1182,761959,8,761959.0,sub-STSWD1182
4534,1.0,0.61121,3,2,1,1,1,1,1,True,sub-STSWD1182,764392,8,764392.0,sub-STSWD1182
4535,1.0,0.71515,3,2,1,1,1,1,1,True,sub-STSWD1182,766823,8,766823.0,sub-STSWD1182
4536,1.0,0.54298,1,2,1,1,1,1,1,True,sub-STSWD1182,769255,8,769255.0,sub-STSWD1182
4537,1.0,0.89168,1,2,2,1,1,1,1,True,sub-STSWD1182,771688,8,771688.0,sub-STSWD1182
4538,0.0,1.031,1,2,1,1,1,1,1,True,sub-STSWD1215,25495,8,25495.0,sub-STSWD1215
4539,0.0,0.50103,3,2,1,1,1,1,1,True,sub-STSWD1215,27927,8,27927.0,sub-STSWD1215
4540,1.0,0.85494,1,2,2,1,1,1,1,True,sub-STSWD1215,30359,8,30359.0,sub-STSWD1215
4541,0.0,1.6448,1,2,2,1,1,1,1,True,sub-STSWD1215,32790,8,32790.0,sub-STSWD1215
4542,0.0,1.0588,3,2,1,1,1,1,1,True,sub-STSWD1215,35222,8,35222.0,sub-STSWD1215
4543,0.0,1.025,3,2,1,1,1,1,1,True,sub-STSWD1215,37654,8,37654.0,sub-STSWD1215
4544,1.0,0.60568,3,2,2,1,1,1,1,True,sub-STSWD1215,40086,8,40086.0,sub-STSWD1215
4545,1.0,0.65185,1,2,2,1,1,1,1,True,sub-STSWD1215,42518,8,42518.0,sub-STSWD1215
4546,1.0,0.3795,2,1,1,1,1,1,1,True,sub-STSWD1215,46998,8,46998.0,sub-STSWD1215
4547,0.0,0.72542,2,1,2,1,1,1,1,True,sub-STSWD1215,49430,8,49430.0,sub-STSWD1215
4548,1.0,0.41035,2,1,2,1,1,1,1,True,sub-STSWD1215,51862,8,51862.0,sub-STSWD1215
4549,1.0,0.40229,2,1,1,1,1,1,1,True,sub-STSWD1215,54294,8,54294.0,sub-STSWD1215
4550,1.0,0.39022,2,1,2,1,1,1,1,True,sub-STSWD1215,56726,8,56726.0,sub-STSWD1215
4551,1.0,0.42116,2,1,2,1,1,1,1,True,sub-STSWD1215,59158,8,59158.0,sub-STSWD1215
4552,1.0,0.43309,2,1,2,1,1,1,1,True,sub-STSWD1215,61590,8,61590.0,sub-STSWD1215
4553,1.0,0.40603,2,1,1,1,1,1,1,True,sub-STSWD1215,64022,8,64022.0,sub-STSWD1215
4554,0.0,1.0299,3,4,1,1,1,1,1,True,sub-STSWD1215,68502,8,68502.0,sub-STSWD1215
4555,0.0,0.93077,3,4,1,1,1,1,1,True,sub-STSWD1215,70934,8,70934.0,sub-STSWD1215
4556,1.0,0.94671,1,4,2,1,1,1,1,True,sub-STSWD1215,73366,8,73366.0,sub-STSWD1215
4557,0.0,1.3567,4,4,1,1,1,1,1,True,sub-STSWD1215,75798,8,75798.0,sub-STSWD1215
4558,1.0,1.0296,4,4,2,1,1,1,1,True,sub-STSWD1215,78230,8,78230.0,sub-STSWD1215
4559,1.0,0.73056,4,4,2,1,1,1,1,True,sub-STSWD1215,80662,8,80662.0,sub-STSWD1215
4560,1.0,0.7635,1,4,2,1,1,1,1,True,sub-STSWD1215,83094,8,83094.0,sub-STSWD1215
4561,1.0,1.0624,2,4,2,1,1,1,1,True,sub-STSWD1215,85526,8,85526.0,sub-STSWD1215
4562,0.0,0.73352,4,3,1,1,1,1,1,True,sub-STSWD1215,90006,8,90006.0,sub-STSWD1215
4563,1.0,1.0212,4,3,2,1,1,1,1,True,sub-STSWD1215,92438,8,92438.0,sub-STSWD1215
4564,1.0,1.2322,3,3,2,1,1,1,1,True,sub-STSWD1215,94870,8,94870.0,sub-STSWD1215
4565,1.0,1.2311,3,3,2,1,1,1,1,True,sub-STSWD1215,97302,8,97302.0,sub-STSWD1215
4566,1.0,1.541,2,3,1,1,1,1,1,True,sub-STSWD1215,99734,8,99734.0,sub-STSWD1215
4567,1.0,1.239,3,3,1,1,1,1,1,True,sub-STSWD1215,102166,8,102166.0,sub-STSWD1215
4568,1.0,0.76089,3,3,2,1,1,1,1,True,sub-STSWD1215,104598,8,104598.0,sub-STSWD1215
4569,1.0,1.0758,3,3,1,1,1,1,1,True,sub-STSWD1215,107030,8,107030.0,sub-STSWD1215
4570,1.0,1.6157,1,4,1,1,1,1,1,True,sub-STSWD1215,111509,8,111509.0,sub-STSWD1215
4571,0.0,1.3776,3,4,2,1,1,1,1,True,sub-STSWD1215,113942,8,113942.0,sub-STSWD1215
4572,1.0,1.2606,3,4,1,1,1,1,1,True,sub-STSWD1215,116373,8,116373.0,sub-STSWD1215
4573,1.0,0.83951,2,4,1,1,1,1,1,True,sub-STSWD1215,118805,8,118805.0,sub-STSWD1215
4574,1.0,0.82636,2,4,1,1,1,1,1,True,sub-STSWD1215,121237,8,121237.0,sub-STSWD1215
4575,1.0,0.75136,2,4,2,1,1,1,1,True,sub-STSWD1215,123669,8,123669.0,sub-STSWD1215
4576,1.0,1.0993,1,4,2,1,1,1,1,True,sub-STSWD1215,126101,8,126101.0,sub-STSWD1215
4577,1.0,0.80403,1,2,1,1,1,1,1,True,sub-STSWD1215,133013,8,133013.0,sub-STSWD1215
4578,1.0,1.347,4,2,1,1,1,1,1,True,sub-STSWD1215,135445,8,135445.0,sub-STSWD1215
4579,0.0,1.547,1,2,1,1,1,1,1,True,sub-STSWD1215,137877,8,137877.0,sub-STSWD1215
4580,1.0,0.56992,1,2,2,1,1,1,1,True,sub-STSWD1215,140309,8,140309.0,sub-STSWD1215
4581,1.0,0.67685,4,2,1,1,1,1,1,True,sub-STSWD1215,142741,8,142741.0,sub-STSWD1215
4582,1.0,0.60279,4,2,1,1,1,1,1,True,sub-STSWD1215,145173,8,145173.0,sub-STSWD1215
4583,1.0,0.58767,4,2,2,1,1,1,1,True,sub-STSWD1215,147605,8,147605.0,sub-STSWD1215
4584,1.0,0.49764,1,2,1,1,1,1,1,True,sub-STSWD1215,150037,8,150037.0,sub-STSWD1215
4585,0.0,0.45744,2,1,1,1,1,1,1,True,sub-STSWD1215,154517,8,154517.0,sub-STSWD1215
4586,1.0,0.35942,2,1,1,1,1,1,1,True,sub-STSWD1215,156949,8,156949.0,sub-STSWD1215
4587,1.0,0.3264,2,1,1,1,1,1,1,True,sub-STSWD1215,159381,8,159381.0,sub-STSWD1215
4588,1.0,0.36432,2,1,2,1,1,1,1,True,sub-STSWD1215,161813,8,161813.0,sub-STSWD1215
4589,1.0,0.37122,2,1,1,1,1,1,1,True,sub-STSWD1215,164245,8,164245.0,sub-STSWD1215
4590,0.0,0.42911,2,1,1,1,1,1,1,True,sub-STSWD1215,166677,8,166677.0,sub-STSWD1215
4591,1.0,0.38811,2,1,2,1,1,1,1,True,sub-STSWD1215,169109,8,169109.0,sub-STSWD1215
4592,1.0,0.43105,2,1,2,1,1,1,1,True,sub-STSWD1215,171541,8,171541.0,sub-STSWD1215
4593,1.0,1.5189,2,3,1,1,1,1,1,True,sub-STSWD1215,176020,8,176020.0,sub-STSWD1215
4594,1.0,0.55081,2,3,1,1,1,1,1,True,sub-STSWD1215,178452,8,178452.0,sub-STSWD1215
4595,1.0,0.85075,4,3,1,1,1,1,1,True,sub-STSWD1215,180884,8,180884.0,sub-STSWD1215
4596,1.0,1.0447,2,3,2,1,1,1,1,True,sub-STSWD1215,183316,8,183316.0,sub-STSWD1215
4597,1.0,0.54861,3,3,2,1,1,1,1,True,sub-STSWD1215,185748,8,185748.0,sub-STSWD1215
4598,0.0,1.1186,4,3,1,1,1,1,1,True,sub-STSWD1215,188180,8,188180.0,sub-STSWD1215
4599,0.0,1.3465,3,3,2,1,1,1,1,True,sub-STSWD1215,190612,8,190612.0,sub-STSWD1215
4600,1.0,0.9704,3,3,1,1,1,1,1,True,sub-STSWD1215,193044,8,193044.0,sub-STSWD1215
4601,1.0,1.1429,4,4,2,1,1,1,1,True,sub-STSWD1215,222206,8,222206.0,sub-STSWD1215
4602,1.0,0.65392,3,4,1,1,1,1,1,True,sub-STSWD1215,224638,8,224638.0,sub-STSWD1215
4603,1.0,1.0188,3,4,1,1,1,1,1,True,sub-STSWD1215,227070,8,227070.0,sub-STSWD1215
4604,1.0,0.96179,1,4,1,1,1,1,1,True,sub-STSWD1215,229502,8,229502.0,sub-STSWD1215
4605,1.0,0.67272,1,4,2,1,1,1,1,True,sub-STSWD1215,231934,8,231934.0,sub-STSWD1215
4606,1.0,0.554,2,4,1,1,1,1,1,True,sub-STSWD1215,234371,8,234371.0,sub-STSWD1215
4607,1.0,0.56889,1,4,2,1,1,1,1,True,sub-STSWD1215,236803,8,236803.0,sub-STSWD1215
4608,1.0,0.46986,2,4,1,1,1,1,1,True,sub-STSWD1215,239235,8,239235.0,sub-STSWD1215
4609,1.0,0.84076,1,3,2,1,1,1,1,True,sub-STSWD1215,243715,8,243715.0,sub-STSWD1215
4610,1.0,1.0726,4,3,2,1,1,1,1,True,sub-STSWD1215,246147,8,246147.0,sub-STSWD1215
4611,0.0,0.68448,3,3,1,1,1,1,1,True,sub-STSWD1215,248579,8,248579.0,sub-STSWD1215
4612,1.0,0.61454,3,3,2,1,1,1,1,True,sub-STSWD1215,251011,8,251011.0,sub-STSWD1215
4613,1.0,1.0244,4,3,2,1,1,1,1,True,sub-STSWD1215,253443,8,253443.0,sub-STSWD1215
4614,1.0,0.94139,4,3,1,1,1,1,1,True,sub-STSWD1215,255875,8,255875.0,sub-STSWD1215
4615,1.0,1.1633,4,3,2,1,1,1,1,True,sub-STSWD1215,258307,8,258307.0,sub-STSWD1215
4616,1.0,0.83722,1,3,2,1,1,1,1,True,sub-STSWD1215,260738,8,260738.0,sub-STSWD1215
4617,1.0,0.34306,3,1,1,1,1,1,1,True,sub-STSWD1215,265218,8,265218.0,sub-STSWD1215
4618,1.0,0.36708,3,1,1,1,1,1,1,True,sub-STSWD1215,267650,8,267650.0,sub-STSWD1215
4619,1.0,0.34891,3,1,2,1,1,1,1,True,sub-STSWD1215,270082,8,270082.0,sub-STSWD1215
4620,1.0,0.35495,3,1,2,1,1,1,1,True,sub-STSWD1215,272514,8,272514.0,sub-STSWD1215
4621,1.0,0.32882,3,1,1,1,1,1,1,True,sub-STSWD1215,274946,8,274946.0,sub-STSWD1215
4622,0.0,0.32181,3,1,2,1,1,1,1,True,sub-STSWD1215,277378,8,277378.0,sub-STSWD1215
4623,1.0,0.37774,3,1,2,1,1,1,1,True,sub-STSWD1215,279810,8,279810.0,sub-STSWD1215
4624,1.0,0.51168,3,1,2,1,1,1,1,True,sub-STSWD1215,282242,8,282242.0,sub-STSWD1215
4625,1.0,1.2195,3,2,1,1,1,1,1,True,sub-STSWD1215,286722,8,286722.0,sub-STSWD1215
4626,0.0,0.77148,4,2,1,1,1,1,1,True,sub-STSWD1215,289154,8,289154.0,sub-STSWD1215
4627,0.0,0.53442,4,2,1,1,1,1,1,True,sub-STSWD1215,291586,8,291586.0,sub-STSWD1215
4628,0.0,0.47636,3,2,1,1,1,1,1,True,sub-STSWD1215,294018,8,294018.0,sub-STSWD1215
4629,0.0,0.75728,3,2,2,1,1,1,1,True,sub-STSWD1215,296450,8,296450.0,sub-STSWD1215
4630,0.0,0.83622,4,2,1,1,1,1,1,True,sub-STSWD1215,298882,8,298882.0,sub-STSWD1215
4631,1.0,0.97908,3,2,1,1,1,1,1,True,sub-STSWD1215,303746,8,303746.0,sub-STSWD1215
4632,1.0,0.35788,1,1,2,1,1,1,1,True,sub-STSWD1215,308226,8,308226.0,sub-STSWD1215
4633,0.0,0.42488,1,1,1,1,1,1,1,True,sub-STSWD1215,310658,8,310658.0,sub-STSWD1215
4634,1.0,0.36585,1,1,1,1,1,1,1,True,sub-STSWD1215,313090,8,313090.0,sub-STSWD1215
4635,1.0,0.32864,1,1,2,1,1,1,1,True,sub-STSWD1215,315522,8,315522.0,sub-STSWD1215
4636,1.0,0.37167,1,1,1,1,1,1,1,True,sub-STSWD1215,317954,8,317954.0,sub-STSWD1215
4637,1.0,0.36363,1,1,2,1,1,1,1,True,sub-STSWD1215,320386,8,320386.0,sub-STSWD1215
4638,1.0,0.49956,1,1,2,1,1,1,1,True,sub-STSWD1215,322818,8,322818.0,sub-STSWD1215
4639,1.0,0.36849,1,1,2,1,1,1,1,True,sub-STSWD1215,325250,8,325250.0,sub-STSWD1215
4640,1.0,0.63537,2,2,1,1,1,1,1,True,sub-STSWD1215,329730,8,329730.0,sub-STSWD1215
4641,1.0,0.4553,3,2,2,1,1,1,1,True,sub-STSWD1215,332162,8,332162.0,sub-STSWD1215
4642,1.0,0.43724,2,2,2,1,1,1,1,True,sub-STSWD1215,334594,8,334594.0,sub-STSWD1215
4643,1.0,1.0447,3,2,2,1,1,1,1,True,sub-STSWD1215,337026,8,337026.0,sub-STSWD1215
4644,1.0,0.5861,3,2,1,1,1,1,1,True,sub-STSWD1215,339458,8,339458.0,sub-STSWD1215
4645,1.0,0.55304,3,2,2,1,1,1,1,True,sub-STSWD1215,341890,8,341890.0,sub-STSWD1215
4646,1.0,0.38698,2,2,1,1,1,1,1,True,sub-STSWD1215,344322,8,344322.0,sub-STSWD1215
4647,1.0,0.7189,2,2,2,1,1,1,1,True,sub-STSWD1215,346754,8,346754.0,sub-STSWD1215
4648,1.0,0.65478,1,4,2,1,1,1,1,True,sub-STSWD1215,351234,8,351234.0,sub-STSWD1215
4649,1.0,0.90171,2,4,2,1,1,1,1,True,sub-STSWD1215,353666,8,353666.0,sub-STSWD1215
4650,1.0,0.71765,2,4,2,1,1,1,1,True,sub-STSWD1215,356098,8,356098.0,sub-STSWD1215
4651,1.0,0.93748,3,4,2,1,1,1,1,True,sub-STSWD1215,358529,8,358529.0,sub-STSWD1215
4652,1.0,1.5945,3,4,2,1,1,1,1,True,sub-STSWD1215,360961,8,360961.0,sub-STSWD1215
4653,0.0,0.94944,4,4,2,1,1,1,1,True,sub-STSWD1215,363393,8,363393.0,sub-STSWD1215
4654,0.0,0.90237,4,4,1,1,1,1,1,True,sub-STSWD1215,365825,8,365825.0,sub-STSWD1215
4655,1.0,0.76831,4,4,1,1,1,1,1,True,sub-STSWD1215,368258,8,368258.0,sub-STSWD1215
4656,1.0,0.65719,3,3,2,1,1,1,1,True,sub-STSWD1215,372737,8,372737.0,sub-STSWD1215
4657,0.0,0.68212,2,3,1,1,1,1,1,True,sub-STSWD1215,375169,8,375169.0,sub-STSWD1215
4658,1.0,0.95505,2,3,1,1,1,1,1,True,sub-STSWD1215,377601,8,377601.0,sub-STSWD1215
4659,1.0,0.526,2,3,1,1,1,1,1,True,sub-STSWD1215,380033,8,380033.0,sub-STSWD1215
4660,1.0,0.53101,1,3,2,1,1,1,1,True,sub-STSWD1215,382465,8,382465.0,sub-STSWD1215
4661,1.0,1.4328,3,3,1,1,1,1,1,True,sub-STSWD1215,384897,8,384897.0,sub-STSWD1215
4662,1.0,1.1038,2,3,2,1,1,1,1,True,sub-STSWD1215,387329,8,387329.0,sub-STSWD1215
4663,1.0,0.62972,2,3,2,1,1,1,1,True,sub-STSWD1215,389761,8,389761.0,sub-STSWD1215
4664,0.0,1.1385,4,4,1,1,1,1,1,True,sub-STSWD1215,419337,8,419337.0,sub-STSWD1215
4665,1.0,0.9905,4,4,2,1,1,1,1,True,sub-STSWD1215,421769,8,421769.0,sub-STSWD1215
4666,1.0,0.58644,3,4,2,1,1,1,1,True,sub-STSWD1215,424201,8,424201.0,sub-STSWD1215
4667,1.0,0.54337,3,4,1,1,1,1,1,True,sub-STSWD1215,426633,8,426633.0,sub-STSWD1215
4668,1.0,1.0313,3,4,1,1,1,1,1,True,sub-STSWD1215,429065,8,429065.0,sub-STSWD1215
4669,1.0,0.79216,2,4,1,1,1,1,1,True,sub-STSWD1215,431497,8,431497.0,sub-STSWD1215
4670,1.0,1.7382,1,4,1,1,1,1,1,True,sub-STSWD1215,433929,8,433929.0,sub-STSWD1215
4671,1.0,1.1191,1,4,1,1,1,1,1,True,sub-STSWD1215,436361,8,436361.0,sub-STSWD1215
4672,1.0,0.508,2,2,2,1,1,1,1,True,sub-STSWD1215,440841,8,440841.0,sub-STSWD1215
4673,0.0,0.66987,2,2,2,1,1,1,1,True,sub-STSWD1215,443273,8,443273.0,sub-STSWD1215
4674,1.0,0.56486,2,2,1,1,1,1,1,True,sub-STSWD1215,445705,8,445705.0,sub-STSWD1215
4675,1.0,0.38279,1,2,2,1,1,1,1,True,sub-STSWD1215,448137,8,448137.0,sub-STSWD1215
4676,1.0,0.76272,1,2,1,1,1,1,1,True,sub-STSWD1215,450569,8,450569.0,sub-STSWD1215
4677,1.0,0.65061,1,2,1,1,1,1,1,True,sub-STSWD1215,453001,8,453001.0,sub-STSWD1215
4678,0.0,0.91958,2,2,1,1,1,1,1,True,sub-STSWD1215,455433,8,455433.0,sub-STSWD1215
4679,1.0,0.37752,1,2,2,1,1,1,1,True,sub-STSWD1215,457865,8,457865.0,sub-STSWD1215
4680,1.0,0.7954,1,3,1,1,1,1,1,True,sub-STSWD1215,462345,8,462345.0,sub-STSWD1215
4681,1.0,0.89066,3,3,2,1,1,1,1,True,sub-STSWD1215,464781,8,464781.0,sub-STSWD1215
4682,1.0,1.5323,1,3,1,1,1,1,1,True,sub-STSWD1215,467222,8,467222.0,sub-STSWD1215
4683,1.0,0.78252,4,3,1,1,1,1,1,True,sub-STSWD1215,469645,8,469645.0,sub-STSWD1215
4684,1.0,0.81846,4,3,1,1,1,1,1,True,sub-STSWD1215,472077,8,472077.0,sub-STSWD1215
4685,0.0,0.96232,4,3,1,1,1,1,1,True,sub-STSWD1215,474509,8,474509.0,sub-STSWD1215
4686,1.0,0.94832,4,3,2,1,1,1,1,True,sub-STSWD1215,476941,8,476941.0,sub-STSWD1215
4687,1.0,0.67521,3,3,1,1,1,1,1,True,sub-STSWD1215,479373,8,479373.0,sub-STSWD1215
4688,1.0,0.43111,4,1,2,1,1,1,1,True,sub-STSWD1215,483853,8,483853.0,sub-STSWD1215
4689,1.0,0.43608,4,1,2,1,1,1,1,True,sub-STSWD1215,486285,8,486285.0,sub-STSWD1215
4690,1.0,0.325,4,1,1,1,1,1,1,True,sub-STSWD1215,488717,8,488717.0,sub-STSWD1215
4691,1.0,0.38295,4,1,1,1,1,1,1,True,sub-STSWD1215,491149,8,491149.0,sub-STSWD1215
4692,1.0,0.35388,4,1,1,1,1,1,1,True,sub-STSWD1215,493581,8,493581.0,sub-STSWD1215
4693,1.0,0.31382,4,1,2,1,1,1,1,True,sub-STSWD1215,496013,8,496013.0,sub-STSWD1215
4694,0.0,0.34475,4,1,1,1,1,1,1,True,sub-STSWD1215,498445,8,498445.0,sub-STSWD1215
4695,1.0,0.37969,4,1,2,1,1,1,1,True,sub-STSWD1215,500877,8,500877.0,sub-STSWD1215
4696,1.0,0.66355,2,2,2,1,1,1,1,True,sub-STSWD1215,505357,8,505357.0,sub-STSWD1215
4697,1.0,0.50563,2,2,1,1,1,1,1,True,sub-STSWD1215,510221,8,510221.0,sub-STSWD1215
4698,1.0,0.30228,4,2,2,1,1,1,1,True,sub-STSWD1215,512653,8,512653.0,sub-STSWD1215
4699,1.0,0.42129,4,2,1,1,1,1,1,True,sub-STSWD1215,515085,8,515085.0,sub-STSWD1215
4700,1.0,0.72225,4,2,2,1,1,1,1,True,sub-STSWD1215,517517,8,517517.0,sub-STSWD1215
4701,1.0,0.47716,2,2,1,1,1,1,1,True,sub-STSWD1215,519949,8,519949.0,sub-STSWD1215
4702,0.0,0.43808,2,2,1,1,1,1,1,True,sub-STSWD1215,522381,8,522381.0,sub-STSWD1215
4703,1.0,0.75792,4,4,2,1,1,1,1,True,sub-STSWD1215,526861,8,526861.0,sub-STSWD1215
4704,0.0,1.0508,1,4,1,1,1,1,1,True,sub-STSWD1215,529293,8,529293.0,sub-STSWD1215
4705,1.0,0.63082,2,4,2,1,1,1,1,True,sub-STSWD1215,531725,8,531725.0,sub-STSWD1215
4706,1.0,0.48076,2,4,2,1,1,1,1,True,sub-STSWD1215,534157,8,534157.0,sub-STSWD1215
4707,1.0,0.94669,2,4,1,1,1,1,1,True,sub-STSWD1215,536588,8,536588.0,sub-STSWD1215
4708,1.0,0.80395,4,4,1,1,1,1,1,True,sub-STSWD1215,539020,8,539020.0,sub-STSWD1215
4709,1.0,0.93954,3,4,2,1,1,1,1,True,sub-STSWD1215,541452,8,541452.0,sub-STSWD1215
4710,1.0,0.82449,1,4,2,1,1,1,1,True,sub-STSWD1215,543884,8,543884.0,sub-STSWD1215
4711,1.0,0.69737,4,3,2,1,1,1,1,True,sub-STSWD1215,548364,8,548364.0,sub-STSWD1215
4712,1.0,0.74031,4,3,1,1,1,1,1,True,sub-STSWD1215,550796,8,550796.0,sub-STSWD1215
4713,1.0,1.0572,1,3,1,1,1,1,1,True,sub-STSWD1215,553228,8,553228.0,sub-STSWD1215
4714,1.0,0.71216,1,3,2,1,1,1,1,True,sub-STSWD1215,555660,8,555660.0,sub-STSWD1215
4715,1.0,0.58211,1,3,2,1,1,1,1,True,sub-STSWD1215,558092,8,558092.0,sub-STSWD1215
4716,1.0,0.65703,2,3,2,1,1,1,1,True,sub-STSWD1215,560524,8,560524.0,sub-STSWD1215
4717,1.0,1.3849,1,3,1,1,1,1,1,True,sub-STSWD1215,562956,8,562956.0,sub-STSWD1215
4718,1.0,0.70591,1,3,1,1,1,1,1,True,sub-STSWD1215,565388,8,565388.0,sub-STSWD1215
4719,1.0,0.33079,1,1,1,1,1,1,1,True,sub-STSWD1215,569868,8,569868.0,sub-STSWD1215
4720,1.0,0.91775,1,1,1,1,1,1,1,True,sub-STSWD1215,572300,8,572300.0,sub-STSWD1215
4721,1.0,0.31465,1,1,1,1,1,1,1,True,sub-STSWD1215,574732,8,574732.0,sub-STSWD1215
4722,1.0,0.34259,1,1,2,1,1,1,1,True,sub-STSWD1215,577164,8,577164.0,sub-STSWD1215
4723,1.0,0.31847,1,1,1,1,1,1,1,True,sub-STSWD1215,579596,8,579596.0,sub-STSWD1215
4724,1.0,0.39045,1,1,1,1,1,1,1,True,sub-STSWD1215,582028,8,582028.0,sub-STSWD1215
4725,1.0,0.39039,1,1,2,1,1,1,1,True,sub-STSWD1215,584460,8,584460.0,sub-STSWD1215
4726,1.0,0.38032,1,1,2,1,1,1,1,True,sub-STSWD1215,586892,8,586892.0,sub-STSWD1215
4727,1.0,0.89917,1,4,1,1,1,1,1,True,sub-STSWD1215,616276,8,616276.0,sub-STSWD1215
4728,1.0,0.70112,4,4,1,1,1,1,1,True,sub-STSWD1215,618708,8,618708.0,sub-STSWD1215
4729,1.0,1.207,4,4,2,1,1,1,1,True,sub-STSWD1215,621140,8,621140.0,sub-STSWD1215
4730,1.0,0.448,3,4,2,1,1,1,1,True,sub-STSWD1215,623572,8,623572.0,sub-STSWD1215
4731,0.0,0.72191,3,4,2,1,1,1,1,True,sub-STSWD1215,626004,8,626004.0,sub-STSWD1215
4732,1.0,0.71484,3,4,1,1,1,1,1,True,sub-STSWD1215,628436,8,628436.0,sub-STSWD1215
4733,1.0,1.2568,1,4,1,1,1,1,1,True,sub-STSWD1215,630868,8,630868.0,sub-STSWD1215
4734,1.0,0.81972,2,4,1,1,1,1,1,True,sub-STSWD1215,633300,8,633300.0,sub-STSWD1215
4735,1.0,0.58358,1,3,2,1,1,1,1,True,sub-STSWD1215,637780,8,637780.0,sub-STSWD1215
4736,1.0,0.61052,3,3,1,1,1,1,1,True,sub-STSWD1215,640212,8,640212.0,sub-STSWD1215
4737,1.0,0.73446,1,3,2,1,1,1,1,True,sub-STSWD1215,642644,8,642644.0,sub-STSWD1215
4738,0.0,0.61235,1,3,2,1,1,1,1,True,sub-STSWD1215,645076,8,645076.0,sub-STSWD1215
4739,1.0,0.26343,3,3,1,1,1,1,1,True,sub-STSWD1215,647508,8,647508.0,sub-STSWD1215
4740,1.0,0.89726,2,3,2,1,1,1,1,True,sub-STSWD1215,649940,8,649940.0,sub-STSWD1215
4741,1.0,0.64319,2,3,2,1,1,1,1,True,sub-STSWD1215,652372,8,652372.0,sub-STSWD1215
4742,1.0,1.1111,2,3,2,1,1,1,1,True,sub-STSWD1215,654804,8,654804.0,sub-STSWD1215
4743,0.0,0.42101,3,2,2,1,1,1,1,True,sub-STSWD1215,659284,8,659284.0,sub-STSWD1215
4744,1.0,0.38994,4,2,2,1,1,1,1,True,sub-STSWD1215,661716,8,661716.0,sub-STSWD1215
4745,1.0,0.58422,4,2,2,1,1,1,1,True,sub-STSWD1215,664148,8,664148.0,sub-STSWD1215
4746,1.0,0.65481,3,2,2,1,1,1,1,True,sub-STSWD1215,666580,8,666580.0,sub-STSWD1215
4747,1.0,0.64971,4,2,2,1,1,1,1,True,sub-STSWD1215,669012,8,669012.0,sub-STSWD1215
4748,0.0,0.93966,4,2,1,1,1,1,1,True,sub-STSWD1215,671444,8,671444.0,sub-STSWD1215
4749,1.0,0.43361,3,2,2,1,1,1,1,True,sub-STSWD1215,673876,8,673876.0,sub-STSWD1215
4750,0.0,0.72353,3,2,1,1,1,1,1,True,sub-STSWD1215,676307,8,676307.0,sub-STSWD1215
4751,1.0,0.31241,3,1,1,1,1,1,1,True,sub-STSWD1215,680787,8,680787.0,sub-STSWD1215
4752,1.0,0.37827,3,1,2,1,1,1,1,True,sub-STSWD1215,683219,8,683219.0,sub-STSWD1215
4753,1.0,0.35028,3,1,1,1,1,1,1,True,sub-STSWD1215,685651,8,685651.0,sub-STSWD1215
4754,0.0,0.36521,3,1,1,1,1,1,1,True,sub-STSWD1215,688083,8,688083.0,sub-STSWD1215
4755,1.0,0.7891,3,1,1,1,1,1,1,True,sub-STSWD1215,690515,8,690515.0,sub-STSWD1215
4756,1.0,0.34708,3,1,2,1,1,1,1,True,sub-STSWD1215,692947,8,692947.0,sub-STSWD1215
4757,0.0,0.33098,3,1,2,1,1,1,1,True,sub-STSWD1215,695379,8,695379.0,sub-STSWD1215
4758,1.0,0.33995,3,1,1,1,1,1,1,True,sub-STSWD1215,697811,8,697811.0,sub-STSWD1215
4759,1.0,0.55282,2,2,1,1,1,1,1,True,sub-STSWD1215,702291,8,702291.0,sub-STSWD1215
4760,1.0,0.36377,1,2,2,1,1,1,1,True,sub-STSWD1215,704723,8,704723.0,sub-STSWD1215
4761,1.0,0.35471,2,2,2,1,1,1,1,True,sub-STSWD1215,707155,8,707155.0,sub-STSWD1215
4762,1.0,0.61363,2,2,2,1,1,1,1,True,sub-STSWD1215,709587,8,709587.0,sub-STSWD1215
4763,1.0,0.66255,1,2,1,1,1,1,1,True,sub-STSWD1215,712019,8,712019.0,sub-STSWD1215
4764,1.0,0.31651,1,2,1,1,1,1,1,True,sub-STSWD1215,714451,8,714451.0,sub-STSWD1215
4765,1.0,0.40443,2,2,2,1,1,1,1,True,sub-STSWD1215,716883,8,716883.0,sub-STSWD1215
4766,1.0,0.47636,1,2,2,1,1,1,1,True,sub-STSWD1215,719315,8,719315.0,sub-STSWD1215
4767,1.0,0.36425,4,1,1,1,1,1,1,True,sub-STSWD1215,723795,8,723795.0,sub-STSWD1215
4768,1.0,0.31718,4,1,2,1,1,1,1,True,sub-STSWD1215,726227,8,726227.0,sub-STSWD1215
4769,0.0,0.27911,4,1,1,1,1,1,1,True,sub-STSWD1215,728659,8,728659.0,sub-STSWD1215
4770,0.0,0.40205,4,1,1,1,1,1,1,True,sub-STSWD1215,731091,8,731091.0,sub-STSWD1215
4771,1.0,0.37397,4,1,2,1,1,1,1,True,sub-STSWD1215,733523,8,733523.0,sub-STSWD1215
4772,1.0,0.35592,4,1,2,1,1,1,1,True,sub-STSWD1215,735955,8,735955.0,sub-STSWD1215
4773,1.0,0.37984,4,1,1,1,1,1,1,True,sub-STSWD1215,738387,8,738387.0,sub-STSWD1215
4774,1.0,0.37678,4,1,2,1,1,1,1,True,sub-STSWD1215,740819,8,740819.0,sub-STSWD1215
4775,0.0,1.227,4,3,2,1,1,1,1,True,sub-STSWD1215,745299,8,745299.0,sub-STSWD1215
4776,1.0,0.92579,2,3,1,1,1,1,1,True,sub-STSWD1215,747731,8,747731.0,sub-STSWD1215
4777,1.0,0.83351,1,3,1,1,1,1,1,True,sub-STSWD1215,750163,8,750163.0,sub-STSWD1215
4778,1.0,0.87945,1,3,1,1,1,1,1,True,sub-STSWD1215,752595,8,752595.0,sub-STSWD1215
4779,1.0,0.74738,4,3,2,1,1,1,1,True,sub-STSWD1215,755027,8,755027.0,sub-STSWD1215
4780,1.0,0.87866,1,3,1,1,1,1,1,True,sub-STSWD1215,757459,8,757459.0,sub-STSWD1215
4781,1.0,0.67626,2,3,1,1,1,1,1,True,sub-STSWD1215,759891,8,759891.0,sub-STSWD1215
4782,0.0,0.56918,2,3,2,1,1,1,1,True,sub-STSWD1215,762323,8,762323.0,sub-STSWD1215
4783,1.0,0.63839,1,4,2,1,1,1,1,True,sub-STSWD1215,766803,8,766803.0,sub-STSWD1215
4784,0.0,1.2093,3,4,2,1,1,1,1,True,sub-STSWD1215,769235,8,769235.0,sub-STSWD1215
4785,1.0,0.83225,1,4,1,1,1,1,1,True,sub-STSWD1215,771667,8,771667.0,sub-STSWD1215
4786,1.0,0.7842,2,4,2,1,1,1,1,True,sub-STSWD1215,774099,8,774099.0,sub-STSWD1215
4787,1.0,0.42112,2,4,1,1,1,1,1,True,sub-STSWD1215,776531,8,776531.0,sub-STSWD1215
4788,1.0,0.55807,2,4,2,1,1,1,1,True,sub-STSWD1215,778962,8,778962.0,sub-STSWD1215
4789,0.0,0.94899,4,4,1,1,1,1,1,True,sub-STSWD1215,781395,8,781395.0,sub-STSWD1215
4790,1.0,0.53799,4,4,1,1,1,1,1,True,sub-STSWD1215,783827,8,783827.0,sub-STSWD1215
4791,1.0,0.34896,2,1,1,1,1,1,1,True,sub-STSWD1216,122676,8,122676.0,sub-STSWD1216
4792,1.0,0.3829,2,1,2,1,1,1,1,True,sub-STSWD1216,125108,8,125108.0,sub-STSWD1216
4793,1.0,0.48683,2,1,1,1,1,1,1,True,sub-STSWD1216,127540,8,127540.0,sub-STSWD1216
4794,0.0,0.4508,2,1,2,1,1,1,1,True,sub-STSWD1216,129972,8,129972.0,sub-STSWD1216
4795,0.0,0.32574,2,1,2,1,1,1,1,True,sub-STSWD1216,132404,8,132404.0,sub-STSWD1216
4796,0.0,0.53368,2,1,2,1,1,1,1,True,sub-STSWD1216,134836,8,134836.0,sub-STSWD1216
4797,1.0,0.3525,2,1,1,1,1,1,1,True,sub-STSWD1216,139700,8,139700.0,sub-STSWD1216
4798,0.0,0.65942,2,3,1,1,1,1,1,True,sub-STSWD1216,144179,8,144179.0,sub-STSWD1216
4799,0.0,0.74331,2,3,1,1,1,1,1,True,sub-STSWD1216,146611,8,146611.0,sub-STSWD1216
4800,0.0,0.78923,2,3,1,1,1,1,1,True,sub-STSWD1216,149043,8,149043.0,sub-STSWD1216
4801,1.0,1.2142,3,3,1,1,1,1,1,True,sub-STSWD1216,151475,8,151475.0,sub-STSWD1216
4802,1.0,1.1141,2,3,2,1,1,1,1,True,sub-STSWD1216,153907,8,153907.0,sub-STSWD1216
4803,1.0,1.1481,2,3,2,1,1,1,1,True,sub-STSWD1216,156339,8,156339.0,sub-STSWD1216
4804,0.0,1.205,3,3,2,1,1,1,1,True,sub-STSWD1216,158771,8,158771.0,sub-STSWD1216
4805,1.0,0.87696,1,3,1,1,1,1,1,True,sub-STSWD1216,161203,8,161203.0,sub-STSWD1216
4806,1.0,0.44683,2,2,1,1,1,1,1,True,sub-STSWD1216,165683,8,165683.0,sub-STSWD1216
4807,1.0,0.51977,4,2,2,1,1,1,1,True,sub-STSWD1216,168115,8,168115.0,sub-STSWD1216
4808,1.0,1.0947,4,2,2,1,1,1,1,True,sub-STSWD1216,170547,8,170547.0,sub-STSWD1216
4809,0.0,0.56064,2,2,2,1,1,1,1,True,sub-STSWD1216,172979,8,172979.0,sub-STSWD1216
4810,1.0,0.67957,4,2,2,1,1,1,1,True,sub-STSWD1216,175411,8,175411.0,sub-STSWD1216
4811,1.0,0.5365,4,2,1,1,1,1,1,True,sub-STSWD1216,177843,8,177843.0,sub-STSWD1216
4812,1.0,0.70639,2,2,2,1,1,1,1,True,sub-STSWD1216,180275,8,180275.0,sub-STSWD1216
4813,0.0,0.45138,2,2,1,1,1,1,1,True,sub-STSWD1216,182707,8,182707.0,sub-STSWD1216
4814,1.0,0.8242,3,4,2,1,1,1,1,True,sub-STSWD1216,187187,8,187187.0,sub-STSWD1216
4815,0.0,0.55618,2,4,2,1,1,1,1,True,sub-STSWD1216,189619,8,189619.0,sub-STSWD1216
4816,1.0,0.95411,1,4,2,1,1,1,1,True,sub-STSWD1216,192051,8,192051.0,sub-STSWD1216
4817,0.0,1.016,2,4,2,1,1,1,1,True,sub-STSWD1216,194483,8,194483.0,sub-STSWD1216
4818,1.0,0.63093,1,4,1,1,1,1,1,True,sub-STSWD1216,196915,8,196915.0,sub-STSWD1216
4819,1.0,0.98591,4,4,2,1,1,1,1,True,sub-STSWD1216,199347,8,199347.0,sub-STSWD1216
4820,1.0,0.64381,4,4,1,1,1,1,1,True,sub-STSWD1216,201779,8,201779.0,sub-STSWD1216
4821,1.0,1.0417,4,4,2,1,1,1,1,True,sub-STSWD1216,204211,8,204211.0,sub-STSWD1216
4822,0.0,0.26262,4,1,1,1,1,1,1,True,sub-STSWD1216,208691,8,208691.0,sub-STSWD1216
4823,1.0,0.26956,4,1,2,1,1,1,1,True,sub-STSWD1216,211123,8,211123.0,sub-STSWD1216
4824,1.0,0.30947,4,1,2,1,1,1,1,True,sub-STSWD1216,213555,8,213555.0,sub-STSWD1216
4825,1.0,0.29047,4,1,1,1,1,1,1,True,sub-STSWD1216,215987,8,215987.0,sub-STSWD1216
4826,1.0,0.31029,4,1,1,1,1,1,1,True,sub-STSWD1216,218419,8,218419.0,sub-STSWD1216
4827,1.0,0.27829,4,1,1,1,1,1,1,True,sub-STSWD1216,220851,8,220851.0,sub-STSWD1216
4828,1.0,0.35119,4,1,1,1,1,1,1,True,sub-STSWD1216,223283,8,223283.0,sub-STSWD1216
4829,1.0,0.25319,4,1,2,1,1,1,1,True,sub-STSWD1216,225715,8,225715.0,sub-STSWD1216
4830,0.0,1.2731,3,4,2,1,1,1,1,True,sub-STSWD1216,230194,8,230194.0,sub-STSWD1216
4831,1.0,1.136,3,4,1,1,1,1,1,True,sub-STSWD1216,232626,8,232626.0,sub-STSWD1216
4832,0.0,0.91985,3,4,2,1,1,1,1,True,sub-STSWD1216,235058,8,235058.0,sub-STSWD1216
4833,0.0,1.0769,2,4,2,1,1,1,1,True,sub-STSWD1216,237490,8,237490.0,sub-STSWD1216
4834,1.0,0.7978,2,4,1,1,1,1,1,True,sub-STSWD1216,239922,8,239922.0,sub-STSWD1216
4835,1.0,0.97273,4,4,2,1,1,1,1,True,sub-STSWD1216,242354,8,242354.0,sub-STSWD1216
4836,1.0,0.48167,1,4,2,1,1,1,1,True,sub-STSWD1216,244786,8,244786.0,sub-STSWD1216
4837,1.0,0.8486,1,4,1,1,1,1,1,True,sub-STSWD1216,247218,8,247218.0,sub-STSWD1216
4838,1.0,0.71546,1,2,1,1,1,1,1,True,sub-STSWD1216,251698,8,251698.0,sub-STSWD1216
4839,1.0,0.66143,3,2,2,1,1,1,1,True,sub-STSWD1216,254130,8,254130.0,sub-STSWD1216
4840,1.0,0.88835,3,2,2,1,1,1,1,True,sub-STSWD1216,256562,8,256562.0,sub-STSWD1216
4841,1.0,0.5713,3,2,2,1,1,1,1,True,sub-STSWD1216,258994,8,258994.0,sub-STSWD1216
4842,1.0,0.43622,1,2,2,1,1,1,1,True,sub-STSWD1216,261426,8,261426.0,sub-STSWD1216
4843,1.0,0.59216,1,2,1,1,1,1,1,True,sub-STSWD1216,263858,8,263858.0,sub-STSWD1216
4844,1.0,0.50109,3,2,2,1,1,1,1,True,sub-STSWD1216,266290,8,266290.0,sub-STSWD1216
4845,1.0,0.65794,1,2,2,1,1,1,1,True,sub-STSWD1216,268722,8,268722.0,sub-STSWD1216
4846,1.0,0.53289,4,3,1,1,1,1,1,True,sub-STSWD1216,273202,8,273202.0,sub-STSWD1216
4847,1.0,0.70883,3,3,2,1,1,1,1,True,sub-STSWD1216,275634,8,275634.0,sub-STSWD1216
4848,0.0,1.0697,4,3,1,1,1,1,1,True,sub-STSWD1216,278066,8,278066.0,sub-STSWD1216
4849,1.0,0.8897,3,3,1,1,1,1,1,True,sub-STSWD1216,280498,8,280498.0,sub-STSWD1216
4850,1.0,0.68162,3,3,2,1,1,1,1,True,sub-STSWD1216,282930,8,282930.0,sub-STSWD1216
4851,1.0,0.69256,3,3,2,1,1,1,1,True,sub-STSWD1216,285362,8,285362.0,sub-STSWD1216
4852,1.0,0.49949,3,3,2,1,1,1,1,True,sub-STSWD1216,287794,8,287794.0,sub-STSWD1216
4853,0.0,0.95143,2,3,1,1,1,1,1,True,sub-STSWD1216,290226,8,290226.0,sub-STSWD1216
4854,1.0,0.83347,4,4,1,1,1,1,1,True,sub-STSWD1216,323813,8,323813.0,sub-STSWD1216
4855,0.0,1.0624,4,4,1,1,1,1,1,True,sub-STSWD1216,326245,8,326245.0,sub-STSWD1216
4856,1.0,0.60138,2,4,1,1,1,1,1,True,sub-STSWD1216,328677,8,328677.0,sub-STSWD1216
4857,1.0,0.89232,3,4,2,1,1,1,1,True,sub-STSWD1216,331109,8,331109.0,sub-STSWD1216
4858,1.0,0.61317,2,4,1,1,1,1,1,True,sub-STSWD1216,335973,8,335973.0,sub-STSWD1216
4859,1.0,0.6691,1,4,1,1,1,1,1,True,sub-STSWD1216,338405,8,338405.0,sub-STSWD1216
4860,0.0,0.74895,3,1,1,1,1,1,1,True,sub-STSWD1216,342884,8,342884.0,sub-STSWD1216
4861,1.0,0.25993,3,1,1,1,1,1,1,True,sub-STSWD1216,345316,8,345316.0,sub-STSWD1216
4862,1.0,0.27686,3,1,2,1,1,1,1,True,sub-STSWD1216,347749,8,347749.0,sub-STSWD1216
4863,1.0,0.25474,3,1,1,1,1,1,1,True,sub-STSWD1216,350180,8,350180.0,sub-STSWD1216
4864,1.0,0.26669,3,1,2,1,1,1,1,True,sub-STSWD1216,355044,8,355044.0,sub-STSWD1216
4865,1.0,0.25959,3,1,1,1,1,1,1,True,sub-STSWD1216,357476,8,357476.0,sub-STSWD1216
4866,1.0,0.26148,3,1,1,1,1,1,1,True,sub-STSWD1216,359908,8,359908.0,sub-STSWD1216
4867,1.0,0.51641,2,3,2,1,1,1,1,True,sub-STSWD1216,364388,8,364388.0,sub-STSWD1216
4868,1.0,0.63833,2,3,2,1,1,1,1,True,sub-STSWD1216,366820,8,366820.0,sub-STSWD1216
4869,1.0,0.63918,1,3,1,1,1,1,1,True,sub-STSWD1216,369252,8,369252.0,sub-STSWD1216
4870,0.0,0.79421,4,3,2,1,1,1,1,True,sub-STSWD1216,371684,8,371684.0,sub-STSWD1216
4871,1.0,1.0201,4,3,2,1,1,1,1,True,sub-STSWD1216,374116,8,374116.0,sub-STSWD1216
4872,1.0,0.76908,1,3,2,1,1,1,1,True,sub-STSWD1216,376548,8,376548.0,sub-STSWD1216
4873,1.0,0.662,1,3,1,1,1,1,1,True,sub-STSWD1216,378980,8,378980.0,sub-STSWD1216
4874,1.0,0.53593,1,3,2,1,1,1,1,True,sub-STSWD1216,381412,8,381412.0,sub-STSWD1216
4875,1.0,0.46382,1,2,1,1,1,1,1,True,sub-STSWD1216,385892,8,385892.0,sub-STSWD1216
4876,0.0,0.66975,4,2,2,1,1,1,1,True,sub-STSWD1216,388324,8,388324.0,sub-STSWD1216
4877,0.0,0.87568,1,2,2,1,1,1,1,True,sub-STSWD1216,390756,8,390756.0,sub-STSWD1216
4878,1.0,0.83461,4,2,1,1,1,1,1,True,sub-STSWD1216,393188,8,393188.0,sub-STSWD1216
4879,1.0,0.6745,4,2,1,1,1,1,1,True,sub-STSWD1216,395620,8,395620.0,sub-STSWD1216
4880,1.0,0.62043,4,2,1,1,1,1,1,True,sub-STSWD1216,398052,8,398052.0,sub-STSWD1216
4881,1.0,0.5434,1,2,1,1,1,1,1,True,sub-STSWD1216,400484,8,400484.0,sub-STSWD1216
4882,1.0,0.48127,1,2,2,1,1,1,1,True,sub-STSWD1216,402916,8,402916.0,sub-STSWD1216
4883,1.0,0.39118,1,1,1,1,1,1,1,True,sub-STSWD1216,407396,8,407396.0,sub-STSWD1216
4884,1.0,0.29711,1,1,2,1,1,1,1,True,sub-STSWD1216,412260,8,412260.0,sub-STSWD1216
4885,1.0,0.37296,1,1,1,1,1,1,1,True,sub-STSWD1216,417124,8,417124.0,sub-STSWD1216
4886,1.0,0.39463,3,2,1,1,1,1,1,True,sub-STSWD1216,428900,8,428900.0,sub-STSWD1216
4887,1.0,0.43945,4,2,2,1,1,1,1,True,sub-STSWD1216,431332,8,431332.0,sub-STSWD1216
4888,1.0,0.67747,3,2,1,1,1,1,1,True,sub-STSWD1216,433764,8,433764.0,sub-STSWD1216
4889,1.0,0.69534,4,2,1,1,1,1,1,True,sub-STSWD1216,436196,8,436196.0,sub-STSWD1216
4890,1.0,0.33337,4,2,2,1,1,1,1,True,sub-STSWD1216,438628,8,438628.0,sub-STSWD1216
4891,1.0,0.36826,4,2,1,1,1,1,1,True,sub-STSWD1216,441060,8,441060.0,sub-STSWD1216
4892,0.0,0.52523,4,2,2,1,1,1,1,True,sub-STSWD1216,443492,8,443492.0,sub-STSWD1216
4893,1.0,0.51612,3,2,1,1,1,1,1,True,sub-STSWD1216,445924,8,445924.0,sub-STSWD1216
4894,0.0,0.77204,1,4,2,1,1,1,1,True,sub-STSWD1216,450404,8,450404.0,sub-STSWD1216
4895,1.0,0.50197,1,4,2,1,1,1,1,True,sub-STSWD1216,452836,8,452836.0,sub-STSWD1216
4896,0.0,0.56891,2,4,2,1,1,1,1,True,sub-STSWD1216,455268,8,455268.0,sub-STSWD1216
4897,1.0,0.87781,3,4,1,1,1,1,1,True,sub-STSWD1216,457699,8,457699.0,sub-STSWD1216
4898,1.0,1.0608,3,4,1,1,1,1,1,True,sub-STSWD1216,460132,8,460132.0,sub-STSWD1216
4899,0.0,1.1726,3,4,2,1,1,1,1,True,sub-STSWD1216,462563,8,462563.0,sub-STSWD1216
4900,0.0,0.99156,4,4,2,1,1,1,1,True,sub-STSWD1216,464995,8,464995.0,sub-STSWD1216
4901,1.0,0.78253,4,4,1,1,1,1,1,True,sub-STSWD1216,467427,8,467427.0,sub-STSWD1216
4902,1.0,0.73142,3,3,1,1,1,1,1,True,sub-STSWD1216,471907,8,471907.0,sub-STSWD1216
4903,1.0,0.95848,1,3,1,1,1,1,1,True,sub-STSWD1216,474339,8,474339.0,sub-STSWD1216
4904,1.0,1.1123,4,3,2,1,1,1,1,True,sub-STSWD1216,476771,8,476771.0,sub-STSWD1216
4905,1.0,0.96621,4,3,2,1,1,1,1,True,sub-STSWD1216,479203,8,479203.0,sub-STSWD1216
4906,1.0,0.46318,4,3,1,1,1,1,1,True,sub-STSWD1216,481635,8,481635.0,sub-STSWD1216
4907,1.0,0.66308,4,3,1,1,1,1,1,True,sub-STSWD1216,484067,8,484067.0,sub-STSWD1216
4908,1.0,0.50504,1,3,2,1,1,1,1,True,sub-STSWD1216,486499,8,486499.0,sub-STSWD1216
4909,1.0,0.688,4,3,1,1,1,1,1,True,sub-STSWD1216,488931,8,488931.0,sub-STSWD1216
4910,1.0,0.66896,4,4,1,1,1,1,1,True,sub-STSWD1216,525078,8,525078.0,sub-STSWD1216
4911,1.0,0.70494,4,4,2,1,1,1,1,True,sub-STSWD1216,527510,8,527510.0,sub-STSWD1216
4912,1.0,0.68287,4,4,2,1,1,1,1,True,sub-STSWD1216,529942,8,529942.0,sub-STSWD1216
4913,0.0,1.0408,1,4,2,1,1,1,1,True,sub-STSWD1216,532374,8,532374.0,sub-STSWD1216
4914,0.0,0.78772,2,4,1,1,1,1,1,True,sub-STSWD1216,534806,8,534806.0,sub-STSWD1216
4915,1.0,0.62162,1,4,1,1,1,1,1,True,sub-STSWD1216,537238,8,537238.0,sub-STSWD1216
4916,1.0,0.83948,3,4,2,1,1,1,1,True,sub-STSWD1216,539670,8,539670.0,sub-STSWD1216
4917,0.0,0.80553,2,4,1,1,1,1,1,True,sub-STSWD1216,542102,8,542102.0,sub-STSWD1216
4918,1.0,0.77542,3,2,2,1,1,1,1,True,sub-STSWD1216,546582,8,546582.0,sub-STSWD1216
4919,1.0,0.56131,3,2,2,1,1,1,1,True,sub-STSWD1216,549014,8,549014.0,sub-STSWD1216
4920,1.0,0.4843,4,2,1,1,1,1,1,True,sub-STSWD1216,551446,8,551446.0,sub-STSWD1216
4921,1.0,0.40122,4,2,2,1,1,1,1,True,sub-STSWD1216,553878,8,553878.0,sub-STSWD1216
4922,1.0,0.38417,3,2,1,1,1,1,1,True,sub-STSWD1216,556310,8,556310.0,sub-STSWD1216
4923,1.0,0.28209,3,2,1,1,1,1,1,True,sub-STSWD1216,558742,8,558742.0,sub-STSWD1216
4924,0.0,0.90197,4,2,1,1,1,1,1,True,sub-STSWD1216,561174,8,561174.0,sub-STSWD1216
4925,1.0,0.44792,3,2,1,1,1,1,1,True,sub-STSWD1216,563606,8,563606.0,sub-STSWD1216
4926,1.0,0.57982,1,3,1,1,1,1,1,True,sub-STSWD1216,568086,8,568086.0,sub-STSWD1216
4927,1.0,0.68277,3,3,2,1,1,1,1,True,sub-STSWD1216,570517,8,570517.0,sub-STSWD1216
4928,1.0,0.59866,1,3,1,1,1,1,1,True,sub-STSWD1216,572950,8,572950.0,sub-STSWD1216
4929,1.0,0.42259,1,3,2,1,1,1,1,True,sub-STSWD1216,575382,8,575382.0,sub-STSWD1216
4930,1.0,0.41857,2,3,1,1,1,1,1,True,sub-STSWD1216,577814,8,577814.0,sub-STSWD1216
4931,1.0,0.7035,2,3,2,1,1,1,1,True,sub-STSWD1216,580246,8,580246.0,sub-STSWD1216
4932,0.0,0.63943,2,3,2,1,1,1,1,True,sub-STSWD1216,582678,8,582678.0,sub-STSWD1216
4933,1.0,0.69837,3,3,2,1,1,1,1,True,sub-STSWD1216,585110,8,585110.0,sub-STSWD1216
4934,1.0,0.25718,3,1,1,1,1,1,1,True,sub-STSWD1216,592022,8,592022.0,sub-STSWD1216
4935,1.0,0.25905,3,1,2,1,1,1,1,True,sub-STSWD1216,596886,8,596886.0,sub-STSWD1216
4936,1.0,0.29392,3,1,2,1,1,1,1,True,sub-STSWD1216,601749,8,601749.0,sub-STSWD1216
4937,1.0,0.28678,3,1,1,1,1,1,1,True,sub-STSWD1216,606613,8,606613.0,sub-STSWD1216
4938,0.0,0.50467,2,2,2,1,1,1,1,True,sub-STSWD1216,611093,8,611093.0,sub-STSWD1216
4939,1.0,0.7576,3,2,2,1,1,1,1,True,sub-STSWD1216,613525,8,613525.0,sub-STSWD1216
4940,1.0,0.53347,3,2,2,1,1,1,1,True,sub-STSWD1216,615957,8,615957.0,sub-STSWD1216
4941,0.0,0.54646,2,2,1,1,1,1,1,True,sub-STSWD1216,618389,8,618389.0,sub-STSWD1216
4942,0.0,0.7363,2,2,2,1,1,1,1,True,sub-STSWD1216,620821,8,620821.0,sub-STSWD1216
4943,1.0,0.58527,3,2,1,1,1,1,1,True,sub-STSWD1216,625685,8,625685.0,sub-STSWD1216
4944,1.0,0.5542,2,2,1,1,1,1,1,True,sub-STSWD1216,628117,8,628117.0,sub-STSWD1216
4945,0.0,0.25095,1,1,2,1,1,1,1,True,sub-STSWD1216,632597,8,632597.0,sub-STSWD1216
4946,0.0,0.25896,1,1,2,1,1,1,1,True,sub-STSWD1216,637461,8,637461.0,sub-STSWD1216
4947,1.0,0.30174,1,1,1,1,1,1,1,True,sub-STSWD1216,644757,8,644757.0,sub-STSWD1216
4948,1.0,0.28664,1,1,2,1,1,1,1,True,sub-STSWD1216,647189,8,647189.0,sub-STSWD1216
4949,1.0,0.33253,1,1,2,1,1,1,1,True,sub-STSWD1216,649621,8,649621.0,sub-STSWD1216
4950,1.0,0.83247,3,4,1,1,1,1,1,True,sub-STSWD1216,654101,8,654101.0,sub-STSWD1216
4951,0.0,0.56537,3,4,1,1,1,1,1,True,sub-STSWD1216,656533,8,656533.0,sub-STSWD1216
4952,1.0,0.69635,3,4,1,1,1,1,1,True,sub-STSWD1216,658965,8,658965.0,sub-STSWD1216
4953,1.0,0.94533,4,4,2,1,1,1,1,True,sub-STSWD1216,661397,8,661397.0,sub-STSWD1216
4954,0.0,0.65425,2,4,2,1,1,1,1,True,sub-STSWD1216,663829,8,663829.0,sub-STSWD1216
4955,1.0,0.70518,2,4,1,1,1,1,1,True,sub-STSWD1216,666261,8,666261.0,sub-STSWD1216
4956,1.0,1.1031,1,4,1,1,1,1,1,True,sub-STSWD1216,668693,8,668693.0,sub-STSWD1216
4957,1.0,0.60703,1,4,1,1,1,1,1,True,sub-STSWD1216,671125,8,671125.0,sub-STSWD1216
4958,1.0,0.7139,1,3,1,1,1,1,1,True,sub-STSWD1216,675605,8,675605.0,sub-STSWD1216
4959,1.0,1.0278,3,3,1,1,1,1,1,True,sub-STSWD1216,678037,8,678037.0,sub-STSWD1216
4960,1.0,0.47373,1,3,2,1,1,1,1,True,sub-STSWD1216,680469,8,680469.0,sub-STSWD1216
4961,1.0,1.3086,4,3,2,1,1,1,1,True,sub-STSWD1216,682901,8,682901.0,sub-STSWD1216
4962,0.0,0.97663,4,3,1,1,1,1,1,True,sub-STSWD1216,685333,8,685333.0,sub-STSWD1216
4963,1.0,0.98354,4,3,2,1,1,1,1,True,sub-STSWD1216,687764,8,687764.0,sub-STSWD1216
4964,0.0,0.8005,3,3,1,1,1,1,1,True,sub-STSWD1216,690196,8,690196.0,sub-STSWD1216
4965,1.0,0.84944,3,3,1,1,1,1,1,True,sub-STSWD1216,692629,8,692629.0,sub-STSWD1216
4966,1.0,0.67205,1,4,1,1,1,1,1,True,sub-STSWD1216,727568,8,727568.0,sub-STSWD1216
4967,0.0,0.66405,2,4,1,1,1,1,1,True,sub-STSWD1216,730000,8,730000.0,sub-STSWD1216
4968,0.0,1.155,2,4,2,1,1,1,1,True,sub-STSWD1216,732432,8,732432.0,sub-STSWD1216
4969,0.0,0.79196,3,4,1,1,1,1,1,True,sub-STSWD1216,734864,8,734864.0,sub-STSWD1216
4970,0.0,0.80789,3,4,1,1,1,1,1,True,sub-STSWD1216,737296,8,737296.0,sub-STSWD1216
4971,1.0,1.2398,3,4,2,1,1,1,1,True,sub-STSWD1216,739728,8,739728.0,sub-STSWD1216
4972,1.0,0.43175,1,4,2,1,1,1,1,True,sub-STSWD1216,742160,8,742160.0,sub-STSWD1216
4973,1.0,0.92561,4,4,1,1,1,1,1,True,sub-STSWD1216,744592,8,744592.0,sub-STSWD1216
4974,1.0,0.57557,4,3,1,1,1,1,1,True,sub-STSWD1216,749072,8,749072.0,sub-STSWD1216
4975,1.0,0.59751,2,3,1,1,1,1,1,True,sub-STSWD1216,751504,8,751504.0,sub-STSWD1216
4976,1.0,1.0824,4,3,2,1,1,1,1,True,sub-STSWD1216,753936,8,753936.0,sub-STSWD1216
4977,0.0,0.89323,3,3,1,1,1,1,1,True,sub-STSWD1216,756368,8,756368.0,sub-STSWD1216
4978,1.0,0.76031,3,3,2,1,1,1,1,True,sub-STSWD1216,758800,8,758800.0,sub-STSWD1216
4979,1.0,0.7391,3,3,1,1,1,1,1,True,sub-STSWD1216,761232,8,761232.0,sub-STSWD1216
4980,0.0,0.76518,2,3,2,1,1,1,1,True,sub-STSWD1216,763664,8,763664.0,sub-STSWD1216
4981,1.0,0.67606,2,3,1,1,1,1,1,True,sub-STSWD1216,766096,8,766096.0,sub-STSWD1216
4982,0.0,0.29898,4,1,1,1,1,1,1,True,sub-STSWD1216,770576,8,770576.0,sub-STSWD1216
4983,0.0,0.32892,4,1,1,1,1,1,1,True,sub-STSWD1216,773008,8,773008.0,sub-STSWD1216
4984,1.0,0.31386,4,1,2,1,1,1,1,True,sub-STSWD1216,775440,8,775440.0,sub-STSWD1216
4985,1.0,0.27478,4,1,2,1,1,1,1,True,sub-STSWD1216,777872,8,777872.0,sub-STSWD1216
4986,1.0,0.27871,4,1,2,1,1,1,1,True,sub-STSWD1216,780303,8,780303.0,sub-STSWD1216
4987,1.0,0.32661,4,1,1,1,1,1,1,True,sub-STSWD1216,782736,8,782736.0,sub-STSWD1216
4988,1.0,0.27958,4,1,2,1,1,1,1,True,sub-STSWD1216,785168,8,785168.0,sub-STSWD1216
4989,1.0,0.29053,4,1,2,1,1,1,1,True,sub-STSWD1216,787600,8,787600.0,sub-STSWD1216
4990,1.0,0.61935,1,2,2,1,1,1,1,True,sub-STSWD1216,792079,8,792079.0,sub-STSWD1216
4991,1.0,0.49821,1,2,2,1,1,1,1,True,sub-STSWD1216,794512,8,794512.0,sub-STSWD1216
4992,1.0,0.75626,2,2,1,1,1,1,1,True,sub-STSWD1216,796943,8,796943.0,sub-STSWD1216
4993,0.0,0.76804,2,2,2,1,1,1,1,True,sub-STSWD1216,799375,8,799375.0,sub-STSWD1216
4994,1.0,0.36709,1,2,2,1,1,1,1,True,sub-STSWD1216,801807,8,801807.0,sub-STSWD1216
4995,0.0,0.57102,2,2,2,1,1,1,1,True,sub-STSWD1216,804239,8,804239.0,sub-STSWD1216
4996,0.0,0.277,2,2,2,1,1,1,1,True,sub-STSWD1216,806671,8,806671.0,sub-STSWD1216
4997,1.0,0.35794,1,2,1,1,1,1,1,True,sub-STSWD1216,809103,8,809103.0,sub-STSWD1216
4998,0.0,0.36767,2,1,2,1,1,1,1,True,sub-STSWD1216,816015,8,816015.0,sub-STSWD1216
4999,0.0,0.28067,2,1,2,1,1,1,1,True,sub-STSWD1216,818447,8,818447.0,sub-STSWD1216
5000,0.0,0.27256,2,1,2,1,1,1,1,True,sub-STSWD1216,820879,8,820879.0,sub-STSWD1216
5001,0.0,0.27455,2,1,1,1,1,1,1,True,sub-STSWD1216,823311,8,823311.0,sub-STSWD1216
5002,0.0,0.27643,2,1,2,1,1,1,1,True,sub-STSWD1216,825743,8,825743.0,sub-STSWD1216
5003,0.0,0.40129,2,1,1,1,1,1,1,True,sub-STSWD1216,828175,8,828175.0,sub-STSWD1216
5004,1.0,0.30329,2,1,1,1,1,1,1,True,sub-STSWD1216,830607,8,830607.0,sub-STSWD1216
5005,1.0,0.27012,1,2,1,1,1,1,1,True,sub-STSWD1216,835087,8,835087.0,sub-STSWD1216
5006,0.0,0.67416,2,2,1,1,1,1,1,True,sub-STSWD1216,837519,8,837519.0,sub-STSWD1216
5007,1.0,0.47338,2,2,2,1,1,1,1,True,sub-STSWD1216,839951,8,839951.0,sub-STSWD1216
5008,1.0,0.61902,2,2,1,1,1,1,1,True,sub-STSWD1216,842383,8,842383.0,sub-STSWD1216
5009,1.0,0.53526,1,2,1,1,1,1,1,True,sub-STSWD1216,844815,8,844815.0,sub-STSWD1216
5010,1.0,0.47489,2,2,1,1,1,1,1,True,sub-STSWD1216,847247,8,847247.0,sub-STSWD1216
5011,1.0,0.47174,1,2,2,1,1,1,1,True,sub-STSWD1216,849679,8,849679.0,sub-STSWD1216
5012,1.0,0.29476,1,2,1,1,1,1,1,True,sub-STSWD1216,852111,8,852111.0,sub-STSWD1216
5013,0.0,1.0456,1,3,2,1,1,1,1,True,sub-STSWD1216,856591,8,856591.0,sub-STSWD1216
5014,1.0,0.58457,1,3,2,1,1,1,1,True,sub-STSWD1216,859023,8,859023.0,sub-STSWD1216
5015,1.0,0.59084,2,3,1,1,1,1,1,True,sub-STSWD1216,861455,8,861455.0,sub-STSWD1216
5016,1.0,0.81173,4,3,2,1,1,1,1,True,sub-STSWD1216,863887,8,863887.0,sub-STSWD1216
5017,1.0,0.51433,1,3,1,1,1,1,1,True,sub-STSWD1216,866319,8,866319.0,sub-STSWD1216
5018,1.0,0.39461,1,3,2,1,1,1,1,True,sub-STSWD1216,868751,8,868751.0,sub-STSWD1216
5019,0.0,0.69153,2,3,2,1,1,1,1,True,sub-STSWD1216,871183,8,871183.0,sub-STSWD1216
5020,1.0,1.3115,4,3,1,1,1,1,1,True,sub-STSWD1216,873615,8,873615.0,sub-STSWD1216
5021,1.0,0.66795,4,4,2,1,1,1,1,True,sub-STSWD1216,878095,8,878095.0,sub-STSWD1216
5022,0.0,0.71899,4,4,1,1,1,1,1,True,sub-STSWD1216,880527,8,880527.0,sub-STSWD1216
5023,0.0,1.2149,4,4,1,1,1,1,1,True,sub-STSWD1216,882959,8,882959.0,sub-STSWD1216
5024,1.0,0.6132,1,4,1,1,1,1,1,True,sub-STSWD1216,885391,8,885391.0,sub-STSWD1216
5025,0.0,0.77107,2,4,2,1,1,1,1,True,sub-STSWD1216,887823,8,887823.0,sub-STSWD1216
5026,1.0,0.60701,2,4,1,1,1,1,1,True,sub-STSWD1216,890255,8,890255.0,sub-STSWD1216
5027,1.0,0.43494,1,4,2,1,1,1,1,True,sub-STSWD1216,892687,8,892687.0,sub-STSWD1216
5028,1.0,0.85887,3,4,2,1,1,1,1,True,sub-STSWD1216,895119,8,895119.0,sub-STSWD1216
5029,0.0,0.61904,2,1,1,1,1,1,1,True,sub-STSWD1219,9772,8,9772.0,sub-STSWD1219
5030,1.0,0.71689,2,1,2,1,1,1,1,True,sub-STSWD1219,12204,8,12204.0,sub-STSWD1219
5031,0.0,0.51582,2,1,1,1,1,1,1,True,sub-STSWD1219,14636,8,14636.0,sub-STSWD1219
5032,0.0,0.53476,2,1,2,1,1,1,1,True,sub-STSWD1219,17067,8,17067.0,sub-STSWD1219
5033,1.0,0.81768,2,1,2,1,1,1,1,True,sub-STSWD1219,19499,8,19499.0,sub-STSWD1219
5034,1.0,0.60562,2,1,2,1,1,1,1,True,sub-STSWD1219,21931,8,21931.0,sub-STSWD1219
5035,1.0,0.5796,2,1,1,1,1,1,1,True,sub-STSWD1219,24363,8,24363.0,sub-STSWD1219
5036,1.0,0.44652,2,1,2,1,1,1,1,True,sub-STSWD1219,26795,8,26795.0,sub-STSWD1219
5037,0.0,1.0144,2,3,1,1,1,1,1,True,sub-STSWD1219,31275,8,31275.0,sub-STSWD1219
5038,1.0,0.9283,2,3,1,1,1,1,1,True,sub-STSWD1219,33707,8,33707.0,sub-STSWD1219
5039,1.0,1.3932,2,3,2,1,1,1,1,True,sub-STSWD1219,36139,8,36139.0,sub-STSWD1219
5040,0.0,1.0792,2,3,2,1,1,1,1,True,sub-STSWD1219,38571,8,38571.0,sub-STSWD1219
5041,1.0,0.66744,3,3,1,1,1,1,1,True,sub-STSWD1219,41003,8,41003.0,sub-STSWD1219
5042,1.0,0.71203,2,3,1,1,1,1,1,True,sub-STSWD1219,43435,8,43435.0,sub-STSWD1219
5043,0.0,0.69495,3,3,2,1,1,1,1,True,sub-STSWD1219,45867,8,45867.0,sub-STSWD1219
5044,1.0,1.2412,1,3,2,1,1,1,1,True,sub-STSWD1219,48299,8,48299.0,sub-STSWD1219
5045,1.0,0.78081,2,4,1,1,1,1,1,True,sub-STSWD1219,52779,8,52779.0,sub-STSWD1219
5046,1.0,0.93362,4,4,2,1,1,1,1,True,sub-STSWD1219,57643,8,57643.0,sub-STSWD1219
5047,1.0,0.84461,2,4,1,1,1,1,1,True,sub-STSWD1219,60075,8,60075.0,sub-STSWD1219
5048,0.0,1.0705,1,4,1,1,1,1,1,True,sub-STSWD1219,62507,8,62507.0,sub-STSWD1219
5049,1.0,1.1265,3,4,2,1,1,1,1,True,sub-STSWD1219,64939,8,64939.0,sub-STSWD1219
5050,1.0,0.81837,1,4,2,1,1,1,1,True,sub-STSWD1219,67371,8,67371.0,sub-STSWD1219
5051,1.0,0.7223,1,4,2,1,1,1,1,True,sub-STSWD1219,69803,8,69803.0,sub-STSWD1219
5052,1.0,0.81724,1,2,2,1,1,1,1,True,sub-STSWD1219,74282,8,74282.0,sub-STSWD1219
5053,1.0,1.0361,1,2,1,1,1,1,1,True,sub-STSWD1219,76714,8,76714.0,sub-STSWD1219
5054,1.0,0.63097,3,2,1,1,1,1,1,True,sub-STSWD1219,79146,8,79146.0,sub-STSWD1219
5055,0.0,0.65603,1,2,2,1,1,1,1,True,sub-STSWD1219,81578,8,81578.0,sub-STSWD1219
5056,1.0,0.46774,3,2,2,1,1,1,1,True,sub-STSWD1219,84010,8,84010.0,sub-STSWD1219
5057,0.0,0.97088,3,2,2,1,1,1,1,True,sub-STSWD1219,86442,8,86442.0,sub-STSWD1219
5058,1.0,0.68283,3,2,1,1,1,1,1,True,sub-STSWD1219,88874,8,88874.0,sub-STSWD1219
5059,1.0,0.64973,1,2,1,1,1,1,1,True,sub-STSWD1219,91306,8,91306.0,sub-STSWD1219
5060,0.0,0.4436,4,1,1,1,1,1,1,True,sub-STSWD1219,95786,8,95786.0,sub-STSWD1219
5061,1.0,0.44458,4,1,1,1,1,1,1,True,sub-STSWD1219,98218,8,98218.0,sub-STSWD1219
5062,1.0,0.46149,4,1,1,1,1,1,1,True,sub-STSWD1219,100650,8,100650.0,sub-STSWD1219
5063,0.0,0.3374,4,1,1,1,1,1,1,True,sub-STSWD1219,103082,8,103082.0,sub-STSWD1219
5064,1.0,0.37733,4,1,2,1,1,1,1,True,sub-STSWD1219,105514,8,105514.0,sub-STSWD1219
5065,1.0,0.34131,4,1,1,1,1,1,1,True,sub-STSWD1219,107946,8,107946.0,sub-STSWD1219
5066,1.0,0.33529,4,1,2,1,1,1,1,True,sub-STSWD1219,110378,8,110378.0,sub-STSWD1219
5067,0.0,0.3951,4,1,2,1,1,1,1,True,sub-STSWD1219,112810,8,112810.0,sub-STSWD1219
5068,0.0,0.67808,3,4,1,1,1,1,1,True,sub-STSWD1219,117290,8,117290.0,sub-STSWD1219
5069,0.0,0.81698,3,4,1,1,1,1,1,True,sub-STSWD1219,119722,8,119722.0,sub-STSWD1219
5070,0.0,1.0539,3,4,2,1,1,1,1,True,sub-STSWD1219,122154,8,122154.0,sub-STSWD1219
5071,0.0,0.97684,4,4,2,1,1,1,1,True,sub-STSWD1219,124586,8,124586.0,sub-STSWD1219
5072,1.0,0.78378,4,4,1,1,1,1,1,True,sub-STSWD1219,127018,8,127018.0,sub-STSWD1219
5073,1.0,0.83067,1,4,2,1,1,1,1,True,sub-STSWD1219,129450,8,129450.0,sub-STSWD1219
5074,0.0,1.0786,2,4,1,1,1,1,1,True,sub-STSWD1219,131882,8,131882.0,sub-STSWD1219
5075,0.0,0.91958,2,4,2,1,1,1,1,True,sub-STSWD1219,134314,8,134314.0,sub-STSWD1219
5076,1.0,0.63642,2,2,1,1,1,1,1,True,sub-STSWD1219,138794,8,138794.0,sub-STSWD1219
5077,1.0,0.52627,4,2,2,1,1,1,1,True,sub-STSWD1219,141226,8,141226.0,sub-STSWD1219
5078,1.0,0.56733,4,2,2,1,1,1,1,True,sub-STSWD1219,143658,8,143658.0,sub-STSWD1219
5079,1.0,0.82526,2,2,1,1,1,1,1,True,sub-STSWD1219,146090,8,146090.0,sub-STSWD1219
5080,1.0,0.7512,4,2,2,1,1,1,1,True,sub-STSWD1219,148522,8,148522.0,sub-STSWD1219
5081,1.0,0.51809,4,2,2,1,1,1,1,True,sub-STSWD1219,150954,8,150954.0,sub-STSWD1219
5082,1.0,0.38302,2,2,1,1,1,1,1,True,sub-STSWD1219,153386,8,153386.0,sub-STSWD1219
5083,1.0,0.886,2,2,2,1,1,1,1,True,sub-STSWD1219,155818,8,155818.0,sub-STSWD1219
5084,1.0,0.68483,1,3,1,1,1,1,1,True,sub-STSWD1219,160297,8,160297.0,sub-STSWD1219
5085,1.0,0.60682,1,3,2,1,1,1,1,True,sub-STSWD1219,162729,8,162729.0,sub-STSWD1219
5086,1.0,0.85473,4,3,1,1,1,1,1,True,sub-STSWD1219,165161,8,165161.0,sub-STSWD1219
5087,1.0,0.62762,4,3,2,1,1,1,1,True,sub-STSWD1219,167593,8,167593.0,sub-STSWD1219
5088,1.0,0.6776,2,3,1,1,1,1,1,True,sub-STSWD1219,170025,8,170025.0,sub-STSWD1219
5089,0.0,1.0305,1,3,2,1,1,1,1,True,sub-STSWD1219,172457,8,172457.0,sub-STSWD1219
5090,1.0,0.83533,1,3,2,1,1,1,1,True,sub-STSWD1219,174889,8,174889.0,sub-STSWD1219
5091,1.0,0.98741,1,3,1,1,1,1,1,True,sub-STSWD1219,177321,8,177321.0,sub-STSWD1219
5092,1.0,0.62253,4,4,2,1,1,1,1,True,sub-STSWD1219,207951,8,207951.0,sub-STSWD1219
5093,0.0,0.71947,2,4,2,1,1,1,1,True,sub-STSWD1219,210383,8,210383.0,sub-STSWD1219
5094,0.0,0.68033,1,4,1,1,1,1,1,True,sub-STSWD1219,212815,8,212815.0,sub-STSWD1219
5095,1.0,1.2564,3,4,2,1,1,1,1,True,sub-STSWD1219,215247,8,215247.0,sub-STSWD1219
5096,1.0,0.75126,3,4,2,1,1,1,1,True,sub-STSWD1219,217679,8,217679.0,sub-STSWD1219
5097,1.0,0.7672,3,4,1,1,1,1,1,True,sub-STSWD1219,220111,8,220111.0,sub-STSWD1219
5098,0.0,0.69909,1,4,1,1,1,1,1,True,sub-STSWD1219,222543,8,222543.0,sub-STSWD1219
5099,1.0,0.71906,2,4,1,1,1,1,1,True,sub-STSWD1219,224975,8,224975.0,sub-STSWD1219
5100,1.0,0.32006,3,1,2,1,1,1,1,True,sub-STSWD1219,229455,8,229455.0,sub-STSWD1219
5101,1.0,0.25891,3,1,2,1,1,1,1,True,sub-STSWD1219,231887,8,231887.0,sub-STSWD1219
5102,1.0,0.28286,3,1,1,1,1,1,1,True,sub-STSWD1219,234319,8,234319.0,sub-STSWD1219
5103,1.0,0.36175,3,1,1,1,1,1,1,True,sub-STSWD1219,236751,8,236751.0,sub-STSWD1219
5104,1.0,0.26872,3,1,2,1,1,1,1,True,sub-STSWD1219,239183,8,239183.0,sub-STSWD1219
5105,1.0,0.31266,3,1,2,1,1,1,1,True,sub-STSWD1219,241615,8,241615.0,sub-STSWD1219
5106,1.0,0.2986,3,1,1,1,1,1,1,True,sub-STSWD1219,244047,8,244047.0,sub-STSWD1219
5107,1.0,0.29249,3,1,1,1,1,1,1,True,sub-STSWD1219,246479,8,246479.0,sub-STSWD1219
5108,1.0,0.65333,1,2,1,1,1,1,1,True,sub-STSWD1219,250959,8,250959.0,sub-STSWD1219
5109,1.0,0.59329,1,2,1,1,1,1,1,True,sub-STSWD1219,253391,8,253391.0,sub-STSWD1219
5110,0.0,1.0183,4,2,1,1,1,1,1,True,sub-STSWD1219,255823,8,255823.0,sub-STSWD1219
5111,1.0,0.57019,4,2,2,1,1,1,1,True,sub-STSWD1219,258255,8,258255.0,sub-STSWD1219
5112,1.0,0.57109,1,2,1,1,1,1,1,True,sub-STSWD1219,260687,8,260687.0,sub-STSWD1219
5113,1.0,0.52103,4,2,1,1,1,1,1,True,sub-STSWD1219,263119,8,263119.0,sub-STSWD1219
5114,1.0,0.86595,4,2,1,1,1,1,1,True,sub-STSWD1219,265551,8,265551.0,sub-STSWD1219
5115,1.0,0.37884,1,2,2,1,1,1,1,True,sub-STSWD1219,267983,8,267983.0,sub-STSWD1219
5116,1.0,0.83372,2,3,2,1,1,1,1,True,sub-STSWD1219,272463,8,272463.0,sub-STSWD1219
5117,1.0,0.64274,2,3,1,1,1,1,1,True,sub-STSWD1219,274894,8,274894.0,sub-STSWD1219
5118,0.0,0.80676,2,3,2,1,1,1,1,True,sub-STSWD1219,277326,8,277326.0,sub-STSWD1219
5119,0.0,0.64457,1,3,1,1,1,1,1,True,sub-STSWD1219,279758,8,279758.0,sub-STSWD1219
5120,1.0,0.8285,3,3,1,1,1,1,1,True,sub-STSWD1219,282190,8,282190.0,sub-STSWD1219
5121,1.0,1.0574,1,3,1,1,1,1,1,True,sub-STSWD1219,284622,8,284622.0,sub-STSWD1219
5122,0.0,0.71038,1,3,1,1,1,1,1,True,sub-STSWD1219,287054,8,287054.0,sub-STSWD1219
5123,0.0,0.8993,3,3,2,1,1,1,1,True,sub-STSWD1219,289486,8,289486.0,sub-STSWD1219
5124,0.0,0.90218,3,2,2,1,1,1,1,True,sub-STSWD1219,293966,8,293966.0,sub-STSWD1219
5125,,,4,2,2,1,1,1,1,True,sub-STSWD1219,296398,8,,sub-STSWD1219
5126,1.0,0.95709,3,2,2,1,1,1,1,True,sub-STSWD1219,298830,8,298830.0,sub-STSWD1219
5127,0.0,0.94097,4,2,1,1,1,1,1,True,sub-STSWD1219,301262,8,301262.0,sub-STSWD1219
5128,1.0,0.57492,4,2,2,1,1,1,1,True,sub-STSWD1219,303694,8,303694.0,sub-STSWD1219
5129,0.0,1.0498,3,2,1,1,1,1,1,True,sub-STSWD1219,306126,8,306126.0,sub-STSWD1219
5130,1.0,0.68982,3,2,2,1,1,1,1,True,sub-STSWD1219,308558,8,308558.0,sub-STSWD1219
5131,1.0,0.61576,3,2,1,1,1,1,1,True,sub-STSWD1219,310990,8,310990.0,sub-STSWD1219
5132,1.0,1.0896,4,3,2,1,1,1,1,True,sub-STSWD1219,315470,8,315470.0,sub-STSWD1219
5133,1.0,0.88957,3,3,2,1,1,1,1,True,sub-STSWD1219,317902,8,317902.0,sub-STSWD1219
5134,1.0,0.83446,3,3,1,1,1,1,1,True,sub-STSWD1219,320334,8,320334.0,sub-STSWD1219
5135,1.0,1.0534,3,3,2,1,1,1,1,True,sub-STSWD1219,322766,8,322766.0,sub-STSWD1219
5136,0.0,0.64828,3,3,1,1,1,1,1,True,sub-STSWD1219,325198,8,325198.0,sub-STSWD1219
5137,0.0,1.0732,2,3,2,1,1,1,1,True,sub-STSWD1219,327630,8,327630.0,sub-STSWD1219
5138,1.0,1.0281,4,3,2,1,1,1,1,True,sub-STSWD1219,330062,8,330062.0,sub-STSWD1219
5139,1.0,0.67617,3,3,1,1,1,1,1,True,sub-STSWD1219,332494,8,332494.0,sub-STSWD1219
5140,0.0,0.73404,3,4,2,1,1,1,1,True,sub-STSWD1219,336974,8,336974.0,sub-STSWD1219
5141,0.0,0.96199,1,4,1,1,1,1,1,True,sub-STSWD1219,339406,8,339406.0,sub-STSWD1219
5142,0.0,0.97891,1,4,2,1,1,1,1,True,sub-STSWD1219,341838,8,341838.0,sub-STSWD1219
5143,1.0,0.86785,4,4,1,1,1,1,1,True,sub-STSWD1219,344270,8,344270.0,sub-STSWD1219
5144,1.0,0.91277,4,4,2,1,1,1,1,True,sub-STSWD1219,346702,8,346702.0,sub-STSWD1219
5145,1.0,1.1137,4,4,2,1,1,1,1,True,sub-STSWD1219,349134,8,349134.0,sub-STSWD1219
5146,1.0,0.75161,2,4,1,1,1,1,1,True,sub-STSWD1219,351566,8,351566.0,sub-STSWD1219
5147,1.0,0.78659,2,4,1,1,1,1,1,True,sub-STSWD1219,353998,8,353998.0,sub-STSWD1219
5148,1.0,0.41348,1,1,1,1,1,1,1,True,sub-STSWD1219,358478,8,358478.0,sub-STSWD1219
5149,1.0,0.30244,1,1,1,1,1,1,1,True,sub-STSWD1219,360910,8,360910.0,sub-STSWD1219
5150,1.0,0.39137,1,1,1,1,1,1,1,True,sub-STSWD1219,363342,8,363342.0,sub-STSWD1219
5151,1.0,0.46125,1,1,2,1,1,1,1,True,sub-STSWD1219,365774,8,365774.0,sub-STSWD1219
5152,1.0,0.49324,1,1,2,1,1,1,1,True,sub-STSWD1219,368206,8,368206.0,sub-STSWD1219
5153,1.0,0.52813,1,1,2,1,1,1,1,True,sub-STSWD1219,370637,8,370637.0,sub-STSWD1219
5154,1.0,0.327,1,1,2,1,1,1,1,True,sub-STSWD1219,373070,8,373070.0,sub-STSWD1219
5155,1.0,0.596,1,1,2,1,1,1,1,True,sub-STSWD1219,375502,8,375502.0,sub-STSWD1219
5156,1.0,0.58826,2,2,1,1,1,1,1,True,sub-STSWD1219,413624,8,413624.0,sub-STSWD1219
5157,1.0,0.72219,3,2,1,1,1,1,1,True,sub-STSWD1219,416056,8,416056.0,sub-STSWD1219
5158,1.0,0.46313,3,2,2,1,1,1,1,True,sub-STSWD1219,418488,8,418488.0,sub-STSWD1219
5159,1.0,0.58898,2,2,1,1,1,1,1,True,sub-STSWD1219,420919,8,420919.0,sub-STSWD1219
5160,1.0,0.47203,3,2,2,1,1,1,1,True,sub-STSWD1219,423351,8,423351.0,sub-STSWD1219
5161,1.0,0.50991,3,2,2,1,1,1,1,True,sub-STSWD1219,425784,8,425784.0,sub-STSWD1219
5162,1.0,0.61185,2,2,2,1,1,1,1,True,sub-STSWD1219,428215,8,428215.0,sub-STSWD1219
5163,1.0,0.91679,2,2,2,1,1,1,1,True,sub-STSWD1219,430647,8,430647.0,sub-STSWD1219
5164,1.0,0.91067,2,3,2,1,1,1,1,True,sub-STSWD1219,435127,8,435127.0,sub-STSWD1219
5165,1.0,0.55964,2,3,2,1,1,1,1,True,sub-STSWD1219,437559,8,437559.0,sub-STSWD1219
5166,1.0,0.84054,4,3,2,1,1,1,1,True,sub-STSWD1219,439991,8,439991.0,sub-STSWD1219
5167,1.0,0.59347,1,3,2,1,1,1,1,True,sub-STSWD1219,442423,8,442423.0,sub-STSWD1219
5168,1.0,0.64941,4,3,2,1,1,1,1,True,sub-STSWD1219,444855,8,444855.0,sub-STSWD1219
5169,1.0,1.2873,1,3,1,1,1,1,1,True,sub-STSWD1219,447287,8,447287.0,sub-STSWD1219
5170,1.0,0.58417,1,3,2,1,1,1,1,True,sub-STSWD1219,449719,8,449719.0,sub-STSWD1219
5171,1.0,0.40018,2,3,1,1,1,1,1,True,sub-STSWD1219,452151,8,452151.0,sub-STSWD1219
5172,1.0,0.41915,2,1,1,1,1,1,1,True,sub-STSWD1219,456631,8,456631.0,sub-STSWD1219
5173,1.0,0.30505,2,1,2,1,1,1,1,True,sub-STSWD1219,459063,8,459063.0,sub-STSWD1219
5174,1.0,0.27301,2,1,1,1,1,1,1,True,sub-STSWD1219,461495,8,461495.0,sub-STSWD1219
5175,1.0,0.30392,2,1,1,1,1,1,1,True,sub-STSWD1219,463927,8,463927.0,sub-STSWD1219
5176,1.0,0.2859,2,1,2,1,1,1,1,True,sub-STSWD1219,466359,8,466359.0,sub-STSWD1219
5177,1.0,0.39383,2,1,1,1,1,1,1,True,sub-STSWD1219,468791,8,468791.0,sub-STSWD1219
5178,0.0,0.30973,2,1,1,1,1,1,1,True,sub-STSWD1219,471223,8,471223.0,sub-STSWD1219
5179,1.0,0.28769,2,1,2,1,1,1,1,True,sub-STSWD1219,473655,8,473655.0,sub-STSWD1219
5180,1.0,0.77153,4,4,1,1,1,1,1,True,sub-STSWD1219,478135,8,478135.0,sub-STSWD1219
5181,1.0,0.79447,4,4,2,1,1,1,1,True,sub-STSWD1219,480567,8,480567.0,sub-STSWD1219
5182,0.0,1.0604,2,4,2,1,1,1,1,True,sub-STSWD1219,482999,8,482999.0,sub-STSWD1219
5183,1.0,0.71533,1,4,2,1,1,1,1,True,sub-STSWD1219,485431,8,485431.0,sub-STSWD1219
5184,1.0,0.78426,2,4,1,1,1,1,1,True,sub-STSWD1219,487863,8,487863.0,sub-STSWD1219
5185,1.0,0.8012,2,4,2,1,1,1,1,True,sub-STSWD1219,490295,8,490295.0,sub-STSWD1219
5186,0.0,0.60813,3,4,1,1,1,1,1,True,sub-STSWD1219,492727,8,492727.0,sub-STSWD1219
5187,1.0,0.66706,1,4,1,1,1,1,1,True,sub-STSWD1219,495159,8,495159.0,sub-STSWD1219
5188,1.0,0.42798,1,2,2,1,1,1,1,True,sub-STSWD1219,499639,8,499639.0,sub-STSWD1219
5189,1.0,0.59588,2,2,2,1,1,1,1,True,sub-STSWD1219,502071,8,502071.0,sub-STSWD1219
5190,1.0,0.47376,1,2,2,1,1,1,1,True,sub-STSWD1219,504503,8,504503.0,sub-STSWD1219
5191,1.0,0.54975,1,2,1,1,1,1,1,True,sub-STSWD1219,506935,8,506935.0,sub-STSWD1219
5192,1.0,0.36464,2,2,1,1,1,1,1,True,sub-STSWD1219,509367,8,509367.0,sub-STSWD1219
5193,1.0,0.38662,2,2,2,1,1,1,1,True,sub-STSWD1219,511799,8,511799.0,sub-STSWD1219
5194,1.0,0.34968,1,2,2,1,1,1,1,True,sub-STSWD1219,514231,8,514231.0,sub-STSWD1219
5195,1.0,0.82143,1,2,1,1,1,1,1,True,sub-STSWD1219,516663,8,516663.0,sub-STSWD1219
5196,1.0,0.33737,1,1,1,1,1,1,1,True,sub-STSWD1219,521143,8,521143.0,sub-STSWD1219
5197,1.0,0.3143,1,1,2,1,1,1,1,True,sub-STSWD1219,523575,8,523575.0,sub-STSWD1219
5198,1.0,0.26527,1,1,1,1,1,1,1,True,sub-STSWD1219,526007,8,526007.0,sub-STSWD1219
5199,1.0,0.28218,1,1,1,1,1,1,1,True,sub-STSWD1219,528439,8,528439.0,sub-STSWD1219
5200,1.0,0.3281,1,1,1,1,1,1,1,True,sub-STSWD1219,530871,8,530871.0,sub-STSWD1219
5201,1.0,0.31403,1,1,2,1,1,1,1,True,sub-STSWD1219,533303,8,533303.0,sub-STSWD1219
5202,1.0,0.27897,1,1,1,1,1,1,1,True,sub-STSWD1219,535735,8,535735.0,sub-STSWD1219
5203,1.0,0.2879,1,1,2,1,1,1,1,True,sub-STSWD1219,538167,8,538167.0,sub-STSWD1219
5204,0.0,1.3688,1,4,1,1,1,1,1,True,sub-STSWD1219,542647,8,542647.0,sub-STSWD1219
5205,1.0,0.7167,1,4,2,1,1,1,1,True,sub-STSWD1219,545079,8,545079.0,sub-STSWD1219
5206,1.0,0.93346,4,4,1,1,1,1,1,True,sub-STSWD1219,547511,8,547511.0,sub-STSWD1219
5207,1.0,0.87657,4,4,2,1,1,1,1,True,sub-STSWD1219,549943,8,549943.0,sub-STSWD1219
5208,1.0,0.81451,2,4,2,1,1,1,1,True,sub-STSWD1219,552375,8,552375.0,sub-STSWD1219
5209,1.0,0.53255,3,4,2,1,1,1,1,True,sub-STSWD1219,554807,8,554807.0,sub-STSWD1219
5210,0.0,1.1693,3,4,2,1,1,1,1,True,sub-STSWD1219,557239,8,557239.0,sub-STSWD1219
5211,1.0,0.64724,3,4,1,1,1,1,1,True,sub-STSWD1219,559671,8,559671.0,sub-STSWD1219
5212,0.0,0.83719,4,3,1,1,1,1,1,True,sub-STSWD1219,564151,8,564151.0,sub-STSWD1219
5213,1.0,1.2791,4,3,2,1,1,1,1,True,sub-STSWD1219,566582,8,566582.0,sub-STSWD1219
5214,1.0,0.86902,4,3,2,1,1,1,1,True,sub-STSWD1219,569014,8,569014.0,sub-STSWD1219
5215,1.0,0.9899,3,3,2,1,1,1,1,True,sub-STSWD1219,571446,8,571446.0,sub-STSWD1219
5216,0.0,0.77277,1,3,2,1,1,1,1,True,sub-STSWD1219,573878,8,573878.0,sub-STSWD1219
5217,0.0,0.49081,1,3,2,1,1,1,1,True,sub-STSWD1219,576310,8,576310.0,sub-STSWD1219
5218,1.0,0.69979,4,3,1,1,1,1,1,True,sub-STSWD1219,578742,8,578742.0,sub-STSWD1219
5219,0.0,0.57476,4,3,1,1,1,1,1,True,sub-STSWD1219,581174,8,581174.0,sub-STSWD1219
5220,1.0,0.25662,4,1,2,1,1,1,1,True,sub-STSWD1219,617423,8,617423.0,sub-STSWD1219
5221,1.0,0.25268,4,1,2,1,1,1,1,True,sub-STSWD1219,619855,8,619855.0,sub-STSWD1219
5222,1.0,0.25454,4,1,2,1,1,1,1,True,sub-STSWD1219,624719,8,624719.0,sub-STSWD1219
5223,1.0,0.41846,4,1,1,1,1,1,1,True,sub-STSWD1219,627151,8,627151.0,sub-STSWD1219
5224,0.0,0.30641,4,1,1,1,1,1,1,True,sub-STSWD1219,629583,8,629583.0,sub-STSWD1219
5225,1.0,0.5683,4,1,2,1,1,1,1,True,sub-STSWD1219,632015,8,632015.0,sub-STSWD1219
5226,1.0,0.26715,4,1,2,1,1,1,1,True,sub-STSWD1219,634447,8,634447.0,sub-STSWD1219
5227,1.0,0.83311,3,3,1,1,1,1,1,True,sub-STSWD1219,638927,8,638927.0,sub-STSWD1219
5228,1.0,0.90704,1,3,1,1,1,1,1,True,sub-STSWD1219,641359,8,641359.0,sub-STSWD1219
5229,1.0,0.64798,4,3,1,1,1,1,1,True,sub-STSWD1219,643791,8,643791.0,sub-STSWD1219
5230,1.0,0.91291,1,3,1,1,1,1,1,True,sub-STSWD1219,646223,8,646223.0,sub-STSWD1219
5231,1.0,0.66086,3,3,2,1,1,1,1,True,sub-STSWD1219,648655,8,648655.0,sub-STSWD1219
5232,0.0,0.47378,3,3,1,1,1,1,1,True,sub-STSWD1219,651087,8,651087.0,sub-STSWD1219
5233,0.0,0.98771,4,3,2,1,1,1,1,True,sub-STSWD1219,653519,8,653519.0,sub-STSWD1219
5234,1.0,0.73561,4,3,1,1,1,1,1,True,sub-STSWD1219,655951,8,655951.0,sub-STSWD1219
5235,1.0,0.43358,1,2,2,1,1,1,1,True,sub-STSWD1219,660431,8,660431.0,sub-STSWD1219
5236,1.0,0.50946,2,2,1,1,1,1,1,True,sub-STSWD1219,662863,8,662863.0,sub-STSWD1219
5237,1.0,0.37344,2,2,2,1,1,1,1,True,sub-STSWD1219,665295,8,665295.0,sub-STSWD1219
5238,1.0,0.53536,2,2,2,1,1,1,1,True,sub-STSWD1219,667727,8,667727.0,sub-STSWD1219
5239,1.0,0.41031,2,2,1,1,1,1,1,True,sub-STSWD1219,670159,8,670159.0,sub-STSWD1219
5240,0.0,0.72319,1,2,2,1,1,1,1,True,sub-STSWD1219,672591,8,672591.0,sub-STSWD1219
5241,1.0,0.35614,2,2,2,1,1,1,1,True,sub-STSWD1219,675023,8,675023.0,sub-STSWD1219
5242,1.0,0.93306,1,2,1,1,1,1,1,True,sub-STSWD1219,677455,8,677455.0,sub-STSWD1219
5243,1.0,0.76794,2,4,2,1,1,1,1,True,sub-STSWD1219,681935,8,681935.0,sub-STSWD1219
5244,0.0,0.78787,2,4,1,1,1,1,1,True,sub-STSWD1219,684367,8,684367.0,sub-STSWD1219
5245,1.0,0.64082,2,4,2,1,1,1,1,True,sub-STSWD1219,686799,8,686799.0,sub-STSWD1219
5246,1.0,0.81068,4,4,1,1,1,1,1,True,sub-STSWD1219,689230,8,689230.0,sub-STSWD1219
5247,1.0,0.60372,3,4,1,1,1,1,1,True,sub-STSWD1219,691663,8,691663.0,sub-STSWD1219
5248,1.0,0.56165,3,4,2,1,1,1,1,True,sub-STSWD1219,694094,8,694094.0,sub-STSWD1219
5249,1.0,0.90454,3,4,1,1,1,1,1,True,sub-STSWD1219,696527,8,696527.0,sub-STSWD1219
5250,0.0,0.63352,1,4,1,1,1,1,1,True,sub-STSWD1219,698958,8,698958.0,sub-STSWD1219
5251,1.0,0.26026,3,1,2,1,1,1,1,True,sub-STSWD1219,705870,8,705870.0,sub-STSWD1219
5252,1.0,0.2811,3,1,1,1,1,1,1,True,sub-STSWD1219,713166,8,713166.0,sub-STSWD1219
5253,1.0,0.29604,3,1,2,1,1,1,1,True,sub-STSWD1219,715598,8,715598.0,sub-STSWD1219
5254,1.0,0.44097,3,1,1,1,1,1,1,True,sub-STSWD1219,718030,8,718030.0,sub-STSWD1219
5255,1.0,0.2839,3,1,2,1,1,1,1,True,sub-STSWD1219,720462,8,720462.0,sub-STSWD1219
5256,1.0,0.76878,3,2,1,1,1,1,1,True,sub-STSWD1219,724942,8,724942.0,sub-STSWD1219
5257,1.0,0.46771,4,2,1,1,1,1,1,True,sub-STSWD1219,727374,8,727374.0,sub-STSWD1219
5258,1.0,0.67698,4,2,2,1,1,1,1,True,sub-STSWD1219,729806,8,729806.0,sub-STSWD1219
5259,1.0,0.34058,4,2,1,1,1,1,1,True,sub-STSWD1219,732238,8,732238.0,sub-STSWD1219
5260,0.0,0.50988,4,2,1,1,1,1,1,True,sub-STSWD1219,734670,8,734670.0,sub-STSWD1219
5261,1.0,0.63845,3,2,1,1,1,1,1,True,sub-STSWD1219,737102,8,737102.0,sub-STSWD1219
5262,1.0,0.85271,4,2,1,1,1,1,1,True,sub-STSWD1219,739534,8,739534.0,sub-STSWD1219
5263,1.0,0.55232,3,2,1,1,1,1,1,True,sub-STSWD1219,741966,8,741966.0,sub-STSWD1219
5264,1.0,0.44754,2,3,1,1,1,1,1,True,sub-STSWD1219,746446,8,746446.0,sub-STSWD1219
5265,1.0,0.76046,4,3,1,1,1,1,1,True,sub-STSWD1219,748878,8,748878.0,sub-STSWD1219
5266,1.0,0.99238,3,3,1,1,1,1,1,True,sub-STSWD1219,751310,8,751310.0,sub-STSWD1219
5267,1.0,0.73333,3,3,2,1,1,1,1,True,sub-STSWD1219,753742,8,753742.0,sub-STSWD1219
5268,1.0,0.50193,3,3,2,1,1,1,1,True,sub-STSWD1219,756174,8,756174.0,sub-STSWD1219
5269,1.0,0.84287,4,3,1,1,1,1,1,True,sub-STSWD1219,758606,8,758606.0,sub-STSWD1219
5270,1.0,1.0208,2,3,2,1,1,1,1,True,sub-STSWD1219,761038,8,761038.0,sub-STSWD1219
5271,1.0,0.50873,2,3,1,1,1,1,1,True,sub-STSWD1219,763470,8,763470.0,sub-STSWD1219
5272,0.0,0.87794,4,4,1,1,1,1,1,True,sub-STSWD1219,767950,8,767950.0,sub-STSWD1219
5273,0.0,0.99587,4,4,2,1,1,1,1,True,sub-STSWD1219,770382,8,770382.0,sub-STSWD1219
5274,1.0,0.6008,1,4,2,1,1,1,1,True,sub-STSWD1219,772814,8,772814.0,sub-STSWD1219
5275,1.0,0.70774,3,4,1,1,1,1,1,True,sub-STSWD1219,775246,8,775246.0,sub-STSWD1219
5276,0.0,0.71868,2,4,2,1,1,1,1,True,sub-STSWD1219,777678,8,777678.0,sub-STSWD1219
5277,1.0,0.9376,4,4,1,1,1,1,1,True,sub-STSWD1219,780110,8,780110.0,sub-STSWD1219
5278,0.0,0.84454,1,4,1,1,1,1,1,True,sub-STSWD1219,782542,8,782542.0,sub-STSWD1219
5279,1.0,0.71249,1,4,2,1,1,1,1,True,sub-STSWD1219,784974,8,784974.0,sub-STSWD1219
5280,1.0,1.5437,1,4,1,1,1,1,1,True,sub-STSWD1223,49291,8,49291.0,sub-STSWD1223
5281,1.0,1.4236,1,4,1,1,1,1,1,True,sub-STSWD1223,51722,8,51722.0,sub-STSWD1223
5282,1.0,1.0944,1,4,2,1,1,1,1,True,sub-STSWD1223,56586,8,56586.0,sub-STSWD1223
5283,1.0,1.3891,3,4,2,1,1,1,1,True,sub-STSWD1223,59018,8,59018.0,sub-STSWD1223
5284,1.0,0.99839,2,4,2,1,1,1,1,True,sub-STSWD1223,61450,8,61450.0,sub-STSWD1223
5285,1.0,0.83725,2,4,1,1,1,1,1,True,sub-STSWD1223,63882,8,63882.0,sub-STSWD1223
5286,1.0,1.4871,4,4,1,1,1,1,1,True,sub-STSWD1223,66314,8,66314.0,sub-STSWD1223
5287,1.0,1.0981,1,2,2,1,1,1,1,True,sub-STSWD1223,70794,8,70794.0,sub-STSWD1223
5288,0.0,0.71408,4,2,2,1,1,1,1,True,sub-STSWD1223,73226,8,73226.0,sub-STSWD1223
5289,1.0,0.73493,1,2,2,1,1,1,1,True,sub-STSWD1223,75658,8,75658.0,sub-STSWD1223
5290,1.0,1.2618,1,2,2,1,1,1,1,True,sub-STSWD1223,78090,8,78090.0,sub-STSWD1223
5291,1.0,1.1528,4,2,1,1,1,1,1,True,sub-STSWD1223,80522,8,80522.0,sub-STSWD1223
5292,0.0,0.52576,4,2,2,1,1,1,1,True,sub-STSWD1223,82954,8,82954.0,sub-STSWD1223
5293,1.0,0.98171,4,2,2,1,1,1,1,True,sub-STSWD1223,85386,8,85386.0,sub-STSWD1223
5294,0.0,0.64168,1,2,2,1,1,1,1,True,sub-STSWD1223,87818,8,87818.0,sub-STSWD1223
5295,0.0,1.4215,4,3,1,1,1,1,1,True,sub-STSWD1223,92298,8,92298.0,sub-STSWD1223
5296,1.0,0.71746,4,3,2,1,1,1,1,True,sub-STSWD1223,94730,8,94730.0,sub-STSWD1223
5297,1.0,1.4154,3,3,1,1,1,1,1,True,sub-STSWD1223,97162,8,97162.0,sub-STSWD1223
5298,0.0,0.56528,3,3,1,1,1,1,1,True,sub-STSWD1223,99594,8,99594.0,sub-STSWD1223
5299,0.0,1.6152,2,3,1,1,1,1,1,True,sub-STSWD1223,102026,8,102026.0,sub-STSWD1223
5300,1.0,0.67315,2,3,1,1,1,1,1,True,sub-STSWD1223,104458,8,104458.0,sub-STSWD1223
5301,0.0,0.98213,3,3,1,1,1,1,1,True,sub-STSWD1223,106890,8,106890.0,sub-STSWD1223
5302,1.0,0.90906,3,3,1,1,1,1,1,True,sub-STSWD1223,109322,8,109322.0,sub-STSWD1223
5303,1.0,0.52091,1,1,2,1,1,1,1,True,sub-STSWD1223,113802,8,113802.0,sub-STSWD1223
5304,1.0,0.53987,1,1,2,1,1,1,1,True,sub-STSWD1223,116234,8,116234.0,sub-STSWD1223
5305,1.0,0.38681,1,1,2,1,1,1,1,True,sub-STSWD1223,118666,8,118666.0,sub-STSWD1223
5306,1.0,0.43977,1,1,1,1,1,1,1,True,sub-STSWD1223,121098,8,121098.0,sub-STSWD1223
5307,1.0,0.32372,1,1,1,1,1,1,1,True,sub-STSWD1223,123530,8,123530.0,sub-STSWD1223
5308,1.0,0.26738,1,1,1,1,1,1,1,True,sub-STSWD1223,125962,8,125962.0,sub-STSWD1223
5309,1.0,0.26055,1,1,1,1,1,1,1,True,sub-STSWD1223,128394,8,128394.0,sub-STSWD1223
5310,1.0,0.35048,1,1,2,1,1,1,1,True,sub-STSWD1223,130825,8,130825.0,sub-STSWD1223
5311,1.0,0.8044,2,3,2,1,1,1,1,True,sub-STSWD1223,135305,8,135305.0,sub-STSWD1223
5312,1.0,0.3903,2,3,1,1,1,1,1,True,sub-STSWD1223,137737,8,137737.0,sub-STSWD1223
5313,1.0,0.74419,2,3,2,1,1,1,1,True,sub-STSWD1223,140169,8,140169.0,sub-STSWD1223
5314,0.0,1.0561,1,3,1,1,1,1,1,True,sub-STSWD1223,142601,8,142601.0,sub-STSWD1223
5315,1.0,0.69305,1,3,1,1,1,1,1,True,sub-STSWD1223,145033,8,145033.0,sub-STSWD1223
5316,0.0,0.56303,2,3,2,1,1,1,1,True,sub-STSWD1223,147465,8,147465.0,sub-STSWD1223
5317,1.0,0.48799,2,3,1,1,1,1,1,True,sub-STSWD1223,149897,8,149897.0,sub-STSWD1223
5318,1.0,0.54986,3,3,1,1,1,1,1,True,sub-STSWD1223,152329,8,152329.0,sub-STSWD1223
5319,0.0,0.89075,4,4,1,1,1,1,1,True,sub-STSWD1223,156809,8,156809.0,sub-STSWD1223
5320,0.0,0.80069,4,4,1,1,1,1,1,True,sub-STSWD1223,159241,8,159241.0,sub-STSWD1223
5321,1.0,0.53361,4,4,2,1,1,1,1,True,sub-STSWD1223,161673,8,161673.0,sub-STSWD1223
5322,0.0,0.56351,1,4,1,1,1,1,1,True,sub-STSWD1223,164105,8,164105.0,sub-STSWD1223
5323,1.0,1.2584,2,4,1,1,1,1,1,True,sub-STSWD1223,166537,8,166537.0,sub-STSWD1223
5324,1.0,1.4124,3,4,2,1,1,1,1,True,sub-STSWD1223,168969,8,168969.0,sub-STSWD1223
5325,1.0,0.6543,3,4,1,1,1,1,1,True,sub-STSWD1223,171401,8,171401.0,sub-STSWD1223
5326,1.0,0.91632,3,4,2,1,1,1,1,True,sub-STSWD1223,173833,8,173833.0,sub-STSWD1223
5327,1.0,0.46127,1,2,1,1,1,1,1,True,sub-STSWD1223,178313,8,178313.0,sub-STSWD1223
5328,1.0,0.6341,3,2,2,1,1,1,1,True,sub-STSWD1223,180745,8,180745.0,sub-STSWD1223
5329,1.0,0.68207,3,2,2,1,1,1,1,True,sub-STSWD1223,183177,8,183177.0,sub-STSWD1223
5330,1.0,0.68805,3,2,1,1,1,1,1,True,sub-STSWD1223,185609,8,185609.0,sub-STSWD1223
5331,1.0,0.54895,1,2,2,1,1,1,1,True,sub-STSWD1223,188041,8,188041.0,sub-STSWD1223
5332,0.0,0.55783,3,2,1,1,1,1,1,True,sub-STSWD1223,190473,8,190473.0,sub-STSWD1223
5333,1.0,0.65577,1,2,2,1,1,1,1,True,sub-STSWD1223,192905,8,192905.0,sub-STSWD1223
5334,1.0,1.1048,1,2,1,1,1,1,1,True,sub-STSWD1223,195337,8,195337.0,sub-STSWD1223
5335,1.0,1.2876,2,1,1,1,1,1,1,True,sub-STSWD1223,199817,8,199817.0,sub-STSWD1223
5336,1.0,0.63152,2,1,1,1,1,1,1,True,sub-STSWD1223,202249,8,202249.0,sub-STSWD1223
5337,1.0,0.34963,2,1,1,1,1,1,1,True,sub-STSWD1223,204681,8,204681.0,sub-STSWD1223
5338,1.0,0.33244,2,1,2,1,1,1,1,True,sub-STSWD1223,207113,8,207113.0,sub-STSWD1223
5339,1.0,0.36826,2,1,1,1,1,1,1,True,sub-STSWD1223,209545,8,209545.0,sub-STSWD1223
5340,1.0,0.26723,2,1,2,1,1,1,1,True,sub-STSWD1223,211976,8,211976.0,sub-STSWD1223
5341,1.0,0.31417,2,1,2,1,1,1,1,True,sub-STSWD1223,214408,8,214408.0,sub-STSWD1223
5342,1.0,0.26217,2,1,1,1,1,1,1,True,sub-STSWD1223,216841,8,216841.0,sub-STSWD1223
5343,0.0,0.53473,4,3,1,1,1,1,1,True,sub-STSWD1223,246105,8,246105.0,sub-STSWD1223
5344,0.0,1.4277,3,3,2,1,1,1,1,True,sub-STSWD1223,248537,8,248537.0,sub-STSWD1223
5345,1.0,1.3376,2,3,2,1,1,1,1,True,sub-STSWD1223,250969,8,250969.0,sub-STSWD1223
5346,1.0,1.0055,3,3,2,1,1,1,1,True,sub-STSWD1223,253401,8,253401.0,sub-STSWD1223
5347,1.0,1.0474,3,3,2,1,1,1,1,True,sub-STSWD1223,255833,8,255833.0,sub-STSWD1223
5348,1.0,0.9954,3,3,1,1,1,1,1,True,sub-STSWD1223,258265,8,258265.0,sub-STSWD1223
5349,1.0,0.55941,2,3,2,1,1,1,1,True,sub-STSWD1223,260697,8,260697.0,sub-STSWD1223
5350,1.0,1.5004,4,3,1,1,1,1,1,True,sub-STSWD1223,263129,8,263129.0,sub-STSWD1223
5351,1.0,0.29715,1,1,1,1,1,1,1,True,sub-STSWD1223,267609,8,267609.0,sub-STSWD1223
5352,1.0,0.38108,1,1,2,1,1,1,1,True,sub-STSWD1223,270041,8,270041.0,sub-STSWD1223
5353,1.0,0.27595,1,1,2,1,1,1,1,True,sub-STSWD1223,274905,8,274905.0,sub-STSWD1223
5354,1.0,0.31089,1,1,1,1,1,1,1,True,sub-STSWD1223,277337,8,277337.0,sub-STSWD1223
5355,1.0,0.30381,1,1,1,1,1,1,1,True,sub-STSWD1223,279769,8,279769.0,sub-STSWD1223
5356,1.0,0.34253,1,1,2,1,1,1,1,True,sub-STSWD1223,282201,8,282201.0,sub-STSWD1223
5357,1.0,0.3137,1,1,2,1,1,1,1,True,sub-STSWD1223,284633,8,284633.0,sub-STSWD1223
5358,1.0,0.50346,3,2,1,1,1,1,1,True,sub-STSWD1223,289113,8,289113.0,sub-STSWD1223
5359,1.0,1.1055,4,2,2,1,1,1,1,True,sub-STSWD1223,291545,8,291545.0,sub-STSWD1223
5360,1.0,0.33448,4,2,1,1,1,1,1,True,sub-STSWD1223,293977,8,293977.0,sub-STSWD1223
5361,1.0,1.4953,4,2,1,1,1,1,1,True,sub-STSWD1223,296409,8,296409.0,sub-STSWD1223
5362,1.0,0.66043,4,2,2,1,1,1,1,True,sub-STSWD1223,298841,8,298841.0,sub-STSWD1223
5363,0.0,0.55742,3,2,1,1,1,1,1,True,sub-STSWD1223,301273,8,301273.0,sub-STSWD1223
5364,0.0,0.47714,4,2,1,1,1,1,1,True,sub-STSWD1223,303705,8,303705.0,sub-STSWD1223
5365,1.0,0.83611,3,2,1,1,1,1,1,True,sub-STSWD1223,306137,8,306137.0,sub-STSWD1223
5366,1.0,1.1959,1,4,1,1,1,1,1,True,sub-STSWD1223,310617,8,310617.0,sub-STSWD1223
5367,1.0,0.61994,1,4,1,1,1,1,1,True,sub-STSWD1223,313049,8,313049.0,sub-STSWD1223
5368,1.0,0.45787,2,4,1,1,1,1,1,True,sub-STSWD1223,315480,8,315480.0,sub-STSWD1223
5369,,,4,4,1,1,1,1,1,True,sub-STSWD1223,317912,8,,sub-STSWD1223
5370,1.0,0.72075,4,4,2,1,1,1,1,True,sub-STSWD1223,320344,8,320344.0,sub-STSWD1223
5371,0.0,1.1327,3,4,1,1,1,1,1,True,sub-STSWD1223,322776,8,322776.0,sub-STSWD1223
5372,1.0,0.4765,2,4,2,1,1,1,1,True,sub-STSWD1223,325208,8,325208.0,sub-STSWD1223
5373,1.0,0.79355,1,4,1,1,1,1,1,True,sub-STSWD1223,327640,8,327640.0,sub-STSWD1223
5374,1.0,0.27247,3,1,1,1,1,1,1,True,sub-STSWD1223,332120,8,332120.0,sub-STSWD1223
5375,1.0,0.2892,3,1,1,1,1,1,1,True,sub-STSWD1223,339416,8,339416.0,sub-STSWD1223
5376,1.0,0.2632,3,1,1,1,1,1,1,True,sub-STSWD1223,341848,8,341848.0,sub-STSWD1223
5377,0.0,0.25205,3,1,2,1,1,1,1,True,sub-STSWD1223,344280,8,344280.0,sub-STSWD1223
5378,1.0,0.82784,1,2,2,1,1,1,1,True,sub-STSWD1223,353624,8,353624.0,sub-STSWD1223
5379,1.0,0.60973,1,2,1,1,1,1,1,True,sub-STSWD1223,356056,8,356056.0,sub-STSWD1223
5380,1.0,0.89967,1,2,1,1,1,1,1,True,sub-STSWD1223,358488,8,358488.0,sub-STSWD1223
5381,1.0,0.43861,2,2,2,1,1,1,1,True,sub-STSWD1223,360920,8,360920.0,sub-STSWD1223
5382,1.0,0.72053,2,2,1,1,1,1,1,True,sub-STSWD1223,363352,8,363352.0,sub-STSWD1223
5383,1.0,0.55047,1,2,1,1,1,1,1,True,sub-STSWD1223,365784,8,365784.0,sub-STSWD1223
5384,1.0,0.49246,2,2,1,1,1,1,1,True,sub-STSWD1223,368216,8,368216.0,sub-STSWD1223
5385,1.0,0.61931,1,2,1,1,1,1,1,True,sub-STSWD1223,370648,8,370648.0,sub-STSWD1223
5386,1.0,1.2922,4,4,2,1,1,1,1,True,sub-STSWD1223,375128,8,375128.0,sub-STSWD1223
5387,1.0,0.88016,4,4,1,1,1,1,1,True,sub-STSWD1223,377560,8,377560.0,sub-STSWD1223
5388,1.0,0.68715,1,4,1,1,1,1,1,True,sub-STSWD1223,379992,8,379992.0,sub-STSWD1223
5389,1.0,1.276,3,4,1,1,1,1,1,True,sub-STSWD1223,382424,8,382424.0,sub-STSWD1223
5390,1.0,0.85896,3,4,2,1,1,1,1,True,sub-STSWD1223,384856,8,384856.0,sub-STSWD1223
5391,1.0,0.50885,3,4,2,1,1,1,1,True,sub-STSWD1223,387288,8,387288.0,sub-STSWD1223
5392,1.0,1.0219,2,4,1,1,1,1,1,True,sub-STSWD1223,389720,8,389720.0,sub-STSWD1223
5393,1.0,0.81768,2,4,2,1,1,1,1,True,sub-STSWD1223,392152,8,392152.0,sub-STSWD1223
5394,1.0,0.76766,1,3,2,1,1,1,1,True,sub-STSWD1223,396632,8,396632.0,sub-STSWD1223
5395,1.0,0.60763,2,3,1,1,1,1,1,True,sub-STSWD1223,399064,8,399064.0,sub-STSWD1223
5396,1.0,0.85546,4,3,1,1,1,1,1,True,sub-STSWD1223,401496,8,401496.0,sub-STSWD1223
5397,1.0,1.4145,1,3,2,1,1,1,1,True,sub-STSWD1223,403928,8,403928.0,sub-STSWD1223
5398,1.0,0.81243,1,3,2,1,1,1,1,True,sub-STSWD1223,406360,8,406360.0,sub-STSWD1223
5399,1.0,0.66837,1,3,2,1,1,1,1,True,sub-STSWD1223,408792,8,408792.0,sub-STSWD1223
5400,1.0,0.69426,1,3,2,1,1,1,1,True,sub-STSWD1223,411223,8,411223.0,sub-STSWD1223
5401,1.0,0.82319,2,3,2,1,1,1,1,True,sub-STSWD1223,413656,8,413656.0,sub-STSWD1223
5402,1.0,0.30732,1,1,2,1,1,1,1,True,sub-STSWD1223,482363,8,482363.0,sub-STSWD1223
5403,1.0,0.3071,1,1,1,1,1,1,1,True,sub-STSWD1223,489659,8,489659.0,sub-STSWD1223
5404,0.0,0.70204,1,3,2,1,1,1,1,True,sub-STSWD1223,496571,8,496571.0,sub-STSWD1223
5405,1.0,0.69397,2,3,2,1,1,1,1,True,sub-STSWD1223,499003,8,499003.0,sub-STSWD1223
5406,0.0,1.0639,4,3,2,1,1,1,1,True,sub-STSWD1223,501435,8,501435.0,sub-STSWD1223
5407,1.0,0.79485,2,3,2,1,1,1,1,True,sub-STSWD1223,503867,8,503867.0,sub-STSWD1223
5408,1.0,0.49771,1,3,1,1,1,1,1,True,sub-STSWD1223,506299,8,506299.0,sub-STSWD1223
5409,1.0,0.64669,1,3,2,1,1,1,1,True,sub-STSWD1223,508731,8,508731.0,sub-STSWD1223
5410,1.0,0.42764,1,3,1,1,1,1,1,True,sub-STSWD1223,511163,8,511163.0,sub-STSWD1223
5411,1.0,0.71257,1,3,2,1,1,1,1,True,sub-STSWD1223,513595,8,513595.0,sub-STSWD1223
5412,1.0,0.84245,2,2,1,1,1,1,1,True,sub-STSWD1223,518075,8,518075.0,sub-STSWD1223
5413,1.0,0.69035,4,2,2,1,1,1,1,True,sub-STSWD1223,520507,8,520507.0,sub-STSWD1223
5414,1.0,0.37525,4,2,2,1,1,1,1,True,sub-STSWD1223,522939,8,522939.0,sub-STSWD1223
5415,0.0,0.75926,4,2,1,1,1,1,1,True,sub-STSWD1223,525371,8,525371.0,sub-STSWD1223
5416,1.0,0.75407,2,2,2,1,1,1,1,True,sub-STSWD1223,527803,8,527803.0,sub-STSWD1223
5417,0.0,0.5721,4,2,2,1,1,1,1,True,sub-STSWD1223,530235,8,530235.0,sub-STSWD1223
5418,1.0,0.49712,2,2,1,1,1,1,1,True,sub-STSWD1223,532667,8,532667.0,sub-STSWD1223
5419,1.0,0.78692,2,2,1,1,1,1,1,True,sub-STSWD1223,535099,8,535099.0,sub-STSWD1223
5420,1.0,0.47588,2,4,2,1,1,1,1,True,sub-STSWD1223,539579,8,539579.0,sub-STSWD1223
5421,1.0,0.62181,1,4,1,1,1,1,1,True,sub-STSWD1223,542011,8,542011.0,sub-STSWD1223
5422,1.0,1.4467,4,4,2,1,1,1,1,True,sub-STSWD1223,544443,8,544443.0,sub-STSWD1223
5423,1.0,0.56368,4,4,1,1,1,1,1,True,sub-STSWD1223,546875,8,546875.0,sub-STSWD1223
5424,1.0,0.99563,1,4,2,1,1,1,1,True,sub-STSWD1223,549307,8,549307.0,sub-STSWD1223
5425,1.0,0.46652,1,4,1,1,1,1,1,True,sub-STSWD1223,551738,8,551738.0,sub-STSWD1223
5426,1.0,0.66044,2,4,2,1,1,1,1,True,sub-STSWD1223,554170,8,554170.0,sub-STSWD1223
5427,0.0,1.2804,3,4,2,1,1,1,1,True,sub-STSWD1223,556602,8,556602.0,sub-STSWD1223
5428,1.0,1.0302,2,3,2,1,1,1,1,True,sub-STSWD1223,561082,8,561082.0,sub-STSWD1223
5429,1.0,0.6062,2,3,1,1,1,1,1,True,sub-STSWD1223,563514,8,563514.0,sub-STSWD1223
5430,1.0,0.60519,2,3,2,1,1,1,1,True,sub-STSWD1223,565946,8,565946.0,sub-STSWD1223
5431,1.0,0.88511,1,3,1,1,1,1,1,True,sub-STSWD1223,568378,8,568378.0,sub-STSWD1223
5432,1.0,0.82505,1,3,1,1,1,1,1,True,sub-STSWD1223,570810,8,570810.0,sub-STSWD1223
5433,1.0,0.60693,2,3,2,1,1,1,1,True,sub-STSWD1223,573242,8,573242.0,sub-STSWD1223
5434,1.0,0.38892,3,3,2,1,1,1,1,True,sub-STSWD1223,575674,8,575674.0,sub-STSWD1223
5435,1.0,0.47381,3,3,1,1,1,1,1,True,sub-STSWD1223,578106,8,578106.0,sub-STSWD1223
5436,1.0,0.72572,2,2,2,1,1,1,1,True,sub-STSWD1223,582586,8,582586.0,sub-STSWD1223
5437,0.0,1.1627,3,2,1,1,1,1,1,True,sub-STSWD1223,585018,8,585018.0,sub-STSWD1223
5438,1.0,0.47356,3,2,1,1,1,1,1,True,sub-STSWD1223,587450,8,587450.0,sub-STSWD1223
5439,1.0,0.38045,3,2,1,1,1,1,1,True,sub-STSWD1223,589882,8,589882.0,sub-STSWD1223
5440,1.0,0.43737,2,2,1,1,1,1,1,True,sub-STSWD1223,594746,8,594746.0,sub-STSWD1223
5441,1.0,0.57927,2,2,2,1,1,1,1,True,sub-STSWD1223,599610,8,599610.0,sub-STSWD1223
5442,1.0,0.52315,2,4,1,1,1,1,1,True,sub-STSWD1223,604090,8,604090.0,sub-STSWD1223
5443,1.0,0.7061,2,4,1,1,1,1,1,True,sub-STSWD1223,606522,8,606522.0,sub-STSWD1223
5444,1.0,0.93598,1,4,2,1,1,1,1,True,sub-STSWD1223,608954,8,608954.0,sub-STSWD1223
5445,1.0,0.62883,4,4,1,1,1,1,1,True,sub-STSWD1223,611386,8,611386.0,sub-STSWD1223
5446,1.0,1.0709,4,4,1,1,1,1,1,True,sub-STSWD1223,613818,8,613818.0,sub-STSWD1223
5447,1.0,0.91382,3,4,2,1,1,1,1,True,sub-STSWD1223,616250,8,616250.0,sub-STSWD1223
5448,1.0,0.57168,3,4,2,1,1,1,1,True,sub-STSWD1223,618682,8,618682.0,sub-STSWD1223
5449,1.0,0.8907,3,4,2,1,1,1,1,True,sub-STSWD1223,621114,8,621114.0,sub-STSWD1223
5450,1.0,0.26855,2,1,2,1,1,1,1,True,sub-STSWD1223,625594,8,625594.0,sub-STSWD1223
5451,1.0,0.26649,2,1,1,1,1,1,1,True,sub-STSWD1223,628026,8,628026.0,sub-STSWD1223
5452,1.0,0.29741,2,1,1,1,1,1,1,True,sub-STSWD1223,630457,8,630457.0,sub-STSWD1223
5453,0.0,0.30638,2,1,1,1,1,1,1,True,sub-STSWD1223,632890,8,632890.0,sub-STSWD1223
5454,1.0,0.33923,2,1,2,1,1,1,1,True,sub-STSWD1223,635321,8,635321.0,sub-STSWD1223
5455,1.0,0.28317,2,1,1,1,1,1,1,True,sub-STSWD1223,637753,8,637753.0,sub-STSWD1223
5456,1.0,0.31418,2,1,2,1,1,1,1,True,sub-STSWD1223,640185,8,640185.0,sub-STSWD1223
5457,1.0,0.29914,2,1,1,1,1,1,1,True,sub-STSWD1223,642617,8,642617.0,sub-STSWD1223
5458,1.0,0.44925,1,2,1,1,1,1,1,True,sub-STSWD1223,673196,8,673196.0,sub-STSWD1223
5459,1.0,0.53207,2,2,1,1,1,1,1,True,sub-STSWD1223,678060,8,678060.0,sub-STSWD1223
5460,1.0,0.50307,2,2,2,1,1,1,1,True,sub-STSWD1223,680492,8,680492.0,sub-STSWD1223
5461,0.0,0.86903,1,2,2,1,1,1,1,True,sub-STSWD1223,682924,8,682924.0,sub-STSWD1223
5462,1.0,0.52692,2,2,2,1,1,1,1,True,sub-STSWD1223,685356,8,685356.0,sub-STSWD1223
5463,1.0,0.56783,2,2,2,1,1,1,1,True,sub-STSWD1223,687788,8,687788.0,sub-STSWD1223
5464,0.0,0.46071,4,1,1,1,1,1,1,True,sub-STSWD1223,694700,8,694700.0,sub-STSWD1223
5465,0.0,0.47156,4,1,2,1,1,1,1,True,sub-STSWD1223,699564,8,699564.0,sub-STSWD1223
5466,1.0,0.2665,4,1,1,1,1,1,1,True,sub-STSWD1223,701996,8,701996.0,sub-STSWD1223
5467,1.0,0.27237,4,1,1,1,1,1,1,True,sub-STSWD1223,706860,8,706860.0,sub-STSWD1223
5468,1.0,0.38235,4,1,2,1,1,1,1,True,sub-STSWD1223,709292,8,709292.0,sub-STSWD1223
5469,1.0,0.33224,4,1,1,1,1,1,1,True,sub-STSWD1223,711724,8,711724.0,sub-STSWD1223
5470,1.0,0.95515,3,3,1,1,1,1,1,True,sub-STSWD1223,716204,8,716204.0,sub-STSWD1223
5471,1.0,0.86704,3,3,1,1,1,1,1,True,sub-STSWD1223,718636,8,718636.0,sub-STSWD1223
5472,0.0,0.72402,4,3,2,1,1,1,1,True,sub-STSWD1223,721068,8,721068.0,sub-STSWD1223
5473,1.0,0.53892,2,3,1,1,1,1,1,True,sub-STSWD1223,723500,8,723500.0,sub-STSWD1223
5474,0.0,1.0649,3,3,2,1,1,1,1,True,sub-STSWD1223,725932,8,725932.0,sub-STSWD1223
5475,1.0,0.69679,3,3,1,1,1,1,1,True,sub-STSWD1223,728364,8,728364.0,sub-STSWD1223
5476,1.0,0.38476,3,3,1,1,1,1,1,True,sub-STSWD1223,730796,8,730796.0,sub-STSWD1223
5477,1.0,0.77266,4,3,1,1,1,1,1,True,sub-STSWD1223,733228,8,733228.0,sub-STSWD1223
5478,0.0,0.96257,1,4,1,1,1,1,1,True,sub-STSWD1223,737708,8,737708.0,sub-STSWD1223
5479,1.0,0.51542,2,4,2,1,1,1,1,True,sub-STSWD1223,740139,8,740139.0,sub-STSWD1223
5480,1.0,0.66345,1,4,1,1,1,1,1,True,sub-STSWD1223,742571,8,742571.0,sub-STSWD1223
5481,1.0,0.58138,2,4,2,1,1,1,1,True,sub-STSWD1223,745003,8,745003.0,sub-STSWD1223
5482,0.0,0.78131,3,4,1,1,1,1,1,True,sub-STSWD1223,747435,8,747435.0,sub-STSWD1223
5483,1.0,1.1842,3,4,2,1,1,1,1,True,sub-STSWD1223,749867,8,749867.0,sub-STSWD1223
5484,0.0,1.1142,4,4,2,1,1,1,1,True,sub-STSWD1223,752299,8,752299.0,sub-STSWD1223
5485,1.0,1.147,4,4,1,1,1,1,1,True,sub-STSWD1223,754731,8,754731.0,sub-STSWD1223
5486,0.0,1.008,3,2,1,1,1,1,1,True,sub-STSWD1223,759211,8,759211.0,sub-STSWD1223
5487,1.0,0.84782,4,2,1,1,1,1,1,True,sub-STSWD1223,761643,8,761643.0,sub-STSWD1223
5488,1.0,0.39587,4,2,2,1,1,1,1,True,sub-STSWD1223,764075,8,764075.0,sub-STSWD1223
5489,1.0,0.62478,3,2,1,1,1,1,1,True,sub-STSWD1223,766507,8,766507.0,sub-STSWD1223
5490,1.0,0.55075,4,2,1,1,1,1,1,True,sub-STSWD1223,768939,8,768939.0,sub-STSWD1223
5491,1.0,0.40864,4,2,2,1,1,1,1,True,sub-STSWD1223,771371,8,771371.0,sub-STSWD1223
5492,1.0,1.1056,3,2,2,1,1,1,1,True,sub-STSWD1223,773803,8,773803.0,sub-STSWD1223
5493,1.0,1.1745,3,2,1,1,1,1,1,True,sub-STSWD1223,776235,8,776235.0,sub-STSWD1223
5494,1.0,0.80343,3,3,1,1,1,1,1,True,sub-STSWD1223,780715,8,780715.0,sub-STSWD1223
5495,1.0,1.2753,4,3,2,1,1,1,1,True,sub-STSWD1223,783147,8,783147.0,sub-STSWD1223
5496,1.0,0.73731,1,3,2,1,1,1,1,True,sub-STSWD1223,785579,8,785579.0,sub-STSWD1223
5497,1.0,0.65924,3,3,1,1,1,1,1,True,sub-STSWD1223,788011,8,788011.0,sub-STSWD1223
5498,1.0,0.89417,1,3,2,1,1,1,1,True,sub-STSWD1223,790443,8,790443.0,sub-STSWD1223
5499,0.0,1.3941,4,3,1,1,1,1,1,True,sub-STSWD1223,792875,8,792875.0,sub-STSWD1223
5500,1.0,0.59801,4,3,2,1,1,1,1,True,sub-STSWD1223,795307,8,795307.0,sub-STSWD1223
5501,0.0,1.1829,4,3,2,1,1,1,1,True,sub-STSWD1223,797739,8,797739.0,sub-STSWD1223
5502,1.0,0.40372,1,1,2,1,1,1,1,True,sub-STSWD1223,804651,8,804651.0,sub-STSWD1223
5503,1.0,0.29767,1,1,2,1,1,1,1,True,sub-STSWD1223,807082,8,807082.0,sub-STSWD1223
5504,1.0,0.37463,1,1,2,1,1,1,1,True,sub-STSWD1223,809515,8,809515.0,sub-STSWD1223
5505,1.0,0.36448,1,1,2,1,1,1,1,True,sub-STSWD1223,816810,8,816810.0,sub-STSWD1223
5506,1.0,0.33136,1,1,1,1,1,1,1,True,sub-STSWD1223,819242,8,819242.0,sub-STSWD1223
5507,1.0,0.59128,1,4,2,1,1,1,1,True,sub-STSWD1223,823722,8,823722.0,sub-STSWD1223
5508,1.0,0.71221,1,4,2,1,1,1,1,True,sub-STSWD1223,826154,8,826154.0,sub-STSWD1223
5509,0.0,1.2802,4,4,2,1,1,1,1,True,sub-STSWD1223,828586,8,828586.0,sub-STSWD1223
5510,0.0,1.277,4,4,2,1,1,1,1,True,sub-STSWD1223,831018,8,831018.0,sub-STSWD1223
5511,1.0,1.395,2,4,1,1,1,1,1,True,sub-STSWD1223,833450,8,833450.0,sub-STSWD1223
5512,1.0,0.64997,2,4,1,1,1,1,1,True,sub-STSWD1223,835882,8,835882.0,sub-STSWD1223
5513,0.0,0.63887,3,4,2,1,1,1,1,True,sub-STSWD1223,838314,8,838314.0,sub-STSWD1223
5514,1.0,0.94578,3,4,2,1,1,1,1,True,sub-STSWD1223,840746,8,840746.0,sub-STSWD1223
5515,0.0,0.98578,2,2,2,1,1,1,1,True,sub-STSWD1227,82059,8,82059.0,sub-STSWD1227
5516,0.0,1.3176,2,2,2,1,1,1,1,True,sub-STSWD1227,84490,8,84490.0,sub-STSWD1227
5517,1.0,0.96334,4,2,2,1,1,1,1,True,sub-STSWD1227,86922,8,86922.0,sub-STSWD1227
5518,1.0,0.81852,2,2,2,1,1,1,1,True,sub-STSWD1227,89354,8,89354.0,sub-STSWD1227
5519,1.0,1.8235,4,2,1,1,1,1,1,True,sub-STSWD1227,91786,8,91786.0,sub-STSWD1227
5520,1.0,1.9474,4,2,1,1,1,1,1,True,sub-STSWD1227,94218,8,94218.0,sub-STSWD1227
5521,1.0,1.6943,4,2,2,1,1,1,1,True,sub-STSWD1227,96650,8,96650.0,sub-STSWD1227
5522,1.0,1.3863,2,2,1,1,1,1,1,True,sub-STSWD1227,99082,8,99082.0,sub-STSWD1227
5523,1.0,1.2292,4,4,1,1,1,1,1,True,sub-STSWD1227,103562,8,103562.0,sub-STSWD1227
5524,1.0,1.6981,1,4,2,1,1,1,1,True,sub-STSWD1227,105994,8,105994.0,sub-STSWD1227
5525,1.0,1.732,2,4,1,1,1,1,1,True,sub-STSWD1227,108426,8,108426.0,sub-STSWD1227
5526,1.0,1.7879,1,4,1,1,1,1,1,True,sub-STSWD1227,110858,8,110858.0,sub-STSWD1227
5527,1.0,1.1778,2,4,1,1,1,1,1,True,sub-STSWD1227,113290,8,113290.0,sub-STSWD1227
5528,1.0,1.1729,2,4,1,1,1,1,1,True,sub-STSWD1227,115722,8,115722.0,sub-STSWD1227
5529,0.0,1.4937,3,4,1,1,1,1,1,True,sub-STSWD1227,118154,8,118154.0,sub-STSWD1227
5530,,,3,4,1,1,1,1,1,True,sub-STSWD1227,120586,8,,sub-STSWD1227
5531,0.0,1.2506,4,1,1,1,1,1,1,True,sub-STSWD1227,125066,8,125066.0,sub-STSWD1227
5532,0.0,1.4066,4,1,1,1,1,1,1,True,sub-STSWD1227,127498,8,127498.0,sub-STSWD1227
5533,1.0,0.80345,4,1,1,1,1,1,1,True,sub-STSWD1227,129930,8,129930.0,sub-STSWD1227
5534,0.0,1.024,4,1,1,1,1,1,1,True,sub-STSWD1227,132361,8,132361.0,sub-STSWD1227
5535,1.0,0.63833,4,1,2,1,1,1,1,True,sub-STSWD1227,134793,8,134793.0,sub-STSWD1227
5536,0.0,0.7834,4,1,1,1,1,1,1,True,sub-STSWD1227,137225,8,137225.0,sub-STSWD1227
5537,1.0,0.88515,4,1,1,1,1,1,1,True,sub-STSWD1227,139657,8,139657.0,sub-STSWD1227
5538,1.0,0.61118,4,1,2,1,1,1,1,True,sub-STSWD1227,142089,8,142089.0,sub-STSWD1227
5539,1.0,1.064,3,3,1,1,1,1,1,True,sub-STSWD1227,146569,8,146569.0,sub-STSWD1227
5540,1.0,0.67998,3,3,1,1,1,1,1,True,sub-STSWD1227,149001,8,149001.0,sub-STSWD1227
5541,0.0,1.5999,3,3,1,1,1,1,1,True,sub-STSWD1227,151433,8,151433.0,sub-STSWD1227
5542,0.0,1.7308,3,3,1,1,1,1,1,True,sub-STSWD1227,153865,8,153865.0,sub-STSWD1227
5543,1.0,0.79775,2,3,1,1,1,1,1,True,sub-STSWD1227,156297,8,156297.0,sub-STSWD1227
5544,0.0,1.4137,4,3,2,1,1,1,1,True,sub-STSWD1227,158729,8,158729.0,sub-STSWD1227
5545,1.0,1.5816,3,3,2,1,1,1,1,True,sub-STSWD1227,161161,8,161161.0,sub-STSWD1227
5546,0.0,1.4315,4,3,1,1,1,1,1,True,sub-STSWD1227,163593,8,163593.0,sub-STSWD1227
5547,,,4,2,2,1,1,1,1,True,sub-STSWD1227,168073,8,,sub-STSWD1227
5548,0.0,1.6244,3,2,2,1,1,1,1,True,sub-STSWD1227,170505,8,170505.0,sub-STSWD1227
5549,1.0,1.2542,3,2,1,1,1,1,1,True,sub-STSWD1227,172937,8,172937.0,sub-STSWD1227
5550,1.0,1.401,4,2,2,1,1,1,1,True,sub-STSWD1227,175369,8,175369.0,sub-STSWD1227
5551,1.0,1.3251,4,2,1,1,1,1,1,True,sub-STSWD1227,177801,8,177801.0,sub-STSWD1227
5552,1.0,0.81314,4,2,1,1,1,1,1,True,sub-STSWD1227,180233,8,180233.0,sub-STSWD1227
5553,1.0,1.6881,3,2,2,1,1,1,1,True,sub-STSWD1227,182665,8,182665.0,sub-STSWD1227
5554,1.0,0.81393,3,2,2,1,1,1,1,True,sub-STSWD1227,185097,8,185097.0,sub-STSWD1227
5555,1.0,1.6388,1,1,2,1,1,1,1,True,sub-STSWD1227,189577,8,189577.0,sub-STSWD1227
5556,0.0,1.5738,1,1,2,1,1,1,1,True,sub-STSWD1227,192009,8,192009.0,sub-STSWD1227
5557,0.0,0.95787,1,1,2,1,1,1,1,True,sub-STSWD1227,194441,8,194441.0,sub-STSWD1227
5558,1.0,0.6497,1,1,2,1,1,1,1,True,sub-STSWD1227,196873,8,196873.0,sub-STSWD1227
5559,1.0,1.0947,1,1,1,1,1,1,1,True,sub-STSWD1227,199305,8,199305.0,sub-STSWD1227
5560,1.0,0.77959,1,1,1,1,1,1,1,True,sub-STSWD1227,201737,8,201737.0,sub-STSWD1227
5561,1.0,0.73752,1,1,1,1,1,1,1,True,sub-STSWD1227,204169,8,204169.0,sub-STSWD1227
5562,0.0,1.0144,1,1,2,1,1,1,1,True,sub-STSWD1227,206601,8,206601.0,sub-STSWD1227
5563,1.0,1.6153,1,3,1,1,1,1,1,True,sub-STSWD1227,211081,8,211081.0,sub-STSWD1227
5564,1.0,1.0713,2,3,2,1,1,1,1,True,sub-STSWD1227,213513,8,213513.0,sub-STSWD1227
5565,1.0,1.1899,2,3,2,1,1,1,1,True,sub-STSWD1227,215945,8,215945.0,sub-STSWD1227
5566,1.0,0.86522,1,3,1,1,1,1,1,True,sub-STSWD1227,218376,8,218376.0,sub-STSWD1227
5567,,,1,3,2,1,1,1,1,True,sub-STSWD1227,220808,8,,sub-STSWD1227
5568,1.0,1.528,1,3,1,1,1,1,1,True,sub-STSWD1227,223240,8,223240.0,sub-STSWD1227
5569,1.0,1.5349,4,3,1,1,1,1,1,True,sub-STSWD1227,225672,8,225672.0,sub-STSWD1227
5570,1.0,1.5868,4,3,2,1,1,1,1,True,sub-STSWD1227,228104,8,228104.0,sub-STSWD1227
5571,1.0,1.1548,1,4,1,1,1,1,1,True,sub-STSWD1227,232584,8,232584.0,sub-STSWD1227
5572,1.0,1.7247,1,4,2,1,1,1,1,True,sub-STSWD1227,235016,8,235016.0,sub-STSWD1227
5573,1.0,1.2526,4,4,2,1,1,1,1,True,sub-STSWD1227,237448,8,237448.0,sub-STSWD1227
5574,1.0,1.6475,4,4,2,1,1,1,1,True,sub-STSWD1227,239880,8,239880.0,sub-STSWD1227
5575,0.0,1.8185,4,4,1,1,1,1,1,True,sub-STSWD1227,242312,8,242312.0,sub-STSWD1227
5576,1.0,0.79746,2,4,1,1,1,1,1,True,sub-STSWD1227,244744,8,244744.0,sub-STSWD1227
5577,,,3,4,1,1,1,1,1,True,sub-STSWD1227,247176,8,,sub-STSWD1227
5578,1.0,0.99428,3,4,2,1,1,1,1,True,sub-STSWD1227,249608,8,249608.0,sub-STSWD1227
5579,0.0,1.584,4,3,1,1,1,1,1,True,sub-STSWD1227,287965,8,287965.0,sub-STSWD1227
5580,1.0,1.4208,4,3,1,1,1,1,1,True,sub-STSWD1227,290397,8,290397.0,sub-STSWD1227
5581,1.0,1.3508,1,3,2,1,1,1,1,True,sub-STSWD1227,292829,8,292829.0,sub-STSWD1227
5582,0.0,1.8647,1,3,2,1,1,1,1,True,sub-STSWD1227,295261,8,295261.0,sub-STSWD1227
5583,1.0,1.9147,4,3,2,1,1,1,1,True,sub-STSWD1227,297693,8,297693.0,sub-STSWD1227
5584,0.0,1.5106,4,3,1,1,1,1,1,True,sub-STSWD1227,300125,8,300125.0,sub-STSWD1227
5585,1.0,1.4945,3,3,2,1,1,1,1,True,sub-STSWD1227,302557,8,302557.0,sub-STSWD1227
5586,1.0,1.5134,3,3,2,1,1,1,1,True,sub-STSWD1227,304989,8,304989.0,sub-STSWD1227
5587,0.0,1.5474,1,4,2,1,1,1,1,True,sub-STSWD1227,309469,8,309469.0,sub-STSWD1227
5588,1.0,1.7553,1,4,1,1,1,1,1,True,sub-STSWD1227,311901,8,311901.0,sub-STSWD1227
5589,1.0,1.0822,4,4,1,1,1,1,1,True,sub-STSWD1227,314333,8,314333.0,sub-STSWD1227
5590,1.0,0.93422,3,4,1,1,1,1,1,True,sub-STSWD1227,316765,8,316765.0,sub-STSWD1227
5591,1.0,1.4481,3,4,2,1,1,1,1,True,sub-STSWD1227,319197,8,319197.0,sub-STSWD1227
5592,1.0,1.2691,2,4,2,1,1,1,1,True,sub-STSWD1227,321629,8,321629.0,sub-STSWD1227
5593,1.0,1.5199,2,4,2,1,1,1,1,True,sub-STSWD1227,324061,8,324061.0,sub-STSWD1227
5594,1.0,0.69387,2,4,1,1,1,1,1,True,sub-STSWD1227,326492,8,326492.0,sub-STSWD1227
5595,1.0,0.69389,3,1,1,1,1,1,1,True,sub-STSWD1227,330972,8,330972.0,sub-STSWD1227
5596,1.0,0.99369,3,1,2,1,1,1,1,True,sub-STSWD1227,333404,8,333404.0,sub-STSWD1227
5597,1.0,0.57163,3,1,1,1,1,1,1,True,sub-STSWD1227,335836,8,335836.0,sub-STSWD1227
5598,1.0,0.8145,3,1,1,1,1,1,1,True,sub-STSWD1227,338268,8,338268.0,sub-STSWD1227
5599,1.0,0.70155,3,1,2,1,1,1,1,True,sub-STSWD1227,340700,8,340700.0,sub-STSWD1227
5600,1.0,1.1214,3,1,2,1,1,1,1,True,sub-STSWD1227,343132,8,343132.0,sub-STSWD1227
5601,1.0,0.43954,3,1,1,1,1,1,1,True,sub-STSWD1227,345564,8,345564.0,sub-STSWD1227
5602,1.0,0.63635,3,1,1,1,1,1,1,True,sub-STSWD1227,347996,8,347996.0,sub-STSWD1227
5603,0.0,0.74718,1,2,2,1,1,1,1,True,sub-STSWD1227,352476,8,352476.0,sub-STSWD1227
5604,1.0,1.0892,1,2,1,1,1,1,1,True,sub-STSWD1227,354908,8,354908.0,sub-STSWD1227
5605,1.0,1.2681,2,2,1,1,1,1,1,True,sub-STSWD1227,357340,8,357340.0,sub-STSWD1227
5606,1.0,0.83495,1,2,1,1,1,1,1,True,sub-STSWD1227,359772,8,359772.0,sub-STSWD1227
5607,1.0,1.7789,2,2,2,1,1,1,1,True,sub-STSWD1227,362204,8,362204.0,sub-STSWD1227
5608,1.0,0.98895,2,2,1,1,1,1,1,True,sub-STSWD1227,364636,8,364636.0,sub-STSWD1227
5609,1.0,0.79179,1,2,1,1,1,1,1,True,sub-STSWD1227,367068,8,367068.0,sub-STSWD1227
5610,1.0,1.0927,2,2,2,1,1,1,1,True,sub-STSWD1227,369500,8,369500.0,sub-STSWD1227
5611,1.0,0.59961,3,1,2,1,1,1,1,True,sub-STSWD1227,373980,8,373980.0,sub-STSWD1227
5612,1.0,0.41553,3,1,2,1,1,1,1,True,sub-STSWD1227,376412,8,376412.0,sub-STSWD1227
5613,0.0,0.75053,3,1,2,1,1,1,1,True,sub-STSWD1227,378844,8,378844.0,sub-STSWD1227
5614,1.0,0.57745,3,1,1,1,1,1,1,True,sub-STSWD1227,381276,8,381276.0,sub-STSWD1227
5615,1.0,0.57945,3,1,2,1,1,1,1,True,sub-STSWD1227,383708,8,383708.0,sub-STSWD1227
5616,0.0,0.61333,3,1,2,1,1,1,1,True,sub-STSWD1227,386140,8,386140.0,sub-STSWD1227
5617,1.0,0.36621,3,1,1,1,1,1,1,True,sub-STSWD1227,388572,8,388572.0,sub-STSWD1227
5618,1.0,0.66815,3,1,1,1,1,1,1,True,sub-STSWD1227,391004,8,391004.0,sub-STSWD1227
5619,0.0,1.8251,4,4,1,1,1,1,1,True,sub-STSWD1227,395484,8,395484.0,sub-STSWD1227
5620,1.0,1.1729,1,4,1,1,1,1,1,True,sub-STSWD1227,397916,8,397916.0,sub-STSWD1227
5621,1.0,1.6269,3,4,2,1,1,1,1,True,sub-STSWD1227,400348,8,400348.0,sub-STSWD1227
5622,1.0,1.5898,3,4,2,1,1,1,1,True,sub-STSWD1227,402780,8,402780.0,sub-STSWD1227
5623,1.0,0.85671,2,4,1,1,1,1,1,True,sub-STSWD1227,405212,8,405212.0,sub-STSWD1227
5624,1.0,1.6937,4,4,2,1,1,1,1,True,sub-STSWD1227,407644,8,407644.0,sub-STSWD1227
5625,1.0,1.3656,4,4,2,1,1,1,1,True,sub-STSWD1227,410076,8,410076.0,sub-STSWD1227
5626,1.0,1.1886,1,4,2,1,1,1,1,True,sub-STSWD1227,412508,8,412508.0,sub-STSWD1227
5627,0.0,1.4104,4,2,1,1,1,1,1,True,sub-STSWD1227,416988,8,416988.0,sub-STSWD1227
5628,1.0,1.5944,3,2,1,1,1,1,1,True,sub-STSWD1227,419420,8,419420.0,sub-STSWD1227
5629,1.0,1.2343,4,2,2,1,1,1,1,True,sub-STSWD1227,421852,8,421852.0,sub-STSWD1227
5630,1.0,0.91839,3,2,1,1,1,1,1,True,sub-STSWD1227,424284,8,424284.0,sub-STSWD1227
5631,1.0,1.7672,4,2,2,1,1,1,1,True,sub-STSWD1227,426715,8,426715.0,sub-STSWD1227
5632,0.0,1.1003,4,2,1,1,1,1,1,True,sub-STSWD1227,429148,8,429148.0,sub-STSWD1227
5633,0.0,0.79306,3,2,2,1,1,1,1,True,sub-STSWD1227,431580,8,431580.0,sub-STSWD1227
5634,1.0,0.95005,3,2,2,1,1,1,1,True,sub-STSWD1227,434011,8,434011.0,sub-STSWD1227
5635,0.0,1.4319,1,3,2,1,1,1,1,True,sub-STSWD1227,438492,8,438492.0,sub-STSWD1227
5636,1.0,1.6129,2,3,2,1,1,1,1,True,sub-STSWD1227,440923,8,440923.0,sub-STSWD1227
5637,0.0,1.6917,4,3,1,1,1,1,1,True,sub-STSWD1227,443355,8,443355.0,sub-STSWD1227
5638,1.0,1.2724,2,3,1,1,1,1,1,True,sub-STSWD1227,445787,8,445787.0,sub-STSWD1227
5639,1.0,1.6777,1,3,2,1,1,1,1,True,sub-STSWD1227,448219,8,448219.0,sub-STSWD1227
5640,0.0,1.4966,1,3,1,1,1,1,1,True,sub-STSWD1227,450651,8,450651.0,sub-STSWD1227
5641,1.0,0.87755,1,3,2,1,1,1,1,True,sub-STSWD1227,453083,8,453083.0,sub-STSWD1227
5642,,,4,3,2,1,1,1,1,True,sub-STSWD1227,455515,8,,sub-STSWD1227
5643,1.0,1.6003,1,4,2,1,1,1,1,True,sub-STSWD1227,485783,8,485783.0,sub-STSWD1227
5644,1.0,1.3163,3,4,1,1,1,1,1,True,sub-STSWD1227,488215,8,488215.0,sub-STSWD1227
5645,1.0,1.1502,2,4,1,1,1,1,1,True,sub-STSWD1227,490647,8,490647.0,sub-STSWD1227
5646,0.0,1.4411,4,4,1,1,1,1,1,True,sub-STSWD1227,493079,8,493079.0,sub-STSWD1227
5647,1.0,1.43,4,4,1,1,1,1,1,True,sub-STSWD1227,495511,8,495511.0,sub-STSWD1227
5648,1.0,0.77602,2,4,2,1,1,1,1,True,sub-STSWD1227,497943,8,497943.0,sub-STSWD1227
5649,1.0,1.3878,1,4,1,1,1,1,1,True,sub-STSWD1227,500374,8,500374.0,sub-STSWD1227
5650,0.0,1.2749,1,4,2,1,1,1,1,True,sub-STSWD1227,502806,8,502806.0,sub-STSWD1227
5651,1.0,1.3387,2,1,1,1,1,1,1,True,sub-STSWD1227,507287,8,507287.0,sub-STSWD1227
5652,1.0,0.7528,2,1,1,1,1,1,1,True,sub-STSWD1227,509718,8,509718.0,sub-STSWD1227
5653,1.0,0.57051,2,1,2,1,1,1,1,True,sub-STSWD1227,512150,8,512150.0,sub-STSWD1227
5654,1.0,0.49253,2,1,2,1,1,1,1,True,sub-STSWD1227,514583,8,514583.0,sub-STSWD1227
5655,1.0,0.31947,2,1,1,1,1,1,1,True,sub-STSWD1227,517014,8,517014.0,sub-STSWD1227
5656,1.0,1.1035,2,1,2,1,1,1,1,True,sub-STSWD1227,519446,8,519446.0,sub-STSWD1227
5657,1.0,0.66028,2,1,1,1,1,1,1,True,sub-STSWD1227,521878,8,521878.0,sub-STSWD1227
5658,1.0,0.44028,2,1,2,1,1,1,1,True,sub-STSWD1227,524310,8,524310.0,sub-STSWD1227
5659,1.0,1.8581,1,2,2,1,1,1,1,True,sub-STSWD1227,528790,8,528790.0,sub-STSWD1227
5660,0.0,1.0201,1,2,2,1,1,1,1,True,sub-STSWD1227,531222,8,531222.0,sub-STSWD1227
5661,1.0,0.56402,2,2,2,1,1,1,1,True,sub-STSWD1227,533654,8,533654.0,sub-STSWD1227
5662,1.0,0.67699,1,2,1,1,1,1,1,True,sub-STSWD1227,536086,8,536086.0,sub-STSWD1227
5663,1.0,0.63593,1,2,2,1,1,1,1,True,sub-STSWD1227,538518,8,538518.0,sub-STSWD1227
5664,1.0,1.0338,2,2,1,1,1,1,1,True,sub-STSWD1227,540950,8,540950.0,sub-STSWD1227
5665,1.0,0.77676,2,2,2,1,1,1,1,True,sub-STSWD1227,543382,8,543382.0,sub-STSWD1227
5666,1.0,0.98069,2,2,1,1,1,1,1,True,sub-STSWD1227,545814,8,545814.0,sub-STSWD1227
5667,1.0,1.6055,1,3,2,1,1,1,1,True,sub-STSWD1227,550294,8,550294.0,sub-STSWD1227
5668,1.0,1.4495,4,3,2,1,1,1,1,True,sub-STSWD1227,552726,8,552726.0,sub-STSWD1227
5669,0.0,0.65945,3,3,2,1,1,1,1,True,sub-STSWD1227,555158,8,555158.0,sub-STSWD1227
5670,1.0,1.3815,4,3,2,1,1,1,1,True,sub-STSWD1227,557590,8,557590.0,sub-STSWD1227
5671,0.0,0.79936,4,3,1,1,1,1,1,True,sub-STSWD1227,560022,8,560022.0,sub-STSWD1227
5672,1.0,1.1842,4,3,1,1,1,1,1,True,sub-STSWD1227,562454,8,562454.0,sub-STSWD1227
5673,1.0,1.3852,1,3,1,1,1,1,1,True,sub-STSWD1227,564886,8,564886.0,sub-STSWD1227
5674,1.0,1.1481,3,3,1,1,1,1,1,True,sub-STSWD1227,567318,8,567318.0,sub-STSWD1227
5675,0.0,1.198,4,1,2,1,1,1,1,True,sub-STSWD1227,571798,8,571798.0,sub-STSWD1227
5676,1.0,0.73694,4,1,2,1,1,1,1,True,sub-STSWD1227,574230,8,574230.0,sub-STSWD1227
5677,1.0,1.3759,4,1,2,1,1,1,1,True,sub-STSWD1227,576662,8,576662.0,sub-STSWD1227
5678,1.0,0.66181,4,1,2,1,1,1,1,True,sub-STSWD1227,579094,8,579094.0,sub-STSWD1227
5679,1.0,1.1467,4,1,2,1,1,1,1,True,sub-STSWD1227,581526,8,581526.0,sub-STSWD1227
5680,1.0,0.46536,4,1,1,1,1,1,1,True,sub-STSWD1227,583958,8,583958.0,sub-STSWD1227
5681,0.0,0.82761,4,1,2,1,1,1,1,True,sub-STSWD1227,586390,8,586390.0,sub-STSWD1227
5682,1.0,0.6366,4,1,1,1,1,1,1,True,sub-STSWD1227,588822,8,588822.0,sub-STSWD1227
5683,1.0,1.8745,1,2,2,1,1,1,1,True,sub-STSWD1227,593302,8,593302.0,sub-STSWD1227
5684,1.0,0.91941,3,2,1,1,1,1,1,True,sub-STSWD1227,595734,8,595734.0,sub-STSWD1227
5685,1.0,0.82435,3,2,1,1,1,1,1,True,sub-STSWD1227,598166,8,598166.0,sub-STSWD1227
5686,1.0,0.95123,3,2,2,1,1,1,1,True,sub-STSWD1227,600598,8,600598.0,sub-STSWD1227
5687,1.0,1.4482,1,2,1,1,1,1,1,True,sub-STSWD1227,603030,8,603030.0,sub-STSWD1227
5688,1.0,0.9651,1,2,2,1,1,1,1,True,sub-STSWD1227,605462,8,605462.0,sub-STSWD1227
5689,1.0,0.81404,3,2,1,1,1,1,1,True,sub-STSWD1227,607894,8,607894.0,sub-STSWD1227
5690,0.0,1.402,1,2,2,1,1,1,1,True,sub-STSWD1227,610326,8,610326.0,sub-STSWD1227
5691,1.0,1.6848,1,4,2,1,1,1,1,True,sub-STSWD1227,614806,8,614806.0,sub-STSWD1227
5692,,,4,4,2,1,1,1,1,True,sub-STSWD1227,617238,8,,sub-STSWD1227
5693,1.0,1.0588,4,4,2,1,1,1,1,True,sub-STSWD1227,619670,8,619670.0,sub-STSWD1227
5694,1.0,0.90376,2,4,2,1,1,1,1,True,sub-STSWD1227,622102,8,622102.0,sub-STSWD1227
5695,1.0,0.73359,2,4,2,1,1,1,1,True,sub-STSWD1227,624534,8,624534.0,sub-STSWD1227
5696,1.0,1.4046,3,4,1,1,1,1,1,True,sub-STSWD1227,626966,8,626966.0,sub-STSWD1227
5697,0.0,0.76239,3,4,2,1,1,1,1,True,sub-STSWD1227,629397,8,629397.0,sub-STSWD1227
5698,1.0,1.1395,3,4,2,1,1,1,1,True,sub-STSWD1227,631829,8,631829.0,sub-STSWD1227
5699,1.0,1.3623,1,3,1,1,1,1,1,True,sub-STSWD1227,636310,8,636310.0,sub-STSWD1227
5700,1.0,1.0952,3,3,1,1,1,1,1,True,sub-STSWD1227,638741,8,638741.0,sub-STSWD1227
5701,1.0,0.9352,2,3,1,1,1,1,1,True,sub-STSWD1227,641173,8,641173.0,sub-STSWD1227
5702,1.0,0.75614,2,3,2,1,1,1,1,True,sub-STSWD1227,643605,8,643605.0,sub-STSWD1227
5703,0.0,1.1761,3,3,2,1,1,1,1,True,sub-STSWD1227,646038,8,646038.0,sub-STSWD1227
5704,1.0,1.088,2,3,1,1,1,1,1,True,sub-STSWD1227,648469,8,648469.0,sub-STSWD1227
5705,1.0,0.61194,2,3,1,1,1,1,1,True,sub-STSWD1227,650902,8,650902.0,sub-STSWD1227
5706,1.0,0.76351,2,3,1,1,1,1,1,True,sub-STSWD1227,653333,8,653333.0,sub-STSWD1227
5707,1.0,1.602,2,4,2,1,1,1,1,True,sub-STSWD1227,684590,8,684590.0,sub-STSWD1227
5708,1.0,1.143,1,4,1,1,1,1,1,True,sub-STSWD1227,687022,8,687022.0,sub-STSWD1227
5709,0.0,1.6678,4,4,1,1,1,1,1,True,sub-STSWD1227,689454,8,689454.0,sub-STSWD1227
5710,1.0,1.4348,4,4,2,1,1,1,1,True,sub-STSWD1227,691886,8,691886.0,sub-STSWD1227
5711,1.0,0.93779,3,4,1,1,1,1,1,True,sub-STSWD1227,694318,8,694318.0,sub-STSWD1227
5712,1.0,1.5577,1,4,1,1,1,1,1,True,sub-STSWD1227,696750,8,696750.0,sub-STSWD1227
5713,1.0,1.0956,2,4,1,1,1,1,1,True,sub-STSWD1227,699182,8,699182.0,sub-STSWD1227
5714,1.0,0.89067,2,4,2,1,1,1,1,True,sub-STSWD1227,701614,8,701614.0,sub-STSWD1227
5715,1.0,0.78446,1,1,1,1,1,1,1,True,sub-STSWD1227,706094,8,706094.0,sub-STSWD1227
5716,1.0,0.59142,1,1,1,1,1,1,1,True,sub-STSWD1227,708526,8,708526.0,sub-STSWD1227
5717,1.0,0.56735,1,1,2,1,1,1,1,True,sub-STSWD1227,710958,8,710958.0,sub-STSWD1227
5718,1.0,1.2583,1,1,2,1,1,1,1,True,sub-STSWD1227,713390,8,713390.0,sub-STSWD1227
5719,1.0,0.47118,1,1,1,1,1,1,1,True,sub-STSWD1227,715822,8,715822.0,sub-STSWD1227
5720,1.0,0.77514,1,1,1,1,1,1,1,True,sub-STSWD1227,718254,8,718254.0,sub-STSWD1227
5721,1.0,0.66909,1,1,1,1,1,1,1,True,sub-STSWD1227,720686,8,720686.0,sub-STSWD1227
5722,1.0,0.42162,1,1,2,1,1,1,1,True,sub-STSWD1227,723118,8,723118.0,sub-STSWD1227
5723,1.0,1.7119,4,3,2,1,1,1,1,True,sub-STSWD1227,727598,8,727598.0,sub-STSWD1227
5724,1.0,0.79984,2,3,1,1,1,1,1,True,sub-STSWD1227,730030,8,730030.0,sub-STSWD1227
5725,1.0,1.2658,4,3,2,1,1,1,1,True,sub-STSWD1227,732462,8,732462.0,sub-STSWD1227
5726,1.0,1.0158,2,3,1,1,1,1,1,True,sub-STSWD1227,734894,8,734894.0,sub-STSWD1227
5727,1.0,1.0326,2,3,2,1,1,1,1,True,sub-STSWD1227,737326,8,737326.0,sub-STSWD1227
5728,1.0,0.75552,3,3,1,1,1,1,1,True,sub-STSWD1227,739758,8,739758.0,sub-STSWD1227
5729,0.0,1.3565,3,3,2,1,1,1,1,True,sub-STSWD1227,742190,8,742190.0,sub-STSWD1227
5730,0.0,0.77838,3,3,2,1,1,1,1,True,sub-STSWD1227,744622,8,744622.0,sub-STSWD1227
5731,0.0,1.2914,1,2,1,1,1,1,1,True,sub-STSWD1227,749102,8,749102.0,sub-STSWD1227
5732,1.0,0.67925,1,2,1,1,1,1,1,True,sub-STSWD1227,751534,8,751534.0,sub-STSWD1227
5733,1.0,1.3432,4,2,2,1,1,1,1,True,sub-STSWD1227,753966,8,753966.0,sub-STSWD1227
5734,1.0,0.72109,4,2,1,1,1,1,1,True,sub-STSWD1227,756398,8,756398.0,sub-STSWD1227
5735,1.0,1.2541,1,2,2,1,1,1,1,True,sub-STSWD1227,758830,8,758830.0,sub-STSWD1227
5736,1.0,0.79901,4,2,1,1,1,1,1,True,sub-STSWD1227,761262,8,761262.0,sub-STSWD1227
5737,1.0,1.25,4,2,2,1,1,1,1,True,sub-STSWD1227,763694,8,763694.0,sub-STSWD1227
5738,1.0,0.87288,1,2,1,1,1,1,1,True,sub-STSWD1227,766126,8,766126.0,sub-STSWD1227
5739,0.0,0.66177,3,4,2,1,1,1,1,True,sub-STSWD1227,770606,8,770606.0,sub-STSWD1227
5740,1.0,0.8857,3,4,1,1,1,1,1,True,sub-STSWD1227,773038,8,773038.0,sub-STSWD1227
5741,1.0,0.99026,3,4,2,1,1,1,1,True,sub-STSWD1227,775470,8,775470.0,sub-STSWD1227
5742,0.0,1.5505,4,4,1,1,1,1,1,True,sub-STSWD1227,777902,8,777902.0,sub-STSWD1227
5743,1.0,1.1944,4,4,2,1,1,1,1,True,sub-STSWD1227,780334,8,780334.0,sub-STSWD1227
5744,1.0,1.0785,2,4,2,1,1,1,1,True,sub-STSWD1227,782765,8,782765.0,sub-STSWD1227
5745,1.0,0.85337,1,4,1,1,1,1,1,True,sub-STSWD1227,785198,8,785198.0,sub-STSWD1227
5746,1.0,0.66326,1,4,2,1,1,1,1,True,sub-STSWD1227,787630,8,787630.0,sub-STSWD1227
5747,1.0,1.1951,2,2,1,1,1,1,1,True,sub-STSWD1227,792109,8,792109.0,sub-STSWD1227
5748,0.0,1.2301,3,2,1,1,1,1,1,True,sub-STSWD1227,794541,8,794541.0,sub-STSWD1227
5749,1.0,0.71993,3,2,1,1,1,1,1,True,sub-STSWD1227,796974,8,796974.0,sub-STSWD1227
5750,1.0,0.71399,2,2,1,1,1,1,1,True,sub-STSWD1227,799406,8,799406.0,sub-STSWD1227
5751,1.0,1.1762,3,2,2,1,1,1,1,True,sub-STSWD1227,801837,8,801837.0,sub-STSWD1227
5752,0.0,0.86687,3,2,2,1,1,1,1,True,sub-STSWD1227,804269,8,804269.0,sub-STSWD1227
5753,1.0,0.70681,2,2,2,1,1,1,1,True,sub-STSWD1227,806701,8,806701.0,sub-STSWD1227
5754,1.0,0.80674,2,2,1,1,1,1,1,True,sub-STSWD1227,809133,8,809133.0,sub-STSWD1227
5755,1.0,0.42058,2,1,1,1,1,1,1,True,sub-STSWD1227,813613,8,813613.0,sub-STSWD1227
5756,1.0,0.60057,2,1,1,1,1,1,1,True,sub-STSWD1227,816046,8,816046.0,sub-STSWD1227
5757,1.0,0.57945,2,1,2,1,1,1,1,True,sub-STSWD1227,818477,8,818477.0,sub-STSWD1227
5758,1.0,0.43448,2,1,2,1,1,1,1,True,sub-STSWD1227,820909,8,820909.0,sub-STSWD1227
5759,1.0,0.54932,2,1,2,1,1,1,1,True,sub-STSWD1227,823341,8,823341.0,sub-STSWD1227
5760,1.0,0.41463,2,1,1,1,1,1,1,True,sub-STSWD1227,825773,8,825773.0,sub-STSWD1227
5761,1.0,0.40132,2,1,1,1,1,1,1,True,sub-STSWD1227,828205,8,828205.0,sub-STSWD1227
5762,1.0,0.31717,2,1,2,1,1,1,1,True,sub-STSWD1227,830637,8,830637.0,sub-STSWD1227
5763,1.0,0.75239,2,3,2,1,1,1,1,True,sub-STSWD1227,835117,8,835117.0,sub-STSWD1227
5764,1.0,0.68999,2,3,2,1,1,1,1,True,sub-STSWD1227,837549,8,837549.0,sub-STSWD1227
5765,1.0,1.1569,2,3,2,1,1,1,1,True,sub-STSWD1227,839981,8,839981.0,sub-STSWD1227
5766,1.0,1.3088,1,3,2,1,1,1,1,True,sub-STSWD1227,842413,8,842413.0,sub-STSWD1227
5767,1.0,0.6068,3,3,1,1,1,1,1,True,sub-STSWD1227,844845,8,844845.0,sub-STSWD1227
5768,1.0,0.97263,1,3,1,1,1,1,1,True,sub-STSWD1227,847277,8,847277.0,sub-STSWD1227
5769,0.0,1.4909,1,3,1,1,1,1,1,True,sub-STSWD1227,849709,8,849709.0,sub-STSWD1227
5770,1.0,1.3347,3,3,2,1,1,1,1,True,sub-STSWD1227,852141,8,852141.0,sub-STSWD1227
5771,1.0,0.36655,4,1,2,1,1,1,1,True,sub-STSWD1233,36825,8,36825.0,sub-STSWD1233
5772,1.0,0.34149,4,1,2,1,1,1,1,True,sub-STSWD1233,39257,8,39257.0,sub-STSWD1233
5773,1.0,0.33642,4,1,1,1,1,1,1,True,sub-STSWD1233,41689,8,41689.0,sub-STSWD1233
5774,1.0,0.27427,4,1,2,1,1,1,1,True,sub-STSWD1233,44120,8,44120.0,sub-STSWD1233
5775,1.0,0.3183,4,1,1,1,1,1,1,True,sub-STSWD1233,46552,8,46552.0,sub-STSWD1233
5776,1.0,0.31723,4,1,2,1,1,1,1,True,sub-STSWD1233,48984,8,48984.0,sub-STSWD1233
5777,0.0,0.41115,4,1,1,1,1,1,1,True,sub-STSWD1233,51416,8,51416.0,sub-STSWD1233
5778,1.0,0.42309,4,1,2,1,1,1,1,True,sub-STSWD1233,53848,8,53848.0,sub-STSWD1233
5779,1.0,1.1,2,4,1,1,1,1,1,True,sub-STSWD1233,58328,8,58328.0,sub-STSWD1233
5780,1.0,1.2359,3,4,2,1,1,1,1,True,sub-STSWD1233,60760,8,60760.0,sub-STSWD1233
5781,1.0,0.88583,3,4,1,1,1,1,1,True,sub-STSWD1233,63192,8,63192.0,sub-STSWD1233
5782,0.0,1.0678,3,4,1,1,1,1,1,True,sub-STSWD1233,65624,8,65624.0,sub-STSWD1233
5783,1.0,0.8177,1,4,1,1,1,1,1,True,sub-STSWD1233,68056,8,68056.0,sub-STSWD1233
5784,1.0,1.1126,4,4,2,1,1,1,1,True,sub-STSWD1233,70488,8,70488.0,sub-STSWD1233
5785,0.0,0.88656,4,4,1,1,1,1,1,True,sub-STSWD1233,72920,8,72920.0,sub-STSWD1233
5786,1.0,0.90968,3,2,2,1,1,1,1,True,sub-STSWD1233,79832,8,79832.0,sub-STSWD1233
5787,1.0,0.57732,3,2,2,1,1,1,1,True,sub-STSWD1233,82264,8,82264.0,sub-STSWD1233
5788,0.0,0.59822,3,2,1,1,1,1,1,True,sub-STSWD1233,84696,8,84696.0,sub-STSWD1233
5789,0.0,0.86919,4,2,1,1,1,1,1,True,sub-STSWD1233,87128,8,87128.0,sub-STSWD1233
5790,1.0,1.1851,4,2,2,1,1,1,1,True,sub-STSWD1233,89560,8,89560.0,sub-STSWD1233
5791,1.0,0.60396,3,2,1,1,1,1,1,True,sub-STSWD1233,91992,8,91992.0,sub-STSWD1233
5792,1.0,0.65201,4,2,1,1,1,1,1,True,sub-STSWD1233,94424,8,94424.0,sub-STSWD1233
5793,1.0,1.0169,4,2,2,1,1,1,1,True,sub-STSWD1233,96856,8,96856.0,sub-STSWD1233
5794,1.0,0.85177,4,3,1,1,1,1,1,True,sub-STSWD1233,101336,8,101336.0,sub-STSWD1233
5795,1.0,1.0287,4,3,2,1,1,1,1,True,sub-STSWD1233,103768,8,103768.0,sub-STSWD1233
5796,1.0,0.97367,4,3,2,1,1,1,1,True,sub-STSWD1233,106200,8,106200.0,sub-STSWD1233
5797,1.0,0.62662,3,3,1,1,1,1,1,True,sub-STSWD1233,108632,8,108632.0,sub-STSWD1233
5798,1.0,1.1565,1,3,2,1,1,1,1,True,sub-STSWD1233,111064,8,111064.0,sub-STSWD1233
5799,0.0,1.2135,4,3,1,1,1,1,1,True,sub-STSWD1233,113496,8,113496.0,sub-STSWD1233
5800,0.0,1.2704,4,3,1,1,1,1,1,True,sub-STSWD1233,115928,8,115928.0,sub-STSWD1233
5801,1.0,0.96135,1,3,2,1,1,1,1,True,sub-STSWD1233,118360,8,118360.0,sub-STSWD1233
5802,1.0,0.65824,2,2,2,1,1,1,1,True,sub-STSWD1233,122839,8,122839.0,sub-STSWD1233
5803,1.0,1.1391,3,2,2,1,1,1,1,True,sub-STSWD1233,125271,8,125271.0,sub-STSWD1233
5804,1.0,0.79006,2,2,1,1,1,1,1,True,sub-STSWD1233,127703,8,127703.0,sub-STSWD1233
5805,1.0,0.73203,2,2,1,1,1,1,1,True,sub-STSWD1233,130135,8,130135.0,sub-STSWD1233
5806,1.0,0.70698,3,2,2,1,1,1,1,True,sub-STSWD1233,132567,8,132567.0,sub-STSWD1233
5807,1.0,1.0519,3,2,1,1,1,1,1,True,sub-STSWD1233,134999,8,134999.0,sub-STSWD1233
5808,1.0,0.60881,3,2,2,1,1,1,1,True,sub-STSWD1233,137431,8,137431.0,sub-STSWD1233
5809,1.0,0.55074,2,2,2,1,1,1,1,True,sub-STSWD1233,139863,8,139863.0,sub-STSWD1233
5810,0.0,0.95857,4,1,1,1,1,1,1,True,sub-STSWD1233,144343,8,144343.0,sub-STSWD1233
5811,0.0,0.68354,4,1,1,1,1,1,1,True,sub-STSWD1233,146775,8,146775.0,sub-STSWD1233
5812,1.0,0.44049,4,1,2,1,1,1,1,True,sub-STSWD1233,149207,8,149207.0,sub-STSWD1233
5813,1.0,0.52346,4,1,1,1,1,1,1,True,sub-STSWD1233,151639,8,151639.0,sub-STSWD1233
5814,1.0,0.3814,4,1,1,1,1,1,1,True,sub-STSWD1233,154071,8,154071.0,sub-STSWD1233
5815,1.0,0.42233,4,1,2,1,1,1,1,True,sub-STSWD1233,156503,8,156503.0,sub-STSWD1233
5816,1.0,0.47426,4,1,1,1,1,1,1,True,sub-STSWD1233,158935,8,158935.0,sub-STSWD1233
5817,1.0,0.5212,4,1,2,1,1,1,1,True,sub-STSWD1233,161367,8,161367.0,sub-STSWD1233
5818,1.0,0.88607,3,3,2,1,1,1,1,True,sub-STSWD1233,165847,8,165847.0,sub-STSWD1233
5819,1.0,0.97,3,3,1,1,1,1,1,True,sub-STSWD1233,168279,8,168279.0,sub-STSWD1233
5820,1.0,0.51395,2,3,1,1,1,1,1,True,sub-STSWD1233,170711,8,170711.0,sub-STSWD1233
5821,1.0,1.0388,1,3,2,1,1,1,1,True,sub-STSWD1233,173143,8,173143.0,sub-STSWD1233
5822,1.0,0.58572,1,3,1,1,1,1,1,True,sub-STSWD1233,175575,8,175575.0,sub-STSWD1233
5823,1.0,0.79074,2,3,1,1,1,1,1,True,sub-STSWD1233,178007,8,178007.0,sub-STSWD1233
5824,1.0,0.68064,2,3,1,1,1,1,1,True,sub-STSWD1233,180439,8,180439.0,sub-STSWD1233
5825,1.0,0.82353,2,3,1,1,1,1,1,True,sub-STSWD1233,182871,8,182871.0,sub-STSWD1233
5826,1.0,0.86945,1,4,2,1,1,1,1,True,sub-STSWD1233,187351,8,187351.0,sub-STSWD1233
5827,1.0,0.72044,4,4,2,1,1,1,1,True,sub-STSWD1233,189783,8,189783.0,sub-STSWD1233
5828,1.0,0.92136,4,4,2,1,1,1,1,True,sub-STSWD1233,192219,8,192219.0,sub-STSWD1233
5829,1.0,1.0196,1,4,1,1,1,1,1,True,sub-STSWD1233,194651,8,194651.0,sub-STSWD1233
5830,1.0,0.84656,2,4,2,1,1,1,1,True,sub-STSWD1233,197083,8,197083.0,sub-STSWD1233
5831,1.0,0.6445,2,4,1,1,1,1,1,True,sub-STSWD1233,199515,8,199515.0,sub-STSWD1233
5832,1.0,0.56743,2,4,1,1,1,1,1,True,sub-STSWD1233,201947,8,201947.0,sub-STSWD1233
5833,1.0,1.2763,3,4,1,1,1,1,1,True,sub-STSWD1233,204379,8,204379.0,sub-STSWD1233
5834,1.0,0.60765,2,3,2,1,1,1,1,True,sub-STSWD1233,231361,8,231361.0,sub-STSWD1233
5835,1.0,0.50059,3,3,1,1,1,1,1,True,sub-STSWD1233,233793,8,233793.0,sub-STSWD1233
5836,1.0,0.78484,1,3,1,1,1,1,1,True,sub-STSWD1233,236225,8,236225.0,sub-STSWD1233
5837,1.0,0.64541,2,3,2,1,1,1,1,True,sub-STSWD1233,238657,8,238657.0,sub-STSWD1233
5838,1.0,0.5834,2,3,2,1,1,1,1,True,sub-STSWD1233,241089,8,241089.0,sub-STSWD1233
5839,1.0,0.45433,2,3,1,1,1,1,1,True,sub-STSWD1233,243521,8,243521.0,sub-STSWD1233
5840,1.0,0.60226,1,3,1,1,1,1,1,True,sub-STSWD1233,245952,8,245952.0,sub-STSWD1233
5841,1.0,0.62915,3,3,1,1,1,1,1,True,sub-STSWD1233,248384,8,248384.0,sub-STSWD1233
5842,1.0,0.65607,2,4,2,1,1,1,1,True,sub-STSWD1233,252864,8,252864.0,sub-STSWD1233
5843,1.0,0.54701,2,4,1,1,1,1,1,True,sub-STSWD1233,255296,8,255296.0,sub-STSWD1233
5844,1.0,0.93295,4,4,2,1,1,1,1,True,sub-STSWD1233,257728,8,257728.0,sub-STSWD1233
5845,1.0,0.50089,4,4,1,1,1,1,1,True,sub-STSWD1233,260160,8,260160.0,sub-STSWD1233
5846,1.0,0.76082,3,4,1,1,1,1,1,True,sub-STSWD1233,262592,8,262592.0,sub-STSWD1233
5847,1.0,0.68971,3,4,1,1,1,1,1,True,sub-STSWD1233,265024,8,265024.0,sub-STSWD1233
5848,1.0,0.65956,3,4,2,1,1,1,1,True,sub-STSWD1233,267456,8,267456.0,sub-STSWD1233
5849,1.0,1.1776,1,4,2,1,1,1,1,True,sub-STSWD1233,269888,8,269888.0,sub-STSWD1233
5850,1.0,0.31147,3,1,2,1,1,1,1,True,sub-STSWD1233,274368,8,274368.0,sub-STSWD1233
5851,1.0,0.40044,3,1,2,1,1,1,1,True,sub-STSWD1233,276800,8,276800.0,sub-STSWD1233
5852,1.0,0.33038,3,1,1,1,1,1,1,True,sub-STSWD1233,279232,8,279232.0,sub-STSWD1233
5853,1.0,0.42031,3,1,1,1,1,1,1,True,sub-STSWD1233,281664,8,281664.0,sub-STSWD1233
5854,1.0,0.34423,3,1,2,1,1,1,1,True,sub-STSWD1233,284096,8,284096.0,sub-STSWD1233
5855,1.0,0.37218,3,1,1,1,1,1,1,True,sub-STSWD1233,286528,8,286528.0,sub-STSWD1233
5856,1.0,0.29407,3,1,1,1,1,1,1,True,sub-STSWD1233,288960,8,288960.0,sub-STSWD1233
5857,1.0,0.36801,3,1,1,1,1,1,1,True,sub-STSWD1233,291392,8,291392.0,sub-STSWD1233
5858,1.0,0.63389,2,2,1,1,1,1,1,True,sub-STSWD1233,295872,8,295872.0,sub-STSWD1233
5859,1.0,0.46382,1,2,1,1,1,1,1,True,sub-STSWD1233,298304,8,298304.0,sub-STSWD1233
5860,1.0,0.40076,1,2,2,1,1,1,1,True,sub-STSWD1233,300736,8,300736.0,sub-STSWD1233
5861,1.0,0.56673,2,2,1,1,1,1,1,True,sub-STSWD1233,303167,8,303167.0,sub-STSWD1233
5862,1.0,0.61458,2,2,2,1,1,1,1,True,sub-STSWD1233,305599,8,305599.0,sub-STSWD1233
5863,1.0,0.49562,1,2,2,1,1,1,1,True,sub-STSWD1233,308032,8,308032.0,sub-STSWD1233
5864,1.0,0.56553,2,2,2,1,1,1,1,True,sub-STSWD1233,310464,8,310464.0,sub-STSWD1233
5865,1.0,0.41543,1,2,2,1,1,1,1,True,sub-STSWD1233,312896,8,312896.0,sub-STSWD1233
5866,1.0,0.64535,4,4,2,1,1,1,1,True,sub-STSWD1233,317375,8,317375.0,sub-STSWD1233
5867,1.0,0.70229,2,4,1,1,1,1,1,True,sub-STSWD1233,319807,8,319807.0,sub-STSWD1233
5868,1.0,0.52318,2,4,2,1,1,1,1,True,sub-STSWD1233,322239,8,322239.0,sub-STSWD1233
5869,1.0,0.81311,1,4,1,1,1,1,1,True,sub-STSWD1233,324671,8,324671.0,sub-STSWD1233
5870,1.0,0.70105,3,4,1,1,1,1,1,True,sub-STSWD1233,327103,8,327103.0,sub-STSWD1233
5871,1.0,0.90302,1,4,1,1,1,1,1,True,sub-STSWD1233,329535,8,329535.0,sub-STSWD1233
5872,0.0,0.97395,1,4,2,1,1,1,1,True,sub-STSWD1233,331967,8,331967.0,sub-STSWD1233
5873,0.0,0.93188,4,4,1,1,1,1,1,True,sub-STSWD1233,334399,8,334399.0,sub-STSWD1233
5874,1.0,0.64177,1,2,1,1,1,1,1,True,sub-STSWD1233,338884,8,338884.0,sub-STSWD1233
5875,1.0,0.74969,1,2,1,1,1,1,1,True,sub-STSWD1233,341316,8,341316.0,sub-STSWD1233
5876,1.0,0.43899,3,2,1,1,1,1,1,True,sub-STSWD1233,343748,8,343748.0,sub-STSWD1233
5877,1.0,0.54891,3,2,2,1,1,1,1,True,sub-STSWD1233,346179,8,346179.0,sub-STSWD1233
5878,0.0,0.55677,3,2,1,1,1,1,1,True,sub-STSWD1233,348611,8,348611.0,sub-STSWD1233
5879,0.0,0.83273,1,2,1,1,1,1,1,True,sub-STSWD1233,351043,8,351043.0,sub-STSWD1233
5880,1.0,0.73667,3,2,1,1,1,1,1,True,sub-STSWD1233,353475,8,353475.0,sub-STSWD1233
5881,0.0,0.51265,1,2,1,1,1,1,1,True,sub-STSWD1233,355907,8,355907.0,sub-STSWD1233
5882,1.0,0.34343,3,1,2,1,1,1,1,True,sub-STSWD1233,360387,8,360387.0,sub-STSWD1233
5883,1.0,0.35442,3,1,2,1,1,1,1,True,sub-STSWD1233,362819,8,362819.0,sub-STSWD1233
5884,1.0,0.3174,3,1,2,1,1,1,1,True,sub-STSWD1233,365251,8,365251.0,sub-STSWD1233
5885,1.0,0.34126,3,1,1,1,1,1,1,True,sub-STSWD1233,367683,8,367683.0,sub-STSWD1233
5886,1.0,0.30224,3,1,1,1,1,1,1,True,sub-STSWD1233,370115,8,370115.0,sub-STSWD1233
5887,1.0,0.30221,3,1,1,1,1,1,1,True,sub-STSWD1233,372547,8,372547.0,sub-STSWD1233
5888,1.0,0.29414,3,1,2,1,1,1,1,True,sub-STSWD1233,374979,8,374979.0,sub-STSWD1233
5889,1.0,0.43504,3,1,2,1,1,1,1,True,sub-STSWD1233,377411,8,377411.0,sub-STSWD1233
5890,1.0,0.71791,4,3,2,1,1,1,1,True,sub-STSWD1233,381891,8,381891.0,sub-STSWD1233
5891,0.0,0.76389,4,3,1,1,1,1,1,True,sub-STSWD1233,384323,8,384323.0,sub-STSWD1233
5892,0.0,0.75178,4,3,1,1,1,1,1,True,sub-STSWD1233,386755,8,386755.0,sub-STSWD1233
5893,1.0,0.87771,1,3,2,1,1,1,1,True,sub-STSWD1233,389187,8,389187.0,sub-STSWD1233
5894,1.0,0.5897,3,3,2,1,1,1,1,True,sub-STSWD1233,391619,8,391619.0,sub-STSWD1233
5895,1.0,0.74564,3,3,2,1,1,1,1,True,sub-STSWD1233,394051,8,394051.0,sub-STSWD1233
5896,1.0,0.88156,1,3,1,1,1,1,1,True,sub-STSWD1233,396483,8,396483.0,sub-STSWD1233
5897,1.0,0.52242,3,3,1,1,1,1,1,True,sub-STSWD1233,398915,8,398915.0,sub-STSWD1233
5898,1.0,0.43137,1,1,1,1,1,1,1,True,sub-STSWD1233,428773,8,428773.0,sub-STSWD1233
5899,1.0,0.44831,1,1,1,1,1,1,1,True,sub-STSWD1233,431209,8,431209.0,sub-STSWD1233
5900,1.0,0.38253,1,1,1,1,1,1,1,True,sub-STSWD1233,433641,8,433641.0,sub-STSWD1233
5901,1.0,0.34118,1,1,2,1,1,1,1,True,sub-STSWD1233,436072,8,436072.0,sub-STSWD1233
5902,1.0,0.32241,1,1,1,1,1,1,1,True,sub-STSWD1233,438504,8,438504.0,sub-STSWD1233
5903,1.0,0.32346,1,1,2,1,1,1,1,True,sub-STSWD1233,440936,8,440936.0,sub-STSWD1233
5904,1.0,0.29423,1,1,2,1,1,1,1,True,sub-STSWD1233,443368,8,443368.0,sub-STSWD1233
5905,1.0,0.41126,1,1,2,1,1,1,1,True,sub-STSWD1233,445800,8,445800.0,sub-STSWD1233
5906,1.0,0.95311,1,3,1,1,1,1,1,True,sub-STSWD1233,450280,8,450280.0,sub-STSWD1233
5907,1.0,0.84305,1,3,1,1,1,1,1,True,sub-STSWD1233,452712,8,452712.0,sub-STSWD1233
5908,1.0,0.577,2,3,2,1,1,1,1,True,sub-STSWD1233,455144,8,455144.0,sub-STSWD1233
5909,1.0,0.80189,4,3,2,1,1,1,1,True,sub-STSWD1233,457576,8,457576.0,sub-STSWD1233
5910,1.0,0.93687,4,3,2,1,1,1,1,True,sub-STSWD1233,460008,8,460008.0,sub-STSWD1233
5911,1.0,0.93581,1,3,2,1,1,1,1,True,sub-STSWD1233,462440,8,462440.0,sub-STSWD1233
5912,1.0,0.46074,1,3,2,1,1,1,1,True,sub-STSWD1233,464872,8,464872.0,sub-STSWD1233
5913,1.0,0.51862,1,3,1,1,1,1,1,True,sub-STSWD1233,467304,8,467304.0,sub-STSWD1233
5914,1.0,0.80654,4,4,2,1,1,1,1,True,sub-STSWD1233,471784,8,471784.0,sub-STSWD1233
5915,1.0,0.87855,4,4,2,1,1,1,1,True,sub-STSWD1233,474216,8,474216.0,sub-STSWD1233
5916,1.0,0.73141,2,4,1,1,1,1,1,True,sub-STSWD1233,476648,8,476648.0,sub-STSWD1233
5917,1.0,0.99135,1,4,2,1,1,1,1,True,sub-STSWD1233,479080,8,479080.0,sub-STSWD1233
5918,1.0,0.4503,3,4,2,1,1,1,1,True,sub-STSWD1233,481512,8,481512.0,sub-STSWD1233
5919,1.0,0.66814,3,4,2,1,1,1,1,True,sub-STSWD1233,483944,8,483944.0,sub-STSWD1233
5920,1.0,0.80811,3,4,2,1,1,1,1,True,sub-STSWD1233,486376,8,486376.0,sub-STSWD1233
5921,0.0,0.783,1,4,2,1,1,1,1,True,sub-STSWD1233,488808,8,488808.0,sub-STSWD1233
5922,1.0,0.43394,1,2,1,1,1,1,1,True,sub-STSWD1233,493288,8,493288.0,sub-STSWD1233
5923,1.0,0.64392,1,2,2,1,1,1,1,True,sub-STSWD1233,495720,8,495720.0,sub-STSWD1233
5924,1.0,0.42877,4,2,2,1,1,1,1,True,sub-STSWD1233,498152,8,498152.0,sub-STSWD1233
5925,1.0,0.5617,4,2,2,1,1,1,1,True,sub-STSWD1233,500584,8,500584.0,sub-STSWD1233
5926,0.0,0.7777,1,2,2,1,1,1,1,True,sub-STSWD1233,503016,8,503016.0,sub-STSWD1233
5927,1.0,0.59365,4,2,1,1,1,1,1,True,sub-STSWD1233,505448,8,505448.0,sub-STSWD1233
5928,0.0,0.78758,4,2,1,1,1,1,1,True,sub-STSWD1233,507880,8,507880.0,sub-STSWD1233
5929,1.0,0.71252,1,2,1,1,1,1,1,True,sub-STSWD1233,510312,8,510312.0,sub-STSWD1233
5930,1.0,0.75339,1,4,2,1,1,1,1,True,sub-STSWD1233,514792,8,514792.0,sub-STSWD1233
5931,1.0,0.61934,3,4,2,1,1,1,1,True,sub-STSWD1233,517224,8,517224.0,sub-STSWD1233
5932,1.0,0.95126,4,4,2,1,1,1,1,True,sub-STSWD1233,519656,8,519656.0,sub-STSWD1233
5933,1.0,0.52122,4,4,1,1,1,1,1,True,sub-STSWD1233,522088,8,522088.0,sub-STSWD1233
5934,1.0,0.59815,2,4,2,1,1,1,1,True,sub-STSWD1233,524520,8,524520.0,sub-STSWD1233
5935,1.0,0.52007,2,4,1,1,1,1,1,True,sub-STSWD1233,526952,8,526952.0,sub-STSWD1233
5936,1.0,0.50201,2,4,2,1,1,1,1,True,sub-STSWD1233,529383,8,529383.0,sub-STSWD1233
5937,1.0,0.51995,1,4,1,1,1,1,1,True,sub-STSWD1233,531816,8,531816.0,sub-STSWD1233
5938,1.0,0.43083,1,1,2,1,1,1,1,True,sub-STSWD1233,536295,8,536295.0,sub-STSWD1233
5939,1.0,0.32977,1,1,1,1,1,1,1,True,sub-STSWD1233,538727,8,538727.0,sub-STSWD1233
5940,0.0,0.34059,1,1,1,1,1,1,1,True,sub-STSWD1233,541159,8,541159.0,sub-STSWD1233
5941,1.0,0.32464,1,1,2,1,1,1,1,True,sub-STSWD1233,543591,8,543591.0,sub-STSWD1233
5942,1.0,0.34557,1,1,1,1,1,1,1,True,sub-STSWD1233,546023,8,546023.0,sub-STSWD1233
5943,1.0,0.38542,1,1,2,1,1,1,1,True,sub-STSWD1233,548455,8,548455.0,sub-STSWD1233
5944,1.0,0.2884,1,1,2,1,1,1,1,True,sub-STSWD1233,550887,8,550887.0,sub-STSWD1233
5945,1.0,0.39438,1,1,1,1,1,1,1,True,sub-STSWD1233,553319,8,553319.0,sub-STSWD1233
5946,1.0,0.67425,3,3,1,1,1,1,1,True,sub-STSWD1233,557799,8,557799.0,sub-STSWD1233
5947,1.0,0.74718,3,3,2,1,1,1,1,True,sub-STSWD1233,560231,8,560231.0,sub-STSWD1233
5948,0.0,0.75341,3,3,2,1,1,1,1,True,sub-STSWD1233,562663,8,562663.0,sub-STSWD1233
5949,1.0,0.74401,4,3,2,1,1,1,1,True,sub-STSWD1233,565095,8,565095.0,sub-STSWD1233
5950,1.0,0.57299,2,3,1,1,1,1,1,True,sub-STSWD1233,567527,8,567527.0,sub-STSWD1233
5951,1.0,0.46393,2,3,2,1,1,1,1,True,sub-STSWD1233,569959,8,569959.0,sub-STSWD1233
5952,0.0,0.70986,4,3,1,1,1,1,1,True,sub-STSWD1233,572391,8,572391.0,sub-STSWD1233
5953,1.0,0.5438,3,3,2,1,1,1,1,True,sub-STSWD1233,574823,8,574823.0,sub-STSWD1233
5954,0.0,0.73068,4,2,1,1,1,1,1,True,sub-STSWD1233,579303,8,579303.0,sub-STSWD1233
5955,1.0,0.4446,3,2,2,1,1,1,1,True,sub-STSWD1233,581735,8,581735.0,sub-STSWD1233
5956,1.0,0.58455,3,2,2,1,1,1,1,True,sub-STSWD1233,584167,8,584167.0,sub-STSWD1233
5957,1.0,0.4854,4,2,1,1,1,1,1,True,sub-STSWD1233,586599,8,586599.0,sub-STSWD1233
5958,1.0,0.63438,3,2,1,1,1,1,1,True,sub-STSWD1233,589031,8,589031.0,sub-STSWD1233
5959,0.0,0.53852,4,2,2,1,1,1,1,True,sub-STSWD1233,591463,8,591463.0,sub-STSWD1233
5960,1.0,0.84818,4,2,2,1,1,1,1,True,sub-STSWD1233,593895,8,593895.0,sub-STSWD1233
5961,1.0,0.68323,3,2,1,1,1,1,1,True,sub-STSWD1233,596327,8,596327.0,sub-STSWD1233
5962,1.0,0.66041,3,3,2,1,1,1,1,True,sub-STSWD1233,625216,8,625216.0,sub-STSWD1233
5963,1.0,0.47039,3,3,1,1,1,1,1,True,sub-STSWD1233,627648,8,627648.0,sub-STSWD1233
5964,1.0,0.41532,3,3,2,1,1,1,1,True,sub-STSWD1233,630080,8,630080.0,sub-STSWD1233
5965,1.0,0.4842,3,3,1,1,1,1,1,True,sub-STSWD1233,632512,8,632512.0,sub-STSWD1233
5966,1.0,0.5882,2,3,1,1,1,1,1,True,sub-STSWD1233,634944,8,634944.0,sub-STSWD1233
5967,1.0,0.67309,4,3,2,1,1,1,1,True,sub-STSWD1233,637376,8,637376.0,sub-STSWD1233
5968,1.0,0.56602,2,3,2,1,1,1,1,True,sub-STSWD1233,639808,8,639808.0,sub-STSWD1233
5969,1.0,0.623,4,3,1,1,1,1,1,True,sub-STSWD1233,642240,8,642240.0,sub-STSWD1233
5970,1.0,0.3318,2,1,2,1,1,1,1,True,sub-STSWD1233,646720,8,646720.0,sub-STSWD1233
5971,1.0,0.28575,2,1,2,1,1,1,1,True,sub-STSWD1233,649152,8,649152.0,sub-STSWD1233
5972,1.0,0.34472,2,1,1,1,1,1,1,True,sub-STSWD1233,651584,8,651584.0,sub-STSWD1233
5973,1.0,0.31155,2,1,2,1,1,1,1,True,sub-STSWD1233,654015,8,654015.0,sub-STSWD1233
5974,1.0,0.33362,2,1,2,1,1,1,1,True,sub-STSWD1233,656447,8,656447.0,sub-STSWD1233
5975,1.0,0.46949,2,1,2,1,1,1,1,True,sub-STSWD1233,661311,8,661311.0,sub-STSWD1233
5976,1.0,0.29139,2,1,2,1,1,1,1,True,sub-STSWD1233,663744,8,663744.0,sub-STSWD1233
5977,1.0,0.75629,3,4,2,1,1,1,1,True,sub-STSWD1233,668223,8,668223.0,sub-STSWD1233
5978,1.0,0.56423,3,4,2,1,1,1,1,True,sub-STSWD1233,670655,8,670655.0,sub-STSWD1233
5979,1.0,0.49317,3,4,1,1,1,1,1,True,sub-STSWD1233,673087,8,673087.0,sub-STSWD1233
5980,1.0,0.4091,4,4,1,1,1,1,1,True,sub-STSWD1233,675519,8,675519.0,sub-STSWD1233
5981,0.0,0.81503,4,4,1,1,1,1,1,True,sub-STSWD1233,677951,8,677951.0,sub-STSWD1233
5982,1.0,0.53297,2,4,2,1,1,1,1,True,sub-STSWD1233,680383,8,680383.0,sub-STSWD1233
5983,1.0,0.88591,1,4,1,1,1,1,1,True,sub-STSWD1233,682815,8,682815.0,sub-STSWD1233
5984,1.0,0.54485,1,4,2,1,1,1,1,True,sub-STSWD1233,685247,8,685247.0,sub-STSWD1233
5985,1.0,0.61572,2,2,2,1,1,1,1,True,sub-STSWD1233,689727,8,689727.0,sub-STSWD1233
5986,1.0,0.36667,4,2,1,1,1,1,1,True,sub-STSWD1233,692159,8,692159.0,sub-STSWD1233
5987,0.0,0.68555,4,2,1,1,1,1,1,True,sub-STSWD1233,694591,8,694591.0,sub-STSWD1233
5988,1.0,0.53053,4,2,2,1,1,1,1,True,sub-STSWD1233,697023,8,697023.0,sub-STSWD1233
5989,1.0,0.48845,2,2,1,1,1,1,1,True,sub-STSWD1233,699455,8,699455.0,sub-STSWD1233
5990,1.0,0.54563,4,2,2,1,1,1,1,True,sub-STSWD1233,701887,8,701887.0,sub-STSWD1233
5991,1.0,0.49734,2,2,2,1,1,1,1,True,sub-STSWD1233,704319,8,704319.0,sub-STSWD1233
5992,1.0,0.5231,2,2,1,1,1,1,1,True,sub-STSWD1233,706751,8,706751.0,sub-STSWD1233
5993,0.0,0.71315,4,4,1,1,1,1,1,True,sub-STSWD1233,711231,8,711231.0,sub-STSWD1233
5994,1.0,0.82409,1,4,1,1,1,1,1,True,sub-STSWD1233,713663,8,713663.0,sub-STSWD1233
5995,1.0,0.66502,3,4,1,1,1,1,1,True,sub-STSWD1233,716095,8,716095.0,sub-STSWD1233
5996,1.0,0.58797,1,4,1,1,1,1,1,True,sub-STSWD1233,718527,8,718527.0,sub-STSWD1233
5997,1.0,0.46791,4,4,1,1,1,1,1,True,sub-STSWD1233,720959,8,720959.0,sub-STSWD1233
5998,1.0,0.62183,2,4,2,1,1,1,1,True,sub-STSWD1233,723391,8,723391.0,sub-STSWD1233
5999,1.0,0.60277,2,4,1,1,1,1,1,True,sub-STSWD1233,725823,8,725823.0,sub-STSWD1233
6000,1.0,0.60669,2,4,2,1,1,1,1,True,sub-STSWD1233,728255,8,728255.0,sub-STSWD1233
6001,1.0,0.58959,1,3,2,1,1,1,1,True,sub-STSWD1233,732735,8,732735.0,sub-STSWD1233
6002,1.0,0.69251,4,3,1,1,1,1,1,True,sub-STSWD1233,735166,8,735166.0,sub-STSWD1233
6003,1.0,0.40638,2,3,2,1,1,1,1,True,sub-STSWD1233,737599,8,737599.0,sub-STSWD1233
6004,1.0,0.38739,2,3,2,1,1,1,1,True,sub-STSWD1233,740031,8,740031.0,sub-STSWD1233
6005,0.0,0.46432,1,3,2,1,1,1,1,True,sub-STSWD1233,742463,8,742463.0,sub-STSWD1233
6006,1.0,0.8252,1,3,1,1,1,1,1,True,sub-STSWD1233,744895,8,744895.0,sub-STSWD1233
6007,1.0,0.53846,2,3,1,1,1,1,1,True,sub-STSWD1233,747327,8,747327.0,sub-STSWD1233
6008,1.0,0.69442,4,3,2,1,1,1,1,True,sub-STSWD1233,749758,8,749758.0,sub-STSWD1233
6009,1.0,0.53597,2,2,1,1,1,1,1,True,sub-STSWD1233,754239,8,754239.0,sub-STSWD1233
6010,1.0,0.4833,1,2,2,1,1,1,1,True,sub-STSWD1233,756671,8,756671.0,sub-STSWD1233
6011,1.0,0.61618,1,2,1,1,1,1,1,True,sub-STSWD1233,759103,8,759103.0,sub-STSWD1233
6012,1.0,0.46582,2,2,1,1,1,1,1,True,sub-STSWD1233,761539,8,761539.0,sub-STSWD1233
6013,1.0,0.36577,2,2,2,1,1,1,1,True,sub-STSWD1233,763971,8,763971.0,sub-STSWD1233
6014,1.0,0.48634,2,2,2,1,1,1,1,True,sub-STSWD1233,766403,8,766403.0,sub-STSWD1233
6015,1.0,0.42828,1,2,2,1,1,1,1,True,sub-STSWD1233,768835,8,768835.0,sub-STSWD1233
6016,1.0,0.4949,1,2,2,1,1,1,1,True,sub-STSWD1233,771266,8,771266.0,sub-STSWD1233
6017,1.0,0.27273,2,1,1,1,1,1,1,True,sub-STSWD1233,775746,8,775746.0,sub-STSWD1233
6018,1.0,0.26172,2,1,2,1,1,1,1,True,sub-STSWD1233,778178,8,778178.0,sub-STSWD1233
6019,1.0,0.37165,2,1,1,1,1,1,1,True,sub-STSWD1233,780610,8,780610.0,sub-STSWD1233
6020,1.0,0.32892,2,1,1,1,1,1,1,True,sub-STSWD1233,783042,8,783042.0,sub-STSWD1233
6021,1.0,0.30772,2,1,1,1,1,1,1,True,sub-STSWD1233,785474,8,785474.0,sub-STSWD1233
6022,1.0,0.38472,2,1,1,1,1,1,1,True,sub-STSWD1233,790338,8,790338.0,sub-STSWD1233
6023,1.0,0.26074,2,1,2,1,1,1,1,True,sub-STSWD1233,792770,8,792770.0,sub-STSWD1233
6024,1.0,0.79994,2,2,1,1,1,1,1,True,sub-STSWD1234,28849,8,28849.0,sub-STSWD1234
6025,1.0,0.98284,2,2,2,1,1,1,1,True,sub-STSWD1234,31280,8,31280.0,sub-STSWD1234
6026,0.0,1.0246,2,2,1,1,1,1,1,True,sub-STSWD1234,38576,8,38576.0,sub-STSWD1234
6027,1.0,0.73265,2,2,2,1,1,1,1,True,sub-STSWD1234,41008,8,41008.0,sub-STSWD1234
6028,1.0,0.96058,1,2,2,1,1,1,1,True,sub-STSWD1234,43440,8,43440.0,sub-STSWD1234
6029,0.0,0.85639,4,4,1,1,1,1,1,True,sub-STSWD1234,50352,8,50352.0,sub-STSWD1234
6030,0.0,1.0383,4,4,1,1,1,1,1,True,sub-STSWD1234,52784,8,52784.0,sub-STSWD1234
6031,0.0,0.93427,1,4,1,1,1,1,1,True,sub-STSWD1234,55216,8,55216.0,sub-STSWD1234
6032,0.0,0.54721,2,4,1,1,1,1,1,True,sub-STSWD1234,57648,8,57648.0,sub-STSWD1234
6033,0.0,0.61918,2,4,1,1,1,1,1,True,sub-STSWD1234,60080,8,60080.0,sub-STSWD1234
6034,1.0,0.81607,3,4,2,1,1,1,1,True,sub-STSWD1234,62512,8,62512.0,sub-STSWD1234
6035,1.0,0.87604,3,4,2,1,1,1,1,True,sub-STSWD1234,64944,8,64944.0,sub-STSWD1234
6036,1.0,0.69194,3,4,1,1,1,1,1,True,sub-STSWD1234,67376,8,67376.0,sub-STSWD1234
6037,1.0,0.45386,2,3,2,1,1,1,1,True,sub-STSWD1234,71856,8,71856.0,sub-STSWD1234
6038,1.0,0.58879,2,3,2,1,1,1,1,True,sub-STSWD1234,74288,8,74288.0,sub-STSWD1234
6039,0.0,1.0736,1,3,2,1,1,1,1,True,sub-STSWD1234,76719,8,76719.0,sub-STSWD1234
6040,0.0,0.49966,3,3,1,1,1,1,1,True,sub-STSWD1234,79151,8,79151.0,sub-STSWD1234
6041,1.0,0.88356,3,3,2,1,1,1,1,True,sub-STSWD1234,81583,8,81583.0,sub-STSWD1234
6042,1.0,0.48149,2,3,2,1,1,1,1,True,sub-STSWD1234,84015,8,84015.0,sub-STSWD1234
6043,1.0,0.50443,2,3,2,1,1,1,1,True,sub-STSWD1234,86447,8,86447.0,sub-STSWD1234
6044,0.0,0.61936,2,3,1,1,1,1,1,True,sub-STSWD1234,88879,8,88879.0,sub-STSWD1234
6045,1.0,0.62224,4,1,1,1,1,1,1,True,sub-STSWD1234,93359,8,93359.0,sub-STSWD1234
6046,0.0,0.46321,4,1,1,1,1,1,1,True,sub-STSWD1234,95791,8,95791.0,sub-STSWD1234
6047,0.0,0.41611,4,1,1,1,1,1,1,True,sub-STSWD1234,98223,8,98223.0,sub-STSWD1234
6048,1.0,0.49904,4,1,1,1,1,1,1,True,sub-STSWD1234,100655,8,100655.0,sub-STSWD1234
6049,1.0,0.32904,4,1,2,1,1,1,1,True,sub-STSWD1234,103087,8,103087.0,sub-STSWD1234
6050,1.0,0.29978,4,1,2,1,1,1,1,True,sub-STSWD1234,105519,8,105519.0,sub-STSWD1234
6051,0.0,0.39286,4,1,1,1,1,1,1,True,sub-STSWD1234,107951,8,107951.0,sub-STSWD1234
6052,1.0,0.44475,4,1,2,1,1,1,1,True,sub-STSWD1234,110383,8,110383.0,sub-STSWD1234
6053,1.0,0.67475,4,3,2,1,1,1,1,True,sub-STSWD1234,114863,8,114863.0,sub-STSWD1234
6054,0.0,0.6346,1,3,1,1,1,1,1,True,sub-STSWD1234,117295,8,117295.0,sub-STSWD1234
6055,1.0,0.75153,4,3,2,1,1,1,1,True,sub-STSWD1234,119727,8,119727.0,sub-STSWD1234
6056,0.0,0.61846,4,3,1,1,1,1,1,True,sub-STSWD1234,122159,8,122159.0,sub-STSWD1234
6057,1.0,0.5884,4,3,2,1,1,1,1,True,sub-STSWD1234,124591,8,124591.0,sub-STSWD1234
6058,0.0,0.67334,4,3,1,1,1,1,1,True,sub-STSWD1234,127023,8,127023.0,sub-STSWD1234
6059,1.0,0.89919,1,3,2,1,1,1,1,True,sub-STSWD1234,129455,8,129455.0,sub-STSWD1234
6060,1.0,0.55025,3,3,1,1,1,1,1,True,sub-STSWD1234,131887,8,131887.0,sub-STSWD1234
6061,0.0,0.78409,1,2,1,1,1,1,1,True,sub-STSWD1234,136367,8,136367.0,sub-STSWD1234
6062,0.0,0.45106,4,2,1,1,1,1,1,True,sub-STSWD1234,138799,8,138799.0,sub-STSWD1234
6063,1.0,0.79099,1,2,1,1,1,1,1,True,sub-STSWD1234,141231,8,141231.0,sub-STSWD1234
6064,1.0,0.68789,4,2,2,1,1,1,1,True,sub-STSWD1234,143663,8,143663.0,sub-STSWD1234
6065,0.0,0.55082,4,2,1,1,1,1,1,True,sub-STSWD1234,146095,8,146095.0,sub-STSWD1234
6066,1.0,0.5316,4,2,2,1,1,1,1,True,sub-STSWD1234,148527,8,148527.0,sub-STSWD1234
6067,1.0,0.57562,1,2,1,1,1,1,1,True,sub-STSWD1234,150959,8,150959.0,sub-STSWD1234
6068,1.0,0.78763,1,2,1,1,1,1,1,True,sub-STSWD1234,153391,8,153391.0,sub-STSWD1234
6069,1.0,0.36151,3,1,2,1,1,1,1,True,sub-STSWD1234,157870,8,157870.0,sub-STSWD1234
6070,1.0,0.41044,3,1,1,1,1,1,1,True,sub-STSWD1234,160302,8,160302.0,sub-STSWD1234
6071,1.0,0.53138,3,1,1,1,1,1,1,True,sub-STSWD1234,162734,8,162734.0,sub-STSWD1234
6072,1.0,0.31019,3,1,2,1,1,1,1,True,sub-STSWD1234,165166,8,165166.0,sub-STSWD1234
6073,1.0,0.34721,3,1,1,1,1,1,1,True,sub-STSWD1234,167598,8,167598.0,sub-STSWD1234
6074,1.0,0.36115,3,1,1,1,1,1,1,True,sub-STSWD1234,170030,8,170030.0,sub-STSWD1234
6075,1.0,0.27808,3,1,2,1,1,1,1,True,sub-STSWD1234,172462,8,172462.0,sub-STSWD1234
6076,1.0,0.35101,3,1,1,1,1,1,1,True,sub-STSWD1234,174894,8,174894.0,sub-STSWD1234
6077,1.0,0.55193,4,4,2,1,1,1,1,True,sub-STSWD1234,179374,8,179374.0,sub-STSWD1234
6078,0.0,0.64387,2,4,1,1,1,1,1,True,sub-STSWD1234,181806,8,181806.0,sub-STSWD1234
6079,0.0,0.55685,2,4,2,1,1,1,1,True,sub-STSWD1234,184238,8,184238.0,sub-STSWD1234
6080,1.0,0.49877,1,4,2,1,1,1,1,True,sub-STSWD1234,186670,8,186670.0,sub-STSWD1234
6081,1.0,0.83071,1,4,2,1,1,1,1,True,sub-STSWD1234,189102,8,189102.0,sub-STSWD1234
6082,0.0,0.74761,3,4,1,1,1,1,1,True,sub-STSWD1234,191534,8,191534.0,sub-STSWD1234
6083,1.0,0.73254,1,4,1,1,1,1,1,True,sub-STSWD1234,193966,8,193966.0,sub-STSWD1234
6084,1.0,1.0424,4,4,2,1,1,1,1,True,sub-STSWD1234,196398,8,196398.0,sub-STSWD1234
6085,0.0,0.40365,2,1,1,1,1,1,1,True,sub-STSWD1234,227079,8,227079.0,sub-STSWD1234
6086,1.0,0.3856,2,1,1,1,1,1,1,True,sub-STSWD1234,229511,8,229511.0,sub-STSWD1234
6087,1.0,0.37457,2,1,2,1,1,1,1,True,sub-STSWD1234,231943,8,231943.0,sub-STSWD1234
6088,1.0,0.34846,2,1,1,1,1,1,1,True,sub-STSWD1234,234375,8,234375.0,sub-STSWD1234
6089,1.0,0.30639,2,1,2,1,1,1,1,True,sub-STSWD1234,236807,8,236807.0,sub-STSWD1234
6090,1.0,0.31822,2,1,1,1,1,1,1,True,sub-STSWD1234,239239,8,239239.0,sub-STSWD1234
6091,1.0,0.30026,2,1,1,1,1,1,1,True,sub-STSWD1234,241671,8,241671.0,sub-STSWD1234
6092,0.0,0.38621,2,1,2,1,1,1,1,True,sub-STSWD1234,244103,8,244103.0,sub-STSWD1234
6093,1.0,0.71807,1,3,1,1,1,1,1,True,sub-STSWD1234,248583,8,248583.0,sub-STSWD1234
6094,1.0,0.4529,4,3,2,1,1,1,1,True,sub-STSWD1234,251015,8,251015.0,sub-STSWD1234
6095,1.0,0.50894,4,3,2,1,1,1,1,True,sub-STSWD1234,253447,8,253447.0,sub-STSWD1234
6096,1.0,0.70292,1,3,1,1,1,1,1,True,sub-STSWD1234,255879,8,255879.0,sub-STSWD1234
6097,0.0,0.86581,1,3,2,1,1,1,1,True,sub-STSWD1234,258311,8,258311.0,sub-STSWD1234
6098,1.0,0.67678,1,3,2,1,1,1,1,True,sub-STSWD1234,260743,8,260743.0,sub-STSWD1234
6099,1.0,0.50857,2,3,1,1,1,1,1,True,sub-STSWD1234,263175,8,263175.0,sub-STSWD1234
6100,1.0,0.6097,2,3,1,1,1,1,1,True,sub-STSWD1234,265607,8,265607.0,sub-STSWD1234
6101,0.0,0.9935,4,4,1,1,1,1,1,True,sub-STSWD1234,270087,8,270087.0,sub-STSWD1234
6102,0.0,0.75642,4,4,1,1,1,1,1,True,sub-STSWD1234,272519,8,272519.0,sub-STSWD1234
6103,1.0,0.44737,1,4,2,1,1,1,1,True,sub-STSWD1234,274951,8,274951.0,sub-STSWD1234
6104,1.0,0.44931,2,4,1,1,1,1,1,True,sub-STSWD1234,277382,8,277382.0,sub-STSWD1234
6105,0.0,0.83523,1,4,2,1,1,1,1,True,sub-STSWD1234,279815,8,279815.0,sub-STSWD1234
6106,0.0,0.55521,3,4,1,1,1,1,1,True,sub-STSWD1234,282246,8,282246.0,sub-STSWD1234
6107,0.0,0.53411,2,4,1,1,1,1,1,True,sub-STSWD1234,284678,8,284678.0,sub-STSWD1234
6108,0.0,0.47103,2,4,2,1,1,1,1,True,sub-STSWD1234,287110,8,287110.0,sub-STSWD1234
6109,1.0,0.65892,1,2,1,1,1,1,1,True,sub-STSWD1234,291590,8,291590.0,sub-STSWD1234
6110,1.0,0.50086,3,2,2,1,1,1,1,True,sub-STSWD1234,294022,8,294022.0,sub-STSWD1234
6111,1.0,0.44384,1,2,2,1,1,1,1,True,sub-STSWD1234,296454,8,296454.0,sub-STSWD1234
6112,1.0,0.43072,1,2,2,1,1,1,1,True,sub-STSWD1234,298886,8,298886.0,sub-STSWD1234
6113,0.0,0.67967,3,2,1,1,1,1,1,True,sub-STSWD1234,301318,8,301318.0,sub-STSWD1234
6114,1.0,0.3316,3,2,2,1,1,1,1,True,sub-STSWD1234,303750,8,303750.0,sub-STSWD1234
6115,1.0,0.45054,3,2,2,1,1,1,1,True,sub-STSWD1234,306182,8,306182.0,sub-STSWD1234
6116,1.0,0.70746,1,2,2,1,1,1,1,True,sub-STSWD1234,308614,8,308614.0,sub-STSWD1234
6117,1.0,0.48735,2,4,2,1,1,1,1,True,sub-STSWD1234,313094,8,313094.0,sub-STSWD1234
6118,0.0,0.86028,4,4,2,1,1,1,1,True,sub-STSWD1234,315526,8,315526.0,sub-STSWD1234
6119,0.0,0.64321,4,4,1,1,1,1,1,True,sub-STSWD1234,317958,8,317958.0,sub-STSWD1234
6120,0.0,0.50415,3,4,1,1,1,1,1,True,sub-STSWD1234,320390,8,320390.0,sub-STSWD1234
6121,1.0,0.53908,3,4,1,1,1,1,1,True,sub-STSWD1234,322822,8,322822.0,sub-STSWD1234
6122,1.0,0.42606,3,4,2,1,1,1,1,True,sub-STSWD1234,325254,8,325254.0,sub-STSWD1234
6123,1.0,0.60095,1,4,2,1,1,1,1,True,sub-STSWD1234,327686,8,327686.0,sub-STSWD1234
6124,0.0,0.75389,1,4,2,1,1,1,1,True,sub-STSWD1234,330118,8,330118.0,sub-STSWD1234
6125,0.0,0.71976,3,3,1,1,1,1,1,True,sub-STSWD1234,334598,8,334598.0,sub-STSWD1234
6126,1.0,0.55384,3,3,2,1,1,1,1,True,sub-STSWD1234,337030,8,337030.0,sub-STSWD1234
6127,1.0,0.36675,2,3,2,1,1,1,1,True,sub-STSWD1234,339462,8,339462.0,sub-STSWD1234
6128,1.0,0.35859,2,3,1,1,1,1,1,True,sub-STSWD1234,341894,8,341894.0,sub-STSWD1234
6129,0.0,0.57354,4,3,1,1,1,1,1,True,sub-STSWD1234,344326,8,344326.0,sub-STSWD1234
6130,0.0,0.58844,4,3,1,1,1,1,1,True,sub-STSWD1234,346758,8,346758.0,sub-STSWD1234
6131,1.0,0.69338,3,3,1,1,1,1,1,True,sub-STSWD1234,349190,8,349190.0,sub-STSWD1234
6132,1.0,0.41533,3,3,2,1,1,1,1,True,sub-STSWD1234,351622,8,351622.0,sub-STSWD1234
6133,0.0,0.3042,4,1,1,1,1,1,1,True,sub-STSWD1234,356102,8,356102.0,sub-STSWD1234
6134,0.0,0.37915,4,1,1,1,1,1,1,True,sub-STSWD1234,358534,8,358534.0,sub-STSWD1234
6135,1.0,0.50606,4,1,2,1,1,1,1,True,sub-STSWD1234,360966,8,360966.0,sub-STSWD1234
6136,0.0,0.321,4,1,1,1,1,1,1,True,sub-STSWD1234,363398,8,363398.0,sub-STSWD1234
6137,1.0,0.30898,4,1,2,1,1,1,1,True,sub-STSWD1234,365830,8,365830.0,sub-STSWD1234
6138,1.0,0.366,4,1,2,1,1,1,1,True,sub-STSWD1234,368262,8,368262.0,sub-STSWD1234
6139,1.0,0.41381,4,1,2,1,1,1,1,True,sub-STSWD1234,370694,8,370694.0,sub-STSWD1234
6140,1.0,0.35074,4,1,2,1,1,1,1,True,sub-STSWD1234,373126,8,373126.0,sub-STSWD1234
6141,1.0,0.56767,2,2,1,1,1,1,1,True,sub-STSWD1234,377606,8,377606.0,sub-STSWD1234
6142,0.0,0.46855,4,2,1,1,1,1,1,True,sub-STSWD1234,380038,8,380038.0,sub-STSWD1234
6143,1.0,0.30753,4,2,2,1,1,1,1,True,sub-STSWD1234,382469,8,382469.0,sub-STSWD1234
6144,0.0,0.37941,4,2,1,1,1,1,1,True,sub-STSWD1234,384901,8,384901.0,sub-STSWD1234
6145,1.0,0.43336,2,2,1,1,1,1,1,True,sub-STSWD1234,387333,8,387333.0,sub-STSWD1234
6146,1.0,0.48337,4,2,2,1,1,1,1,True,sub-STSWD1234,389765,8,389765.0,sub-STSWD1234
6147,1.0,0.31923,2,2,2,1,1,1,1,True,sub-STSWD1234,392197,8,392197.0,sub-STSWD1234
6148,1.0,0.33721,2,2,2,1,1,1,1,True,sub-STSWD1234,394629,8,394629.0,sub-STSWD1234
6149,0.0,0.77294,1,4,1,1,1,1,1,True,sub-STSWD1234,427636,8,427636.0,sub-STSWD1234
6150,0.0,0.47088,2,4,2,1,1,1,1,True,sub-STSWD1234,430068,8,430068.0,sub-STSWD1234
6151,1.0,0.51482,2,4,2,1,1,1,1,True,sub-STSWD1234,432500,8,432500.0,sub-STSWD1234
6152,1.0,0.61234,4,4,2,1,1,1,1,True,sub-STSWD1234,434932,8,434932.0,sub-STSWD1234
6153,0.0,0.64171,4,4,1,1,1,1,1,True,sub-STSWD1234,437364,8,437364.0,sub-STSWD1234
6154,0.0,0.46862,1,4,1,1,1,1,1,True,sub-STSWD1234,439796,8,439796.0,sub-STSWD1234
6155,1.0,0.69741,3,4,2,1,1,1,1,True,sub-STSWD1234,442228,8,442228.0,sub-STSWD1234
6156,1.0,0.78952,3,4,1,1,1,1,1,True,sub-STSWD1234,444660,8,444660.0,sub-STSWD1234
6157,0.0,0.44336,3,2,1,1,1,1,1,True,sub-STSWD1234,449140,8,449140.0,sub-STSWD1234
6158,1.0,0.47931,4,2,2,1,1,1,1,True,sub-STSWD1234,451571,8,451571.0,sub-STSWD1234
6159,0.0,0.30528,4,2,1,1,1,1,1,True,sub-STSWD1234,454003,8,454003.0,sub-STSWD1234
6160,1.0,0.38317,3,2,2,1,1,1,1,True,sub-STSWD1234,456435,8,456435.0,sub-STSWD1234
6161,1.0,0.46611,4,2,2,1,1,1,1,True,sub-STSWD1234,458867,8,458867.0,sub-STSWD1234
6162,0.0,0.47504,4,2,1,1,1,1,1,True,sub-STSWD1234,461299,8,461299.0,sub-STSWD1234
6163,1.0,0.36191,4,2,2,1,1,1,1,True,sub-STSWD1234,463731,8,463731.0,sub-STSWD1234
6164,1.0,0.40792,3,2,2,1,1,1,1,True,sub-STSWD1234,466163,8,466163.0,sub-STSWD1234
6165,1.0,0.26384,2,1,2,1,1,1,1,True,sub-STSWD1234,470643,8,470643.0,sub-STSWD1234
6166,1.0,0.28873,2,1,2,1,1,1,1,True,sub-STSWD1234,473075,8,473075.0,sub-STSWD1234
6167,1.0,0.28971,2,1,1,1,1,1,1,True,sub-STSWD1234,475507,8,475507.0,sub-STSWD1234
6168,1.0,0.29758,2,1,2,1,1,1,1,True,sub-STSWD1234,477939,8,477939.0,sub-STSWD1234
6169,0.0,0.32053,2,1,1,1,1,1,1,True,sub-STSWD1234,480371,8,480371.0,sub-STSWD1234
6170,1.0,0.32052,2,1,2,1,1,1,1,True,sub-STSWD1234,482803,8,482803.0,sub-STSWD1234
6171,1.0,0.28241,2,1,2,1,1,1,1,True,sub-STSWD1234,485235,8,485235.0,sub-STSWD1234
6172,1.0,0.37529,2,1,1,1,1,1,1,True,sub-STSWD1234,487667,8,487667.0,sub-STSWD1234
6173,0.0,0.4402,3,3,1,1,1,1,1,True,sub-STSWD1234,492147,8,492147.0,sub-STSWD1234
6174,1.0,0.45402,3,3,1,1,1,1,1,True,sub-STSWD1234,494579,8,494579.0,sub-STSWD1234
6175,0.0,0.76909,1,3,1,1,1,1,1,True,sub-STSWD1234,497011,8,497011.0,sub-STSWD1234
6176,1.0,0.60106,3,3,2,1,1,1,1,True,sub-STSWD1234,499443,8,499443.0,sub-STSWD1234
6177,1.0,0.75297,1,3,1,1,1,1,1,True,sub-STSWD1234,501875,8,501875.0,sub-STSWD1234
6178,0.0,0.56989,4,3,1,1,1,1,1,True,sub-STSWD1234,504307,8,504307.0,sub-STSWD1234
6179,1.0,0.64183,4,3,2,1,1,1,1,True,sub-STSWD1234,506739,8,506739.0,sub-STSWD1234
6180,0.0,0.6968,4,3,1,1,1,1,1,True,sub-STSWD1234,509171,8,509171.0,sub-STSWD1234
6181,1.0,0.48565,3,4,2,1,1,1,1,True,sub-STSWD1234,513651,8,513651.0,sub-STSWD1234
6182,1.0,0.49836,3,4,2,1,1,1,1,True,sub-STSWD1234,516083,8,516083.0,sub-STSWD1234
6183,0.0,0.67032,1,4,1,1,1,1,1,True,sub-STSWD1234,518515,8,518515.0,sub-STSWD1234
6184,1.0,0.82046,2,4,2,1,1,1,1,True,sub-STSWD1234,520947,8,520947.0,sub-STSWD1234
6185,1.0,0.64242,2,4,1,1,1,1,1,True,sub-STSWD1234,523379,8,523379.0,sub-STSWD1234
6186,1.0,0.41836,1,4,2,1,1,1,1,True,sub-STSWD1234,525811,8,525811.0,sub-STSWD1234
6187,1.0,0.62229,4,4,2,1,1,1,1,True,sub-STSWD1234,528243,8,528243.0,sub-STSWD1234
6188,0.0,0.60618,4,4,1,1,1,1,1,True,sub-STSWD1234,530675,8,530675.0,sub-STSWD1234
6189,1.0,0.34991,1,1,1,1,1,1,1,True,sub-STSWD1234,535155,8,535155.0,sub-STSWD1234
6190,1.0,0.28193,1,1,2,1,1,1,1,True,sub-STSWD1234,537587,8,537587.0,sub-STSWD1234
6191,1.0,0.28196,1,1,1,1,1,1,1,True,sub-STSWD1234,540019,8,540019.0,sub-STSWD1234
6192,1.0,0.26192,1,1,2,1,1,1,1,True,sub-STSWD1234,542451,8,542451.0,sub-STSWD1234
6193,1.0,0.27381,1,1,1,1,1,1,1,True,sub-STSWD1234,544883,8,544883.0,sub-STSWD1234
6194,1.0,0.26264,1,1,1,1,1,1,1,True,sub-STSWD1234,547315,8,547315.0,sub-STSWD1234
6195,1.0,0.27882,1,1,2,1,1,1,1,True,sub-STSWD1234,549747,8,549747.0,sub-STSWD1234
6196,1.0,0.30265,1,1,1,1,1,1,1,True,sub-STSWD1234,552179,8,552179.0,sub-STSWD1234
6197,1.0,0.27446,2,2,1,1,1,1,1,True,sub-STSWD1234,556659,8,556659.0,sub-STSWD1234
6198,1.0,0.33745,1,2,2,1,1,1,1,True,sub-STSWD1234,559091,8,559091.0,sub-STSWD1234
6199,1.0,0.36428,1,2,1,1,1,1,1,True,sub-STSWD1234,561523,8,561523.0,sub-STSWD1234
6200,0.0,0.33034,2,2,1,1,1,1,1,True,sub-STSWD1234,563955,8,563955.0,sub-STSWD1234
6201,1.0,0.34526,1,2,2,1,1,1,1,True,sub-STSWD1234,566387,8,566387.0,sub-STSWD1234
6202,1.0,0.35418,2,2,2,1,1,1,1,True,sub-STSWD1234,568819,8,568819.0,sub-STSWD1234
6203,1.0,0.32312,2,2,1,1,1,1,1,True,sub-STSWD1234,571251,8,571251.0,sub-STSWD1234
6204,1.0,0.46206,1,2,2,1,1,1,1,True,sub-STSWD1234,573683,8,573683.0,sub-STSWD1234
6205,1.0,0.40785,2,3,2,1,1,1,1,True,sub-STSWD1234,578163,8,578163.0,sub-STSWD1234
6206,0.0,0.49685,1,3,1,1,1,1,1,True,sub-STSWD1234,580594,8,580594.0,sub-STSWD1234
6207,0.0,0.53578,4,3,1,1,1,1,1,True,sub-STSWD1234,583027,8,583027.0,sub-STSWD1234
6208,1.0,0.39976,2,3,2,1,1,1,1,True,sub-STSWD1234,585458,8,585458.0,sub-STSWD1234
6209,1.0,0.43671,1,3,2,1,1,1,1,True,sub-STSWD1234,587890,8,587890.0,sub-STSWD1234
6210,1.0,0.56259,1,3,2,1,1,1,1,True,sub-STSWD1234,590322,8,590322.0,sub-STSWD1234
6211,1.0,0.53754,1,3,2,1,1,1,1,True,sub-STSWD1234,592754,8,592754.0,sub-STSWD1234
6212,1.0,0.72047,4,3,2,1,1,1,1,True,sub-STSWD1234,595186,8,595186.0,sub-STSWD1234
6213,1.0,0.47432,2,4,2,1,1,1,1,True,sub-STSWD1234,625556,8,625556.0,sub-STSWD1234
6214,1.0,0.38424,2,4,1,1,1,1,1,True,sub-STSWD1234,627988,8,627988.0,sub-STSWD1234
6215,0.0,0.5442,1,4,1,1,1,1,1,True,sub-STSWD1234,630420,8,630420.0,sub-STSWD1234
6216,1.0,0.49726,3,4,2,1,1,1,1,True,sub-STSWD1234,632852,8,632852.0,sub-STSWD1234
6217,1.0,0.4431,3,4,2,1,1,1,1,True,sub-STSWD1234,635284,8,635284.0,sub-STSWD1234
6218,0.0,0.483,3,4,1,1,1,1,1,True,sub-STSWD1234,637716,8,637716.0,sub-STSWD1234
6219,0.0,0.61693,4,4,1,1,1,1,1,True,sub-STSWD1234,640148,8,640148.0,sub-STSWD1234
6220,1.0,0.52791,1,4,2,1,1,1,1,True,sub-STSWD1234,642580,8,642580.0,sub-STSWD1234
6221,1.0,0.63275,2,3,1,1,1,1,1,True,sub-STSWD1234,647060,8,647060.0,sub-STSWD1234
6222,0.0,0.63948,3,3,2,1,1,1,1,True,sub-STSWD1234,649492,8,649492.0,sub-STSWD1234
6223,1.0,0.40166,3,3,1,1,1,1,1,True,sub-STSWD1234,651924,8,651924.0,sub-STSWD1234
6224,0.0,0.64656,4,3,1,1,1,1,1,True,sub-STSWD1234,654356,8,654356.0,sub-STSWD1234
6225,1.0,0.5985,3,3,2,1,1,1,1,True,sub-STSWD1234,656788,8,656788.0,sub-STSWD1234
6226,1.0,0.53924,3,3,2,1,1,1,1,True,sub-STSWD1234,659220,8,659220.0,sub-STSWD1234
6227,1.0,0.4154,2,3,1,1,1,1,1,True,sub-STSWD1234,661652,8,661652.0,sub-STSWD1234
6228,1.0,0.39629,4,3,2,1,1,1,1,True,sub-STSWD1234,664084,8,664084.0,sub-STSWD1234
6229,1.0,0.31984,3,2,1,1,1,1,1,True,sub-STSWD1234,668564,8,668564.0,sub-STSWD1234
6230,0.0,0.31303,4,2,1,1,1,1,1,True,sub-STSWD1234,670996,8,670996.0,sub-STSWD1234
6231,1.0,0.35498,4,2,2,1,1,1,1,True,sub-STSWD1234,673428,8,673428.0,sub-STSWD1234
6232,0.0,0.36792,4,2,1,1,1,1,1,True,sub-STSWD1234,678292,8,678292.0,sub-STSWD1234
6233,0.0,0.41685,3,2,1,1,1,1,1,True,sub-STSWD1234,680724,8,680724.0,sub-STSWD1234
6234,1.0,0.44389,3,2,1,1,1,1,1,True,sub-STSWD1234,683156,8,683156.0,sub-STSWD1234
6235,1.0,0.62771,3,2,1,1,1,1,1,True,sub-STSWD1234,685588,8,685588.0,sub-STSWD1234
6236,1.0,0.29558,3,1,2,1,1,1,1,True,sub-STSWD1234,692499,8,692499.0,sub-STSWD1234
6237,1.0,0.33052,3,1,2,1,1,1,1,True,sub-STSWD1234,694931,8,694931.0,sub-STSWD1234
6238,1.0,0.27654,3,1,1,1,1,1,1,True,sub-STSWD1234,697363,8,697363.0,sub-STSWD1234
6239,1.0,0.35247,3,1,2,1,1,1,1,True,sub-STSWD1234,699795,8,699795.0,sub-STSWD1234
6240,1.0,0.31627,3,1,2,1,1,1,1,True,sub-STSWD1234,702227,8,702227.0,sub-STSWD1234
6241,1.0,0.27726,3,1,1,1,1,1,1,True,sub-STSWD1234,704659,8,704659.0,sub-STSWD1234
6242,1.0,0.29028,3,1,1,1,1,1,1,True,sub-STSWD1234,707092,8,707092.0,sub-STSWD1234
6243,1.0,0.53707,2,3,2,1,1,1,1,True,sub-STSWD1234,711571,8,711571.0,sub-STSWD1234
6244,1.0,0.64588,2,3,1,1,1,1,1,True,sub-STSWD1234,714003,8,714003.0,sub-STSWD1234
6245,0.0,0.49087,3,3,1,1,1,1,1,True,sub-STSWD1234,716435,8,716435.0,sub-STSWD1234
6246,1.0,0.64384,1,3,1,1,1,1,1,True,sub-STSWD1234,718867,8,718867.0,sub-STSWD1234
6247,1.0,0.93881,1,3,2,1,1,1,1,True,sub-STSWD1234,721300,8,721300.0,sub-STSWD1234
6248,0.0,0.74071,2,3,1,1,1,1,1,True,sub-STSWD1234,723731,8,723731.0,sub-STSWD1234
6249,0.0,0.52769,3,3,2,1,1,1,1,True,sub-STSWD1234,726163,8,726163.0,sub-STSWD1234
6250,1.0,0.72761,1,3,1,1,1,1,1,True,sub-STSWD1234,728595,8,728595.0,sub-STSWD1234
6251,1.0,0.29838,2,2,2,1,1,1,1,True,sub-STSWD1234,733075,8,733075.0,sub-STSWD1234
6252,1.0,0.3274,3,2,2,1,1,1,1,True,sub-STSWD1234,735507,8,735507.0,sub-STSWD1234
6253,1.0,0.40234,3,2,1,1,1,1,1,True,sub-STSWD1234,737939,8,737939.0,sub-STSWD1234
6254,1.0,0.37126,2,2,2,1,1,1,1,True,sub-STSWD1234,740371,8,740371.0,sub-STSWD1234
6255,1.0,0.2763,2,2,1,1,1,1,1,True,sub-STSWD1234,742803,8,742803.0,sub-STSWD1234
6256,1.0,0.39918,3,2,1,1,1,1,1,True,sub-STSWD1234,745235,8,745235.0,sub-STSWD1234
6257,1.0,0.28011,3,2,2,1,1,1,1,True,sub-STSWD1234,747667,8,747667.0,sub-STSWD1234
6258,1.0,0.465,2,2,2,1,1,1,1,True,sub-STSWD1234,750099,8,750099.0,sub-STSWD1234
6259,1.0,0.4819,1,4,1,1,1,1,1,True,sub-STSWD1234,754579,8,754579.0,sub-STSWD1234
6260,1.0,0.61782,2,4,2,1,1,1,1,True,sub-STSWD1234,757011,8,757011.0,sub-STSWD1234
6261,1.0,0.5148,2,4,1,1,1,1,1,True,sub-STSWD1234,759443,8,759443.0,sub-STSWD1234
6262,1.0,0.7057,1,4,1,1,1,1,1,True,sub-STSWD1234,761875,8,761875.0,sub-STSWD1234
6263,0.0,0.95974,3,4,1,1,1,1,1,True,sub-STSWD1234,764307,8,764307.0,sub-STSWD1234
6264,1.0,0.6216,4,4,2,1,1,1,1,True,sub-STSWD1234,766739,8,766739.0,sub-STSWD1234
6265,1.0,0.49749,4,4,2,1,1,1,1,True,sub-STSWD1234,769171,8,769171.0,sub-STSWD1234
6266,1.0,0.53343,4,4,2,1,1,1,1,True,sub-STSWD1234,771603,8,771603.0,sub-STSWD1234
6267,1.0,0.27169,1,1,2,1,1,1,1,True,sub-STSWD1234,776083,8,776083.0,sub-STSWD1234
6268,1.0,0.26418,1,1,1,1,1,1,1,True,sub-STSWD1234,778515,8,778515.0,sub-STSWD1234
6269,1.0,0.36246,1,1,2,1,1,1,1,True,sub-STSWD1234,783379,8,783379.0,sub-STSWD1234
6270,1.0,0.2892,1,1,1,1,1,1,1,True,sub-STSWD1234,788243,8,788243.0,sub-STSWD1234
6271,1.0,0.28526,1,1,2,1,1,1,1,True,sub-STSWD1234,790675,8,790675.0,sub-STSWD1234
6272,0.0,1.2149,3,4,1,1,1,1,1,True,sub-STSWD1237,105963,8,105963.0,sub-STSWD1237
6273,1.0,1.146,2,4,1,1,1,1,1,True,sub-STSWD1237,108395,8,108395.0,sub-STSWD1237
6274,1.0,1.0359,2,4,2,1,1,1,1,True,sub-STSWD1237,110827,8,110827.0,sub-STSWD1237
6275,1.0,0.7148,2,4,2,1,1,1,1,True,sub-STSWD1237,113259,8,113259.0,sub-STSWD1237
6276,,,4,4,1,1,1,1,1,True,sub-STSWD1237,115691,8,,sub-STSWD1237
6277,1.0,0.73774,1,4,2,1,1,1,1,True,sub-STSWD1237,118123,8,118123.0,sub-STSWD1237
6278,0.0,1.1627,1,4,1,1,1,1,1,True,sub-STSWD1237,120555,8,120555.0,sub-STSWD1237
6279,1.0,0.91802,1,2,1,1,1,1,1,True,sub-STSWD1237,125035,8,125035.0,sub-STSWD1237
6280,1.0,0.70651,1,2,1,1,1,1,1,True,sub-STSWD1237,127467,8,127467.0,sub-STSWD1237
6281,0.0,0.59336,3,2,1,1,1,1,1,True,sub-STSWD1237,129899,8,129899.0,sub-STSWD1237
6282,0.0,0.71334,3,2,1,1,1,1,1,True,sub-STSWD1237,132331,8,132331.0,sub-STSWD1237
6283,0.0,0.66328,3,2,1,1,1,1,1,True,sub-STSWD1237,134763,8,134763.0,sub-STSWD1237
6284,1.0,0.58125,1,2,2,1,1,1,1,True,sub-STSWD1237,137195,8,137195.0,sub-STSWD1237
6285,1.0,0.62605,3,2,1,1,1,1,1,True,sub-STSWD1237,139627,8,139627.0,sub-STSWD1237
6286,1.0,0.56112,1,2,1,1,1,1,1,True,sub-STSWD1237,142059,8,142059.0,sub-STSWD1237
6287,1.0,0.65276,3,3,1,1,1,1,1,True,sub-STSWD1237,146539,8,146539.0,sub-STSWD1237
6288,1.0,0.6479,1,3,1,1,1,1,1,True,sub-STSWD1237,148971,8,148971.0,sub-STSWD1237
6289,1.0,0.88987,2,3,1,1,1,1,1,True,sub-STSWD1237,151403,8,151403.0,sub-STSWD1237
6290,1.0,0.93381,2,3,1,1,1,1,1,True,sub-STSWD1237,153834,8,153834.0,sub-STSWD1237
6291,1.0,1.0736,2,3,1,1,1,1,1,True,sub-STSWD1237,158698,8,158698.0,sub-STSWD1237
6292,1.0,1.0516,2,3,2,1,1,1,1,True,sub-STSWD1237,161130,8,161130.0,sub-STSWD1237
6293,1.0,0.71851,2,3,1,1,1,1,1,True,sub-STSWD1237,163562,8,163562.0,sub-STSWD1237
6294,1.0,0.33544,2,1,2,1,1,1,1,True,sub-STSWD1237,168042,8,168042.0,sub-STSWD1237
6295,1.0,0.36038,2,1,1,1,1,1,1,True,sub-STSWD1237,170474,8,170474.0,sub-STSWD1237
6296,1.0,0.52626,2,1,2,1,1,1,1,True,sub-STSWD1237,172906,8,172906.0,sub-STSWD1237
6297,1.0,0.44625,2,1,2,1,1,1,1,True,sub-STSWD1237,175338,8,175338.0,sub-STSWD1237
6298,1.0,0.97014,2,1,2,1,1,1,1,True,sub-STSWD1237,177770,8,177770.0,sub-STSWD1237
6299,1.0,0.42212,2,1,2,1,1,1,1,True,sub-STSWD1237,180202,8,180202.0,sub-STSWD1237
6300,1.0,0.35605,2,1,1,1,1,1,1,True,sub-STSWD1237,182634,8,182634.0,sub-STSWD1237
6301,1.0,0.57525,2,1,1,1,1,1,1,True,sub-STSWD1237,185066,8,185066.0,sub-STSWD1237
6302,0.0,0.61287,1,2,2,1,1,1,1,True,sub-STSWD1237,189546,8,189546.0,sub-STSWD1237
6303,0.0,1.0888,4,2,1,1,1,1,1,True,sub-STSWD1237,191978,8,191978.0,sub-STSWD1237
6304,1.0,0.7807,1,2,2,1,1,1,1,True,sub-STSWD1237,194410,8,194410.0,sub-STSWD1237
6305,1.0,0.90655,4,2,2,1,1,1,1,True,sub-STSWD1237,196842,8,196842.0,sub-STSWD1237
6306,1.0,0.95756,4,2,1,1,1,1,1,True,sub-STSWD1237,199274,8,199274.0,sub-STSWD1237
6307,0.0,0.73655,4,2,1,1,1,1,1,True,sub-STSWD1237,201706,8,201706.0,sub-STSWD1237
6308,1.0,0.82748,1,2,2,1,1,1,1,True,sub-STSWD1237,204138,8,204138.0,sub-STSWD1237
6309,1.0,0.51743,1,2,2,1,1,1,1,True,sub-STSWD1237,206570,8,206570.0,sub-STSWD1237
6310,1.0,0.54431,3,3,2,1,1,1,1,True,sub-STSWD1237,211050,8,211050.0,sub-STSWD1237
6311,1.0,0.63023,3,3,2,1,1,1,1,True,sub-STSWD1237,213482,8,213482.0,sub-STSWD1237
6312,1.0,1.3281,4,3,1,1,1,1,1,True,sub-STSWD1237,215914,8,215914.0,sub-STSWD1237
6313,1.0,1.1371,4,3,2,1,1,1,1,True,sub-STSWD1237,218346,8,218346.0,sub-STSWD1237
6314,1.0,0.98904,3,3,2,1,1,1,1,True,sub-STSWD1237,220778,8,220778.0,sub-STSWD1237
6315,1.0,0.59595,3,3,2,1,1,1,1,True,sub-STSWD1237,223210,8,223210.0,sub-STSWD1237
6316,1.0,0.70288,3,3,2,1,1,1,1,True,sub-STSWD1237,225642,8,225642.0,sub-STSWD1237
6317,1.0,1.0798,2,3,1,1,1,1,1,True,sub-STSWD1237,228074,8,228074.0,sub-STSWD1237
6318,1.0,0.3547,2,1,2,1,1,1,1,True,sub-STSWD1237,232553,8,232553.0,sub-STSWD1237
6319,1.0,0.32355,2,1,1,1,1,1,1,True,sub-STSWD1237,234985,8,234985.0,sub-STSWD1237
6320,1.0,0.42856,2,1,1,1,1,1,1,True,sub-STSWD1237,237417,8,237417.0,sub-STSWD1237
6321,1.0,0.37954,2,1,2,1,1,1,1,True,sub-STSWD1237,239849,8,239849.0,sub-STSWD1237
6322,1.0,0.37738,2,1,2,1,1,1,1,True,sub-STSWD1237,242281,8,242281.0,sub-STSWD1237
6323,1.0,0.71837,2,1,1,1,1,1,1,True,sub-STSWD1237,244713,8,244713.0,sub-STSWD1237
6324,1.0,0.36732,2,1,1,1,1,1,1,True,sub-STSWD1237,247145,8,247145.0,sub-STSWD1237
6325,1.0,0.30116,2,1,1,1,1,1,1,True,sub-STSWD1237,249577,8,249577.0,sub-STSWD1237
6326,1.0,0.62512,2,4,1,1,1,1,1,True,sub-STSWD1237,254057,8,254057.0,sub-STSWD1237
6327,1.0,0.98398,4,4,2,1,1,1,1,True,sub-STSWD1237,256489,8,256489.0,sub-STSWD1237
6328,0.0,0.646,4,4,1,1,1,1,1,True,sub-STSWD1237,258921,8,258921.0,sub-STSWD1237
6329,1.0,0.56498,1,4,2,1,1,1,1,True,sub-STSWD1237,261353,8,261353.0,sub-STSWD1237
6330,1.0,0.50787,4,4,2,1,1,1,1,True,sub-STSWD1237,263785,8,263785.0,sub-STSWD1237
6331,1.0,0.6178,1,4,2,1,1,1,1,True,sub-STSWD1237,266217,8,266217.0,sub-STSWD1237
6332,1.0,0.81673,3,4,1,1,1,1,1,True,sub-STSWD1237,268649,8,268649.0,sub-STSWD1237
6333,1.0,0.72167,3,4,2,1,1,1,1,True,sub-STSWD1237,271081,8,271081.0,sub-STSWD1237
6334,0.0,0.80829,3,2,1,1,1,1,1,True,sub-STSWD1237,301639,8,301639.0,sub-STSWD1237
6335,0.0,0.59717,4,2,1,1,1,1,1,True,sub-STSWD1237,304070,8,304070.0,sub-STSWD1237
6336,1.0,0.6661,4,2,2,1,1,1,1,True,sub-STSWD1237,306502,8,306502.0,sub-STSWD1237
6337,1.0,0.50904,3,2,1,1,1,1,1,True,sub-STSWD1237,308934,8,308934.0,sub-STSWD1237
6338,0.0,0.78198,3,2,2,1,1,1,1,True,sub-STSWD1237,311366,8,311366.0,sub-STSWD1237
6339,0.0,0.33388,4,2,1,1,1,1,1,True,sub-STSWD1237,313798,8,313798.0,sub-STSWD1237
6340,1.0,0.80585,3,2,2,1,1,1,1,True,sub-STSWD1237,316230,8,316230.0,sub-STSWD1237
6341,0.0,0.36273,4,2,1,1,1,1,1,True,sub-STSWD1237,318662,8,318662.0,sub-STSWD1237
6342,0.0,0.41463,3,1,1,1,1,1,1,True,sub-STSWD1237,323142,8,323142.0,sub-STSWD1237
6343,1.0,0.30562,3,1,2,1,1,1,1,True,sub-STSWD1237,325574,8,325574.0,sub-STSWD1237
6344,0.0,0.36048,3,1,1,1,1,1,1,True,sub-STSWD1237,328006,8,328006.0,sub-STSWD1237
6345,1.0,0.42548,3,1,2,1,1,1,1,True,sub-STSWD1237,330438,8,330438.0,sub-STSWD1237
6346,1.0,0.35237,3,1,1,1,1,1,1,True,sub-STSWD1237,332870,8,332870.0,sub-STSWD1237
6347,1.0,0.30426,3,1,1,1,1,1,1,True,sub-STSWD1237,335302,8,335302.0,sub-STSWD1237
6348,1.0,0.29125,3,1,1,1,1,1,1,True,sub-STSWD1237,337734,8,337734.0,sub-STSWD1237
6349,1.0,0.31218,3,1,2,1,1,1,1,True,sub-STSWD1237,340166,8,340166.0,sub-STSWD1237
6350,1.0,0.5561,3,4,2,1,1,1,1,True,sub-STSWD1237,344646,8,344646.0,sub-STSWD1237
6351,0.0,0.60904,3,4,1,1,1,1,1,True,sub-STSWD1237,347078,8,347078.0,sub-STSWD1237
6352,0.0,0.72393,3,4,2,1,1,1,1,True,sub-STSWD1237,349510,8,349510.0,sub-STSWD1237
6353,1.0,0.6609,1,4,2,1,1,1,1,True,sub-STSWD1237,351942,8,351942.0,sub-STSWD1237
6354,1.0,0.85383,2,4,1,1,1,1,1,True,sub-STSWD1237,354374,8,354374.0,sub-STSWD1237
6355,1.0,0.52674,2,4,1,1,1,1,1,True,sub-STSWD1237,356806,8,356806.0,sub-STSWD1237
6356,1.0,0.59271,4,4,2,1,1,1,1,True,sub-STSWD1237,359238,8,359238.0,sub-STSWD1237
6357,0.0,0.68165,4,4,1,1,1,1,1,True,sub-STSWD1237,361670,8,361670.0,sub-STSWD1237
6358,0.0,0.54047,4,3,1,1,1,1,1,True,sub-STSWD1237,366150,8,366150.0,sub-STSWD1237
6359,1.0,1.0655,2,3,2,1,1,1,1,True,sub-STSWD1237,368582,8,368582.0,sub-STSWD1237
6360,1.0,0.85536,3,3,1,1,1,1,1,True,sub-STSWD1237,371014,8,371014.0,sub-STSWD1237
6361,1.0,0.5123,4,3,2,1,1,1,1,True,sub-STSWD1237,373446,8,373446.0,sub-STSWD1237
6362,0.0,0.87527,3,3,1,1,1,1,1,True,sub-STSWD1237,375878,8,375878.0,sub-STSWD1237
6363,0.0,0.69421,3,3,1,1,1,1,1,True,sub-STSWD1237,378310,8,378310.0,sub-STSWD1237
6364,1.0,0.81315,2,3,2,1,1,1,1,True,sub-STSWD1237,380742,8,380742.0,sub-STSWD1237
6365,1.0,0.61909,2,3,1,1,1,1,1,True,sub-STSWD1237,383174,8,383174.0,sub-STSWD1237
6366,1.0,0.31496,4,1,2,1,1,1,1,True,sub-STSWD1237,387654,8,387654.0,sub-STSWD1237
6367,0.0,0.3979,4,1,1,1,1,1,1,True,sub-STSWD1237,390086,8,390086.0,sub-STSWD1237
6368,0.0,0.72979,4,1,1,1,1,1,1,True,sub-STSWD1237,392518,8,392518.0,sub-STSWD1237
6369,0.0,0.52694,4,1,1,1,1,1,1,True,sub-STSWD1237,394950,8,394950.0,sub-STSWD1237
6370,1.0,0.27168,4,1,1,1,1,1,1,True,sub-STSWD1237,397382,8,397382.0,sub-STSWD1237
6371,1.0,0.34861,4,1,2,1,1,1,1,True,sub-STSWD1237,399813,8,399813.0,sub-STSWD1237
6372,0.0,0.33858,4,1,1,1,1,1,1,True,sub-STSWD1237,402245,8,402245.0,sub-STSWD1237
6373,0.0,0.37449,4,1,1,1,1,1,1,True,sub-STSWD1237,404677,8,404677.0,sub-STSWD1237
6374,1.0,0.58536,2,4,1,1,1,1,1,True,sub-STSWD1237,409157,8,409157.0,sub-STSWD1237
6375,1.0,0.66725,2,4,2,1,1,1,1,True,sub-STSWD1237,411589,8,411589.0,sub-STSWD1237
6376,0.0,0.62423,4,4,1,1,1,1,1,True,sub-STSWD1237,414021,8,414021.0,sub-STSWD1237
6377,1.0,0.76616,1,4,2,1,1,1,1,True,sub-STSWD1237,416453,8,416453.0,sub-STSWD1237
6378,1.0,0.64713,1,4,2,1,1,1,1,True,sub-STSWD1237,418885,8,418885.0,sub-STSWD1237
6379,1.0,0.61607,4,4,1,1,1,1,1,True,sub-STSWD1237,421317,8,421317.0,sub-STSWD1237
6380,1.0,0.61604,1,4,1,1,1,1,1,True,sub-STSWD1237,423749,8,423749.0,sub-STSWD1237
6381,1.0,0.72995,3,4,1,1,1,1,1,True,sub-STSWD1237,426181,8,426181.0,sub-STSWD1237
6382,1.0,0.67079,1,3,1,1,1,1,1,True,sub-STSWD1237,430661,8,430661.0,sub-STSWD1237
6383,1.0,0.50373,2,3,2,1,1,1,1,True,sub-STSWD1237,433093,8,433093.0,sub-STSWD1237
6384,1.0,0.98271,4,3,2,1,1,1,1,True,sub-STSWD1237,435525,8,435525.0,sub-STSWD1237
6385,0.0,1.1406,4,3,1,1,1,1,1,True,sub-STSWD1237,437957,8,437957.0,sub-STSWD1237
6386,1.0,1.0396,1,3,1,1,1,1,1,True,sub-STSWD1237,440389,8,440389.0,sub-STSWD1237
6387,1.0,0.68546,1,3,2,1,1,1,1,True,sub-STSWD1237,442821,8,442821.0,sub-STSWD1237
6388,1.0,0.3724,1,3,2,1,1,1,1,True,sub-STSWD1237,445253,8,445253.0,sub-STSWD1237
6389,1.0,0.39551,2,3,2,1,1,1,1,True,sub-STSWD1237,447685,8,447685.0,sub-STSWD1237
6390,1.0,0.54622,3,2,1,1,1,1,1,True,sub-STSWD1237,452165,8,452165.0,sub-STSWD1237
6391,1.0,0.57616,3,2,1,1,1,1,1,True,sub-STSWD1237,454597,8,454597.0,sub-STSWD1237
6392,0.0,0.68209,4,2,1,1,1,1,1,True,sub-STSWD1237,457029,8,457029.0,sub-STSWD1237
6393,1.0,0.44303,4,2,2,1,1,1,1,True,sub-STSWD1237,459461,8,459461.0,sub-STSWD1237
6394,1.0,0.38701,4,2,2,1,1,1,1,True,sub-STSWD1237,461893,8,461893.0,sub-STSWD1237
6395,1.0,0.51079,3,2,2,1,1,1,1,True,sub-STSWD1237,464325,8,464325.0,sub-STSWD1237
6396,1.0,0.45513,3,2,2,1,1,1,1,True,sub-STSWD1237,466761,8,466761.0,sub-STSWD1237
6397,1.0,0.47836,4,2,2,1,1,1,1,True,sub-STSWD1237,469193,8,469193.0,sub-STSWD1237
6398,1.0,0.5828,3,3,1,1,1,1,1,True,sub-STSWD1237,608318,8,608318.0,sub-STSWD1237
6399,0.0,0.78974,3,3,1,1,1,1,1,True,sub-STSWD1237,610750,8,610750.0,sub-STSWD1237
6400,1.0,0.71863,4,3,2,1,1,1,1,True,sub-STSWD1237,613182,8,613182.0,sub-STSWD1237
6401,0.0,0.52357,4,3,1,1,1,1,1,True,sub-STSWD1237,615614,8,615614.0,sub-STSWD1237
6402,1.0,0.56252,4,3,1,1,1,1,1,True,sub-STSWD1237,618046,8,618046.0,sub-STSWD1237
6403,1.0,0.5564,1,3,2,1,1,1,1,True,sub-STSWD1237,620478,8,620478.0,sub-STSWD1237
6404,1.0,0.59943,1,3,2,1,1,1,1,True,sub-STSWD1237,622910,8,622910.0,sub-STSWD1237
6405,0.0,0.74717,4,4,2,1,1,1,1,True,sub-STSWD1237,627390,8,627390.0,sub-STSWD1237
6406,0.0,0.9872,4,4,2,1,1,1,1,True,sub-STSWD1237,629822,8,629822.0,sub-STSWD1237
6407,1.0,0.70014,1,4,1,1,1,1,1,True,sub-STSWD1237,632254,8,632254.0,sub-STSWD1237
6408,1.0,0.87406,3,4,2,1,1,1,1,True,sub-STSWD1237,634686,8,634686.0,sub-STSWD1237
6409,1.0,0.87101,3,4,1,1,1,1,1,True,sub-STSWD1237,637118,8,637118.0,sub-STSWD1237
6410,1.0,0.71694,2,4,1,1,1,1,1,True,sub-STSWD1237,639550,8,639550.0,sub-STSWD1237
6411,1.0,0.65179,2,4,2,1,1,1,1,True,sub-STSWD1237,641982,8,641982.0,sub-STSWD1237
6412,1.0,0.54082,2,4,2,1,1,1,1,True,sub-STSWD1237,644414,8,644414.0,sub-STSWD1237
6413,1.0,0.5447,2,2,1,1,1,1,1,True,sub-STSWD1237,648894,8,648894.0,sub-STSWD1237
6414,1.0,0.48163,4,2,2,1,1,1,1,True,sub-STSWD1237,651326,8,651326.0,sub-STSWD1237
6415,1.0,0.67757,4,2,2,1,1,1,1,True,sub-STSWD1237,653758,8,653758.0,sub-STSWD1237
6416,0.0,0.48151,4,2,1,1,1,1,1,True,sub-STSWD1237,656190,8,656190.0,sub-STSWD1237
6417,1.0,0.36144,2,2,2,1,1,1,1,True,sub-STSWD1237,658622,8,658622.0,sub-STSWD1237
6418,1.0,0.39338,4,2,2,1,1,1,1,True,sub-STSWD1237,661054,8,661054.0,sub-STSWD1237
6419,0.0,0.33323,2,2,1,1,1,1,1,True,sub-STSWD1237,663486,8,663486.0,sub-STSWD1237
6420,1.0,0.64824,2,2,2,1,1,1,1,True,sub-STSWD1237,665918,8,665918.0,sub-STSWD1237
6421,1.0,0.37514,1,1,2,1,1,1,1,True,sub-STSWD1237,670398,8,670398.0,sub-STSWD1237
6422,0.0,0.63006,1,1,2,1,1,1,1,True,sub-STSWD1237,672830,8,672830.0,sub-STSWD1237
6423,1.0,0.53801,1,1,2,1,1,1,1,True,sub-STSWD1237,675262,8,675262.0,sub-STSWD1237
6424,1.0,0.3889,1,1,2,1,1,1,1,True,sub-STSWD1237,677694,8,677694.0,sub-STSWD1237
6425,1.0,0.40283,1,1,1,1,1,1,1,True,sub-STSWD1237,680125,8,680125.0,sub-STSWD1237
6426,1.0,0.36481,1,1,1,1,1,1,1,True,sub-STSWD1237,682558,8,682558.0,sub-STSWD1237
6427,1.0,0.28975,1,1,1,1,1,1,1,True,sub-STSWD1237,684990,8,684990.0,sub-STSWD1237
6428,1.0,0.37973,1,1,2,1,1,1,1,True,sub-STSWD1237,687422,8,687422.0,sub-STSWD1237
6429,1.0,0.57456,2,2,1,1,1,1,1,True,sub-STSWD1237,691902,8,691902.0,sub-STSWD1237
6430,1.0,0.4955,2,2,2,1,1,1,1,True,sub-STSWD1237,694334,8,694334.0,sub-STSWD1237
6431,0.0,0.53247,3,2,2,1,1,1,1,True,sub-STSWD1237,696766,8,696766.0,sub-STSWD1237
6432,1.0,0.49337,3,2,2,1,1,1,1,True,sub-STSWD1237,699198,8,699198.0,sub-STSWD1237
6433,1.0,0.55935,3,2,2,1,1,1,1,True,sub-STSWD1237,701629,8,701629.0,sub-STSWD1237
6434,1.0,0.77324,2,2,1,1,1,1,1,True,sub-STSWD1237,704061,8,704061.0,sub-STSWD1237
6435,1.0,0.87221,3,2,2,1,1,1,1,True,sub-STSWD1237,706493,8,706493.0,sub-STSWD1237
6436,0.0,0.39416,2,2,1,1,1,1,1,True,sub-STSWD1237,708925,8,708925.0,sub-STSWD1237
6437,1.0,0.604,2,4,2,1,1,1,1,True,sub-STSWD1237,713405,8,713405.0,sub-STSWD1237
6438,0.0,1.2599,4,4,2,1,1,1,1,True,sub-STSWD1237,715837,8,715837.0,sub-STSWD1237
6439,0.0,0.79278,1,4,1,1,1,1,1,True,sub-STSWD1237,718269,8,718269.0,sub-STSWD1237
6440,1.0,1.0918,1,4,1,1,1,1,1,True,sub-STSWD1237,720701,8,720701.0,sub-STSWD1237
6441,1.0,0.56772,4,4,2,1,1,1,1,True,sub-STSWD1237,723133,8,723133.0,sub-STSWD1237
6442,1.0,0.76659,3,4,2,1,1,1,1,True,sub-STSWD1237,725565,8,725565.0,sub-STSWD1237
6443,1.0,0.56364,3,4,2,1,1,1,1,True,sub-STSWD1237,727997,8,727997.0,sub-STSWD1237
6444,1.0,1.1445,1,4,2,1,1,1,1,True,sub-STSWD1237,730429,8,730429.0,sub-STSWD1237
6445,1.0,0.42243,2,3,2,1,1,1,1,True,sub-STSWD1237,734909,8,734909.0,sub-STSWD1237
6446,1.0,0.57632,2,3,2,1,1,1,1,True,sub-STSWD1237,737341,8,737341.0,sub-STSWD1237
6447,1.0,0.69629,2,3,1,1,1,1,1,True,sub-STSWD1237,739773,8,739773.0,sub-STSWD1237
6448,1.0,0.83923,3,3,2,1,1,1,1,True,sub-STSWD1237,742205,8,742205.0,sub-STSWD1237
6449,1.0,0.55614,1,3,2,1,1,1,1,True,sub-STSWD1237,744637,8,744637.0,sub-STSWD1237
6450,1.0,0.44811,1,3,1,1,1,1,1,True,sub-STSWD1237,747069,8,747069.0,sub-STSWD1237
6451,1.0,0.84804,3,3,1,1,1,1,1,True,sub-STSWD1237,749501,8,749501.0,sub-STSWD1237
6452,1.0,0.55403,1,3,2,1,1,1,1,True,sub-STSWD1237,751933,8,751933.0,sub-STSWD1237
6453,1.0,0.48086,3,1,2,1,1,1,1,True,sub-STSWD1237,756413,8,756413.0,sub-STSWD1237
6454,0.0,0.45976,3,1,2,1,1,1,1,True,sub-STSWD1237,758845,8,758845.0,sub-STSWD1237
6455,1.0,0.86574,3,1,2,1,1,1,1,True,sub-STSWD1237,761277,8,761277.0,sub-STSWD1237
6456,1.0,0.39768,3,1,2,1,1,1,1,True,sub-STSWD1237,763709,8,763709.0,sub-STSWD1237
6457,1.0,0.37261,3,1,2,1,1,1,1,True,sub-STSWD1237,766141,8,766141.0,sub-STSWD1237
6458,1.0,0.37654,3,1,1,1,1,1,1,True,sub-STSWD1237,768573,8,768573.0,sub-STSWD1237
6459,1.0,0.36656,3,1,1,1,1,1,1,True,sub-STSWD1237,771005,8,771005.0,sub-STSWD1237
6460,1.0,0.31341,3,1,1,1,1,1,1,True,sub-STSWD1237,773437,8,773437.0,sub-STSWD1237
6461,1.0,0.44812,1,2,2,1,1,1,1,True,sub-STSWD1237,816299,8,816299.0,sub-STSWD1237
6462,1.0,0.32288,2,2,1,1,1,1,1,True,sub-STSWD1237,818731,8,818731.0,sub-STSWD1237
6463,1.0,0.39907,1,2,1,1,1,1,1,True,sub-STSWD1237,821163,8,821163.0,sub-STSWD1237
6464,1.0,0.5278,1,2,1,1,1,1,1,True,sub-STSWD1237,823595,8,823595.0,sub-STSWD1237
6465,1.0,0.36974,1,2,1,1,1,1,1,True,sub-STSWD1237,826027,8,826027.0,sub-STSWD1237
6466,1.0,0.40563,2,2,2,1,1,1,1,True,sub-STSWD1237,828459,8,828459.0,sub-STSWD1237
6467,0.0,0.33856,1,2,2,1,1,1,1,True,sub-STSWD1237,830891,8,830891.0,sub-STSWD1237
6468,1.0,0.62053,2,2,2,1,1,1,1,True,sub-STSWD1237,833323,8,833323.0,sub-STSWD1237
6469,1.0,0.38138,4,1,1,1,1,1,1,True,sub-STSWD1237,837803,8,837803.0,sub-STSWD1237
6470,1.0,0.30636,4,1,2,1,1,1,1,True,sub-STSWD1237,840235,8,840235.0,sub-STSWD1237
6471,1.0,0.37225,4,1,2,1,1,1,1,True,sub-STSWD1237,842667,8,842667.0,sub-STSWD1237
6472,1.0,0.43624,4,1,2,1,1,1,1,True,sub-STSWD1237,845099,8,845099.0,sub-STSWD1237
6473,1.0,0.37016,4,1,2,1,1,1,1,True,sub-STSWD1237,847531,8,847531.0,sub-STSWD1237
6474,1.0,0.3881,4,1,2,1,1,1,1,True,sub-STSWD1237,849963,8,849963.0,sub-STSWD1237
6475,1.0,0.45999,4,1,2,1,1,1,1,True,sub-STSWD1237,852394,8,852394.0,sub-STSWD1237
6476,1.0,0.44498,4,1,1,1,1,1,1,True,sub-STSWD1237,854826,8,854826.0,sub-STSWD1237
6477,1.0,0.51886,4,3,2,1,1,1,1,True,sub-STSWD1237,859307,8,859307.0,sub-STSWD1237
6478,1.0,0.61475,2,3,2,1,1,1,1,True,sub-STSWD1237,861739,8,861739.0,sub-STSWD1237
6479,1.0,0.95967,1,3,1,1,1,1,1,True,sub-STSWD1237,864170,8,864170.0,sub-STSWD1237
6480,0.0,0.55155,1,3,1,1,1,1,1,True,sub-STSWD1237,866603,8,866603.0,sub-STSWD1237
6481,1.0,0.83955,1,3,1,1,1,1,1,True,sub-STSWD1237,869035,8,869035.0,sub-STSWD1237
6482,1.0,0.77977,1,3,2,1,1,1,1,True,sub-STSWD1237,871471,8,871471.0,sub-STSWD1237
6483,1.0,0.52036,4,3,2,1,1,1,1,True,sub-STSWD1237,873899,8,873899.0,sub-STSWD1237
6484,1.0,0.55573,2,3,1,1,1,1,1,True,sub-STSWD1237,876335,8,876335.0,sub-STSWD1237
6485,0.0,0.41108,3,4,2,1,1,1,1,True,sub-STSWD1237,880815,8,880815.0,sub-STSWD1237
6486,1.0,0.41255,3,4,1,1,1,1,1,True,sub-STSWD1237,883247,8,883247.0,sub-STSWD1237
6487,1.0,0.63349,3,4,1,1,1,1,1,True,sub-STSWD1237,885679,8,885679.0,sub-STSWD1237
6488,1.0,0.88443,1,4,1,1,1,1,1,True,sub-STSWD1237,888111,8,888111.0,sub-STSWD1237
6489,0.0,0.70437,4,4,1,1,1,1,1,True,sub-STSWD1237,890543,8,890543.0,sub-STSWD1237
6490,0.0,0.48826,4,4,1,1,1,1,1,True,sub-STSWD1237,892975,8,892975.0,sub-STSWD1237
6491,1.0,0.61423,2,4,1,1,1,1,1,True,sub-STSWD1237,895407,8,895407.0,sub-STSWD1237
6492,1.0,0.51514,2,4,1,1,1,1,1,True,sub-STSWD1237,897839,8,897839.0,sub-STSWD1237
6493,0.0,0.65005,4,3,1,1,1,1,1,True,sub-STSWD1237,902318,8,902318.0,sub-STSWD1237
6494,1.0,0.72195,1,3,2,1,1,1,1,True,sub-STSWD1237,904751,8,904751.0,sub-STSWD1237
6495,1.0,0.52992,3,3,2,1,1,1,1,True,sub-STSWD1237,907183,8,907183.0,sub-STSWD1237
6496,1.0,0.43186,4,3,2,1,1,1,1,True,sub-STSWD1237,909615,8,909615.0,sub-STSWD1237
6497,1.0,1.0388,4,3,2,1,1,1,1,True,sub-STSWD1237,912047,8,912047.0,sub-STSWD1237
6498,0.0,0.64469,4,3,1,1,1,1,1,True,sub-STSWD1237,914479,8,914479.0,sub-STSWD1237
6499,0.0,0.53764,3,3,1,1,1,1,1,True,sub-STSWD1237,916911,8,916911.0,sub-STSWD1237
6500,0.0,0.61962,1,3,1,1,1,1,1,True,sub-STSWD1237,919343,8,919343.0,sub-STSWD1237
6501,1.0,0.82144,1,2,2,1,1,1,1,True,sub-STSWD1237,923823,8,923823.0,sub-STSWD1237
6502,1.0,0.48543,1,2,1,1,1,1,1,True,sub-STSWD1237,926254,8,926254.0,sub-STSWD1237
6503,1.0,0.61966,2,2,2,1,1,1,1,True,sub-STSWD1237,928686,8,928686.0,sub-STSWD1237
6504,1.0,0.53859,2,2,1,1,1,1,1,True,sub-STSWD1237,931119,8,931119.0,sub-STSWD1237
6505,1.0,0.47753,1,2,1,1,1,1,1,True,sub-STSWD1237,933550,8,933550.0,sub-STSWD1237
6506,1.0,0.63845,2,2,2,1,1,1,1,True,sub-STSWD1237,935982,8,935982.0,sub-STSWD1237
6507,1.0,0.5494,2,2,1,1,1,1,1,True,sub-STSWD1237,938414,8,938414.0,sub-STSWD1237
6508,1.0,0.71433,2,2,2,1,1,1,1,True,sub-STSWD1237,940846,8,940846.0,sub-STSWD1237
6509,1.0,0.61621,1,4,1,1,1,1,1,True,sub-STSWD1237,945326,8,945326.0,sub-STSWD1237
6510,0.0,0.92715,4,4,1,1,1,1,1,True,sub-STSWD1237,947758,8,947758.0,sub-STSWD1237
6511,0.0,1.1491,1,4,2,1,1,1,1,True,sub-STSWD1237,950190,8,950190.0,sub-STSWD1237
6512,1.0,0.84602,1,4,1,1,1,1,1,True,sub-STSWD1237,952622,8,952622.0,sub-STSWD1237
6513,0.0,0.92493,4,4,2,1,1,1,1,True,sub-STSWD1237,955054,8,955054.0,sub-STSWD1237
6514,1.0,0.99689,3,4,1,1,1,1,1,True,sub-STSWD1237,957486,8,957486.0,sub-STSWD1237
6515,1.0,0.62383,2,4,2,1,1,1,1,True,sub-STSWD1237,959918,8,959918.0,sub-STSWD1237
6516,1.0,0.55276,2,4,2,1,1,1,1,True,sub-STSWD1237,962350,8,962350.0,sub-STSWD1237
6517,1.0,0.32665,1,1,2,1,1,1,1,True,sub-STSWD1237,966830,8,966830.0,sub-STSWD1237
6518,1.0,0.55159,1,1,1,1,1,1,1,True,sub-STSWD1237,969262,8,969262.0,sub-STSWD1237
6519,1.0,0.31452,1,1,1,1,1,1,1,True,sub-STSWD1237,971694,8,971694.0,sub-STSWD1237
6520,1.0,0.48347,1,1,1,1,1,1,1,True,sub-STSWD1237,974126,8,974126.0,sub-STSWD1237
6521,1.0,0.5104,1,1,2,1,1,1,1,True,sub-STSWD1237,976558,8,976558.0,sub-STSWD1237
6522,1.0,0.31333,1,1,2,1,1,1,1,True,sub-STSWD1237,978990,8,978990.0,sub-STSWD1237
6523,1.0,0.33526,1,1,1,1,1,1,1,True,sub-STSWD1237,981422,8,981422.0,sub-STSWD1237
6524,1.0,0.5142,1,1,1,1,1,1,1,True,sub-STSWD1237,983854,8,983854.0,sub-STSWD1237
6525,1.0,1.0929,4,4,1,1,1,1,1,True,sub-STSWD1240,84236,8,84236.0,sub-STSWD1240
6526,1.0,0.93972,2,4,1,1,1,1,1,True,sub-STSWD1240,89099,8,89099.0,sub-STSWD1240
6527,1.0,0.69868,2,4,1,1,1,1,1,True,sub-STSWD1240,91531,8,91531.0,sub-STSWD1240
6528,1.0,0.89657,2,4,2,1,1,1,1,True,sub-STSWD1240,93963,8,93963.0,sub-STSWD1240
6529,0.0,1.1656,3,4,1,1,1,1,1,True,sub-STSWD1240,96395,8,96395.0,sub-STSWD1240
6530,1.0,1.3245,3,4,2,1,1,1,1,True,sub-STSWD1240,98827,8,98827.0,sub-STSWD1240
6531,1.0,0.88646,1,4,2,1,1,1,1,True,sub-STSWD1240,101259,8,101259.0,sub-STSWD1240
6532,0.0,0.62472,1,1,2,1,1,1,1,True,sub-STSWD1240,105739,8,105739.0,sub-STSWD1240
6533,1.0,0.42829,1,1,1,1,1,1,1,True,sub-STSWD1240,108171,8,108171.0,sub-STSWD1240
6534,1.0,0.3511,1,1,2,1,1,1,1,True,sub-STSWD1240,110603,8,110603.0,sub-STSWD1240
6535,1.0,0.39232,1,1,1,1,1,1,1,True,sub-STSWD1240,113035,8,113035.0,sub-STSWD1240
6536,1.0,0.45305,1,1,1,1,1,1,1,True,sub-STSWD1240,115467,8,115467.0,sub-STSWD1240
6537,1.0,0.42126,1,1,1,1,1,1,1,True,sub-STSWD1240,117899,8,117899.0,sub-STSWD1240
6538,1.0,0.39492,1,1,1,1,1,1,1,True,sub-STSWD1240,120331,8,120331.0,sub-STSWD1240
6539,1.0,0.34797,1,1,1,1,1,1,1,True,sub-STSWD1240,122763,8,122763.0,sub-STSWD1240
6540,1.0,0.78577,1,2,1,1,1,1,1,True,sub-STSWD1240,127243,8,127243.0,sub-STSWD1240
6541,1.0,0.72463,2,2,2,1,1,1,1,True,sub-STSWD1240,129675,8,129675.0,sub-STSWD1240
6542,1.0,0.35461,2,2,1,1,1,1,1,True,sub-STSWD1240,132107,8,132107.0,sub-STSWD1240
6543,1.0,0.59253,2,2,1,1,1,1,1,True,sub-STSWD1240,134539,8,134539.0,sub-STSWD1240
6544,1.0,0.45348,1,2,1,1,1,1,1,True,sub-STSWD1240,136971,8,136971.0,sub-STSWD1240
6545,1.0,0.42742,1,2,2,1,1,1,1,True,sub-STSWD1240,139403,8,139403.0,sub-STSWD1240
6546,1.0,0.54335,2,2,2,1,1,1,1,True,sub-STSWD1240,141834,8,141834.0,sub-STSWD1240
6547,1.0,0.43129,1,2,2,1,1,1,1,True,sub-STSWD1240,144266,8,144266.0,sub-STSWD1240
6548,1.0,0.51116,3,3,2,1,1,1,1,True,sub-STSWD1240,148746,8,148746.0,sub-STSWD1240
6549,1.0,0.87109,1,3,2,1,1,1,1,True,sub-STSWD1240,151178,8,151178.0,sub-STSWD1240
6550,1.0,0.72603,2,3,2,1,1,1,1,True,sub-STSWD1240,153610,8,153610.0,sub-STSWD1240
6551,1.0,0.64,2,3,1,1,1,1,1,True,sub-STSWD1240,156042,8,156042.0,sub-STSWD1240
6552,1.0,0.60594,3,3,2,1,1,1,1,True,sub-STSWD1240,158474,8,158474.0,sub-STSWD1240
6553,1.0,0.66181,2,3,2,1,1,1,1,True,sub-STSWD1240,160906,8,160906.0,sub-STSWD1240
6554,1.0,0.6037,2,3,2,1,1,1,1,True,sub-STSWD1240,163338,8,163338.0,sub-STSWD1240
6555,1.0,0.60675,2,3,1,1,1,1,1,True,sub-STSWD1240,165770,8,165770.0,sub-STSWD1240
6556,0.0,0.61863,3,1,1,1,1,1,1,True,sub-STSWD1240,170250,8,170250.0,sub-STSWD1240
6557,1.0,0.38857,3,1,2,1,1,1,1,True,sub-STSWD1240,172682,8,172682.0,sub-STSWD1240
6558,1.0,0.34282,3,1,2,1,1,1,1,True,sub-STSWD1240,175114,8,175114.0,sub-STSWD1240
6559,1.0,0.30832,3,1,1,1,1,1,1,True,sub-STSWD1240,177546,8,177546.0,sub-STSWD1240
6560,0.0,0.27538,3,1,1,1,1,1,1,True,sub-STSWD1240,179978,8,179978.0,sub-STSWD1240
6561,1.0,0.36532,3,1,2,1,1,1,1,True,sub-STSWD1240,182410,8,182410.0,sub-STSWD1240
6562,1.0,0.33024,3,1,2,1,1,1,1,True,sub-STSWD1240,184842,8,184842.0,sub-STSWD1240
6563,1.0,0.33614,3,1,1,1,1,1,1,True,sub-STSWD1240,187274,8,187274.0,sub-STSWD1240
6564,1.0,1.227,3,3,2,1,1,1,1,True,sub-STSWD1240,191754,8,191754.0,sub-STSWD1240
6565,1.0,0.8679,3,3,1,1,1,1,1,True,sub-STSWD1240,194186,8,194186.0,sub-STSWD1240
6566,1.0,0.80291,4,3,2,1,1,1,1,True,sub-STSWD1240,196618,8,196618.0,sub-STSWD1240
6567,1.0,0.79982,4,3,2,1,1,1,1,True,sub-STSWD1240,199050,8,199050.0,sub-STSWD1240
6568,1.0,1.2197,3,3,1,1,1,1,1,True,sub-STSWD1240,201482,8,201482.0,sub-STSWD1240
6569,1.0,1.1127,3,3,2,1,1,1,1,True,sub-STSWD1240,203914,8,203914.0,sub-STSWD1240
6570,1.0,0.55566,2,3,2,1,1,1,1,True,sub-STSWD1240,206346,8,206346.0,sub-STSWD1240
6571,1.0,0.7726,2,3,1,1,1,1,1,True,sub-STSWD1240,208778,8,208778.0,sub-STSWD1240
6572,1.0,0.66544,1,4,1,1,1,1,1,True,sub-STSWD1240,213258,8,213258.0,sub-STSWD1240
6573,1.0,0.84831,4,4,2,1,1,1,1,True,sub-STSWD1240,215690,8,215690.0,sub-STSWD1240
6574,1.0,1.2053,1,4,1,1,1,1,1,True,sub-STSWD1240,218122,8,218122.0,sub-STSWD1240
6575,1.0,0.65824,1,4,1,1,1,1,1,True,sub-STSWD1240,220554,8,220554.0,sub-STSWD1240
6576,0.0,1.0002,3,4,1,1,1,1,1,True,sub-STSWD1240,222985,8,222985.0,sub-STSWD1240
6577,1.0,1.0741,3,4,1,1,1,1,1,True,sub-STSWD1240,225417,8,225417.0,sub-STSWD1240
6578,1.0,0.45208,2,4,1,1,1,1,1,True,sub-STSWD1240,227849,8,227849.0,sub-STSWD1240
6579,0.0,1.2299,4,4,2,1,1,1,1,True,sub-STSWD1240,230281,8,230281.0,sub-STSWD1240
6580,1.0,0.39182,1,2,1,1,1,1,1,True,sub-STSWD1240,234761,8,234761.0,sub-STSWD1240
6581,1.0,0.5318,1,2,1,1,1,1,1,True,sub-STSWD1240,237193,8,237193.0,sub-STSWD1240
6582,1.0,0.48267,2,2,1,1,1,1,1,True,sub-STSWD1240,239625,8,239625.0,sub-STSWD1240
6583,1.0,0.47565,2,2,2,1,1,1,1,True,sub-STSWD1240,242057,8,242057.0,sub-STSWD1240
6584,0.0,0.72164,1,2,1,1,1,1,1,True,sub-STSWD1240,244489,8,244489.0,sub-STSWD1240
6585,1.0,1.0256,2,2,1,1,1,1,1,True,sub-STSWD1240,246921,8,246921.0,sub-STSWD1240
6586,1.0,0.55051,2,2,2,1,1,1,1,True,sub-STSWD1240,249353,8,249353.0,sub-STSWD1240
6587,1.0,0.48546,1,2,1,1,1,1,1,True,sub-STSWD1240,251785,8,251785.0,sub-STSWD1240
6588,1.0,0.38421,2,1,1,1,1,1,1,True,sub-STSWD1240,285752,8,285752.0,sub-STSWD1240
6589,1.0,0.37211,2,1,1,1,1,1,1,True,sub-STSWD1240,288184,8,288184.0,sub-STSWD1240
6590,1.0,0.302,2,1,1,1,1,1,1,True,sub-STSWD1240,290616,8,290616.0,sub-STSWD1240
6591,1.0,0.31798,2,1,2,1,1,1,1,True,sub-STSWD1240,293048,8,293048.0,sub-STSWD1240
6592,1.0,0.38791,2,1,2,1,1,1,1,True,sub-STSWD1240,295480,8,295480.0,sub-STSWD1240
6593,1.0,0.34485,2,1,2,1,1,1,1,True,sub-STSWD1240,297912,8,297912.0,sub-STSWD1240
6594,1.0,0.33583,2,1,2,1,1,1,1,True,sub-STSWD1240,300344,8,300344.0,sub-STSWD1240
6595,1.0,0.36872,2,1,2,1,1,1,1,True,sub-STSWD1240,302776,8,302776.0,sub-STSWD1240
6596,1.0,0.83663,4,3,2,1,1,1,1,True,sub-STSWD1240,307255,8,307255.0,sub-STSWD1240
6597,1.0,1.1656,4,3,1,1,1,1,1,True,sub-STSWD1240,309687,8,309687.0,sub-STSWD1240
6598,1.0,0.85375,4,3,2,1,1,1,1,True,sub-STSWD1240,312119,8,312119.0,sub-STSWD1240
6599,0.0,1.0364,3,3,1,1,1,1,1,True,sub-STSWD1240,314551,8,314551.0,sub-STSWD1240
6600,1.0,1.2123,4,3,1,1,1,1,1,True,sub-STSWD1240,316983,8,316983.0,sub-STSWD1240
6601,1.0,0.81527,4,3,1,1,1,1,1,True,sub-STSWD1240,319415,8,319415.0,sub-STSWD1240
6602,1.0,0.95516,4,3,1,1,1,1,1,True,sub-STSWD1240,321847,8,321847.0,sub-STSWD1240
6603,1.0,1.2602,1,3,1,1,1,1,1,True,sub-STSWD1240,324279,8,324279.0,sub-STSWD1240
6604,1.0,0.57502,1,2,2,1,1,1,1,True,sub-STSWD1240,328759,8,328759.0,sub-STSWD1240
6605,1.0,0.48394,1,2,2,1,1,1,1,True,sub-STSWD1240,331191,8,331191.0,sub-STSWD1240
6606,1.0,0.44089,3,2,1,1,1,1,1,True,sub-STSWD1240,333623,8,333623.0,sub-STSWD1240
6607,1.0,0.67583,3,2,1,1,1,1,1,True,sub-STSWD1240,336055,8,336055.0,sub-STSWD1240
6608,1.0,0.64581,3,2,2,1,1,1,1,True,sub-STSWD1240,338487,8,338487.0,sub-STSWD1240
6609,1.0,0.54361,1,2,2,1,1,1,1,True,sub-STSWD1240,340919,8,340919.0,sub-STSWD1240
6610,1.0,0.68877,3,2,1,1,1,1,1,True,sub-STSWD1240,343351,8,343351.0,sub-STSWD1240
6611,1.0,0.52461,1,2,2,1,1,1,1,True,sub-STSWD1240,345783,8,345783.0,sub-STSWD1240
6612,1.0,0.75548,2,4,1,1,1,1,1,True,sub-STSWD1240,350263,8,350263.0,sub-STSWD1240
6613,1.0,1.4314,1,4,2,1,1,1,1,True,sub-STSWD1240,352695,8,352695.0,sub-STSWD1240
6614,1.0,1.2144,3,4,1,1,1,1,1,True,sub-STSWD1240,355127,8,355127.0,sub-STSWD1240
6615,1.0,0.92929,3,4,1,1,1,1,1,True,sub-STSWD1240,357559,8,357559.0,sub-STSWD1240
6616,1.0,1.1592,4,4,2,1,1,1,1,True,sub-STSWD1240,359991,8,359991.0,sub-STSWD1240
6617,0.0,1.1376,4,4,1,1,1,1,1,True,sub-STSWD1240,362427,8,362427.0,sub-STSWD1240
6618,1.0,1.0104,4,4,1,1,1,1,1,True,sub-STSWD1240,364859,8,364859.0,sub-STSWD1240
6619,1.0,0.77136,1,4,1,1,1,1,1,True,sub-STSWD1240,367291,8,367291.0,sub-STSWD1240
6620,1.0,0.39822,1,1,2,1,1,1,1,True,sub-STSWD1240,371771,8,371771.0,sub-STSWD1240
6621,1.0,0.35406,1,1,2,1,1,1,1,True,sub-STSWD1240,374203,8,374203.0,sub-STSWD1240
6622,1.0,0.37719,1,1,1,1,1,1,1,True,sub-STSWD1240,376635,8,376635.0,sub-STSWD1240
6623,1.0,0.407,1,1,2,1,1,1,1,True,sub-STSWD1240,379067,8,379067.0,sub-STSWD1240
6624,1.0,0.47889,1,1,2,1,1,1,1,True,sub-STSWD1240,381499,8,381499.0,sub-STSWD1240
6625,1.0,0.58188,1,1,1,1,1,1,1,True,sub-STSWD1240,383931,8,383931.0,sub-STSWD1240
6626,1.0,0.42086,1,1,2,1,1,1,1,True,sub-STSWD1240,386363,8,386363.0,sub-STSWD1240
6627,0.0,0.55279,1,1,2,1,1,1,1,True,sub-STSWD1240,388795,8,388795.0,sub-STSWD1240
6628,0.0,1.0096,1,4,2,1,1,1,1,True,sub-STSWD1240,393275,8,393275.0,sub-STSWD1240
6629,1.0,0.76761,2,4,2,1,1,1,1,True,sub-STSWD1240,395707,8,395707.0,sub-STSWD1240
6630,1.0,0.87753,2,4,2,1,1,1,1,True,sub-STSWD1240,398139,8,398139.0,sub-STSWD1240
6631,1.0,0.55048,2,4,2,1,1,1,1,True,sub-STSWD1240,400571,8,400571.0,sub-STSWD1240
6632,0.0,1.1434,4,4,2,1,1,1,1,True,sub-STSWD1240,403003,8,403003.0,sub-STSWD1240
6633,1.0,1.1173,3,4,2,1,1,1,1,True,sub-STSWD1240,405435,8,405435.0,sub-STSWD1240
6634,1.0,0.64424,3,4,2,1,1,1,1,True,sub-STSWD1240,407867,8,407867.0,sub-STSWD1240
6635,1.0,0.7003,1,4,1,1,1,1,1,True,sub-STSWD1240,410299,8,410299.0,sub-STSWD1240
6636,1.0,0.44506,2,2,2,1,1,1,1,True,sub-STSWD1240,414778,8,414778.0,sub-STSWD1240
6637,1.0,0.65599,2,2,1,1,1,1,1,True,sub-STSWD1240,417210,8,417210.0,sub-STSWD1240
6638,1.0,1.4529,3,2,2,1,1,1,1,True,sub-STSWD1240,419642,8,419642.0,sub-STSWD1240
6639,1.0,0.67091,3,2,2,1,1,1,1,True,sub-STSWD1240,422074,8,422074.0,sub-STSWD1240
6640,1.0,0.92983,2,2,1,1,1,1,1,True,sub-STSWD1240,424506,8,424506.0,sub-STSWD1240
6641,1.0,0.96676,3,2,1,1,1,1,1,True,sub-STSWD1240,426938,8,426938.0,sub-STSWD1240
6642,1.0,0.50568,3,2,1,1,1,1,1,True,sub-STSWD1240,429370,8,429370.0,sub-STSWD1240
6643,1.0,0.81975,2,2,2,1,1,1,1,True,sub-STSWD1240,431802,8,431802.0,sub-STSWD1240
6644,1.0,0.57553,3,3,1,1,1,1,1,True,sub-STSWD1240,436282,8,436282.0,sub-STSWD1240
6645,1.0,0.50742,1,3,1,1,1,1,1,True,sub-STSWD1240,438714,8,438714.0,sub-STSWD1240
6646,1.0,0.76639,1,3,2,1,1,1,1,True,sub-STSWD1240,441146,8,441146.0,sub-STSWD1240
6647,1.0,0.53929,2,3,2,1,1,1,1,True,sub-STSWD1240,443578,8,443578.0,sub-STSWD1240
6648,1.0,0.65522,2,3,1,1,1,1,1,True,sub-STSWD1240,446010,8,446010.0,sub-STSWD1240
6649,1.0,0.50814,2,3,2,1,1,1,1,True,sub-STSWD1240,448442,8,448442.0,sub-STSWD1240
6650,1.0,0.88714,3,3,1,1,1,1,1,True,sub-STSWD1240,450874,8,450874.0,sub-STSWD1240
6651,1.0,0.93502,1,3,1,1,1,1,1,True,sub-STSWD1240,453306,8,453306.0,sub-STSWD1240
6652,1.0,0.93357,4,2,2,1,1,1,1,True,sub-STSWD1240,486027,8,486027.0,sub-STSWD1240
6653,1.0,0.56847,3,2,1,1,1,1,1,True,sub-STSWD1240,488459,8,488459.0,sub-STSWD1240
6654,0.0,0.69037,4,2,1,1,1,1,1,True,sub-STSWD1240,490891,8,490891.0,sub-STSWD1240
6655,1.0,0.50635,3,2,1,1,1,1,1,True,sub-STSWD1240,493322,8,493322.0,sub-STSWD1240
6656,0.0,0.74326,4,2,1,1,1,1,1,True,sub-STSWD1240,495754,8,495754.0,sub-STSWD1240
6657,1.0,0.63421,4,2,1,1,1,1,1,True,sub-STSWD1240,498187,8,498187.0,sub-STSWD1240
6658,0.0,0.99508,3,2,2,1,1,1,1,True,sub-STSWD1240,500619,8,500619.0,sub-STSWD1240
6659,1.0,1.231,3,2,2,1,1,1,1,True,sub-STSWD1240,503051,8,503051.0,sub-STSWD1240
6660,1.0,0.56994,2,4,1,1,1,1,1,True,sub-STSWD1240,507531,8,507531.0,sub-STSWD1240
6661,1.0,0.68285,2,4,1,1,1,1,1,True,sub-STSWD1240,509962,8,509962.0,sub-STSWD1240
6662,1.0,0.78973,1,4,1,1,1,1,1,True,sub-STSWD1240,512394,8,512394.0,sub-STSWD1240
6663,1.0,0.83076,4,4,1,1,1,1,1,True,sub-STSWD1240,514826,8,514826.0,sub-STSWD1240
6664,1.0,0.8957,4,4,2,1,1,1,1,True,sub-STSWD1240,517258,8,517258.0,sub-STSWD1240
6665,1.0,0.62463,1,4,2,1,1,1,1,True,sub-STSWD1240,519690,8,519690.0,sub-STSWD1240
6666,1.0,0.94656,3,4,2,1,1,1,1,True,sub-STSWD1240,522122,8,522122.0,sub-STSWD1240
6667,1.0,0.84845,2,4,2,1,1,1,1,True,sub-STSWD1240,524554,8,524554.0,sub-STSWD1240
6668,1.0,0.81738,1,3,2,1,1,1,1,True,sub-STSWD1240,529034,8,529034.0,sub-STSWD1240
6669,1.0,0.7674,1,3,1,1,1,1,1,True,sub-STSWD1240,531466,8,531466.0,sub-STSWD1240
6670,1.0,0.51221,1,3,2,1,1,1,1,True,sub-STSWD1240,533898,8,533898.0,sub-STSWD1240
6671,1.0,0.94613,4,3,1,1,1,1,1,True,sub-STSWD1240,536330,8,536330.0,sub-STSWD1240
6672,1.0,0.83413,2,3,1,1,1,1,1,True,sub-STSWD1240,538762,8,538762.0,sub-STSWD1240
6673,1.0,0.54333,2,3,2,1,1,1,1,True,sub-STSWD1240,541194,8,541194.0,sub-STSWD1240
6674,1.0,0.675,1,3,1,1,1,1,1,True,sub-STSWD1240,543626,8,543626.0,sub-STSWD1240
6675,1.0,0.91093,1,3,2,1,1,1,1,True,sub-STSWD1240,546058,8,546058.0,sub-STSWD1240
6676,1.0,0.32182,2,1,2,1,1,1,1,True,sub-STSWD1240,550538,8,550538.0,sub-STSWD1240
6677,1.0,0.28371,2,1,2,1,1,1,1,True,sub-STSWD1240,552970,8,552970.0,sub-STSWD1240
6678,1.0,0.25465,2,1,1,1,1,1,1,True,sub-STSWD1240,555402,8,555402.0,sub-STSWD1240
6679,1.0,0.38252,2,1,1,1,1,1,1,True,sub-STSWD1240,557834,8,557834.0,sub-STSWD1240
6680,1.0,0.28065,2,1,1,1,1,1,1,True,sub-STSWD1240,560266,8,560266.0,sub-STSWD1240
6681,1.0,0.28142,2,1,1,1,1,1,1,True,sub-STSWD1240,562698,8,562698.0,sub-STSWD1240
6682,1.0,0.32435,2,1,1,1,1,1,1,True,sub-STSWD1240,565130,8,565130.0,sub-STSWD1240
6683,1.0,0.29337,2,1,2,1,1,1,1,True,sub-STSWD1240,567562,8,567562.0,sub-STSWD1240
6684,1.0,0.57523,2,4,1,1,1,1,1,True,sub-STSWD1240,572042,8,572042.0,sub-STSWD1240
6685,1.0,0.58117,1,4,1,1,1,1,1,True,sub-STSWD1240,574474,8,574474.0,sub-STSWD1240
6686,1.0,0.91609,1,4,2,1,1,1,1,True,sub-STSWD1240,576906,8,576906.0,sub-STSWD1240
6687,0.0,0.97805,4,4,1,1,1,1,1,True,sub-STSWD1240,579338,8,579338.0,sub-STSWD1240
6688,1.0,0.87493,4,4,2,1,1,1,1,True,sub-STSWD1240,581770,8,581770.0,sub-STSWD1240
6689,1.0,0.97587,3,4,2,1,1,1,1,True,sub-STSWD1240,584202,8,584202.0,sub-STSWD1240
6690,1.0,0.92972,3,4,2,1,1,1,1,True,sub-STSWD1240,586634,8,586634.0,sub-STSWD1240
6691,1.0,0.34885,3,4,2,1,1,1,1,True,sub-STSWD1240,589066,8,589066.0,sub-STSWD1240
6692,1.0,0.7786,4,1,1,1,1,1,1,True,sub-STSWD1240,593546,8,593546.0,sub-STSWD1240
6693,1.0,0.28957,4,1,2,1,1,1,1,True,sub-STSWD1240,595978,8,595978.0,sub-STSWD1240
6694,1.0,0.31646,4,1,2,1,1,1,1,True,sub-STSWD1240,598410,8,598410.0,sub-STSWD1240
6695,1.0,0.37647,4,1,2,1,1,1,1,True,sub-STSWD1240,600842,8,600842.0,sub-STSWD1240
6696,1.0,0.4144,4,1,2,1,1,1,1,True,sub-STSWD1240,603274,8,603274.0,sub-STSWD1240
6697,1.0,0.35331,4,1,1,1,1,1,1,True,sub-STSWD1240,605706,8,605706.0,sub-STSWD1240
6698,0.0,0.3212,4,1,1,1,1,1,1,True,sub-STSWD1240,608138,8,608138.0,sub-STSWD1240
6699,1.0,0.33412,4,1,1,1,1,1,1,True,sub-STSWD1240,610570,8,610570.0,sub-STSWD1240
6700,1.0,0.6241,1,3,2,1,1,1,1,True,sub-STSWD1240,615049,8,615049.0,sub-STSWD1240
6701,1.0,0.58302,4,3,2,1,1,1,1,True,sub-STSWD1240,617481,8,617481.0,sub-STSWD1240
6702,1.0,0.55088,4,3,2,1,1,1,1,True,sub-STSWD1240,619913,8,619913.0,sub-STSWD1240
6703,1.0,0.75686,2,3,2,1,1,1,1,True,sub-STSWD1240,622345,8,622345.0,sub-STSWD1240
6704,1.0,0.86872,1,3,1,1,1,1,1,True,sub-STSWD1240,624778,8,624778.0,sub-STSWD1240
6705,1.0,1.0168,1,3,2,1,1,1,1,True,sub-STSWD1240,627209,8,627209.0,sub-STSWD1240
6706,1.0,1.0287,4,3,1,1,1,1,1,True,sub-STSWD1240,629641,8,629641.0,sub-STSWD1240
6707,1.0,0.79953,2,3,1,1,1,1,1,True,sub-STSWD1240,632073,8,632073.0,sub-STSWD1240
6708,1.0,1.0845,4,2,2,1,1,1,1,True,sub-STSWD1240,636553,8,636553.0,sub-STSWD1240
6709,1.0,0.6494,4,2,2,1,1,1,1,True,sub-STSWD1240,641417,8,641417.0,sub-STSWD1240
6710,1.0,0.45927,4,2,1,1,1,1,1,True,sub-STSWD1240,643849,8,643849.0,sub-STSWD1240
6711,1.0,0.35918,4,2,2,1,1,1,1,True,sub-STSWD1240,646281,8,646281.0,sub-STSWD1240
6712,1.0,0.32621,3,2,2,1,1,1,1,True,sub-STSWD1240,648713,8,648713.0,sub-STSWD1240
6713,1.0,0.6324,3,2,1,1,1,1,1,True,sub-STSWD1240,651145,8,651145.0,sub-STSWD1240
6714,1.0,0.48099,3,2,2,1,1,1,1,True,sub-STSWD1240,653577,8,653577.0,sub-STSWD1240
6715,1.0,0.63967,1,4,2,1,1,1,1,True,sub-STSWD1240,682842,8,682842.0,sub-STSWD1240
6716,1.0,0.45652,2,4,2,1,1,1,1,True,sub-STSWD1240,685274,8,685274.0,sub-STSWD1240
6717,1.0,0.91944,1,4,1,1,1,1,1,True,sub-STSWD1240,687706,8,687706.0,sub-STSWD1240
6718,1.0,0.66943,3,4,1,1,1,1,1,True,sub-STSWD1240,690138,8,690138.0,sub-STSWD1240
6719,1.0,0.66038,3,4,1,1,1,1,1,True,sub-STSWD1240,692570,8,692570.0,sub-STSWD1240
6720,1.0,0.72931,2,4,2,1,1,1,1,True,sub-STSWD1240,695002,8,695002.0,sub-STSWD1240
6721,1.0,1.0162,4,4,1,1,1,1,1,True,sub-STSWD1240,697434,8,697434.0,sub-STSWD1240
6722,1.0,0.84315,4,4,1,1,1,1,1,True,sub-STSWD1240,699866,8,699866.0,sub-STSWD1240
6723,1.0,0.54806,1,3,1,1,1,1,1,True,sub-STSWD1240,704346,8,704346.0,sub-STSWD1240
6724,1.0,0.65291,3,3,1,1,1,1,1,True,sub-STSWD1240,706778,8,706778.0,sub-STSWD1240
6725,1.0,0.91087,3,3,2,1,1,1,1,True,sub-STSWD1240,709210,8,709210.0,sub-STSWD1240
6726,1.0,0.71791,4,3,2,1,1,1,1,True,sub-STSWD1240,711642,8,711642.0,sub-STSWD1240
6727,1.0,0.59871,1,3,1,1,1,1,1,True,sub-STSWD1240,714074,8,714074.0,sub-STSWD1240
6728,1.0,0.81264,1,3,2,1,1,1,1,True,sub-STSWD1240,716506,8,716506.0,sub-STSWD1240
6729,0.0,0.87461,3,3,1,1,1,1,1,True,sub-STSWD1240,718938,8,718938.0,sub-STSWD1240
6730,1.0,0.7806,4,3,1,1,1,1,1,True,sub-STSWD1240,721370,8,721370.0,sub-STSWD1240
6731,1.0,0.32548,4,1,1,1,1,1,1,True,sub-STSWD1240,725849,8,725849.0,sub-STSWD1240
6732,1.0,0.38238,4,1,1,1,1,1,1,True,sub-STSWD1240,728281,8,728281.0,sub-STSWD1240
6733,1.0,0.30734,4,1,1,1,1,1,1,True,sub-STSWD1240,730714,8,730714.0,sub-STSWD1240
6734,1.0,0.31721,4,1,2,1,1,1,1,True,sub-STSWD1240,733145,8,733145.0,sub-STSWD1240
6735,1.0,0.30819,4,1,1,1,1,1,1,True,sub-STSWD1240,735577,8,735577.0,sub-STSWD1240
6736,1.0,0.28513,4,1,2,1,1,1,1,True,sub-STSWD1240,738009,8,738009.0,sub-STSWD1240
6737,1.0,0.31105,4,1,2,1,1,1,1,True,sub-STSWD1240,740441,8,740441.0,sub-STSWD1240
6738,1.0,0.36704,4,1,2,1,1,1,1,True,sub-STSWD1240,742873,8,742873.0,sub-STSWD1240
6739,1.0,0.59196,1,2,2,1,1,1,1,True,sub-STSWD1240,747354,8,747354.0,sub-STSWD1240
6740,0.0,0.8548,4,2,1,1,1,1,1,True,sub-STSWD1240,749785,8,749785.0,sub-STSWD1240
6741,1.0,0.86778,4,2,1,1,1,1,1,True,sub-STSWD1240,752217,8,752217.0,sub-STSWD1240
6742,1.0,0.66471,1,2,1,1,1,1,1,True,sub-STSWD1240,754649,8,754649.0,sub-STSWD1240
6743,1.0,0.75728,4,2,2,1,1,1,1,True,sub-STSWD1240,757081,8,757081.0,sub-STSWD1240
6744,1.0,0.49655,4,2,1,1,1,1,1,True,sub-STSWD1240,759513,8,759513.0,sub-STSWD1240
6745,1.0,0.45648,1,2,1,1,1,1,1,True,sub-STSWD1240,761945,8,761945.0,sub-STSWD1240
6746,1.0,0.42541,1,2,2,1,1,1,1,True,sub-STSWD1240,764377,8,764377.0,sub-STSWD1240
6747,1.0,0.67629,3,3,2,1,1,1,1,True,sub-STSWD1240,768857,8,768857.0,sub-STSWD1240
6748,1.0,0.89918,3,3,1,1,1,1,1,True,sub-STSWD1240,771289,8,771289.0,sub-STSWD1240
6749,1.0,0.80412,3,3,2,1,1,1,1,True,sub-STSWD1240,773721,8,773721.0,sub-STSWD1240
6750,1.0,1.1871,4,3,1,1,1,1,1,True,sub-STSWD1240,776153,8,776153.0,sub-STSWD1240
6751,1.0,0.44008,2,3,1,1,1,1,1,True,sub-STSWD1240,778585,8,778585.0,sub-STSWD1240
6752,1.0,0.78597,4,3,2,1,1,1,1,True,sub-STSWD1240,781017,8,781017.0,sub-STSWD1240
6753,1.0,0.8388,3,3,2,1,1,1,1,True,sub-STSWD1240,783449,8,783449.0,sub-STSWD1240
6754,1.0,0.7429,2,3,1,1,1,1,1,True,sub-STSWD1240,785881,8,785881.0,sub-STSWD1240
6755,1.0,0.47677,2,2,2,1,1,1,1,True,sub-STSWD1240,790361,8,790361.0,sub-STSWD1240
6756,1.0,1.1586,2,2,1,1,1,1,1,True,sub-STSWD1240,792793,8,792793.0,sub-STSWD1240
6757,1.0,0.81561,4,2,1,1,1,1,1,True,sub-STSWD1240,795225,8,795225.0,sub-STSWD1240
6758,1.0,0.49992,2,2,1,1,1,1,1,True,sub-STSWD1240,797657,8,797657.0,sub-STSWD1240
6759,1.0,0.96379,4,2,2,1,1,1,1,True,sub-STSWD1240,800089,8,800089.0,sub-STSWD1240
6760,1.0,0.9094,4,2,2,1,1,1,1,True,sub-STSWD1240,802521,8,802521.0,sub-STSWD1240
6761,1.0,0.64771,4,2,2,1,1,1,1,True,sub-STSWD1240,804953,8,804953.0,sub-STSWD1240
6762,1.0,0.57765,2,2,2,1,1,1,1,True,sub-STSWD1240,807385,8,807385.0,sub-STSWD1240
6763,1.0,0.78053,1,4,2,1,1,1,1,True,sub-STSWD1240,811865,8,811865.0,sub-STSWD1240
6764,1.0,0.96845,1,4,2,1,1,1,1,True,sub-STSWD1240,814297,8,814297.0,sub-STSWD1240
6765,0.0,1.0064,4,4,2,1,1,1,1,True,sub-STSWD1240,816729,8,816729.0,sub-STSWD1240
6766,1.0,0.94199,4,4,2,1,1,1,1,True,sub-STSWD1240,819161,8,819161.0,sub-STSWD1240
6767,1.0,0.66722,2,4,1,1,1,1,1,True,sub-STSWD1240,821593,8,821593.0,sub-STSWD1240
6768,1.0,0.63409,2,4,2,1,1,1,1,True,sub-STSWD1240,824025,8,824025.0,sub-STSWD1240
6769,1.0,0.7538,3,4,2,1,1,1,1,True,sub-STSWD1240,826457,8,826457.0,sub-STSWD1240
6770,1.0,0.89207,3,4,1,1,1,1,1,True,sub-STSWD1240,828889,8,828889.0,sub-STSWD1240
6771,1.0,0.27692,3,1,1,1,1,1,1,True,sub-STSWD1240,833368,8,833368.0,sub-STSWD1240
6772,1.0,0.29143,3,1,1,1,1,1,1,True,sub-STSWD1240,835800,8,835800.0,sub-STSWD1240
6773,1.0,0.27384,3,1,2,1,1,1,1,True,sub-STSWD1240,838232,8,838232.0,sub-STSWD1240
6774,1.0,0.30269,3,1,1,1,1,1,1,True,sub-STSWD1240,840664,8,840664.0,sub-STSWD1240
6775,1.0,0.30566,3,1,1,1,1,1,1,True,sub-STSWD1240,843096,8,843096.0,sub-STSWD1240
6776,1.0,0.29051,3,1,2,1,1,1,1,True,sub-STSWD1240,845528,8,845528.0,sub-STSWD1240
6777,1.0,0.32949,3,1,2,1,1,1,1,True,sub-STSWD1240,847960,8,847960.0,sub-STSWD1240
6778,1.0,0.40846,3,1,2,1,1,1,1,True,sub-STSWD1240,850392,8,850392.0,sub-STSWD1240
6779,1.0,1.1452,1,2,1,1,1,1,1,True,sub-STSWD1243,29278,8,29278.0,sub-STSWD1243
6780,1.0,0.89916,2,2,1,1,1,1,1,True,sub-STSWD1243,31709,8,31709.0,sub-STSWD1243
6781,1.0,0.65801,2,2,1,1,1,1,1,True,sub-STSWD1243,34141,8,34141.0,sub-STSWD1243
6782,1.0,0.88804,2,2,2,1,1,1,1,True,sub-STSWD1243,36573,8,36573.0,sub-STSWD1243
6783,1.0,0.85697,1,2,1,1,1,1,1,True,sub-STSWD1243,39005,8,39005.0,sub-STSWD1243
6784,1.0,0.71787,2,2,1,1,1,1,1,True,sub-STSWD1243,41437,8,41437.0,sub-STSWD1243
6785,1.0,0.95688,1,2,2,1,1,1,1,True,sub-STSWD1243,43869,8,43869.0,sub-STSWD1243
6786,1.0,0.92477,2,2,2,1,1,1,1,True,sub-STSWD1243,46301,8,46301.0,sub-STSWD1243
6787,1.0,1.3046,3,3,2,1,1,1,1,True,sub-STSWD1243,50781,8,50781.0,sub-STSWD1243
6788,1.0,0.87443,3,3,2,1,1,1,1,True,sub-STSWD1243,55645,8,55645.0,sub-STSWD1243
6789,1.0,1.5245,3,3,1,1,1,1,1,True,sub-STSWD1243,58077,8,58077.0,sub-STSWD1243
6790,1.0,1.1624,3,3,1,1,1,1,1,True,sub-STSWD1243,60509,8,60509.0,sub-STSWD1243
6791,1.0,1.5023,2,3,1,1,1,1,1,True,sub-STSWD1243,62941,8,62941.0,sub-STSWD1243
6792,1.0,1.1962,2,3,1,1,1,1,1,True,sub-STSWD1243,65373,8,65373.0,sub-STSWD1243
6793,1.0,1.5942,4,3,2,1,1,1,1,True,sub-STSWD1243,67805,8,67805.0,sub-STSWD1243
6794,0.0,0.69004,3,1,2,1,1,1,1,True,sub-STSWD1243,72285,8,72285.0,sub-STSWD1243
6795,1.0,0.57602,3,1,1,1,1,1,1,True,sub-STSWD1243,74717,8,74717.0,sub-STSWD1243
6796,0.0,0.68391,3,1,1,1,1,1,1,True,sub-STSWD1243,77149,8,77149.0,sub-STSWD1243
6797,0.0,0.58284,3,1,1,1,1,1,1,True,sub-STSWD1243,79581,8,79581.0,sub-STSWD1243
6798,1.0,0.45981,3,1,1,1,1,1,1,True,sub-STSWD1243,82013,8,82013.0,sub-STSWD1243
6799,1.0,0.45476,3,1,2,1,1,1,1,True,sub-STSWD1243,84445,8,84445.0,sub-STSWD1243
6800,0.0,0.65369,3,1,2,1,1,1,1,True,sub-STSWD1243,86877,8,86877.0,sub-STSWD1243
6801,1.0,0.36963,3,1,2,1,1,1,1,True,sub-STSWD1243,89309,8,89309.0,sub-STSWD1243
6802,0.0,0.99151,4,4,1,1,1,1,1,True,sub-STSWD1243,93789,8,93789.0,sub-STSWD1243
6803,0.0,0.87441,4,4,1,1,1,1,1,True,sub-STSWD1243,96221,8,96221.0,sub-STSWD1243
6804,1.0,1.6193,2,4,2,1,1,1,1,True,sub-STSWD1243,98653,8,98653.0,sub-STSWD1243
6805,1.0,1.2802,1,4,1,1,1,1,1,True,sub-STSWD1243,101085,8,101085.0,sub-STSWD1243
6806,1.0,1.1492,2,4,1,1,1,1,1,True,sub-STSWD1243,103517,8,103517.0,sub-STSWD1243
6807,1.0,0.76812,3,4,2,1,1,1,1,True,sub-STSWD1243,108380,8,108380.0,sub-STSWD1243
6808,1.0,0.93405,1,4,1,1,1,1,1,True,sub-STSWD1243,110812,8,110812.0,sub-STSWD1243
6809,1.0,0.55702,2,1,1,1,1,1,1,True,sub-STSWD1243,115292,8,115292.0,sub-STSWD1243
6810,1.0,0.48687,2,1,1,1,1,1,1,True,sub-STSWD1243,117724,8,117724.0,sub-STSWD1243
6811,1.0,0.44681,2,1,1,1,1,1,1,True,sub-STSWD1243,120156,8,120156.0,sub-STSWD1243
6812,1.0,0.35275,2,1,2,1,1,1,1,True,sub-STSWD1243,122588,8,122588.0,sub-STSWD1243
6813,1.0,0.41863,2,1,1,1,1,1,1,True,sub-STSWD1243,125020,8,125020.0,sub-STSWD1243
6814,1.0,0.47158,2,1,1,1,1,1,1,True,sub-STSWD1243,127452,8,127452.0,sub-STSWD1243
6815,1.0,0.43951,2,1,2,1,1,1,1,True,sub-STSWD1243,129884,8,129884.0,sub-STSWD1243
6816,1.0,0.46149,2,1,2,1,1,1,1,True,sub-STSWD1243,132316,8,132316.0,sub-STSWD1243
6817,1.0,0.57137,1,2,2,1,1,1,1,True,sub-STSWD1243,136796,8,136796.0,sub-STSWD1243
6818,0.0,0.85526,1,2,2,1,1,1,1,True,sub-STSWD1243,139228,8,139228.0,sub-STSWD1243
6819,1.0,0.75323,4,2,2,1,1,1,1,True,sub-STSWD1243,141660,8,141660.0,sub-STSWD1243
6820,0.0,0.59518,4,2,1,1,1,1,1,True,sub-STSWD1243,144092,8,144092.0,sub-STSWD1243
6821,1.0,0.88112,4,2,1,1,1,1,1,True,sub-STSWD1243,146524,8,146524.0,sub-STSWD1243
6822,1.0,0.84205,1,2,1,1,1,1,1,True,sub-STSWD1243,148956,8,148956.0,sub-STSWD1243
6823,0.0,0.71798,4,2,1,1,1,1,1,True,sub-STSWD1243,151388,8,151388.0,sub-STSWD1243
6824,1.0,0.74187,1,2,1,1,1,1,1,True,sub-STSWD1243,153820,8,153820.0,sub-STSWD1243
6825,1.0,1.3977,2,3,2,1,1,1,1,True,sub-STSWD1243,158300,8,158300.0,sub-STSWD1243
6826,1.0,0.95272,1,3,1,1,1,1,1,True,sub-STSWD1243,160732,8,160732.0,sub-STSWD1243
6827,1.0,1.2266,1,3,2,1,1,1,1,True,sub-STSWD1243,163164,8,163164.0,sub-STSWD1243
6828,0.0,0.77063,1,3,2,1,1,1,1,True,sub-STSWD1243,165596,8,165596.0,sub-STSWD1243
6829,,,4,3,1,1,1,1,1,True,sub-STSWD1243,168028,8,,sub-STSWD1243
6830,1.0,0.65147,1,3,1,1,1,1,1,True,sub-STSWD1243,170460,8,170460.0,sub-STSWD1243
6831,1.0,0.88436,1,3,1,1,1,1,1,True,sub-STSWD1243,172892,8,172892.0,sub-STSWD1243
6832,1.0,0.98521,1,3,2,1,1,1,1,True,sub-STSWD1243,175324,8,175324.0,sub-STSWD1243
6833,0.0,1.1332,2,4,1,1,1,1,1,True,sub-STSWD1243,179804,8,179804.0,sub-STSWD1243
6834,1.0,1.1121,2,4,2,1,1,1,1,True,sub-STSWD1243,182236,8,182236.0,sub-STSWD1243
6835,1.0,0.85104,4,4,2,1,1,1,1,True,sub-STSWD1243,184668,8,184668.0,sub-STSWD1243
6836,0.0,0.70502,4,4,1,1,1,1,1,True,sub-STSWD1243,187100,8,187100.0,sub-STSWD1243
6837,0.0,1.155,1,4,2,1,1,1,1,True,sub-STSWD1243,189532,8,189532.0,sub-STSWD1243
6838,1.0,0.7788,1,4,1,1,1,1,1,True,sub-STSWD1243,191964,8,191964.0,sub-STSWD1243
6839,1.0,1.5638,3,4,1,1,1,1,1,True,sub-STSWD1243,194395,8,194395.0,sub-STSWD1243
6840,1.0,1.3237,3,4,2,1,1,1,1,True,sub-STSWD1243,196827,8,196827.0,sub-STSWD1243
6841,1.0,0.45181,1,1,2,1,1,1,1,True,sub-STSWD1243,284344,8,284344.0,sub-STSWD1243
6842,1.0,0.45684,1,1,2,1,1,1,1,True,sub-STSWD1243,286776,8,286776.0,sub-STSWD1243
6843,1.0,0.50361,1,1,1,1,1,1,1,True,sub-STSWD1243,289208,8,289208.0,sub-STSWD1243
6844,1.0,0.38058,1,1,1,1,1,1,1,True,sub-STSWD1243,291640,8,291640.0,sub-STSWD1243
6845,1.0,0.42253,1,1,2,1,1,1,1,True,sub-STSWD1243,294072,8,294072.0,sub-STSWD1243
6846,1.0,0.41067,1,1,1,1,1,1,1,True,sub-STSWD1243,296504,8,296504.0,sub-STSWD1243
6847,1.0,0.4313,1,1,2,1,1,1,1,True,sub-STSWD1243,298936,8,298936.0,sub-STSWD1243
6848,0.0,0.43536,1,1,2,1,1,1,1,True,sub-STSWD1243,301368,8,301368.0,sub-STSWD1243
6849,1.0,0.89021,3,4,1,1,1,1,1,True,sub-STSWD1243,305848,8,305848.0,sub-STSWD1243
6850,0.0,0.90414,3,4,2,1,1,1,1,True,sub-STSWD1243,308280,8,308280.0,sub-STSWD1243
6851,0.0,0.91708,1,4,2,1,1,1,1,True,sub-STSWD1243,310712,8,310712.0,sub-STSWD1243
6852,1.0,0.72496,4,4,2,1,1,1,1,True,sub-STSWD1243,313144,8,313144.0,sub-STSWD1243
6853,0.0,1.043,4,4,1,1,1,1,1,True,sub-STSWD1243,315576,8,315576.0,sub-STSWD1243
6854,0.0,1.1169,2,4,1,1,1,1,1,True,sub-STSWD1243,318008,8,318008.0,sub-STSWD1243
6855,1.0,0.78977,2,4,2,1,1,1,1,True,sub-STSWD1243,320440,8,320440.0,sub-STSWD1243
6856,1.0,1.0867,2,4,1,1,1,1,1,True,sub-STSWD1243,322872,8,322872.0,sub-STSWD1243
6857,0.0,0.82664,2,2,1,1,1,1,1,True,sub-STSWD1243,327352,8,327352.0,sub-STSWD1243
6858,1.0,1.0545,2,2,2,1,1,1,1,True,sub-STSWD1243,329783,8,329783.0,sub-STSWD1243
6859,1.0,0.73051,3,2,1,1,1,1,1,True,sub-STSWD1243,332215,8,332215.0,sub-STSWD1243
6860,1.0,0.93044,2,2,2,1,1,1,1,True,sub-STSWD1243,334647,8,334647.0,sub-STSWD1243
6861,1.0,0.82733,3,2,1,1,1,1,1,True,sub-STSWD1243,337079,8,337079.0,sub-STSWD1243
6862,1.0,1.0763,3,2,2,1,1,1,1,True,sub-STSWD1243,339511,8,339511.0,sub-STSWD1243
6863,1.0,0.57624,3,2,1,1,1,1,1,True,sub-STSWD1243,341943,8,341943.0,sub-STSWD1243
6864,1.0,1.1432,2,2,1,1,1,1,1,True,sub-STSWD1243,344375,8,344375.0,sub-STSWD1243
6865,1.0,1.035,2,3,2,1,1,1,1,True,sub-STSWD1243,348855,8,348855.0,sub-STSWD1243
6866,1.0,0.89702,2,3,2,1,1,1,1,True,sub-STSWD1243,351287,8,351287.0,sub-STSWD1243
6867,1.0,1.1049,2,3,2,1,1,1,1,True,sub-STSWD1243,353719,8,353719.0,sub-STSWD1243
6868,0.0,0.8749,3,3,2,1,1,1,1,True,sub-STSWD1243,356151,8,356151.0,sub-STSWD1243
6869,1.0,0.8188,1,3,1,1,1,1,1,True,sub-STSWD1243,358583,8,358583.0,sub-STSWD1243
6870,1.0,0.76773,2,3,2,1,1,1,1,True,sub-STSWD1243,361015,8,361015.0,sub-STSWD1243
6871,1.0,1.0647,2,3,1,1,1,1,1,True,sub-STSWD1243,363447,8,363447.0,sub-STSWD1243
6872,1.0,0.77964,2,3,2,1,1,1,1,True,sub-STSWD1243,365879,8,365879.0,sub-STSWD1243
6873,1.0,0.68645,1,2,1,1,1,1,1,True,sub-STSWD1243,370359,8,370359.0,sub-STSWD1243
6874,0.0,0.63151,3,2,1,1,1,1,1,True,sub-STSWD1243,372791,8,372791.0,sub-STSWD1243
6875,1.0,0.77436,1,2,1,1,1,1,1,True,sub-STSWD1243,375223,8,375223.0,sub-STSWD1243
6876,0.0,0.67729,3,2,1,1,1,1,1,True,sub-STSWD1243,377655,8,377655.0,sub-STSWD1243
6877,1.0,0.80623,3,2,1,1,1,1,1,True,sub-STSWD1243,380087,8,380087.0,sub-STSWD1243
6878,1.0,0.65412,3,2,2,1,1,1,1,True,sub-STSWD1243,382519,8,382519.0,sub-STSWD1243
6879,0.0,0.73909,1,2,2,1,1,1,1,True,sub-STSWD1243,384951,8,384951.0,sub-STSWD1243
6880,1.0,0.71199,1,2,2,1,1,1,1,True,sub-STSWD1243,387383,8,387383.0,sub-STSWD1243
6881,1.0,0.69392,3,1,1,1,1,1,1,True,sub-STSWD1243,391863,8,391863.0,sub-STSWD1243
6882,1.0,0.4189,3,1,2,1,1,1,1,True,sub-STSWD1243,394295,8,394295.0,sub-STSWD1243
6883,1.0,0.39076,3,1,2,1,1,1,1,True,sub-STSWD1243,396727,8,396727.0,sub-STSWD1243
6884,1.0,0.37977,3,1,1,1,1,1,1,True,sub-STSWD1243,399159,8,399159.0,sub-STSWD1243
6885,1.0,0.37571,3,1,1,1,1,1,1,True,sub-STSWD1243,401591,8,401591.0,sub-STSWD1243
6886,1.0,0.43764,3,1,2,1,1,1,1,True,sub-STSWD1243,404023,8,404023.0,sub-STSWD1243
6887,0.0,0.46553,3,1,2,1,1,1,1,True,sub-STSWD1243,406455,8,406455.0,sub-STSWD1243
6888,1.0,0.39446,3,1,1,1,1,1,1,True,sub-STSWD1243,408887,8,408887.0,sub-STSWD1243
6889,1.0,0.66336,4,4,2,1,1,1,1,True,sub-STSWD1243,413367,8,413367.0,sub-STSWD1243
6890,1.0,0.75028,1,4,1,1,1,1,1,True,sub-STSWD1243,415799,8,415799.0,sub-STSWD1243
6891,1.0,0.66921,2,4,2,1,1,1,1,True,sub-STSWD1243,418231,8,418231.0,sub-STSWD1243
6892,0.0,1.0071,4,4,1,1,1,1,1,True,sub-STSWD1243,420663,8,420663.0,sub-STSWD1243
6893,0.0,0.65705,3,4,2,1,1,1,1,True,sub-STSWD1243,423095,8,423095.0,sub-STSWD1243
6894,1.0,0.93502,3,4,2,1,1,1,1,True,sub-STSWD1243,425527,8,425527.0,sub-STSWD1243
6895,0.0,0.94396,1,4,2,1,1,1,1,True,sub-STSWD1243,427959,8,427959.0,sub-STSWD1243
6896,1.0,1.0989,1,4,2,1,1,1,1,True,sub-STSWD1243,430391,8,430391.0,sub-STSWD1243
6897,0.0,0.58372,4,3,1,1,1,1,1,True,sub-STSWD1243,434870,8,434870.0,sub-STSWD1243
6898,1.0,0.92871,1,3,2,1,1,1,1,True,sub-STSWD1243,437302,8,437302.0,sub-STSWD1243
6899,1.0,0.95864,3,3,1,1,1,1,1,True,sub-STSWD1243,439734,8,439734.0,sub-STSWD1243
6900,1.0,0.93553,1,3,2,1,1,1,1,True,sub-STSWD1243,442166,8,442166.0,sub-STSWD1243
6901,0.0,0.73852,4,3,1,1,1,1,1,True,sub-STSWD1243,444598,8,444598.0,sub-STSWD1243
6902,1.0,1.0154,4,3,2,1,1,1,1,True,sub-STSWD1243,447030,8,447030.0,sub-STSWD1243
6903,1.0,1.0193,4,3,2,1,1,1,1,True,sub-STSWD1243,449462,8,449462.0,sub-STSWD1243
6904,1.0,0.71532,3,3,2,1,1,1,1,True,sub-STSWD1243,451894,8,451894.0,sub-STSWD1243
6905,0.0,1.0036,2,4,1,1,1,1,1,True,sub-STSWD1243,500491,8,500491.0,sub-STSWD1243
6906,1.0,0.82463,2,4,2,1,1,1,1,True,sub-STSWD1243,502923,8,502923.0,sub-STSWD1243
6907,1.0,0.6666,2,4,2,1,1,1,1,True,sub-STSWD1243,505354,8,505354.0,sub-STSWD1243
6908,1.0,0.61129,4,4,2,1,1,1,1,True,sub-STSWD1243,507787,8,507787.0,sub-STSWD1243
6909,1.0,0.85644,4,4,2,1,1,1,1,True,sub-STSWD1243,510219,8,510219.0,sub-STSWD1243
6910,1.0,0.79028,1,4,1,1,1,1,1,True,sub-STSWD1243,512650,8,512650.0,sub-STSWD1243
6911,1.0,0.97716,3,4,1,1,1,1,1,True,sub-STSWD1243,515082,8,515082.0,sub-STSWD1243
6912,1.0,0.62814,3,4,2,1,1,1,1,True,sub-STSWD1243,517514,8,517514.0,sub-STSWD1243
6913,0.0,0.71813,2,3,1,1,1,1,1,True,sub-STSWD1243,521994,8,521994.0,sub-STSWD1243
6914,1.0,0.71206,4,3,2,1,1,1,1,True,sub-STSWD1243,524426,8,524426.0,sub-STSWD1243
6915,0.0,1.094,3,3,2,1,1,1,1,True,sub-STSWD1243,526858,8,526858.0,sub-STSWD1243
6916,1.0,0.68997,3,3,1,1,1,1,1,True,sub-STSWD1243,529290,8,529290.0,sub-STSWD1243
6917,1.0,0.51091,3,3,2,1,1,1,1,True,sub-STSWD1243,531722,8,531722.0,sub-STSWD1243
6918,1.0,0.9938,3,3,2,1,1,1,1,True,sub-STSWD1243,534154,8,534154.0,sub-STSWD1243
6919,1.0,0.65874,2,3,2,1,1,1,1,True,sub-STSWD1243,536586,8,536586.0,sub-STSWD1243
6920,0.0,0.66059,4,3,1,1,1,1,1,True,sub-STSWD1243,539018,8,539018.0,sub-STSWD1243
6921,0.0,1.0435,3,2,2,1,1,1,1,True,sub-STSWD1243,543498,8,543498.0,sub-STSWD1243
6922,1.0,0.74639,3,2,2,1,1,1,1,True,sub-STSWD1243,545930,8,545930.0,sub-STSWD1243
6923,1.0,0.71644,3,2,1,1,1,1,1,True,sub-STSWD1243,548362,8,548362.0,sub-STSWD1243
6924,0.0,0.59836,4,2,1,1,1,1,1,True,sub-STSWD1243,550794,8,550794.0,sub-STSWD1243
6925,1.0,0.46221,3,2,2,1,1,1,1,True,sub-STSWD1243,553226,8,553226.0,sub-STSWD1243
6926,1.0,0.79122,4,2,2,1,1,1,1,True,sub-STSWD1243,555658,8,555658.0,sub-STSWD1243
6927,1.0,0.91224,4,2,2,1,1,1,1,True,sub-STSWD1243,558090,8,558090.0,sub-STSWD1243
6928,1.0,0.56302,3,2,1,1,1,1,1,True,sub-STSWD1243,560522,8,560522.0,sub-STSWD1243
6929,1.0,0.65794,4,1,1,1,1,1,1,True,sub-STSWD1243,565002,8,565002.0,sub-STSWD1243
6930,1.0,0.53696,4,1,2,1,1,1,1,True,sub-STSWD1243,567434,8,567434.0,sub-STSWD1243
6931,0.0,0.47085,4,1,1,1,1,1,1,True,sub-STSWD1243,569866,8,569866.0,sub-STSWD1243
6932,1.0,0.5078,4,1,2,1,1,1,1,True,sub-STSWD1243,572298,8,572298.0,sub-STSWD1243
6933,1.0,0.41774,4,1,1,1,1,1,1,True,sub-STSWD1243,574730,8,574730.0,sub-STSWD1243
6934,1.0,0.47965,4,1,1,1,1,1,1,True,sub-STSWD1243,577162,8,577162.0,sub-STSWD1243
6935,1.0,0.50859,4,1,2,1,1,1,1,True,sub-STSWD1243,579594,8,579594.0,sub-STSWD1243
6936,1.0,0.50552,4,1,2,1,1,1,1,True,sub-STSWD1243,582026,8,582026.0,sub-STSWD1243
6937,1.0,0.7734,1,4,1,1,1,1,1,True,sub-STSWD1243,586506,8,586506.0,sub-STSWD1243
6938,1.0,1.1223,1,4,2,1,1,1,1,True,sub-STSWD1243,588938,8,588938.0,sub-STSWD1243
6939,0.0,0.96828,4,4,1,1,1,1,1,True,sub-STSWD1243,591370,8,591370.0,sub-STSWD1243
6940,1.0,0.72826,2,4,2,1,1,1,1,True,sub-STSWD1243,593802,8,593802.0,sub-STSWD1243
6941,0.0,0.74415,4,4,1,1,1,1,1,True,sub-STSWD1243,596234,8,596234.0,sub-STSWD1243
6942,0.0,0.83901,3,4,2,1,1,1,1,True,sub-STSWD1243,598666,8,598666.0,sub-STSWD1243
6943,1.0,0.99701,3,4,1,1,1,1,1,True,sub-STSWD1243,601098,8,601098.0,sub-STSWD1243
6944,0.0,0.58799,1,4,2,1,1,1,1,True,sub-STSWD1243,603530,8,603530.0,sub-STSWD1243
6945,1.0,0.67987,2,2,2,1,1,1,1,True,sub-STSWD1243,608010,8,608010.0,sub-STSWD1243
6946,1.0,0.40073,2,2,2,1,1,1,1,True,sub-STSWD1243,610442,8,610442.0,sub-STSWD1243
6947,0.0,0.67569,4,2,1,1,1,1,1,True,sub-STSWD1243,612874,8,612874.0,sub-STSWD1243
6948,1.0,0.93463,2,2,1,1,1,1,1,True,sub-STSWD1243,615306,8,615306.0,sub-STSWD1243
6949,1.0,0.62954,4,2,2,1,1,1,1,True,sub-STSWD1243,617738,8,617738.0,sub-STSWD1243
6950,0.0,0.52847,4,2,1,1,1,1,1,True,sub-STSWD1243,620170,8,620170.0,sub-STSWD1243
6951,1.0,0.60041,4,2,2,1,1,1,1,True,sub-STSWD1243,622602,8,622602.0,sub-STSWD1243
6952,1.0,0.66639,2,2,2,1,1,1,1,True,sub-STSWD1243,625034,8,625034.0,sub-STSWD1243
6953,1.0,0.42024,1,1,1,1,1,1,1,True,sub-STSWD1243,629514,8,629514.0,sub-STSWD1243
6954,1.0,0.44215,1,1,1,1,1,1,1,True,sub-STSWD1243,631946,8,631946.0,sub-STSWD1243
6955,1.0,0.43614,1,1,1,1,1,1,1,True,sub-STSWD1243,634378,8,634378.0,sub-STSWD1243
6956,1.0,0.42307,1,1,1,1,1,1,1,True,sub-STSWD1243,636810,8,636810.0,sub-STSWD1243
6957,1.0,0.766,1,1,1,1,1,1,1,True,sub-STSWD1243,639242,8,639242.0,sub-STSWD1243
6958,1.0,0.4399,1,1,2,1,1,1,1,True,sub-STSWD1243,641674,8,641674.0,sub-STSWD1243
6959,1.0,0.47483,1,1,2,1,1,1,1,True,sub-STSWD1243,644106,8,644106.0,sub-STSWD1243
6960,1.0,0.38193,1,1,2,1,1,1,1,True,sub-STSWD1243,646538,8,646538.0,sub-STSWD1243
6961,1.0,0.97165,1,3,1,1,1,1,1,True,sub-STSWD1243,651017,8,651017.0,sub-STSWD1243
6962,1.0,0.55559,1,3,2,1,1,1,1,True,sub-STSWD1243,653449,8,653449.0,sub-STSWD1243
6963,0.0,1.6675,3,3,1,1,1,1,1,True,sub-STSWD1243,655881,8,655881.0,sub-STSWD1243
6964,0.0,0.63856,4,3,1,1,1,1,1,True,sub-STSWD1243,658313,8,658313.0,sub-STSWD1243
6965,1.0,0.59442,4,3,2,1,1,1,1,True,sub-STSWD1243,660745,8,660745.0,sub-STSWD1243
6966,0.0,0.81737,4,3,1,1,1,1,1,True,sub-STSWD1243,663177,8,663177.0,sub-STSWD1243
6967,0.0,0.77824,3,3,1,1,1,1,1,True,sub-STSWD1243,668041,8,668041.0,sub-STSWD1243
6968,0.0,0.6564,2,4,1,1,1,1,1,True,sub-STSWD1243,697711,8,697711.0,sub-STSWD1243
6969,1.0,0.8303,2,4,2,1,1,1,1,True,sub-STSWD1243,700143,8,700143.0,sub-STSWD1243
6970,1.0,0.69828,4,4,2,1,1,1,1,True,sub-STSWD1243,702575,8,702575.0,sub-STSWD1243
6971,1.0,0.80416,1,4,1,1,1,1,1,True,sub-STSWD1243,705007,8,705007.0,sub-STSWD1243
6972,1.0,1.3792,3,4,2,1,1,1,1,True,sub-STSWD1243,707439,8,707439.0,sub-STSWD1243
6973,1.0,0.60513,3,4,1,1,1,1,1,True,sub-STSWD1243,709871,8,709871.0,sub-STSWD1243
6974,1.0,0.88794,1,4,2,1,1,1,1,True,sub-STSWD1243,712303,8,712303.0,sub-STSWD1243
6975,1.0,0.82572,2,4,1,1,1,1,1,True,sub-STSWD1243,714735,8,714735.0,sub-STSWD1243
6976,0.0,0.57283,2,3,1,1,1,1,1,True,sub-STSWD1243,719215,8,719215.0,sub-STSWD1243
6977,1.0,0.87077,1,3,1,1,1,1,1,True,sub-STSWD1243,721647,8,721647.0,sub-STSWD1243
6978,1.0,0.61071,4,3,2,1,1,1,1,True,sub-STSWD1243,724079,8,724079.0,sub-STSWD1243
6979,1.0,0.66656,4,3,1,1,1,1,1,True,sub-STSWD1243,726511,8,726511.0,sub-STSWD1243
6980,1.0,0.84457,1,3,2,1,1,1,1,True,sub-STSWD1243,728943,8,728943.0,sub-STSWD1243
6981,1.0,0.96114,4,3,2,1,1,1,1,True,sub-STSWD1243,731375,8,731375.0,sub-STSWD1243
6982,1.0,0.80145,2,3,1,1,1,1,1,True,sub-STSWD1243,733807,8,733807.0,sub-STSWD1243
6983,0.0,1.4164,2,3,1,1,1,1,1,True,sub-STSWD1243,736239,8,736239.0,sub-STSWD1243
6984,1.0,0.3733,4,1,2,1,1,1,1,True,sub-STSWD1243,740719,8,740719.0,sub-STSWD1243
6985,1.0,0.4822,4,1,2,1,1,1,1,True,sub-STSWD1243,743151,8,743151.0,sub-STSWD1243
6986,1.0,0.37715,4,1,1,1,1,1,1,True,sub-STSWD1243,745583,8,745583.0,sub-STSWD1243
6987,1.0,0.42208,4,1,2,1,1,1,1,True,sub-STSWD1243,748015,8,748015.0,sub-STSWD1243
6988,0.0,0.52901,4,1,1,1,1,1,1,True,sub-STSWD1243,750447,8,750447.0,sub-STSWD1243
6989,1.0,0.54299,4,1,1,1,1,1,1,True,sub-STSWD1243,752879,8,752879.0,sub-STSWD1243
6990,1.0,0.42188,4,1,1,1,1,1,1,True,sub-STSWD1243,755311,8,755311.0,sub-STSWD1243
6991,1.0,0.42181,4,1,2,1,1,1,1,True,sub-STSWD1243,757743,8,757743.0,sub-STSWD1243
6992,1.0,0.87369,3,2,2,1,1,1,1,True,sub-STSWD1243,762223,8,762223.0,sub-STSWD1243
6993,0.0,0.5917,4,2,2,1,1,1,1,True,sub-STSWD1243,764655,8,764655.0,sub-STSWD1243
6994,0.0,0.81372,4,2,1,1,1,1,1,True,sub-STSWD1243,767087,8,767087.0,sub-STSWD1243
6995,1.0,0.5015,3,2,2,1,1,1,1,True,sub-STSWD1243,769519,8,769519.0,sub-STSWD1243
6996,0.0,0.82044,4,2,1,1,1,1,1,True,sub-STSWD1243,771950,8,771950.0,sub-STSWD1243
6997,1.0,0.64441,4,2,2,1,1,1,1,True,sub-STSWD1243,774382,8,774382.0,sub-STSWD1243
6998,1.0,0.65231,4,2,2,1,1,1,1,True,sub-STSWD1243,776814,8,776814.0,sub-STSWD1243
6999,1.0,0.82325,3,2,2,1,1,1,1,True,sub-STSWD1243,779247,8,779247.0,sub-STSWD1243
7000,1.0,0.55312,3,3,2,1,1,1,1,True,sub-STSWD1243,783726,8,783726.0,sub-STSWD1243
7001,1.0,0.66039,1,3,1,1,1,1,1,True,sub-STSWD1243,786158,8,786158.0,sub-STSWD1243
7002,1.0,0.96299,1,3,1,1,1,1,1,True,sub-STSWD1243,788590,8,788590.0,sub-STSWD1243
7003,1.0,0.67592,2,3,2,1,1,1,1,True,sub-STSWD1243,791022,8,791022.0,sub-STSWD1243
7004,1.0,0.55187,3,3,1,1,1,1,1,True,sub-STSWD1243,793454,8,793454.0,sub-STSWD1243
7005,1.0,1.1158,3,3,1,1,1,1,1,True,sub-STSWD1243,795886,8,795886.0,sub-STSWD1243
7006,1.0,1.034,1,3,2,1,1,1,1,True,sub-STSWD1243,800750,8,800750.0,sub-STSWD1243
7007,0.0,0.7896,3,4,1,1,1,1,1,True,sub-STSWD1243,805230,8,805230.0,sub-STSWD1243
7008,1.0,0.88453,3,4,1,1,1,1,1,True,sub-STSWD1243,807662,8,807662.0,sub-STSWD1243
7009,1.0,0.98541,2,4,1,1,1,1,1,True,sub-STSWD1243,810094,8,810094.0,sub-STSWD1243
7010,0.0,1.2197,1,4,2,1,1,1,1,True,sub-STSWD1243,812526,8,812526.0,sub-STSWD1243
7011,1.0,0.79429,1,4,1,1,1,1,1,True,sub-STSWD1243,814958,8,814958.0,sub-STSWD1243
7012,1.0,0.59923,4,4,1,1,1,1,1,True,sub-STSWD1243,817390,8,817390.0,sub-STSWD1243
7013,0.0,1.0152,4,4,2,1,1,1,1,True,sub-STSWD1243,819822,8,819822.0,sub-STSWD1243
7014,0.0,1.1611,4,4,2,1,1,1,1,True,sub-STSWD1243,822254,8,822254.0,sub-STSWD1243
7015,1.0,0.42598,2,1,2,1,1,1,1,True,sub-STSWD1243,826734,8,826734.0,sub-STSWD1243
7016,1.0,0.40933,2,1,2,1,1,1,1,True,sub-STSWD1243,829166,8,829166.0,sub-STSWD1243
7017,0.0,0.47519,2,1,2,1,1,1,1,True,sub-STSWD1243,831598,8,831598.0,sub-STSWD1243
7018,1.0,0.39293,2,1,1,1,1,1,1,True,sub-STSWD1243,834030,8,834030.0,sub-STSWD1243
7019,1.0,0.55505,2,1,2,1,1,1,1,True,sub-STSWD1243,836462,8,836462.0,sub-STSWD1243
7020,1.0,0.51567,2,1,1,1,1,1,1,True,sub-STSWD1243,838894,8,838894.0,sub-STSWD1243
7021,1.0,0.42773,2,1,1,1,1,1,1,True,sub-STSWD1243,841326,8,841326.0,sub-STSWD1243
7022,0.0,0.39895,2,1,2,1,1,1,1,True,sub-STSWD1243,843758,8,843758.0,sub-STSWD1243
7023,1.0,0.40433,2,2,1,1,1,1,1,True,sub-STSWD1243,848238,8,848238.0,sub-STSWD1243
7024,0.0,0.47439,1,2,2,1,1,1,1,True,sub-STSWD1243,850670,8,850670.0,sub-STSWD1243
7025,1.0,0.64428,1,2,1,1,1,1,1,True,sub-STSWD1243,853102,8,853102.0,sub-STSWD1243
7026,1.0,0.94759,2,2,2,1,1,1,1,True,sub-STSWD1243,855534,8,855534.0,sub-STSWD1243
7027,1.0,0.5422,2,2,1,1,1,1,1,True,sub-STSWD1243,857966,8,857966.0,sub-STSWD1243
7028,0.0,0.6581,1,2,2,1,1,1,1,True,sub-STSWD1243,860398,8,860398.0,sub-STSWD1243
7029,0.0,0.56495,1,2,2,1,1,1,1,True,sub-STSWD1243,862830,8,862830.0,sub-STSWD1243
7030,1.0,0.5562,1,2,1,1,1,1,1,True,sub-STSWD1243,865262,8,865262.0,sub-STSWD1243
7031,0.0,1.3998,4,3,1,1,1,1,1,True,sub-STSWD1245,26042,8,26042.0,sub-STSWD1245
7032,1.0,1.4217,4,3,2,1,1,1,1,True,sub-STSWD1245,28473,8,28473.0,sub-STSWD1245
7033,1.0,1.0476,1,3,2,1,1,1,1,True,sub-STSWD1245,33337,8,33337.0,sub-STSWD1245
7034,1.0,0.68343,4,3,1,1,1,1,1,True,sub-STSWD1245,35769,8,35769.0,sub-STSWD1245
7035,1.0,1.2495,4,3,2,1,1,1,1,True,sub-STSWD1245,38201,8,38201.0,sub-STSWD1245
7036,1.0,1.1744,3,3,2,1,1,1,1,True,sub-STSWD1245,40633,8,40633.0,sub-STSWD1245
7037,0.0,0.79037,3,3,1,1,1,1,1,True,sub-STSWD1245,43065,8,43065.0,sub-STSWD1245
7038,0.0,0.25726,3,1,1,1,1,1,1,True,sub-STSWD1245,47545,8,47545.0,sub-STSWD1245
7039,1.0,0.43314,3,1,1,1,1,1,1,True,sub-STSWD1245,49977,8,49977.0,sub-STSWD1245
7040,1.0,0.25312,3,1,2,1,1,1,1,True,sub-STSWD1245,52409,8,52409.0,sub-STSWD1245
7041,0.0,0.26807,3,1,1,1,1,1,1,True,sub-STSWD1245,54841,8,54841.0,sub-STSWD1245
7042,1.0,0.37295,3,1,2,1,1,1,1,True,sub-STSWD1245,57273,8,57273.0,sub-STSWD1245
7043,1.0,0.36182,3,1,1,1,1,1,1,True,sub-STSWD1245,59705,8,59705.0,sub-STSWD1245
7044,1.0,0.40686,3,1,1,1,1,1,1,True,sub-STSWD1245,62137,8,62137.0,sub-STSWD1245
7045,1.0,0.45475,3,1,2,1,1,1,1,True,sub-STSWD1245,64569,8,64569.0,sub-STSWD1245
7046,1.0,0.60764,2,4,1,1,1,1,1,True,sub-STSWD1245,69049,8,69049.0,sub-STSWD1245
7047,0.0,1.1186,1,4,2,1,1,1,1,True,sub-STSWD1245,71481,8,71481.0,sub-STSWD1245
7048,1.0,0.81254,2,4,1,1,1,1,1,True,sub-STSWD1245,73913,8,73913.0,sub-STSWD1245
7049,1.0,0.97243,1,4,1,1,1,1,1,True,sub-STSWD1245,76345,8,76345.0,sub-STSWD1245
7050,1.0,0.70937,4,4,1,1,1,1,1,True,sub-STSWD1245,78777,8,78777.0,sub-STSWD1245
7051,1.0,0.73326,3,4,2,1,1,1,1,True,sub-STSWD1245,81208,8,81208.0,sub-STSWD1245
7052,0.0,0.57525,3,4,1,1,1,1,1,True,sub-STSWD1245,83640,8,83640.0,sub-STSWD1245
7053,0.0,0.78121,3,4,1,1,1,1,1,True,sub-STSWD1245,86072,8,86072.0,sub-STSWD1245
7054,1.0,0.81006,1,2,1,1,1,1,1,True,sub-STSWD1245,90552,8,90552.0,sub-STSWD1245
7055,1.0,0.63905,2,2,1,1,1,1,1,True,sub-STSWD1245,92984,8,92984.0,sub-STSWD1245
7056,1.0,0.52693,1,2,2,1,1,1,1,True,sub-STSWD1245,95416,8,95416.0,sub-STSWD1245
7057,1.0,0.63883,2,2,2,1,1,1,1,True,sub-STSWD1245,97848,8,97848.0,sub-STSWD1245
7058,0.0,0.69184,2,2,1,1,1,1,1,True,sub-STSWD1245,100280,8,100280.0,sub-STSWD1245
7059,1.0,0.49366,2,2,2,1,1,1,1,True,sub-STSWD1245,102712,8,102712.0,sub-STSWD1245
7060,1.0,0.46868,2,2,1,1,1,1,1,True,sub-STSWD1245,105144,8,105144.0,sub-STSWD1245
7061,1.0,0.47164,1,2,1,1,1,1,1,True,sub-STSWD1245,107576,8,107576.0,sub-STSWD1245
7062,0.0,0.96948,1,3,2,1,1,1,1,True,sub-STSWD1245,112056,8,112056.0,sub-STSWD1245
7063,1.0,0.61346,1,3,2,1,1,1,1,True,sub-STSWD1245,114488,8,114488.0,sub-STSWD1245
7064,1.0,0.7143,4,3,1,1,1,1,1,True,sub-STSWD1245,116920,8,116920.0,sub-STSWD1245
7065,1.0,0.60319,1,3,1,1,1,1,1,True,sub-STSWD1245,119352,8,119352.0,sub-STSWD1245
7066,1.0,0.63822,1,3,1,1,1,1,1,True,sub-STSWD1245,121784,8,121784.0,sub-STSWD1245
7067,1.0,0.54419,1,3,2,1,1,1,1,True,sub-STSWD1245,124216,8,124216.0,sub-STSWD1245
7068,1.0,0.58906,2,3,1,1,1,1,1,True,sub-STSWD1245,126648,8,126648.0,sub-STSWD1245
7069,1.0,0.57707,2,3,2,1,1,1,1,True,sub-STSWD1245,129080,8,129080.0,sub-STSWD1245
7070,1.0,0.66688,3,2,2,1,1,1,1,True,sub-STSWD1245,133560,8,133560.0,sub-STSWD1245
7071,1.0,0.69289,4,2,1,1,1,1,1,True,sub-STSWD1245,135992,8,135992.0,sub-STSWD1245
7072,0.0,1.3118,4,2,1,1,1,1,1,True,sub-STSWD1245,138424,8,138424.0,sub-STSWD1245
7073,1.0,0.65053,3,2,1,1,1,1,1,True,sub-STSWD1245,140856,8,140856.0,sub-STSWD1245
7074,1.0,1.2867,3,2,1,1,1,1,1,True,sub-STSWD1245,143288,8,143288.0,sub-STSWD1245
7075,1.0,0.63245,4,2,1,1,1,1,1,True,sub-STSWD1245,145720,8,145720.0,sub-STSWD1245
7076,1.0,0.88257,4,2,2,1,1,1,1,True,sub-STSWD1245,148152,8,148152.0,sub-STSWD1245
7077,1.0,0.6985,3,2,2,1,1,1,1,True,sub-STSWD1245,150584,8,150584.0,sub-STSWD1245
7078,1.0,0.52038,1,1,1,1,1,1,1,True,sub-STSWD1245,155064,8,155064.0,sub-STSWD1245
7079,1.0,0.52332,1,1,2,1,1,1,1,True,sub-STSWD1245,157496,8,157496.0,sub-STSWD1245
7080,1.0,0.6422,1,1,2,1,1,1,1,True,sub-STSWD1245,159928,8,159928.0,sub-STSWD1245
7081,1.0,0.83918,1,1,2,1,1,1,1,True,sub-STSWD1245,162359,8,162359.0,sub-STSWD1245
7082,1.0,0.39713,1,1,1,1,1,1,1,True,sub-STSWD1245,164791,8,164791.0,sub-STSWD1245
7083,0.0,0.56808,1,1,2,1,1,1,1,True,sub-STSWD1245,167223,8,167223.0,sub-STSWD1245
7084,1.0,0.49899,1,1,1,1,1,1,1,True,sub-STSWD1245,169655,8,169655.0,sub-STSWD1245
7085,1.0,0.68085,1,1,2,1,1,1,1,True,sub-STSWD1245,172087,8,172087.0,sub-STSWD1245
7086,1.0,1.2468,4,4,2,1,1,1,1,True,sub-STSWD1245,176567,8,176567.0,sub-STSWD1245
7087,1.0,0.82266,4,4,2,1,1,1,1,True,sub-STSWD1245,178999,8,178999.0,sub-STSWD1245
7088,1.0,0.92468,4,4,2,1,1,1,1,True,sub-STSWD1245,181431,8,181431.0,sub-STSWD1245
7089,1.0,0.72362,2,4,1,1,1,1,1,True,sub-STSWD1245,183863,8,183863.0,sub-STSWD1245
7090,1.0,0.6395,2,4,2,1,1,1,1,True,sub-STSWD1245,186295,8,186295.0,sub-STSWD1245
7091,1.0,0.67757,3,4,2,1,1,1,1,True,sub-STSWD1245,188727,8,188727.0,sub-STSWD1245
7092,1.0,1.1724,1,4,1,1,1,1,1,True,sub-STSWD1245,191159,8,191159.0,sub-STSWD1245
7093,1.0,0.59735,1,4,2,1,1,1,1,True,sub-STSWD1245,193591,8,193591.0,sub-STSWD1245
7094,1.0,0.25585,2,1,2,1,1,1,1,True,sub-STSWD1245,225480,8,225480.0,sub-STSWD1245
7095,1.0,0.2757,2,1,1,1,1,1,1,True,sub-STSWD1245,227912,8,227912.0,sub-STSWD1245
7096,1.0,0.30868,2,1,2,1,1,1,1,True,sub-STSWD1245,230344,8,230344.0,sub-STSWD1245
7097,1.0,0.25255,2,1,2,1,1,1,1,True,sub-STSWD1245,232776,8,232776.0,sub-STSWD1245
7098,1.0,0.2759,2,1,1,1,1,1,1,True,sub-STSWD1245,235212,8,235212.0,sub-STSWD1245
7099,1.0,0.35376,2,1,1,1,1,1,1,True,sub-STSWD1245,237644,8,237644.0,sub-STSWD1245
7100,1.0,0.32876,2,1,1,1,1,1,1,True,sub-STSWD1245,240076,8,240076.0,sub-STSWD1245
7101,0.0,0.46257,3,3,1,1,1,1,1,True,sub-STSWD1245,244556,8,244556.0,sub-STSWD1245
7102,1.0,0.55961,3,3,1,1,1,1,1,True,sub-STSWD1245,246988,8,246988.0,sub-STSWD1245
7103,1.0,1.0365,3,3,2,1,1,1,1,True,sub-STSWD1245,249420,8,249420.0,sub-STSWD1245
7104,1.0,0.97448,4,3,2,1,1,1,1,True,sub-STSWD1245,251852,8,251852.0,sub-STSWD1245
7105,1.0,0.64643,2,3,1,1,1,1,1,True,sub-STSWD1245,254284,8,254284.0,sub-STSWD1245
7106,1.0,0.59636,2,3,1,1,1,1,1,True,sub-STSWD1245,256716,8,256716.0,sub-STSWD1245
7107,1.0,0.60825,3,3,2,1,1,1,1,True,sub-STSWD1245,259148,8,259148.0,sub-STSWD1245
7108,1.0,0.73418,3,3,2,1,1,1,1,True,sub-STSWD1245,261580,8,261580.0,sub-STSWD1245
7109,0.0,1.1931,1,4,2,1,1,1,1,True,sub-STSWD1245,266060,8,266060.0,sub-STSWD1245
7110,1.0,1.129,3,4,1,1,1,1,1,True,sub-STSWD1245,268492,8,268492.0,sub-STSWD1245
7111,1.0,1.1679,3,4,1,1,1,1,1,True,sub-STSWD1245,270924,8,270924.0,sub-STSWD1245
7112,,,4,4,1,1,1,1,1,True,sub-STSWD1245,273355,8,,sub-STSWD1245
7113,1.0,1.3578,4,4,1,1,1,1,1,True,sub-STSWD1245,275787,8,275787.0,sub-STSWD1245
7114,1.0,0.75778,2,4,2,1,1,1,1,True,sub-STSWD1245,278219,8,278219.0,sub-STSWD1245
7115,1.0,0.57972,2,4,2,1,1,1,1,True,sub-STSWD1245,280651,8,280651.0,sub-STSWD1245
7116,1.0,1.2486,1,4,2,1,1,1,1,True,sub-STSWD1245,283083,8,283083.0,sub-STSWD1245
7117,1.0,0.69158,2,2,2,1,1,1,1,True,sub-STSWD1245,287563,8,287563.0,sub-STSWD1245
7118,1.0,0.47539,3,2,2,1,1,1,1,True,sub-STSWD1245,289995,8,289995.0,sub-STSWD1245
7119,0.0,0.6664,3,2,1,1,1,1,1,True,sub-STSWD1245,292427,8,292427.0,sub-STSWD1245
7120,1.0,0.96134,3,2,2,1,1,1,1,True,sub-STSWD1245,294859,8,294859.0,sub-STSWD1245
7121,1.0,0.3852,2,2,1,1,1,1,1,True,sub-STSWD1245,297291,8,297291.0,sub-STSWD1245
7122,1.0,0.35718,2,2,2,1,1,1,1,True,sub-STSWD1245,299723,8,299723.0,sub-STSWD1245
7123,1.0,0.72715,3,2,2,1,1,1,1,True,sub-STSWD1245,302155,8,302155.0,sub-STSWD1245
7124,1.0,0.71008,2,2,1,1,1,1,1,True,sub-STSWD1245,304587,8,304587.0,sub-STSWD1245
7125,1.0,0.83692,4,3,1,1,1,1,1,True,sub-STSWD1245,309067,8,309067.0,sub-STSWD1245
7126,0.0,1.0028,4,3,2,1,1,1,1,True,sub-STSWD1245,311499,8,311499.0,sub-STSWD1245
7127,1.0,0.93782,1,3,1,1,1,1,1,True,sub-STSWD1245,313931,8,313931.0,sub-STSWD1245
7128,0.0,0.75477,3,3,1,1,1,1,1,True,sub-STSWD1245,316363,8,316363.0,sub-STSWD1245
7129,1.0,0.74561,4,3,1,1,1,1,1,True,sub-STSWD1245,318795,8,318795.0,sub-STSWD1245
7130,1.0,0.81458,1,3,2,1,1,1,1,True,sub-STSWD1245,323659,8,323659.0,sub-STSWD1245
7131,1.0,0.69034,1,4,1,1,1,1,1,True,sub-STSWD1245,330571,8,330571.0,sub-STSWD1245
7132,0.0,0.72421,4,4,2,1,1,1,1,True,sub-STSWD1245,333003,8,333003.0,sub-STSWD1245
7133,1.0,0.71522,4,4,1,1,1,1,1,True,sub-STSWD1245,335435,8,335435.0,sub-STSWD1245
7134,1.0,0.67519,2,4,1,1,1,1,1,True,sub-STSWD1245,337867,8,337867.0,sub-STSWD1245
7135,1.0,0.57814,2,4,1,1,1,1,1,True,sub-STSWD1245,340299,8,340299.0,sub-STSWD1245
7136,1.0,0.69496,1,4,1,1,1,1,1,True,sub-STSWD1245,342731,8,342731.0,sub-STSWD1245
7137,1.0,0.722,3,4,2,1,1,1,1,True,sub-STSWD1245,345162,8,345162.0,sub-STSWD1245
7138,1.0,0.91881,3,4,2,1,1,1,1,True,sub-STSWD1245,347594,8,347594.0,sub-STSWD1245
7139,1.0,0.66178,1,2,2,1,1,1,1,True,sub-STSWD1245,352074,8,352074.0,sub-STSWD1245
7140,1.0,0.55072,2,2,2,1,1,1,1,True,sub-STSWD1245,354506,8,354506.0,sub-STSWD1245
7141,1.0,0.49959,2,2,1,1,1,1,1,True,sub-STSWD1245,356938,8,356938.0,sub-STSWD1245
7142,1.0,0.60859,1,2,2,1,1,1,1,True,sub-STSWD1245,359370,8,359370.0,sub-STSWD1245
7143,1.0,0.71056,1,2,2,1,1,1,1,True,sub-STSWD1245,361802,8,361802.0,sub-STSWD1245
7144,1.0,0.49345,1,2,1,1,1,1,1,True,sub-STSWD1245,364234,8,364234.0,sub-STSWD1245
7145,1.0,0.52639,2,2,2,1,1,1,1,True,sub-STSWD1245,366666,8,366666.0,sub-STSWD1245
7146,1.0,0.46328,1,2,1,1,1,1,1,True,sub-STSWD1245,369098,8,369098.0,sub-STSWD1245
7147,1.0,0.25721,2,1,1,1,1,1,1,True,sub-STSWD1245,373578,8,373578.0,sub-STSWD1245
7148,1.0,0.26118,2,1,2,1,1,1,1,True,sub-STSWD1245,376010,8,376010.0,sub-STSWD1245
7149,1.0,0.34113,2,1,2,1,1,1,1,True,sub-STSWD1245,378442,8,378442.0,sub-STSWD1245
7150,1.0,0.33512,2,1,2,1,1,1,1,True,sub-STSWD1245,380874,8,380874.0,sub-STSWD1245
7151,1.0,0.49299,2,1,1,1,1,1,1,True,sub-STSWD1245,383306,8,383306.0,sub-STSWD1245
7152,1.0,0.28394,2,1,1,1,1,1,1,True,sub-STSWD1245,385738,8,385738.0,sub-STSWD1245
7153,1.0,0.34787,2,1,1,1,1,1,1,True,sub-STSWD1245,388170,8,388170.0,sub-STSWD1245
7154,1.0,0.38577,2,1,2,1,1,1,1,True,sub-STSWD1245,390602,8,390602.0,sub-STSWD1245
7155,1.0,0.58435,2,3,2,1,1,1,1,True,sub-STSWD1245,418369,8,418369.0,sub-STSWD1245
7156,1.0,0.55311,2,3,1,1,1,1,1,True,sub-STSWD1245,420801,8,420801.0,sub-STSWD1245
7157,1.0,0.4333,2,3,1,1,1,1,1,True,sub-STSWD1245,423233,8,423233.0,sub-STSWD1245
7158,1.0,0.47621,1,3,1,1,1,1,1,True,sub-STSWD1245,425665,8,425665.0,sub-STSWD1245
7159,1.0,0.58609,1,3,1,1,1,1,1,True,sub-STSWD1245,428097,8,428097.0,sub-STSWD1245
7160,1.0,0.5991,3,3,2,1,1,1,1,True,sub-STSWD1245,430529,8,430529.0,sub-STSWD1245
7161,1.0,0.64693,3,3,1,1,1,1,1,True,sub-STSWD1245,432961,8,432961.0,sub-STSWD1245
7162,1.0,0.61696,2,3,2,1,1,1,1,True,sub-STSWD1245,435393,8,435393.0,sub-STSWD1245
7163,0.0,1.4338,4,4,1,1,1,1,1,True,sub-STSWD1245,439873,8,439873.0,sub-STSWD1245
7164,1.0,1.0968,3,4,2,1,1,1,1,True,sub-STSWD1245,442305,8,442305.0,sub-STSWD1245
7165,1.0,0.5497,3,4,1,1,1,1,1,True,sub-STSWD1245,444737,8,444737.0,sub-STSWD1245
7166,1.0,0.6306,2,4,2,1,1,1,1,True,sub-STSWD1245,447169,8,447169.0,sub-STSWD1245
7167,1.0,0.64056,1,4,1,1,1,1,1,True,sub-STSWD1245,449601,8,449601.0,sub-STSWD1245
7168,1.0,0.59351,2,4,1,1,1,1,1,True,sub-STSWD1245,452033,8,452033.0,sub-STSWD1245
7169,1.0,0.8174,1,4,2,1,1,1,1,True,sub-STSWD1245,454465,8,454465.0,sub-STSWD1245
7170,1.0,0.75333,1,4,2,1,1,1,1,True,sub-STSWD1245,456897,8,456897.0,sub-STSWD1245
7171,1.0,0.33328,3,1,1,1,1,1,1,True,sub-STSWD1245,461377,8,461377.0,sub-STSWD1245
7172,1.0,0.2521,3,1,2,1,1,1,1,True,sub-STSWD1245,463809,8,463809.0,sub-STSWD1245
7173,1.0,0.2531,3,1,2,1,1,1,1,True,sub-STSWD1245,466241,8,466241.0,sub-STSWD1245
7174,1.0,0.63406,3,1,1,1,1,1,1,True,sub-STSWD1245,468673,8,468673.0,sub-STSWD1245
7175,1.0,0.45992,3,1,1,1,1,1,1,True,sub-STSWD1245,471105,8,471105.0,sub-STSWD1245
7176,1.0,0.28187,3,1,2,1,1,1,1,True,sub-STSWD1245,475969,8,475969.0,sub-STSWD1245
7177,1.0,0.33482,3,1,2,1,1,1,1,True,sub-STSWD1245,478401,8,478401.0,sub-STSWD1245
7178,1.0,0.89064,1,2,2,1,1,1,1,True,sub-STSWD1245,482881,8,482881.0,sub-STSWD1245
7179,1.0,0.88847,4,2,2,1,1,1,1,True,sub-STSWD1245,487745,8,487745.0,sub-STSWD1245
7180,1.0,0.94126,1,2,1,1,1,1,1,True,sub-STSWD1245,490177,8,490177.0,sub-STSWD1245
7181,1.0,0.5963,1,2,2,1,1,1,1,True,sub-STSWD1245,492609,8,492609.0,sub-STSWD1245
7182,1.0,1.141,4,2,2,1,1,1,1,True,sub-STSWD1245,495041,8,495041.0,sub-STSWD1245
7183,1.0,1.0732,4,2,1,1,1,1,1,True,sub-STSWD1245,497473,8,497473.0,sub-STSWD1245
7184,1.0,0.62818,1,2,2,1,1,1,1,True,sub-STSWD1245,499905,8,499905.0,sub-STSWD1245
7185,1.0,0.28513,4,1,1,1,1,1,1,True,sub-STSWD1245,504385,8,504385.0,sub-STSWD1245
7186,1.0,0.32006,4,1,2,1,1,1,1,True,sub-STSWD1245,506817,8,506817.0,sub-STSWD1245
7187,1.0,0.28991,4,1,1,1,1,1,1,True,sub-STSWD1245,509249,8,509249.0,sub-STSWD1245
7188,1.0,0.41393,4,1,2,1,1,1,1,True,sub-STSWD1245,511681,8,511681.0,sub-STSWD1245
7189,1.0,0.44386,4,1,2,1,1,1,1,True,sub-STSWD1245,514113,8,514113.0,sub-STSWD1245
7190,1.0,0.25871,4,1,1,1,1,1,1,True,sub-STSWD1245,516545,8,516545.0,sub-STSWD1245
7191,1.0,0.37467,4,1,2,1,1,1,1,True,sub-STSWD1245,521409,8,521409.0,sub-STSWD1245
7192,1.0,0.76954,2,4,2,1,1,1,1,True,sub-STSWD1245,525889,8,525889.0,sub-STSWD1245
7193,1.0,0.62748,2,4,2,1,1,1,1,True,sub-STSWD1245,528321,8,528321.0,sub-STSWD1245
7194,1.0,0.60941,4,4,1,1,1,1,1,True,sub-STSWD1245,530752,8,530752.0,sub-STSWD1245
7195,1.0,0.9903,4,4,2,1,1,1,1,True,sub-STSWD1245,533185,8,533185.0,sub-STSWD1245
7196,1.0,0.97329,4,4,2,1,1,1,1,True,sub-STSWD1245,535617,8,535617.0,sub-STSWD1245
7197,1.0,0.82318,1,4,1,1,1,1,1,True,sub-STSWD1245,538049,8,538049.0,sub-STSWD1245
7198,1.0,1.2801,3,4,1,1,1,1,1,True,sub-STSWD1245,540481,8,540481.0,sub-STSWD1245
7199,1.0,1.0081,3,4,2,1,1,1,1,True,sub-STSWD1245,542912,8,542912.0,sub-STSWD1245
7200,0.0,0.60798,3,2,1,1,1,1,1,True,sub-STSWD1245,547393,8,547393.0,sub-STSWD1245
7201,1.0,0.40093,4,2,1,1,1,1,1,True,sub-STSWD1245,549825,8,549825.0,sub-STSWD1245
7202,1.0,0.63885,3,2,2,1,1,1,1,True,sub-STSWD1245,552256,8,552256.0,sub-STSWD1245
7203,1.0,1.0267,3,2,1,1,1,1,1,True,sub-STSWD1245,554688,8,554688.0,sub-STSWD1245
7204,1.0,0.49173,4,2,1,1,1,1,1,True,sub-STSWD1245,557121,8,557121.0,sub-STSWD1245
7205,1.0,0.87665,4,2,2,1,1,1,1,True,sub-STSWD1245,559552,8,559552.0,sub-STSWD1245
7206,1.0,0.48949,4,2,1,1,1,1,1,True,sub-STSWD1245,561984,8,561984.0,sub-STSWD1245
7207,1.0,1.1365,3,2,1,1,1,1,1,True,sub-STSWD1245,564416,8,564416.0,sub-STSWD1245
7208,1.0,0.70634,2,3,2,1,1,1,1,True,sub-STSWD1245,568896,8,568896.0,sub-STSWD1245
7209,1.0,0.61931,2,3,1,1,1,1,1,True,sub-STSWD1245,571328,8,571328.0,sub-STSWD1245
7210,1.0,0.81027,3,3,2,1,1,1,1,True,sub-STSWD1245,573760,8,573760.0,sub-STSWD1245
7211,1.0,0.72914,1,3,2,1,1,1,1,True,sub-STSWD1245,576192,8,576192.0,sub-STSWD1245
7212,1.0,0.60417,3,3,2,1,1,1,1,True,sub-STSWD1245,578624,8,578624.0,sub-STSWD1245
7213,1.0,0.5791,2,3,2,1,1,1,1,True,sub-STSWD1245,581056,8,581056.0,sub-STSWD1245
7214,1.0,0.45693,2,3,1,1,1,1,1,True,sub-STSWD1245,583488,8,583488.0,sub-STSWD1245
7215,1.0,0.40599,1,3,1,1,1,1,1,True,sub-STSWD1245,585920,8,585920.0,sub-STSWD1245
7216,1.0,0.8339,1,2,1,1,1,1,1,True,sub-STSWD1245,622476,8,622476.0,sub-STSWD1245
7217,1.0,0.58589,3,2,2,1,1,1,1,True,sub-STSWD1245,624908,8,624908.0,sub-STSWD1245
7218,0.0,0.67682,1,2,1,1,1,1,1,True,sub-STSWD1245,627340,8,627340.0,sub-STSWD1245
7219,1.0,1.0277,1,2,2,1,1,1,1,True,sub-STSWD1245,629772,8,629772.0,sub-STSWD1245
7220,0.0,0.82273,3,2,1,1,1,1,1,True,sub-STSWD1245,632204,8,632204.0,sub-STSWD1245
7221,1.0,0.41063,3,2,2,1,1,1,1,True,sub-STSWD1245,634636,8,634636.0,sub-STSWD1245
7222,1.0,0.57849,3,2,1,1,1,1,1,True,sub-STSWD1245,637068,8,637068.0,sub-STSWD1245
7223,1.0,0.5815,1,2,1,1,1,1,1,True,sub-STSWD1245,639500,8,639500.0,sub-STSWD1245
7224,1.0,1.1154,4,3,2,1,1,1,1,True,sub-STSWD1245,643980,8,643980.0,sub-STSWD1245
7225,0.0,0.95435,4,3,1,1,1,1,1,True,sub-STSWD1245,646412,8,646412.0,sub-STSWD1245
7226,1.0,0.73424,1,3,1,1,1,1,1,True,sub-STSWD1245,648844,8,648844.0,sub-STSWD1245
7227,1.0,0.79919,1,3,1,1,1,1,1,True,sub-STSWD1245,651276,8,651276.0,sub-STSWD1245
7228,1.0,0.39007,2,3,2,1,1,1,1,True,sub-STSWD1245,653708,8,653708.0,sub-STSWD1245
7229,1.0,0.71507,1,3,2,1,1,1,1,True,sub-STSWD1245,656140,8,656140.0,sub-STSWD1245
7230,1.0,0.66805,2,3,2,1,1,1,1,True,sub-STSWD1245,658572,8,658572.0,sub-STSWD1245
7231,1.0,0.64899,4,3,1,1,1,1,1,True,sub-STSWD1245,661004,8,661004.0,sub-STSWD1245
7232,1.0,0.26187,4,1,1,1,1,1,1,True,sub-STSWD1245,665484,8,665484.0,sub-STSWD1245
7233,1.0,0.31672,4,1,1,1,1,1,1,True,sub-STSWD1245,667916,8,667916.0,sub-STSWD1245
7234,1.0,0.2817,4,1,1,1,1,1,1,True,sub-STSWD1245,670348,8,670348.0,sub-STSWD1245
7235,0.0,0.79661,4,1,1,1,1,1,1,True,sub-STSWD1245,672780,8,672780.0,sub-STSWD1245
7236,1.0,0.39155,4,1,2,1,1,1,1,True,sub-STSWD1245,675212,8,675212.0,sub-STSWD1245
7237,1.0,0.4585,4,1,2,1,1,1,1,True,sub-STSWD1245,677644,8,677644.0,sub-STSWD1245
7238,1.0,0.39848,4,1,2,1,1,1,1,True,sub-STSWD1245,680076,8,680076.0,sub-STSWD1245
7239,1.0,0.33334,4,1,1,1,1,1,1,True,sub-STSWD1245,682508,8,682508.0,sub-STSWD1245
7240,1.0,0.91929,3,4,1,1,1,1,1,True,sub-STSWD1245,686988,8,686988.0,sub-STSWD1245
7241,1.0,0.69323,3,4,2,1,1,1,1,True,sub-STSWD1245,689420,8,689420.0,sub-STSWD1245
7242,1.0,0.76317,3,4,2,1,1,1,1,True,sub-STSWD1245,691852,8,691852.0,sub-STSWD1245
7243,1.0,0.7341,1,4,2,1,1,1,1,True,sub-STSWD1245,694284,8,694284.0,sub-STSWD1245
7244,1.0,1.1199,4,4,2,1,1,1,1,True,sub-STSWD1245,696716,8,696716.0,sub-STSWD1245
7245,1.0,0.61797,2,4,2,1,1,1,1,True,sub-STSWD1245,699148,8,699148.0,sub-STSWD1245
7246,1.0,0.7549,2,4,2,1,1,1,1,True,sub-STSWD1245,701580,8,701580.0,sub-STSWD1245
7247,1.0,0.60588,2,4,1,1,1,1,1,True,sub-STSWD1245,704012,8,704012.0,sub-STSWD1245
7248,1.0,0.54172,2,2,1,1,1,1,1,True,sub-STSWD1245,708492,8,708492.0,sub-STSWD1245
7249,1.0,0.76053,2,2,1,1,1,1,1,True,sub-STSWD1245,710923,8,710923.0,sub-STSWD1245
7250,1.0,1.0325,4,2,2,1,1,1,1,True,sub-STSWD1245,713355,8,713355.0,sub-STSWD1245
7251,1.0,0.65351,4,2,2,1,1,1,1,True,sub-STSWD1245,715787,8,715787.0,sub-STSWD1245
7252,1.0,0.57546,2,2,2,1,1,1,1,True,sub-STSWD1245,718220,8,718220.0,sub-STSWD1245
7253,1.0,0.60031,4,2,1,1,1,1,1,True,sub-STSWD1245,720652,8,720652.0,sub-STSWD1245
7254,1.0,0.2773,4,2,2,1,1,1,1,True,sub-STSWD1245,723083,8,723083.0,sub-STSWD1245
7255,1.0,0.54656,2,2,2,1,1,1,1,True,sub-STSWD1245,725516,8,725516.0,sub-STSWD1245
7256,1.0,0.29711,1,1,2,1,1,1,1,True,sub-STSWD1245,729996,8,729996.0,sub-STSWD1245
7257,1.0,0.38805,1,1,1,1,1,1,1,True,sub-STSWD1245,732427,8,732427.0,sub-STSWD1245
7258,1.0,0.29935,1,1,2,1,1,1,1,True,sub-STSWD1245,734859,8,734859.0,sub-STSWD1245
7259,1.0,0.72328,1,1,1,1,1,1,1,True,sub-STSWD1245,737291,8,737291.0,sub-STSWD1245
7260,1.0,0.26073,1,1,2,1,1,1,1,True,sub-STSWD1245,744588,8,744588.0,sub-STSWD1245
7261,1.0,0.27566,1,1,1,1,1,1,1,True,sub-STSWD1245,747019,8,747019.0,sub-STSWD1245
7262,1.0,0.54435,3,4,1,1,1,1,1,True,sub-STSWD1245,751499,8,751499.0,sub-STSWD1245
7263,1.0,0.60351,1,4,1,1,1,1,1,True,sub-STSWD1245,753931,8,753931.0,sub-STSWD1245
7264,0.0,1.5757,4,4,2,1,1,1,1,True,sub-STSWD1245,756363,8,756363.0,sub-STSWD1245
7265,1.0,0.54873,2,4,1,1,1,1,1,True,sub-STSWD1245,758795,8,758795.0,sub-STSWD1245
7266,1.0,0.72156,1,4,2,1,1,1,1,True,sub-STSWD1245,761227,8,761227.0,sub-STSWD1245
7267,1.0,0.47761,1,4,1,1,1,1,1,True,sub-STSWD1245,763659,8,763659.0,sub-STSWD1245
7268,1.0,1.0645,4,4,1,1,1,1,1,True,sub-STSWD1245,766091,8,766091.0,sub-STSWD1245
7269,1.0,0.82738,4,4,1,1,1,1,1,True,sub-STSWD1245,768523,8,768523.0,sub-STSWD1245
7270,1.0,0.7993,3,3,2,1,1,1,1,True,sub-STSWD1245,773003,8,773003.0,sub-STSWD1245
7271,1.0,0.59028,4,3,1,1,1,1,1,True,sub-STSWD1245,775435,8,775435.0,sub-STSWD1245
7272,1.0,0.75817,4,3,2,1,1,1,1,True,sub-STSWD1245,777867,8,777867.0,sub-STSWD1245
7273,1.0,0.61617,2,3,2,1,1,1,1,True,sub-STSWD1245,780299,8,780299.0,sub-STSWD1245
7274,1.0,0.70601,4,3,2,1,1,1,1,True,sub-STSWD1245,782731,8,782731.0,sub-STSWD1245
7275,1.0,0.77598,2,3,1,1,1,1,1,True,sub-STSWD1245,785163,8,785163.0,sub-STSWD1245
7276,1.0,0.71892,3,3,1,1,1,1,1,True,sub-STSWD1245,787595,8,787595.0,sub-STSWD1245
7277,1.0,1.1639,3,3,1,1,1,1,1,True,sub-STSWD1245,790027,8,790027.0,sub-STSWD1245
7278,1.0,0.36163,4,1,2,1,1,1,1,True,sub-STSWD1247,32687,8,32687.0,sub-STSWD1247
7279,1.0,0.3186,4,1,1,1,1,1,1,True,sub-STSWD1247,35118,8,35118.0,sub-STSWD1247
7280,1.0,0.33144,4,1,1,1,1,1,1,True,sub-STSWD1247,37550,8,37550.0,sub-STSWD1247
7281,1.0,0.28538,4,1,1,1,1,1,1,True,sub-STSWD1247,39982,8,39982.0,sub-STSWD1247
7282,1.0,0.35331,4,1,1,1,1,1,1,True,sub-STSWD1247,42414,8,42414.0,sub-STSWD1247
7283,1.0,0.30526,4,1,2,1,1,1,1,True,sub-STSWD1247,44846,8,44846.0,sub-STSWD1247
7284,1.0,0.32015,4,1,2,1,1,1,1,True,sub-STSWD1247,47278,8,47278.0,sub-STSWD1247
7285,1.0,0.48008,4,1,2,1,1,1,1,True,sub-STSWD1247,49710,8,49710.0,sub-STSWD1247
7286,,,4,3,1,1,1,1,1,True,sub-STSWD1247,54190,8,,sub-STSWD1247
7287,1.0,0.83893,2,3,1,1,1,1,1,True,sub-STSWD1247,56622,8,56622.0,sub-STSWD1247
7288,1.0,0.74979,3,3,2,1,1,1,1,True,sub-STSWD1247,59054,8,59054.0,sub-STSWD1247
7289,1.0,0.74093,3,3,1,1,1,1,1,True,sub-STSWD1247,61486,8,61486.0,sub-STSWD1247
7290,1.0,0.64117,4,3,1,1,1,1,1,True,sub-STSWD1247,63918,8,63918.0,sub-STSWD1247
7291,1.0,0.49764,3,3,2,1,1,1,1,True,sub-STSWD1247,66350,8,66350.0,sub-STSWD1247
7292,0.0,1.1387,3,3,1,1,1,1,1,True,sub-STSWD1247,68782,8,68782.0,sub-STSWD1247
7293,1.0,0.61851,3,3,1,1,1,1,1,True,sub-STSWD1247,71214,8,71214.0,sub-STSWD1247
7294,1.0,0.83434,2,4,2,1,1,1,1,True,sub-STSWD1247,75694,8,75694.0,sub-STSWD1247
7295,0.0,1.3773,1,4,1,1,1,1,1,True,sub-STSWD1247,78126,8,78126.0,sub-STSWD1247
7296,1.0,0.77521,2,4,2,1,1,1,1,True,sub-STSWD1247,80558,8,80558.0,sub-STSWD1247
7297,1.0,1.2571,1,4,2,1,1,1,1,True,sub-STSWD1247,82990,8,82990.0,sub-STSWD1247
7298,1.0,1.1438,1,4,1,1,1,1,1,True,sub-STSWD1247,85422,8,85422.0,sub-STSWD1247
7299,1.0,1.0439,4,4,2,1,1,1,1,True,sub-STSWD1247,87854,8,87854.0,sub-STSWD1247
7300,0.0,0.80012,4,4,1,1,1,1,1,True,sub-STSWD1247,90286,8,90286.0,sub-STSWD1247
7301,1.0,0.97993,3,4,1,1,1,1,1,True,sub-STSWD1247,92718,8,92718.0,sub-STSWD1247
7302,0.0,0.34785,3,2,2,1,1,1,1,True,sub-STSWD1247,97198,8,97198.0,sub-STSWD1247
7303,1.0,0.33475,4,2,2,1,1,1,1,True,sub-STSWD1247,99630,8,99630.0,sub-STSWD1247
7304,1.0,0.40568,4,2,1,1,1,1,1,True,sub-STSWD1247,102062,8,102062.0,sub-STSWD1247
7305,1.0,0.63766,4,2,2,1,1,1,1,True,sub-STSWD1247,104493,8,104493.0,sub-STSWD1247
7306,1.0,0.38764,3,2,2,1,1,1,1,True,sub-STSWD1247,106925,8,106925.0,sub-STSWD1247
7307,0.0,0.58848,3,2,2,1,1,1,1,True,sub-STSWD1247,109358,8,109358.0,sub-STSWD1247
7308,0.0,0.63535,4,2,1,1,1,1,1,True,sub-STSWD1247,111789,8,111789.0,sub-STSWD1247
7309,1.0,0.42836,3,2,1,1,1,1,1,True,sub-STSWD1247,114221,8,114221.0,sub-STSWD1247
7310,1.0,0.63131,4,3,1,1,1,1,1,True,sub-STSWD1247,118701,8,118701.0,sub-STSWD1247
7311,1.0,0.61718,4,3,2,1,1,1,1,True,sub-STSWD1247,121133,8,121133.0,sub-STSWD1247
7312,1.0,1.1811,1,3,1,1,1,1,1,True,sub-STSWD1247,123565,8,123565.0,sub-STSWD1247
7313,1.0,0.59619,1,3,2,1,1,1,1,True,sub-STSWD1247,125997,8,125997.0,sub-STSWD1247
7314,1.0,0.7482,1,3,2,1,1,1,1,True,sub-STSWD1247,128429,8,128429.0,sub-STSWD1247
7315,1.0,1.0709,2,3,1,1,1,1,1,True,sub-STSWD1247,130861,8,130861.0,sub-STSWD1247
7316,1.0,0.64481,2,3,1,1,1,1,1,True,sub-STSWD1247,133293,8,133293.0,sub-STSWD1247
7317,1.0,0.59687,1,3,2,1,1,1,1,True,sub-STSWD1247,135725,8,135725.0,sub-STSWD1247
7318,1.0,0.39871,3,1,1,1,1,1,1,True,sub-STSWD1247,140205,8,140205.0,sub-STSWD1247
7319,1.0,0.40966,3,1,2,1,1,1,1,True,sub-STSWD1247,142637,8,142637.0,sub-STSWD1247
7320,0.0,0.31154,3,1,2,1,1,1,1,True,sub-STSWD1247,145069,8,145069.0,sub-STSWD1247
7321,1.0,0.32848,3,1,1,1,1,1,1,True,sub-STSWD1247,147501,8,147501.0,sub-STSWD1247
7322,1.0,0.29841,3,1,1,1,1,1,1,True,sub-STSWD1247,149933,8,149933.0,sub-STSWD1247
7323,1.0,0.36534,3,1,2,1,1,1,1,True,sub-STSWD1247,152365,8,152365.0,sub-STSWD1247
7324,1.0,0.32929,3,1,1,1,1,1,1,True,sub-STSWD1247,154797,8,154797.0,sub-STSWD1247
7325,1.0,0.31518,3,1,2,1,1,1,1,True,sub-STSWD1247,157229,8,157229.0,sub-STSWD1247
7326,1.0,0.49311,3,4,1,1,1,1,1,True,sub-STSWD1247,161709,8,161709.0,sub-STSWD1247
7327,1.0,1.154,3,4,2,1,1,1,1,True,sub-STSWD1247,164141,8,164141.0,sub-STSWD1247
7328,1.0,0.66491,3,4,2,1,1,1,1,True,sub-STSWD1247,166573,8,166573.0,sub-STSWD1247
7329,1.0,0.93889,1,4,1,1,1,1,1,True,sub-STSWD1247,169005,8,169005.0,sub-STSWD1247
7330,0.0,0.73583,2,4,2,1,1,1,1,True,sub-STSWD1247,171437,8,171437.0,sub-STSWD1247
7331,1.0,0.83577,2,4,1,1,1,1,1,True,sub-STSWD1247,173869,8,173869.0,sub-STSWD1247
7332,1.0,1.1456,4,4,2,1,1,1,1,True,sub-STSWD1247,178733,8,178733.0,sub-STSWD1247
7333,1.0,0.57252,1,2,1,1,1,1,1,True,sub-STSWD1247,183213,8,183213.0,sub-STSWD1247
7334,1.0,0.34745,1,2,1,1,1,1,1,True,sub-STSWD1247,185645,8,185645.0,sub-STSWD1247
7335,1.0,0.57139,1,2,2,1,1,1,1,True,sub-STSWD1247,188077,8,188077.0,sub-STSWD1247
7336,1.0,0.58132,2,2,2,1,1,1,1,True,sub-STSWD1247,190508,8,190508.0,sub-STSWD1247
7337,1.0,0.31027,1,2,2,1,1,1,1,True,sub-STSWD1247,192941,8,192941.0,sub-STSWD1247
7338,1.0,0.32612,2,2,1,1,1,1,1,True,sub-STSWD1247,195373,8,195373.0,sub-STSWD1247
7339,1.0,0.32814,2,2,2,1,1,1,1,True,sub-STSWD1247,197804,8,197804.0,sub-STSWD1247
7340,1.0,0.61741,1,2,1,1,1,1,1,True,sub-STSWD1247,200236,8,200236.0,sub-STSWD1247
7341,1.0,0.27906,1,1,2,1,1,1,1,True,sub-STSWD1247,227099,8,227099.0,sub-STSWD1247
7342,1.0,0.31187,1,1,1,1,1,1,1,True,sub-STSWD1247,229531,8,229531.0,sub-STSWD1247
7343,1.0,0.33283,1,1,1,1,1,1,1,True,sub-STSWD1247,231963,8,231963.0,sub-STSWD1247
7344,1.0,0.28684,1,1,2,1,1,1,1,True,sub-STSWD1247,234395,8,234395.0,sub-STSWD1247
7345,1.0,0.28773,1,1,2,1,1,1,1,True,sub-STSWD1247,236827,8,236827.0,sub-STSWD1247
7346,1.0,0.3007,1,1,2,1,1,1,1,True,sub-STSWD1247,239259,8,239259.0,sub-STSWD1247
7347,1.0,0.49371,1,1,1,1,1,1,1,True,sub-STSWD1247,241691,8,241691.0,sub-STSWD1247
7348,1.0,0.59061,1,1,1,1,1,1,1,True,sub-STSWD1247,244123,8,244123.0,sub-STSWD1247
7349,1.0,0.74344,1,2,2,1,1,1,1,True,sub-STSWD1247,248603,8,248603.0,sub-STSWD1247
7350,1.0,0.72834,4,2,1,1,1,1,1,True,sub-STSWD1247,251035,8,251035.0,sub-STSWD1247
7351,1.0,0.30733,4,2,2,1,1,1,1,True,sub-STSWD1247,253466,8,253466.0,sub-STSWD1247
7352,1.0,0.6633,1,2,2,1,1,1,1,True,sub-STSWD1247,255899,8,255899.0,sub-STSWD1247
7353,1.0,0.32322,4,2,2,1,1,1,1,True,sub-STSWD1247,258330,8,258330.0,sub-STSWD1247
7354,0.0,0.56117,4,2,1,1,1,1,1,True,sub-STSWD1247,260762,8,260762.0,sub-STSWD1247
7355,1.0,0.52709,1,2,1,1,1,1,1,True,sub-STSWD1247,263194,8,263194.0,sub-STSWD1247
7356,1.0,1.327,1,2,1,1,1,1,1,True,sub-STSWD1247,265626,8,265626.0,sub-STSWD1247
7357,1.0,0.92788,2,4,1,1,1,1,1,True,sub-STSWD1247,270106,8,270106.0,sub-STSWD1247
7358,1.0,0.91185,2,4,1,1,1,1,1,True,sub-STSWD1247,272538,8,272538.0,sub-STSWD1247
7359,1.0,0.57166,2,4,1,1,1,1,1,True,sub-STSWD1247,274970,8,274970.0,sub-STSWD1247
7360,1.0,1.5377,1,4,1,1,1,1,1,True,sub-STSWD1247,277402,8,277402.0,sub-STSWD1247
7361,1.0,0.38761,1,4,2,1,1,1,1,True,sub-STSWD1247,279834,8,279834.0,sub-STSWD1247
7362,1.0,0.58756,3,4,1,1,1,1,1,True,sub-STSWD1247,282266,8,282266.0,sub-STSWD1247
7363,1.0,0.45061,3,4,1,1,1,1,1,True,sub-STSWD1247,284698,8,284698.0,sub-STSWD1247
7364,1.0,0.91247,4,4,2,1,1,1,1,True,sub-STSWD1247,287130,8,287130.0,sub-STSWD1247
7365,1.0,0.9513,1,3,1,1,1,1,1,True,sub-STSWD1247,291610,8,291610.0,sub-STSWD1247
7366,1.0,1.3032,1,3,1,1,1,1,1,True,sub-STSWD1247,294042,8,294042.0,sub-STSWD1247
7367,1.0,0.69421,4,3,2,1,1,1,1,True,sub-STSWD1247,296474,8,296474.0,sub-STSWD1247
7368,0.0,1.1251,4,3,1,1,1,1,1,True,sub-STSWD1247,298906,8,298906.0,sub-STSWD1247
7369,1.0,0.76108,4,3,2,1,1,1,1,True,sub-STSWD1247,301338,8,301338.0,sub-STSWD1247
7370,1.0,0.61715,3,3,1,1,1,1,1,True,sub-STSWD1247,303770,8,303770.0,sub-STSWD1247
7371,1.0,0.48483,4,3,2,1,1,1,1,True,sub-STSWD1247,306202,8,306202.0,sub-STSWD1247
7372,1.0,0.54482,4,3,2,1,1,1,1,True,sub-STSWD1247,308634,8,308634.0,sub-STSWD1247
7373,1.0,0.30476,1,2,1,1,1,1,1,True,sub-STSWD1247,313114,8,313114.0,sub-STSWD1247
7374,1.0,0.25762,3,2,1,1,1,1,1,True,sub-STSWD1247,315546,8,315546.0,sub-STSWD1247
7375,1.0,0.53059,3,2,1,1,1,1,1,True,sub-STSWD1247,317978,8,317978.0,sub-STSWD1247
7376,0.0,0.46049,3,2,2,1,1,1,1,True,sub-STSWD1247,320410,8,320410.0,sub-STSWD1247
7377,1.0,0.57643,1,2,2,1,1,1,1,True,sub-STSWD1247,322842,8,322842.0,sub-STSWD1247
7378,1.0,0.8854,1,2,2,1,1,1,1,True,sub-STSWD1247,325274,8,325274.0,sub-STSWD1247
7379,1.0,0.82334,3,2,2,1,1,1,1,True,sub-STSWD1247,327706,8,327706.0,sub-STSWD1247
7380,1.0,0.29628,1,2,1,1,1,1,1,True,sub-STSWD1247,330138,8,330138.0,sub-STSWD1247
7381,1.0,0.52116,2,3,1,1,1,1,1,True,sub-STSWD1247,334618,8,334618.0,sub-STSWD1247
7382,0.0,0.66909,4,3,1,1,1,1,1,True,sub-STSWD1247,337050,8,337050.0,sub-STSWD1247
7383,1.0,0.80996,3,3,2,1,1,1,1,True,sub-STSWD1247,341914,8,341914.0,sub-STSWD1247
7384,1.0,0.4299,3,3,2,1,1,1,1,True,sub-STSWD1247,344346,8,344346.0,sub-STSWD1247
7385,1.0,1.0828,4,3,2,1,1,1,1,True,sub-STSWD1247,346778,8,346778.0,sub-STSWD1247
7386,1.0,0.84172,2,3,2,1,1,1,1,True,sub-STSWD1247,349210,8,349210.0,sub-STSWD1247
7387,1.0,0.48867,2,3,2,1,1,1,1,True,sub-STSWD1247,351642,8,351642.0,sub-STSWD1247
7388,1.0,0.26755,2,1,1,1,1,1,1,True,sub-STSWD1247,356121,8,356121.0,sub-STSWD1247
7389,1.0,0.31253,2,1,2,1,1,1,1,True,sub-STSWD1247,358554,8,358554.0,sub-STSWD1247
7390,1.0,0.34858,2,1,2,1,1,1,1,True,sub-STSWD1247,360985,8,360985.0,sub-STSWD1247
7391,1.0,0.30335,2,1,2,1,1,1,1,True,sub-STSWD1247,363417,8,363417.0,sub-STSWD1247
7392,1.0,0.2947,2,1,1,1,1,1,1,True,sub-STSWD1247,365854,8,365854.0,sub-STSWD1247
7393,1.0,0.33861,2,1,2,1,1,1,1,True,sub-STSWD1247,368286,8,368286.0,sub-STSWD1247
7394,1.0,0.32453,2,1,1,1,1,1,1,True,sub-STSWD1247,370718,8,370718.0,sub-STSWD1247
7395,1.0,0.30547,2,1,1,1,1,1,1,True,sub-STSWD1247,373150,8,373150.0,sub-STSWD1247
7396,1.0,1.2104,2,4,1,1,1,1,1,True,sub-STSWD1247,377629,8,377629.0,sub-STSWD1247
7397,1.0,0.83425,4,4,2,1,1,1,1,True,sub-STSWD1247,382493,8,382493.0,sub-STSWD1247
7398,1.0,0.5602,4,4,2,1,1,1,1,True,sub-STSWD1247,384925,8,384925.0,sub-STSWD1247
7399,1.0,1.0152,1,4,2,1,1,1,1,True,sub-STSWD1247,387357,8,387357.0,sub-STSWD1247
7400,0.0,0.77403,4,4,1,1,1,1,1,True,sub-STSWD1247,389789,8,389789.0,sub-STSWD1247
7401,1.0,0.702,3,4,2,1,1,1,1,True,sub-STSWD1247,392221,8,392221.0,sub-STSWD1247
7402,1.0,1.2129,3,4,1,1,1,1,1,True,sub-STSWD1247,394653,8,394653.0,sub-STSWD1247
7403,1.0,0.47584,3,3,2,1,1,1,1,True,sub-STSWD1247,423103,8,423103.0,sub-STSWD1247
7404,1.0,0.5967,2,3,2,1,1,1,1,True,sub-STSWD1247,425535,8,425535.0,sub-STSWD1247
7405,1.0,0.52564,2,3,2,1,1,1,1,True,sub-STSWD1247,427967,8,427967.0,sub-STSWD1247
7406,1.0,1.4616,2,3,1,1,1,1,1,True,sub-STSWD1247,430399,8,430399.0,sub-STSWD1247
7407,1.0,0.52653,2,3,2,1,1,1,1,True,sub-STSWD1247,432831,8,432831.0,sub-STSWD1247
7408,1.0,0.7966,3,3,2,1,1,1,1,True,sub-STSWD1247,435263,8,435263.0,sub-STSWD1247
7409,1.0,1.1793,2,3,1,1,1,1,1,True,sub-STSWD1247,440127,8,440127.0,sub-STSWD1247
7410,1.0,0.99323,1,4,1,1,1,1,1,True,sub-STSWD1247,444607,8,444607.0,sub-STSWD1247
7411,0.0,0.8211,4,4,1,1,1,1,1,True,sub-STSWD1247,447039,8,447039.0,sub-STSWD1247
7412,1.0,1.1931,4,4,1,1,1,1,1,True,sub-STSWD1247,449471,8,449471.0,sub-STSWD1247
7413,1.0,0.60603,4,4,1,1,1,1,1,True,sub-STSWD1247,451903,8,451903.0,sub-STSWD1247
7414,1.0,0.70792,3,4,1,1,1,1,1,True,sub-STSWD1247,454335,8,454335.0,sub-STSWD1247
7415,1.0,0.56792,2,4,1,1,1,1,1,True,sub-STSWD1247,456767,8,456767.0,sub-STSWD1247
7416,1.0,1.0448,1,4,2,1,1,1,1,True,sub-STSWD1247,459199,8,459199.0,sub-STSWD1247
7417,1.0,0.52179,2,4,1,1,1,1,1,True,sub-STSWD1247,461630,8,461630.0,sub-STSWD1247
7418,1.0,0.29863,1,1,2,1,1,1,1,True,sub-STSWD1247,466110,8,466110.0,sub-STSWD1247
7419,1.0,0.35564,1,1,1,1,1,1,1,True,sub-STSWD1247,468542,8,468542.0,sub-STSWD1247
7420,1.0,0.27755,1,1,1,1,1,1,1,True,sub-STSWD1247,470974,8,470974.0,sub-STSWD1247
7421,1.0,0.29948,1,1,2,1,1,1,1,True,sub-STSWD1247,473406,8,473406.0,sub-STSWD1247
7422,1.0,0.32641,1,1,2,1,1,1,1,True,sub-STSWD1247,475839,8,475839.0,sub-STSWD1247
7423,1.0,0.3023,1,1,2,1,1,1,1,True,sub-STSWD1247,478270,8,478270.0,sub-STSWD1247
7424,1.0,0.29924,1,1,1,1,1,1,1,True,sub-STSWD1247,480702,8,480702.0,sub-STSWD1247
7425,1.0,0.30222,1,1,1,1,1,1,1,True,sub-STSWD1247,483134,8,483134.0,sub-STSWD1247
7426,1.0,0.3061,2,2,2,1,1,1,1,True,sub-STSWD1247,487615,8,487615.0,sub-STSWD1247
7427,1.0,0.55806,3,2,1,1,1,1,1,True,sub-STSWD1247,490046,8,490046.0,sub-STSWD1247
7428,1.0,0.45221,2,2,1,1,1,1,1,True,sub-STSWD1247,492478,8,492478.0,sub-STSWD1247
7429,1.0,0.30191,2,2,1,1,1,1,1,True,sub-STSWD1247,494910,8,494910.0,sub-STSWD1247
7430,1.0,0.45687,3,2,2,1,1,1,1,True,sub-STSWD1247,497342,8,497342.0,sub-STSWD1247
7431,1.0,0.29575,3,2,1,1,1,1,1,True,sub-STSWD1247,499774,8,499774.0,sub-STSWD1247
7432,1.0,0.31872,3,2,2,1,1,1,1,True,sub-STSWD1247,502206,8,502206.0,sub-STSWD1247
7433,1.0,0.36288,2,2,1,1,1,1,1,True,sub-STSWD1247,504638,8,504638.0,sub-STSWD1247
7434,0.0,0.73348,4,4,1,1,1,1,1,True,sub-STSWD1247,509118,8,509118.0,sub-STSWD1247
7435,1.0,1.2065,2,4,2,1,1,1,1,True,sub-STSWD1247,511550,8,511550.0,sub-STSWD1247
7436,0.0,0.51143,2,4,2,1,1,1,1,True,sub-STSWD1247,513982,8,513982.0,sub-STSWD1247
7437,1.0,0.64238,1,4,2,1,1,1,1,True,sub-STSWD1247,516414,8,516414.0,sub-STSWD1247
7438,1.0,1.4023,1,4,2,1,1,1,1,True,sub-STSWD1247,518846,8,518846.0,sub-STSWD1247
7439,1.0,0.58925,3,4,1,1,1,1,1,True,sub-STSWD1247,521278,8,521278.0,sub-STSWD1247
7440,1.0,1.1901,3,4,2,1,1,1,1,True,sub-STSWD1247,523710,8,523710.0,sub-STSWD1247
7441,0.0,0.301,4,1,1,1,1,1,1,True,sub-STSWD1247,530622,8,530622.0,sub-STSWD1247
7442,1.0,0.29086,4,1,2,1,1,1,1,True,sub-STSWD1247,533054,8,533054.0,sub-STSWD1247
7443,1.0,0.25279,4,1,1,1,1,1,1,True,sub-STSWD1247,535486,8,535486.0,sub-STSWD1247
7444,0.0,0.29167,4,1,1,1,1,1,1,True,sub-STSWD1247,537918,8,537918.0,sub-STSWD1247
7445,1.0,0.34978,4,1,2,1,1,1,1,True,sub-STSWD1247,540350,8,540350.0,sub-STSWD1247
7446,1.0,0.26168,4,1,1,1,1,1,1,True,sub-STSWD1247,542782,8,542782.0,sub-STSWD1247
7447,1.0,0.37044,4,1,2,1,1,1,1,True,sub-STSWD1247,545214,8,545214.0,sub-STSWD1247
7448,1.0,0.36047,4,1,2,1,1,1,1,True,sub-STSWD1247,547646,8,547646.0,sub-STSWD1247
7449,1.0,0.6663,2,2,2,1,1,1,1,True,sub-STSWD1247,552126,8,552126.0,sub-STSWD1247
7450,1.0,0.60328,4,2,2,1,1,1,1,True,sub-STSWD1247,554558,8,554558.0,sub-STSWD1247
7451,1.0,1.1083,4,2,1,1,1,1,1,True,sub-STSWD1247,556990,8,556990.0,sub-STSWD1247
7452,1.0,0.50119,2,2,1,1,1,1,1,True,sub-STSWD1247,559422,8,559422.0,sub-STSWD1247
7453,1.0,0.36513,2,2,1,1,1,1,1,True,sub-STSWD1247,561854,8,561854.0,sub-STSWD1247
7454,1.0,0.46202,4,2,1,1,1,1,1,True,sub-STSWD1247,564286,8,564286.0,sub-STSWD1247
7455,1.0,0.43887,4,2,2,1,1,1,1,True,sub-STSWD1247,566718,8,566718.0,sub-STSWD1247
7456,1.0,0.34289,2,2,2,1,1,1,1,True,sub-STSWD1247,569150,8,569150.0,sub-STSWD1247
7457,1.0,0.34279,1,3,1,1,1,1,1,True,sub-STSWD1247,573630,8,573630.0,sub-STSWD1247
7458,1.0,0.7229,1,3,1,1,1,1,1,True,sub-STSWD1247,576062,8,576062.0,sub-STSWD1247
7459,1.0,0.26464,1,3,2,1,1,1,1,True,sub-STSWD1247,578494,8,578494.0,sub-STSWD1247
7460,1.0,0.56362,4,3,1,1,1,1,1,True,sub-STSWD1247,580926,8,580926.0,sub-STSWD1247
7461,1.0,0.45058,2,3,1,1,1,1,1,True,sub-STSWD1247,583358,8,583358.0,sub-STSWD1247
7462,1.0,0.41345,4,3,1,1,1,1,1,True,sub-STSWD1247,585790,8,585790.0,sub-STSWD1247
7463,1.0,0.71738,2,3,1,1,1,1,1,True,sub-STSWD1247,588222,8,588222.0,sub-STSWD1247
7464,1.0,0.4624,1,3,1,1,1,1,1,True,sub-STSWD1247,590654,8,590654.0,sub-STSWD1247
7465,1.0,0.25852,1,2,2,1,1,1,1,True,sub-STSWD1247,621437,8,621437.0,sub-STSWD1247
7466,1.0,0.5556,2,2,2,1,1,1,1,True,sub-STSWD1247,623869,8,623869.0,sub-STSWD1247
7467,1.0,0.9684,1,2,1,1,1,1,1,True,sub-STSWD1247,626301,8,626301.0,sub-STSWD1247
7468,1.0,0.3394,2,2,2,1,1,1,1,True,sub-STSWD1247,628733,8,628733.0,sub-STSWD1247
7469,1.0,0.27225,2,2,1,1,1,1,1,True,sub-STSWD1247,631165,8,631165.0,sub-STSWD1247
7470,1.0,0.33218,2,2,1,1,1,1,1,True,sub-STSWD1247,633597,8,633597.0,sub-STSWD1247
7471,1.0,0.32518,2,2,2,1,1,1,1,True,sub-STSWD1247,636029,8,636029.0,sub-STSWD1247
7472,1.0,0.36213,1,2,2,1,1,1,1,True,sub-STSWD1247,638461,8,638461.0,sub-STSWD1247
7473,1.0,0.5869,4,4,2,1,1,1,1,True,sub-STSWD1247,642941,8,642941.0,sub-STSWD1247
7474,1.0,0.63691,4,4,2,1,1,1,1,True,sub-STSWD1247,645373,8,645373.0,sub-STSWD1247
7475,1.0,0.94787,1,4,1,1,1,1,1,True,sub-STSWD1247,647805,8,647805.0,sub-STSWD1247
7476,1.0,0.67472,1,4,1,1,1,1,1,True,sub-STSWD1247,650237,8,650237.0,sub-STSWD1247
7477,1.0,0.34572,2,4,2,1,1,1,1,True,sub-STSWD1247,652669,8,652669.0,sub-STSWD1247
7478,1.0,0.72669,2,4,2,1,1,1,1,True,sub-STSWD1247,655101,8,655101.0,sub-STSWD1247
7479,1.0,0.88856,2,4,1,1,1,1,1,True,sub-STSWD1247,657533,8,657533.0,sub-STSWD1247
7480,1.0,0.56252,3,4,2,1,1,1,1,True,sub-STSWD1247,659965,8,659965.0,sub-STSWD1247
7481,1.0,0.29141,1,3,2,1,1,1,1,True,sub-STSWD1247,664445,8,664445.0,sub-STSWD1247
7482,1.0,0.76425,1,3,1,1,1,1,1,True,sub-STSWD1247,666877,8,666877.0,sub-STSWD1247
7483,1.0,0.42033,3,3,1,1,1,1,1,True,sub-STSWD1247,669309,8,669309.0,sub-STSWD1247
7484,1.0,1.0682,2,3,2,1,1,1,1,True,sub-STSWD1247,671741,8,671741.0,sub-STSWD1247
7485,1.0,0.3801,2,3,2,1,1,1,1,True,sub-STSWD1247,674173,8,674173.0,sub-STSWD1247
7486,1.0,0.26908,2,3,2,1,1,1,1,True,sub-STSWD1247,676605,8,676605.0,sub-STSWD1247
7487,1.0,0.32498,3,3,1,1,1,1,1,True,sub-STSWD1247,679037,8,679037.0,sub-STSWD1247
7488,1.0,0.44788,1,3,1,1,1,1,1,True,sub-STSWD1247,681469,8,681469.0,sub-STSWD1247
7489,1.0,0.2638,2,1,1,1,1,1,1,True,sub-STSWD1247,685948,8,685948.0,sub-STSWD1247
7490,1.0,0.25777,2,1,2,1,1,1,1,True,sub-STSWD1247,688381,8,688381.0,sub-STSWD1247
7491,1.0,0.2607,2,1,1,1,1,1,1,True,sub-STSWD1247,690812,8,690812.0,sub-STSWD1247
7492,1.0,0.2936,2,1,2,1,1,1,1,True,sub-STSWD1247,693245,8,693245.0,sub-STSWD1247
7493,1.0,0.27849,2,1,1,1,1,1,1,True,sub-STSWD1247,695677,8,695677.0,sub-STSWD1247
7494,1.0,0.25043,2,1,1,1,1,1,1,True,sub-STSWD1247,698109,8,698109.0,sub-STSWD1247
7495,1.0,0.26846,2,1,2,1,1,1,1,True,sub-STSWD1247,700540,8,700540.0,sub-STSWD1247
7496,1.0,0.41922,1,4,2,1,1,1,1,True,sub-STSWD1247,707453,8,707453.0,sub-STSWD1247
7497,1.0,0.55409,4,4,1,1,1,1,1,True,sub-STSWD1247,712316,8,712316.0,sub-STSWD1247
7498,1.0,0.27003,1,4,1,1,1,1,1,True,sub-STSWD1247,714748,8,714748.0,sub-STSWD1247
7499,1.0,0.25915,4,4,2,1,1,1,1,True,sub-STSWD1247,717180,8,717180.0,sub-STSWD1247
7500,1.0,0.26991,3,4,2,1,1,1,1,True,sub-STSWD1247,719612,8,719612.0,sub-STSWD1247
7501,1.0,1.1319,3,4,2,1,1,1,1,True,sub-STSWD1247,722044,8,722044.0,sub-STSWD1247
7502,1.0,0.94386,3,4,2,1,1,1,1,True,sub-STSWD1247,724476,8,724476.0,sub-STSWD1247
7503,1.0,0.34071,3,1,1,1,1,1,1,True,sub-STSWD1247,728956,8,728956.0,sub-STSWD1247
7504,1.0,0.26545,3,1,2,1,1,1,1,True,sub-STSWD1247,743548,8,743548.0,sub-STSWD1247
7505,1.0,0.29121,3,1,2,1,1,1,1,True,sub-STSWD1247,745980,8,745980.0,sub-STSWD1247
7506,1.0,0.57309,3,3,1,1,1,1,1,True,sub-STSWD1247,750460,8,750460.0,sub-STSWD1247
7507,0.0,0.73943,3,3,2,1,1,1,1,True,sub-STSWD1247,752892,8,752892.0,sub-STSWD1247
7508,1.0,0.41791,1,3,2,1,1,1,1,True,sub-STSWD1247,755324,8,755324.0,sub-STSWD1247
7509,1.0,0.44789,3,3,2,1,1,1,1,True,sub-STSWD1247,757756,8,757756.0,sub-STSWD1247
7510,1.0,0.51524,4,3,2,1,1,1,1,True,sub-STSWD1247,760188,8,760188.0,sub-STSWD1247
7511,1.0,0.27319,4,3,2,1,1,1,1,True,sub-STSWD1247,762620,8,762620.0,sub-STSWD1247
7512,1.0,0.48275,1,3,2,1,1,1,1,True,sub-STSWD1247,765052,8,765052.0,sub-STSWD1247
7513,1.0,0.66164,4,3,1,1,1,1,1,True,sub-STSWD1247,767484,8,767484.0,sub-STSWD1247
7514,1.0,0.26889,3,2,1,1,1,1,1,True,sub-STSWD1247,771964,8,771964.0,sub-STSWD1247
7515,1.0,0.45546,4,2,2,1,1,1,1,True,sub-STSWD1247,774396,8,774396.0,sub-STSWD1247
7516,0.0,0.38976,3,2,2,1,1,1,1,True,sub-STSWD1247,776828,8,776828.0,sub-STSWD1247
7517,1.0,0.25892,4,2,2,1,1,1,1,True,sub-STSWD1247,779260,8,779260.0,sub-STSWD1247
7518,1.0,0.38964,4,2,1,1,1,1,1,True,sub-STSWD1247,781692,8,781692.0,sub-STSWD1247
7519,0.0,0.81361,4,2,1,1,1,1,1,True,sub-STSWD1247,784124,8,784124.0,sub-STSWD1247
7520,1.0,0.3451,3,2,1,1,1,1,1,True,sub-STSWD1247,786564,8,786564.0,sub-STSWD1247
7521,1.0,0.44678,3,2,1,1,1,1,1,True,sub-STSWD1247,788992,8,788992.0,sub-STSWD1247
7522,1.0,1.2678,2,2,2,1,1,1,1,True,sub-STSWD1250,36483,8,36483.0,sub-STSWD1250
7523,1.0,0.88372,2,2,1,1,1,1,1,True,sub-STSWD1250,38914,8,38914.0,sub-STSWD1250
7524,1.0,1.0936,2,2,2,1,1,1,1,True,sub-STSWD1250,41346,8,41346.0,sub-STSWD1250
7525,1.0,0.62959,1,2,2,1,1,1,1,True,sub-STSWD1250,43778,8,43778.0,sub-STSWD1250
7526,1.0,1.3475,1,2,1,1,1,1,1,True,sub-STSWD1250,46210,8,46210.0,sub-STSWD1250
7527,0.0,0.73146,1,2,2,1,1,1,1,True,sub-STSWD1250,48642,8,48642.0,sub-STSWD1250
7528,1.0,0.92434,2,2,1,1,1,1,1,True,sub-STSWD1250,51074,8,51074.0,sub-STSWD1250
7529,1.0,0.78432,1,2,1,1,1,1,1,True,sub-STSWD1250,53506,8,53506.0,sub-STSWD1250
7530,1.0,0.43413,1,1,2,1,1,1,1,True,sub-STSWD1250,57986,8,57986.0,sub-STSWD1250
7531,1.0,0.32116,1,1,1,1,1,1,1,True,sub-STSWD1250,60418,8,60418.0,sub-STSWD1250
7532,1.0,0.42643,1,1,2,1,1,1,1,True,sub-STSWD1250,62854,8,62854.0,sub-STSWD1250
7533,1.0,0.31636,1,1,2,1,1,1,1,True,sub-STSWD1250,65286,8,65286.0,sub-STSWD1250
7534,1.0,0.67528,1,1,2,1,1,1,1,True,sub-STSWD1250,67718,8,67718.0,sub-STSWD1250
7535,1.0,0.42923,1,1,1,1,1,1,1,True,sub-STSWD1250,70150,8,70150.0,sub-STSWD1250
7536,1.0,0.31416,1,1,2,1,1,1,1,True,sub-STSWD1250,72582,8,72582.0,sub-STSWD1250
7537,1.0,0.26405,1,1,1,1,1,1,1,True,sub-STSWD1250,75014,8,75014.0,sub-STSWD1250
7538,1.0,0.65297,1,3,1,1,1,1,1,True,sub-STSWD1250,79494,8,79494.0,sub-STSWD1250
7539,1.0,0.9659,1,3,1,1,1,1,1,True,sub-STSWD1250,81926,8,81926.0,sub-STSWD1250
7540,1.0,1.1288,2,3,1,1,1,1,1,True,sub-STSWD1250,84358,8,84358.0,sub-STSWD1250
7541,0.0,0.97977,4,3,2,1,1,1,1,True,sub-STSWD1250,86790,8,86790.0,sub-STSWD1250
7542,0.0,0.62364,1,3,2,1,1,1,1,True,sub-STSWD1250,89222,8,89222.0,sub-STSWD1250
7543,1.0,0.57065,1,3,2,1,1,1,1,True,sub-STSWD1250,91653,8,91653.0,sub-STSWD1250
7544,1.0,0.8616,4,3,1,1,1,1,1,True,sub-STSWD1250,94085,8,94085.0,sub-STSWD1250
7545,1.0,0.66848,2,3,2,1,1,1,1,True,sub-STSWD1250,96518,8,96518.0,sub-STSWD1250
7546,1.0,0.89839,4,4,1,1,1,1,1,True,sub-STSWD1250,100997,8,100997.0,sub-STSWD1250
7547,1.0,0.98337,4,4,1,1,1,1,1,True,sub-STSWD1250,103429,8,103429.0,sub-STSWD1250
7548,1.0,1.1232,3,4,1,1,1,1,1,True,sub-STSWD1250,105861,8,105861.0,sub-STSWD1250
7549,1.0,1.4572,3,4,1,1,1,1,1,True,sub-STSWD1250,108293,8,108293.0,sub-STSWD1250
7550,1.0,0.98215,2,4,1,1,1,1,1,True,sub-STSWD1250,110725,8,110725.0,sub-STSWD1250
7551,0.0,0.80607,2,4,1,1,1,1,1,True,sub-STSWD1250,113157,8,113157.0,sub-STSWD1250
7552,1.0,1.232,2,4,2,1,1,1,1,True,sub-STSWD1250,115589,8,115589.0,sub-STSWD1250
7553,1.0,0.66996,1,4,1,1,1,1,1,True,sub-STSWD1250,118021,8,118021.0,sub-STSWD1250
7554,1.0,0.6718,2,3,1,1,1,1,1,True,sub-STSWD1250,122501,8,122501.0,sub-STSWD1250
7555,1.0,0.70372,2,3,2,1,1,1,1,True,sub-STSWD1250,124933,8,124933.0,sub-STSWD1250
7556,1.0,0.59671,1,3,1,1,1,1,1,True,sub-STSWD1250,127365,8,127365.0,sub-STSWD1250
7557,1.0,0.75164,1,3,1,1,1,1,1,True,sub-STSWD1250,129797,8,129797.0,sub-STSWD1250
7558,1.0,0.69457,2,3,2,1,1,1,1,True,sub-STSWD1250,132229,8,132229.0,sub-STSWD1250
7559,1.0,0.9935,2,3,1,1,1,1,1,True,sub-STSWD1250,134661,8,134661.0,sub-STSWD1250
7560,1.0,0.85745,2,3,1,1,1,1,1,True,sub-STSWD1250,137093,8,137093.0,sub-STSWD1250
7561,1.0,1.2614,3,3,1,1,1,1,1,True,sub-STSWD1250,139525,8,139525.0,sub-STSWD1250
7562,1.0,0.72625,3,2,2,1,1,1,1,True,sub-STSWD1250,144005,8,144005.0,sub-STSWD1250
7563,1.0,0.5402,4,2,2,1,1,1,1,True,sub-STSWD1250,146437,8,146437.0,sub-STSWD1250
7564,1.0,1.2141,3,2,2,1,1,1,1,True,sub-STSWD1250,148869,8,148869.0,sub-STSWD1250
7565,1.0,0.65106,3,2,1,1,1,1,1,True,sub-STSWD1250,151301,8,151301.0,sub-STSWD1250
7566,1.0,0.638,3,2,2,1,1,1,1,True,sub-STSWD1250,153733,8,153733.0,sub-STSWD1250
7567,1.0,0.49493,4,2,2,1,1,1,1,True,sub-STSWD1250,156165,8,156165.0,sub-STSWD1250
7568,1.0,0.85383,4,2,2,1,1,1,1,True,sub-STSWD1250,158597,8,158597.0,sub-STSWD1250
7569,1.0,0.9848,4,2,1,1,1,1,1,True,sub-STSWD1250,161029,8,161029.0,sub-STSWD1250
7570,1.0,0.63469,2,4,1,1,1,1,1,True,sub-STSWD1250,165509,8,165509.0,sub-STSWD1250
7571,1.0,1.1446,3,4,1,1,1,1,1,True,sub-STSWD1250,167941,8,167941.0,sub-STSWD1250
7572,1.0,0.73356,3,4,2,1,1,1,1,True,sub-STSWD1250,170373,8,170373.0,sub-STSWD1250
7573,0.0,1.1275,1,4,2,1,1,1,1,True,sub-STSWD1250,172805,8,172805.0,sub-STSWD1250
7574,1.0,0.96543,1,4,1,1,1,1,1,True,sub-STSWD1250,175236,8,175236.0,sub-STSWD1250
7575,0.0,0.95536,4,4,2,1,1,1,1,True,sub-STSWD1250,177669,8,177669.0,sub-STSWD1250
7576,1.0,0.82731,1,4,1,1,1,1,1,True,sub-STSWD1250,180100,8,180100.0,sub-STSWD1250
7577,0.0,1.1282,4,4,2,1,1,1,1,True,sub-STSWD1250,182532,8,182532.0,sub-STSWD1250
7578,1.0,0.30708,4,1,1,1,1,1,1,True,sub-STSWD1250,187012,8,187012.0,sub-STSWD1250
7579,1.0,0.29612,4,1,1,1,1,1,1,True,sub-STSWD1250,189444,8,189444.0,sub-STSWD1250
7580,1.0,0.315,4,1,2,1,1,1,1,True,sub-STSWD1250,191876,8,191876.0,sub-STSWD1250
7581,1.0,0.53388,4,1,2,1,1,1,1,True,sub-STSWD1250,194308,8,194308.0,sub-STSWD1250
7582,1.0,0.38187,4,1,1,1,1,1,1,True,sub-STSWD1250,196740,8,196740.0,sub-STSWD1250
7583,1.0,0.28779,4,1,1,1,1,1,1,True,sub-STSWD1250,199172,8,199172.0,sub-STSWD1250
7584,1.0,0.28373,4,1,1,1,1,1,1,True,sub-STSWD1250,201604,8,201604.0,sub-STSWD1250
7585,0.0,0.5789,4,1,1,1,1,1,1,True,sub-STSWD1250,204036,8,204036.0,sub-STSWD1250
7586,1.0,0.88305,2,4,2,1,1,1,1,True,sub-STSWD1250,237410,8,237410.0,sub-STSWD1250
7587,1.0,0.77904,1,4,2,1,1,1,1,True,sub-STSWD1250,239842,8,239842.0,sub-STSWD1250
7588,1.0,0.84106,4,4,1,1,1,1,1,True,sub-STSWD1250,242274,8,242274.0,sub-STSWD1250
7589,1.0,0.49422,1,4,1,1,1,1,1,True,sub-STSWD1250,244710,8,244710.0,sub-STSWD1250
7590,0.0,0.90318,3,4,1,1,1,1,1,True,sub-STSWD1250,247142,8,247142.0,sub-STSWD1250
7591,0.0,1.0601,3,4,1,1,1,1,1,True,sub-STSWD1250,249574,8,249574.0,sub-STSWD1250
7592,1.0,0.40705,2,4,1,1,1,1,1,True,sub-STSWD1250,252006,8,252006.0,sub-STSWD1250
7593,1.0,1.267,2,4,2,1,1,1,1,True,sub-STSWD1250,254438,8,254438.0,sub-STSWD1250
7594,1.0,0.55887,2,3,2,1,1,1,1,True,sub-STSWD1250,258918,8,258918.0,sub-STSWD1250
7595,0.0,1.0658,2,3,2,1,1,1,1,True,sub-STSWD1250,261350,8,261350.0,sub-STSWD1250
7596,1.0,1.1187,4,3,2,1,1,1,1,True,sub-STSWD1250,263781,8,263781.0,sub-STSWD1250
7597,1.0,0.83368,1,3,2,1,1,1,1,True,sub-STSWD1250,266213,8,266213.0,sub-STSWD1250
7598,1.0,1.1206,1,3,2,1,1,1,1,True,sub-STSWD1250,268645,8,268645.0,sub-STSWD1250
7599,1.0,0.4795,1,3,2,1,1,1,1,True,sub-STSWD1250,271077,8,271077.0,sub-STSWD1250
7600,1.0,0.4365,1,3,1,1,1,1,1,True,sub-STSWD1250,273509,8,273509.0,sub-STSWD1250
7601,1.0,1.0123,4,3,1,1,1,1,1,True,sub-STSWD1250,275941,8,275941.0,sub-STSWD1250
7602,1.0,0.70631,1,2,2,1,1,1,1,True,sub-STSWD1250,280421,8,280421.0,sub-STSWD1250
7603,1.0,0.49424,4,2,2,1,1,1,1,True,sub-STSWD1250,282853,8,282853.0,sub-STSWD1250
7604,1.0,0.67117,4,2,2,1,1,1,1,True,sub-STSWD1250,285285,8,285285.0,sub-STSWD1250
7605,0.0,1.0311,4,2,1,1,1,1,1,True,sub-STSWD1250,287717,8,287717.0,sub-STSWD1250
7606,1.0,0.53705,1,2,1,1,1,1,1,True,sub-STSWD1250,290149,8,290149.0,sub-STSWD1250
7607,0.0,1.353,4,2,1,1,1,1,1,True,sub-STSWD1250,292581,8,292581.0,sub-STSWD1250
7608,1.0,0.64291,1,2,1,1,1,1,1,True,sub-STSWD1250,295013,8,295013.0,sub-STSWD1250
7609,1.0,0.44381,1,2,2,1,1,1,1,True,sub-STSWD1250,297445,8,297445.0,sub-STSWD1250
7610,1.0,0.31574,3,1,1,1,1,1,1,True,sub-STSWD1250,301925,8,301925.0,sub-STSWD1250
7611,1.0,0.31666,3,1,1,1,1,1,1,True,sub-STSWD1250,304357,8,304357.0,sub-STSWD1250
7612,1.0,0.35561,3,1,2,1,1,1,1,True,sub-STSWD1250,306789,8,306789.0,sub-STSWD1250
7613,1.0,0.38655,3,1,2,1,1,1,1,True,sub-STSWD1250,309221,8,309221.0,sub-STSWD1250
7614,1.0,0.30448,3,1,2,1,1,1,1,True,sub-STSWD1250,311653,8,311653.0,sub-STSWD1250
7615,1.0,0.29041,3,1,1,1,1,1,1,True,sub-STSWD1250,314085,8,314085.0,sub-STSWD1250
7616,1.0,0.30729,3,1,2,1,1,1,1,True,sub-STSWD1250,318949,8,318949.0,sub-STSWD1250
7617,1.0,1.3652,3,3,1,1,1,1,1,True,sub-STSWD1250,323429,8,323429.0,sub-STSWD1250
7618,1.0,0.97509,3,3,2,1,1,1,1,True,sub-STSWD1250,325861,8,325861.0,sub-STSWD1250
7619,1.0,0.39093,1,3,1,1,1,1,1,True,sub-STSWD1250,328293,8,328293.0,sub-STSWD1250
7620,1.0,0.90896,2,3,1,1,1,1,1,True,sub-STSWD1250,330725,8,330725.0,sub-STSWD1250
7621,1.0,0.49191,1,3,2,1,1,1,1,True,sub-STSWD1250,333157,8,333157.0,sub-STSWD1250
7622,1.0,0.44884,3,3,2,1,1,1,1,True,sub-STSWD1250,335589,8,335589.0,sub-STSWD1250
7623,1.0,0.72478,2,3,2,1,1,1,1,True,sub-STSWD1250,338021,8,338021.0,sub-STSWD1250
7624,1.0,1.1297,2,3,2,1,1,1,1,True,sub-STSWD1250,340453,8,340453.0,sub-STSWD1250
7625,0.0,1.3446,4,2,2,1,1,1,1,True,sub-STSWD1250,344933,8,344933.0,sub-STSWD1250
7626,1.0,0.79548,4,2,1,1,1,1,1,True,sub-STSWD1250,347365,8,347365.0,sub-STSWD1250
7627,1.0,0.68847,3,2,2,1,1,1,1,True,sub-STSWD1250,349797,8,349797.0,sub-STSWD1250
7628,1.0,0.7564,3,2,2,1,1,1,1,True,sub-STSWD1250,352229,8,352229.0,sub-STSWD1250
7629,0.0,0.37733,4,2,2,1,1,1,1,True,sub-STSWD1250,354661,8,354661.0,sub-STSWD1250
7630,1.0,0.47027,3,2,2,1,1,1,1,True,sub-STSWD1250,357093,8,357093.0,sub-STSWD1250
7631,1.0,0.5532,4,2,1,1,1,1,1,True,sub-STSWD1250,359525,8,359525.0,sub-STSWD1250
7632,1.0,0.60713,3,2,1,1,1,1,1,True,sub-STSWD1250,361957,8,361957.0,sub-STSWD1250
7633,1.0,0.3,4,1,2,1,1,1,1,True,sub-STSWD1250,368868,8,368868.0,sub-STSWD1250
7634,1.0,0.5469,4,1,2,1,1,1,1,True,sub-STSWD1250,371300,8,371300.0,sub-STSWD1250
7635,1.0,0.28571,4,1,2,1,1,1,1,True,sub-STSWD1250,373732,8,373732.0,sub-STSWD1250
7636,1.0,0.35666,4,1,2,1,1,1,1,True,sub-STSWD1250,376164,8,376164.0,sub-STSWD1250
7637,1.0,0.30869,4,1,2,1,1,1,1,True,sub-STSWD1250,378596,8,378596.0,sub-STSWD1250
7638,0.0,0.32265,4,1,2,1,1,1,1,True,sub-STSWD1250,381028,8,381028.0,sub-STSWD1250
7639,0.0,0.29958,4,1,1,1,1,1,1,True,sub-STSWD1250,383460,8,383460.0,sub-STSWD1250
7640,1.0,0.87844,2,4,2,1,1,1,1,True,sub-STSWD1250,387940,8,387940.0,sub-STSWD1250
7641,0.0,1.0653,4,4,2,1,1,1,1,True,sub-STSWD1250,390372,8,390372.0,sub-STSWD1250
7642,1.0,0.76832,4,4,1,1,1,1,1,True,sub-STSWD1250,392804,8,392804.0,sub-STSWD1250
7643,1.0,1.2892,4,4,2,1,1,1,1,True,sub-STSWD1250,395236,8,395236.0,sub-STSWD1250
7644,1.0,1.0392,3,4,1,1,1,1,1,True,sub-STSWD1250,397668,8,397668.0,sub-STSWD1250
7645,1.0,0.89018,3,4,2,1,1,1,1,True,sub-STSWD1250,400100,8,400100.0,sub-STSWD1250
7646,0.0,1.436,1,4,2,1,1,1,1,True,sub-STSWD1250,402532,8,402532.0,sub-STSWD1250
7647,1.0,0.55,1,4,2,1,1,1,1,True,sub-STSWD1250,404964,8,404964.0,sub-STSWD1250
7648,1.0,0.77209,2,2,1,1,1,1,1,True,sub-STSWD1250,434736,8,434736.0,sub-STSWD1250
7649,1.0,0.57813,2,2,1,1,1,1,1,True,sub-STSWD1250,437168,8,437168.0,sub-STSWD1250
7650,1.0,0.93307,1,2,1,1,1,1,1,True,sub-STSWD1250,439600,8,439600.0,sub-STSWD1250
7651,1.0,0.55801,2,2,2,1,1,1,1,True,sub-STSWD1250,442032,8,442032.0,sub-STSWD1250
7652,0.0,0.44195,1,2,1,1,1,1,1,True,sub-STSWD1250,444465,8,444465.0,sub-STSWD1250
7653,1.0,0.5709,1,2,2,1,1,1,1,True,sub-STSWD1250,446896,8,446896.0,sub-STSWD1250
7654,1.0,0.59581,2,2,1,1,1,1,1,True,sub-STSWD1250,449328,8,449328.0,sub-STSWD1250
7655,1.0,0.56479,1,2,1,1,1,1,1,True,sub-STSWD1250,451760,8,451760.0,sub-STSWD1250
7656,1.0,1.0126,2,4,1,1,1,1,1,True,sub-STSWD1250,456240,8,456240.0,sub-STSWD1250
7657,1.0,0.69857,2,4,1,1,1,1,1,True,sub-STSWD1250,458672,8,458672.0,sub-STSWD1250
7658,1.0,0.8555,4,4,2,1,1,1,1,True,sub-STSWD1250,461104,8,461104.0,sub-STSWD1250
7659,1.0,0.60036,1,4,1,1,1,1,1,True,sub-STSWD1250,463536,8,463536.0,sub-STSWD1250
7660,1.0,0.52239,1,4,2,1,1,1,1,True,sub-STSWD1250,465968,8,465968.0,sub-STSWD1250
7661,1.0,0.57633,3,4,2,1,1,1,1,True,sub-STSWD1250,468400,8,468400.0,sub-STSWD1250
7662,1.0,1.2602,3,4,2,1,1,1,1,True,sub-STSWD1250,470832,8,470832.0,sub-STSWD1250
7663,1.0,1.4322,3,4,2,1,1,1,1,True,sub-STSWD1250,473264,8,473264.0,sub-STSWD1250
7664,1.0,0.30106,1,1,1,1,1,1,1,True,sub-STSWD1250,477744,8,477744.0,sub-STSWD1250
7665,1.0,0.29901,1,1,2,1,1,1,1,True,sub-STSWD1250,480176,8,480176.0,sub-STSWD1250
7666,1.0,0.64193,1,1,1,1,1,1,1,True,sub-STSWD1250,482608,8,482608.0,sub-STSWD1250
7667,1.0,0.27682,1,1,2,1,1,1,1,True,sub-STSWD1250,487472,8,487472.0,sub-STSWD1250
7668,1.0,0.30975,1,1,1,1,1,1,1,True,sub-STSWD1250,489904,8,489904.0,sub-STSWD1250
7669,1.0,0.25568,1,1,1,1,1,1,1,True,sub-STSWD1250,492336,8,492336.0,sub-STSWD1250
7670,1.0,0.4855,4,3,2,1,1,1,1,True,sub-STSWD1250,499248,8,499248.0,sub-STSWD1250
7671,1.0,0.58944,3,3,2,1,1,1,1,True,sub-STSWD1250,501680,8,501680.0,sub-STSWD1250
7672,1.0,1.1524,3,3,2,1,1,1,1,True,sub-STSWD1250,504112,8,504112.0,sub-STSWD1250
7673,1.0,0.39331,2,3,2,1,1,1,1,True,sub-STSWD1250,506544,8,506544.0,sub-STSWD1250
7674,1.0,0.45024,2,3,1,1,1,1,1,True,sub-STSWD1250,508976,8,508976.0,sub-STSWD1250
7675,1.0,1.1472,3,3,1,1,1,1,1,True,sub-STSWD1250,511408,8,511408.0,sub-STSWD1250
7676,1.0,0.9091,3,3,2,1,1,1,1,True,sub-STSWD1250,513840,8,513840.0,sub-STSWD1250
7677,1.0,1.032,3,3,1,1,1,1,1,True,sub-STSWD1250,516272,8,516272.0,sub-STSWD1250
7678,1.0,1.1439,2,4,2,1,1,1,1,True,sub-STSWD1250,520752,8,520752.0,sub-STSWD1250
7679,1.0,0.84385,2,4,2,1,1,1,1,True,sub-STSWD1250,523184,8,523184.0,sub-STSWD1250
7680,0.0,1.0168,4,4,1,1,1,1,1,True,sub-STSWD1250,525616,8,525616.0,sub-STSWD1250
7681,1.0,0.47574,1,4,2,1,1,1,1,True,sub-STSWD1250,528048,8,528048.0,sub-STSWD1250
7682,1.0,0.88467,3,4,1,1,1,1,1,True,sub-STSWD1250,530480,8,530480.0,sub-STSWD1250
7683,0.0,0.9106,4,4,2,1,1,1,1,True,sub-STSWD1250,532912,8,532912.0,sub-STSWD1250
7684,0.0,0.61554,4,4,2,1,1,1,1,True,sub-STSWD1250,535344,8,535344.0,sub-STSWD1250
7685,1.0,0.93147,1,4,1,1,1,1,1,True,sub-STSWD1250,537776,8,537776.0,sub-STSWD1250
7686,0.0,1.2663,3,3,1,1,1,1,1,True,sub-STSWD1250,542256,8,542256.0,sub-STSWD1250
7687,1.0,1.2623,3,3,2,1,1,1,1,True,sub-STSWD1250,544688,8,544688.0,sub-STSWD1250
7688,0.0,1.2971,4,3,1,1,1,1,1,True,sub-STSWD1250,547120,8,547120.0,sub-STSWD1250
7689,1.0,0.6614,4,3,2,1,1,1,1,True,sub-STSWD1250,549552,8,549552.0,sub-STSWD1250
7690,0.0,1.3881,1,3,2,1,1,1,1,True,sub-STSWD1250,551984,8,551984.0,sub-STSWD1250
7691,1.0,1.2949,1,3,1,1,1,1,1,True,sub-STSWD1250,554416,8,554416.0,sub-STSWD1250
7692,1.0,0.93696,4,3,1,1,1,1,1,True,sub-STSWD1250,556847,8,556847.0,sub-STSWD1250
7693,1.0,0.92987,4,3,2,1,1,1,1,True,sub-STSWD1250,559279,8,559279.0,sub-STSWD1250
7694,1.0,0.25572,2,1,2,1,1,1,1,True,sub-STSWD1250,566191,8,566191.0,sub-STSWD1250
7695,1.0,0.29354,2,1,1,1,1,1,1,True,sub-STSWD1250,568623,8,568623.0,sub-STSWD1250
7696,1.0,0.30854,2,1,2,1,1,1,1,True,sub-STSWD1250,573487,8,573487.0,sub-STSWD1250
7697,1.0,0.29476,2,1,2,1,1,1,1,True,sub-STSWD1250,575919,8,575919.0,sub-STSWD1250
7698,1.0,0.27724,2,1,1,1,1,1,1,True,sub-STSWD1250,578351,8,578351.0,sub-STSWD1250
7699,1.0,0.28334,2,1,1,1,1,1,1,True,sub-STSWD1250,580783,8,580783.0,sub-STSWD1250
7700,1.0,0.60036,2,2,1,1,1,1,1,True,sub-STSWD1250,585263,8,585263.0,sub-STSWD1250
7701,1.0,0.41715,3,2,1,1,1,1,1,True,sub-STSWD1250,587695,8,587695.0,sub-STSWD1250
7702,1.0,0.54108,3,2,1,1,1,1,1,True,sub-STSWD1250,590127,8,590127.0,sub-STSWD1250
7703,1.0,0.36496,2,2,1,1,1,1,1,True,sub-STSWD1250,592559,8,592559.0,sub-STSWD1250
7704,1.0,0.42998,2,2,2,1,1,1,1,True,sub-STSWD1250,594991,8,594991.0,sub-STSWD1250
7705,0.0,0.63089,3,2,1,1,1,1,1,True,sub-STSWD1250,597423,8,597423.0,sub-STSWD1250
7706,1.0,1.2678,3,2,2,1,1,1,1,True,sub-STSWD1250,599855,8,599855.0,sub-STSWD1250
7707,1.0,0.39773,2,2,2,1,1,1,1,True,sub-STSWD1250,602287,8,602287.0,sub-STSWD1250
7708,1.0,1.065,3,3,1,1,1,1,1,True,sub-STSWD1250,632623,8,632623.0,sub-STSWD1250
7709,1.0,1.2779,4,3,1,1,1,1,1,True,sub-STSWD1250,635055,8,635055.0,sub-STSWD1250
7710,0.0,1.4828,4,3,1,1,1,1,1,True,sub-STSWD1250,637487,8,637487.0,sub-STSWD1250
7711,1.0,0.74077,1,3,2,1,1,1,1,True,sub-STSWD1250,639919,8,639919.0,sub-STSWD1250
7712,1.0,1.0967,4,3,2,1,1,1,1,True,sub-STSWD1250,642351,8,642351.0,sub-STSWD1250
7713,0.0,1.1455,4,3,2,1,1,1,1,True,sub-STSWD1250,644783,8,644783.0,sub-STSWD1250
7714,1.0,0.93358,1,3,1,1,1,1,1,True,sub-STSWD1250,647215,8,647215.0,sub-STSWD1250
7715,1.0,0.70852,3,3,1,1,1,1,1,True,sub-STSWD1250,649647,8,649647.0,sub-STSWD1250
7716,1.0,0.78339,3,4,2,1,1,1,1,True,sub-STSWD1250,654126,8,654126.0,sub-STSWD1250
7717,1.0,0.98532,3,4,2,1,1,1,1,True,sub-STSWD1250,656558,8,656558.0,sub-STSWD1250
7718,1.0,0.88126,3,4,1,1,1,1,1,True,sub-STSWD1250,658990,8,658990.0,sub-STSWD1250
7719,1.0,1.1991,4,4,1,1,1,1,1,True,sub-STSWD1250,661422,8,661422.0,sub-STSWD1250
7720,1.0,1.1221,4,4,1,1,1,1,1,True,sub-STSWD1250,663854,8,663854.0,sub-STSWD1250
7721,0.0,1.3151,1,4,2,1,1,1,1,True,sub-STSWD1250,666286,8,666286.0,sub-STSWD1250
7722,0.0,1.511,1,4,2,1,1,1,1,True,sub-STSWD1250,668718,8,668718.0,sub-STSWD1250
7723,1.0,0.82594,2,4,2,1,1,1,1,True,sub-STSWD1250,671150,8,671150.0,sub-STSWD1250
7724,1.0,0.29275,3,1,1,1,1,1,1,True,sub-STSWD1250,675630,8,675630.0,sub-STSWD1250
7725,1.0,0.36577,3,1,2,1,1,1,1,True,sub-STSWD1250,678062,8,678062.0,sub-STSWD1250
7726,1.0,0.30364,3,1,1,1,1,1,1,True,sub-STSWD1250,682926,8,682926.0,sub-STSWD1250
7727,1.0,0.25357,3,1,1,1,1,1,1,True,sub-STSWD1250,685358,8,685358.0,sub-STSWD1250
7728,0.0,0.2955,3,1,1,1,1,1,1,True,sub-STSWD1250,687790,8,687790.0,sub-STSWD1250
7729,1.0,0.27936,3,1,2,1,1,1,1,True,sub-STSWD1250,690222,8,690222.0,sub-STSWD1250
7730,0.0,0.29346,3,1,1,1,1,1,1,True,sub-STSWD1250,692654,8,692654.0,sub-STSWD1250
7731,1.0,0.41922,2,2,1,1,1,1,1,True,sub-STSWD1250,697134,8,697134.0,sub-STSWD1250
7732,1.0,0.6422,2,2,2,1,1,1,1,True,sub-STSWD1250,699566,8,699566.0,sub-STSWD1250
7733,1.0,0.45213,4,2,1,1,1,1,1,True,sub-STSWD1250,701998,8,701998.0,sub-STSWD1250
7734,1.0,0.37694,2,2,2,1,1,1,1,True,sub-STSWD1250,704430,8,704430.0,sub-STSWD1250
7735,1.0,0.45101,4,2,1,1,1,1,1,True,sub-STSWD1250,706862,8,706862.0,sub-STSWD1250
7736,1.0,0.47794,4,2,2,1,1,1,1,True,sub-STSWD1250,709294,8,709294.0,sub-STSWD1250
7737,1.0,0.69088,4,2,1,1,1,1,1,True,sub-STSWD1250,711726,8,711726.0,sub-STSWD1250
7738,1.0,0.44176,2,2,2,1,1,1,1,True,sub-STSWD1250,714158,8,714158.0,sub-STSWD1250
7739,1.0,0.91664,4,4,2,1,1,1,1,True,sub-STSWD1250,718638,8,718638.0,sub-STSWD1250
7740,1.0,0.48363,1,4,1,1,1,1,1,True,sub-STSWD1250,721070,8,721070.0,sub-STSWD1250
7741,1.0,0.93156,2,4,2,1,1,1,1,True,sub-STSWD1250,723502,8,723502.0,sub-STSWD1250
7742,1.0,0.6395,2,4,1,1,1,1,1,True,sub-STSWD1250,725934,8,725934.0,sub-STSWD1250
7743,1.0,0.88242,2,4,1,1,1,1,1,True,sub-STSWD1250,728366,8,728366.0,sub-STSWD1250
7744,1.0,0.45437,4,4,1,1,1,1,1,True,sub-STSWD1250,730798,8,730798.0,sub-STSWD1250
7745,1.0,0.69031,1,4,1,1,1,1,1,True,sub-STSWD1250,733230,8,733230.0,sub-STSWD1250
7746,0.0,1.0736,3,4,2,1,1,1,1,True,sub-STSWD1250,735662,8,735662.0,sub-STSWD1250
7747,1.0,0.27508,2,1,2,1,1,1,1,True,sub-STSWD1250,740142,8,740142.0,sub-STSWD1250
7748,1.0,0.30097,2,1,1,1,1,1,1,True,sub-STSWD1250,742574,8,742574.0,sub-STSWD1250
7749,1.0,0.31432,2,1,2,1,1,1,1,True,sub-STSWD1250,745006,8,745006.0,sub-STSWD1250
7750,1.0,0.32615,2,1,1,1,1,1,1,True,sub-STSWD1250,747438,8,747438.0,sub-STSWD1250
7751,1.0,0.3517,2,1,2,1,1,1,1,True,sub-STSWD1250,752302,8,752302.0,sub-STSWD1250
7752,1.0,0.3007,2,1,1,1,1,1,1,True,sub-STSWD1250,754734,8,754734.0,sub-STSWD1250
7753,1.0,0.28567,2,1,2,1,1,1,1,True,sub-STSWD1250,757166,8,757166.0,sub-STSWD1250
7754,0.0,1.1299,4,3,1,1,1,1,1,True,sub-STSWD1250,761650,8,761650.0,sub-STSWD1250
7755,1.0,0.92379,4,3,1,1,1,1,1,True,sub-STSWD1250,764082,8,764082.0,sub-STSWD1250
7756,1.0,0.43109,3,3,1,1,1,1,1,True,sub-STSWD1250,766514,8,766514.0,sub-STSWD1250
7757,1.0,0.62469,2,3,1,1,1,1,1,True,sub-STSWD1250,768946,8,768946.0,sub-STSWD1250
7758,1.0,0.87463,4,3,2,1,1,1,1,True,sub-STSWD1250,771378,8,771378.0,sub-STSWD1250
7759,1.0,0.6149,2,3,1,1,1,1,1,True,sub-STSWD1250,773810,8,773810.0,sub-STSWD1250
7760,1.0,0.47083,3,3,2,1,1,1,1,True,sub-STSWD1250,776242,8,776242.0,sub-STSWD1250
7761,1.0,0.74776,3,3,2,1,1,1,1,True,sub-STSWD1250,778674,8,778674.0,sub-STSWD1250
7762,1.0,0.40066,1,2,2,1,1,1,1,True,sub-STSWD1250,783154,8,783154.0,sub-STSWD1250
7763,0.0,0.80558,3,2,2,1,1,1,1,True,sub-STSWD1250,785586,8,785586.0,sub-STSWD1250
7764,1.0,0.40553,3,2,1,1,1,1,1,True,sub-STSWD1250,788017,8,788017.0,sub-STSWD1250
7765,1.0,0.49948,1,2,1,1,1,1,1,True,sub-STSWD1250,790450,8,790450.0,sub-STSWD1250
7766,1.0,1.0213,3,2,1,1,1,1,1,True,sub-STSWD1250,792882,8,792882.0,sub-STSWD1250
7767,1.0,0.70734,3,2,1,1,1,1,1,True,sub-STSWD1250,795313,8,795313.0,sub-STSWD1250
7768,1.0,0.50127,1,2,2,1,1,1,1,True,sub-STSWD1250,797746,8,797746.0,sub-STSWD1250
7769,1.0,0.52322,1,2,2,1,1,1,1,True,sub-STSWD1250,800177,8,800177.0,sub-STSWD1250
7770,0.0,0.69566,4,3,1,1,1,1,1,True,sub-STSWD1239,44560,8,44560.0,sub-STSWD1239
7771,1.0,0.98473,1,3,1,1,1,1,1,True,sub-STSWD1239,46992,8,46992.0,sub-STSWD1239
7772,0.0,0.60762,1,3,1,1,1,1,1,True,sub-STSWD1239,49423,8,49423.0,sub-STSWD1239
7773,1.0,0.72151,2,3,1,1,1,1,1,True,sub-STSWD1239,51855,8,51855.0,sub-STSWD1239
7774,1.0,0.61849,1,3,2,1,1,1,1,True,sub-STSWD1239,54287,8,54287.0,sub-STSWD1239
7775,1.0,0.93842,1,3,1,1,1,1,1,True,sub-STSWD1239,56719,8,56719.0,sub-STSWD1239
7776,1.0,0.79032,2,3,2,1,1,1,1,True,sub-STSWD1239,59151,8,59151.0,sub-STSWD1239
7777,1.0,1.1572,4,3,2,1,1,1,1,True,sub-STSWD1239,61583,8,61583.0,sub-STSWD1239
7778,1.0,1.0992,3,2,1,1,1,1,1,True,sub-STSWD1239,66063,8,66063.0,sub-STSWD1239
7779,1.0,0.74206,3,2,2,1,1,1,1,True,sub-STSWD1239,68495,8,68495.0,sub-STSWD1239
7780,1.0,1.148,3,2,2,1,1,1,1,True,sub-STSWD1239,70927,8,70927.0,sub-STSWD1239
7781,1.0,0.76798,4,2,2,1,1,1,1,True,sub-STSWD1239,73359,8,73359.0,sub-STSWD1239
7782,1.0,0.64692,3,2,1,1,1,1,1,True,sub-STSWD1239,75791,8,75791.0,sub-STSWD1239
7783,0.0,0.79984,4,2,1,1,1,1,1,True,sub-STSWD1239,78223,8,78223.0,sub-STSWD1239
7784,1.0,0.80078,3,2,2,1,1,1,1,True,sub-STSWD1239,80655,8,80655.0,sub-STSWD1239
7785,0.0,1.077,4,2,1,1,1,1,1,True,sub-STSWD1239,83091,8,83091.0,sub-STSWD1239
7786,1.0,0.31993,2,1,1,1,1,1,1,True,sub-STSWD1239,87571,8,87571.0,sub-STSWD1239
7787,1.0,0.40583,2,1,2,1,1,1,1,True,sub-STSWD1239,90003,8,90003.0,sub-STSWD1239
7788,1.0,0.32267,2,1,1,1,1,1,1,True,sub-STSWD1239,92435,8,92435.0,sub-STSWD1239
7789,1.0,0.37774,2,1,1,1,1,1,1,True,sub-STSWD1239,94867,8,94867.0,sub-STSWD1239
7790,1.0,0.44861,2,1,2,1,1,1,1,True,sub-STSWD1239,97299,8,97299.0,sub-STSWD1239
7791,1.0,0.37761,2,1,1,1,1,1,1,True,sub-STSWD1239,99731,8,99731.0,sub-STSWD1239
7792,1.0,0.31659,2,1,2,1,1,1,1,True,sub-STSWD1239,102163,8,102163.0,sub-STSWD1239
7793,1.0,0.40048,2,1,1,1,1,1,1,True,sub-STSWD1239,104595,8,104595.0,sub-STSWD1239
7794,1.0,0.66332,2,4,1,1,1,1,1,True,sub-STSWD1239,109075,8,109075.0,sub-STSWD1239
7795,0.0,1.2183,1,4,1,1,1,1,1,True,sub-STSWD1239,111507,8,111507.0,sub-STSWD1239
7796,0.0,0.62014,3,4,1,1,1,1,1,True,sub-STSWD1239,116371,8,116371.0,sub-STSWD1239
7797,1.0,1.0261,3,4,1,1,1,1,1,True,sub-STSWD1239,118803,8,118803.0,sub-STSWD1239
7798,1.0,0.53398,2,4,1,1,1,1,1,True,sub-STSWD1239,121235,8,121235.0,sub-STSWD1239
7799,1.0,0.75586,4,4,1,1,1,1,1,True,sub-STSWD1239,123667,8,123667.0,sub-STSWD1239
7800,1.0,0.91185,1,4,2,1,1,1,1,True,sub-STSWD1239,126099,8,126099.0,sub-STSWD1239
7801,0.0,0.90077,3,3,1,1,1,1,1,True,sub-STSWD1239,130579,8,130579.0,sub-STSWD1239
7802,1.0,0.81574,3,3,1,1,1,1,1,True,sub-STSWD1239,133011,8,133011.0,sub-STSWD1239
7803,0.0,0.74162,3,3,1,1,1,1,1,True,sub-STSWD1239,135443,8,135443.0,sub-STSWD1239
7804,1.0,0.7335,2,3,2,1,1,1,1,True,sub-STSWD1239,137874,8,137874.0,sub-STSWD1239
7805,1.0,0.63851,2,3,1,1,1,1,1,True,sub-STSWD1239,140306,8,140306.0,sub-STSWD1239
7806,1.0,0.84745,4,3,1,1,1,1,1,True,sub-STSWD1239,142738,8,142738.0,sub-STSWD1239
7807,1.0,0.65238,3,3,1,1,1,1,1,True,sub-STSWD1239,145170,8,145170.0,sub-STSWD1239
7808,0.0,0.48235,3,3,1,1,1,1,1,True,sub-STSWD1239,147602,8,147602.0,sub-STSWD1239
7809,1.0,0.37015,3,1,2,1,1,1,1,True,sub-STSWD1239,152082,8,152082.0,sub-STSWD1239
7810,1.0,0.40209,3,1,1,1,1,1,1,True,sub-STSWD1239,154514,8,154514.0,sub-STSWD1239
7811,1.0,0.48803,3,1,2,1,1,1,1,True,sub-STSWD1239,156946,8,156946.0,sub-STSWD1239
7812,1.0,0.48219,3,1,1,1,1,1,1,True,sub-STSWD1239,159378,8,159378.0,sub-STSWD1239
7813,0.0,0.39194,3,1,1,1,1,1,1,True,sub-STSWD1239,161810,8,161810.0,sub-STSWD1239
7814,1.0,0.36884,3,1,2,1,1,1,1,True,sub-STSWD1239,164242,8,164242.0,sub-STSWD1239
7815,1.0,0.36081,3,1,1,1,1,1,1,True,sub-STSWD1239,166674,8,166674.0,sub-STSWD1239
7816,1.0,0.34472,3,1,2,1,1,1,1,True,sub-STSWD1239,169106,8,169106.0,sub-STSWD1239
7817,1.0,0.60262,2,4,2,1,1,1,1,True,sub-STSWD1239,173586,8,173586.0,sub-STSWD1239
7818,1.0,0.58047,2,4,2,1,1,1,1,True,sub-STSWD1239,176018,8,176018.0,sub-STSWD1239
7819,1.0,1.0465,1,4,1,1,1,1,1,True,sub-STSWD1239,178450,8,178450.0,sub-STSWD1239
7820,1.0,0.57235,4,4,1,1,1,1,1,True,sub-STSWD1239,183314,8,183314.0,sub-STSWD1239
7821,1.0,0.64821,4,4,1,1,1,1,1,True,sub-STSWD1239,185746,8,185746.0,sub-STSWD1239
7822,1.0,0.55719,4,4,1,1,1,1,1,True,sub-STSWD1239,188178,8,188178.0,sub-STSWD1239
7823,1.0,0.9571,3,4,1,1,1,1,1,True,sub-STSWD1239,190610,8,190610.0,sub-STSWD1239
7824,1.0,0.39696,2,2,2,1,1,1,1,True,sub-STSWD1239,195090,8,195090.0,sub-STSWD1239
7825,1.0,0.53788,4,2,1,1,1,1,1,True,sub-STSWD1239,197522,8,197522.0,sub-STSWD1239
7826,1.0,0.36583,2,2,1,1,1,1,1,True,sub-STSWD1239,199954,8,199954.0,sub-STSWD1239
7827,1.0,0.62583,2,2,2,1,1,1,1,True,sub-STSWD1239,202386,8,202386.0,sub-STSWD1239
7828,1.0,0.51568,4,2,1,1,1,1,1,True,sub-STSWD1239,204818,8,204818.0,sub-STSWD1239
7829,1.0,0.51767,4,2,1,1,1,1,1,True,sub-STSWD1239,207250,8,207250.0,sub-STSWD1239
7830,1.0,0.46665,4,2,2,1,1,1,1,True,sub-STSWD1239,209682,8,209682.0,sub-STSWD1239
7831,1.0,0.37856,2,2,2,1,1,1,1,True,sub-STSWD1239,212114,8,212114.0,sub-STSWD1239
7832,0.0,0.75305,4,4,2,1,1,1,1,True,sub-STSWD1239,242774,8,242774.0,sub-STSWD1239
7833,1.0,0.69515,4,4,2,1,1,1,1,True,sub-STSWD1239,245206,8,245206.0,sub-STSWD1239
7834,1.0,0.69988,2,4,1,1,1,1,1,True,sub-STSWD1239,247638,8,247638.0,sub-STSWD1239
7835,1.0,0.56181,2,4,1,1,1,1,1,True,sub-STSWD1239,250069,8,250069.0,sub-STSWD1239
7836,1.0,0.60084,2,4,1,1,1,1,1,True,sub-STSWD1239,252501,8,252501.0,sub-STSWD1239
7837,1.0,1.0008,3,4,2,1,1,1,1,True,sub-STSWD1239,254933,8,254933.0,sub-STSWD1239
7838,1.0,0.60766,3,4,2,1,1,1,1,True,sub-STSWD1239,257365,8,257365.0,sub-STSWD1239
7839,1.0,0.4736,1,4,2,1,1,1,1,True,sub-STSWD1239,259797,8,259797.0,sub-STSWD1239
7840,1.0,0.92852,4,3,2,1,1,1,1,True,sub-STSWD1239,264277,8,264277.0,sub-STSWD1239
7841,1.0,1.1143,4,3,2,1,1,1,1,True,sub-STSWD1239,266709,8,266709.0,sub-STSWD1239
7842,1.0,1.1773,4,3,2,1,1,1,1,True,sub-STSWD1239,269141,8,269141.0,sub-STSWD1239
7843,1.0,0.84028,1,3,2,1,1,1,1,True,sub-STSWD1239,271573,8,271573.0,sub-STSWD1239
7844,0.0,0.87342,3,3,1,1,1,1,1,True,sub-STSWD1239,274005,8,274005.0,sub-STSWD1239
7845,1.0,0.51514,3,3,2,1,1,1,1,True,sub-STSWD1239,276437,8,276437.0,sub-STSWD1239
7846,1.0,1.0321,4,3,2,1,1,1,1,True,sub-STSWD1239,278869,8,278869.0,sub-STSWD1239
7847,0.0,1.0221,4,3,1,1,1,1,1,True,sub-STSWD1239,281301,8,281301.0,sub-STSWD1239
7848,1.0,0.49888,1,2,1,1,1,1,1,True,sub-STSWD1239,285781,8,285781.0,sub-STSWD1239
7849,1.0,0.67783,2,2,2,1,1,1,1,True,sub-STSWD1239,288213,8,288213.0,sub-STSWD1239
7850,1.0,0.48976,2,2,2,1,1,1,1,True,sub-STSWD1239,290645,8,290645.0,sub-STSWD1239
7851,1.0,0.31273,2,2,1,1,1,1,1,True,sub-STSWD1239,293077,8,293077.0,sub-STSWD1239
7852,1.0,0.52465,2,2,2,1,1,1,1,True,sub-STSWD1239,295509,8,295509.0,sub-STSWD1239
7853,1.0,0.32563,1,2,1,1,1,1,1,True,sub-STSWD1239,297941,8,297941.0,sub-STSWD1239
7854,1.0,0.27751,2,2,2,1,1,1,1,True,sub-STSWD1239,300373,8,300373.0,sub-STSWD1239
7855,1.0,0.53558,1,2,2,1,1,1,1,True,sub-STSWD1239,302805,8,302805.0,sub-STSWD1239
7856,1.0,0.34032,1,1,2,1,1,1,1,True,sub-STSWD1239,307285,8,307285.0,sub-STSWD1239
7857,1.0,0.29927,1,1,2,1,1,1,1,True,sub-STSWD1239,309717,8,309717.0,sub-STSWD1239
7858,1.0,0.30723,1,1,1,1,1,1,1,True,sub-STSWD1239,312149,8,312149.0,sub-STSWD1239
7859,1.0,0.31816,1,1,1,1,1,1,1,True,sub-STSWD1239,314581,8,314581.0,sub-STSWD1239
7860,1.0,0.35806,1,1,1,1,1,1,1,True,sub-STSWD1239,317012,8,317012.0,sub-STSWD1239
7861,1.0,0.361,1,1,1,1,1,1,1,True,sub-STSWD1239,319445,8,319445.0,sub-STSWD1239
7862,1.0,0.29397,1,1,1,1,1,1,1,True,sub-STSWD1239,321876,8,321876.0,sub-STSWD1239
7863,1.0,0.32795,1,1,2,1,1,1,1,True,sub-STSWD1239,324308,8,324308.0,sub-STSWD1239
7864,1.0,0.86274,1,4,1,1,1,1,1,True,sub-STSWD1239,328788,8,328788.0,sub-STSWD1239
7865,1.0,0.84472,1,4,2,1,1,1,1,True,sub-STSWD1239,331220,8,331220.0,sub-STSWD1239
7866,1.0,0.7126,2,4,2,1,1,1,1,True,sub-STSWD1239,333652,8,333652.0,sub-STSWD1239
7867,0.0,0.99158,4,4,1,1,1,1,1,True,sub-STSWD1239,336084,8,336084.0,sub-STSWD1239
7868,1.0,0.78752,1,4,1,1,1,1,1,True,sub-STSWD1239,338517,8,338517.0,sub-STSWD1239
7869,1.0,0.73741,3,4,1,1,1,1,1,True,sub-STSWD1239,340948,8,340948.0,sub-STSWD1239
7870,1.0,0.65334,3,4,1,1,1,1,1,True,sub-STSWD1239,343380,8,343380.0,sub-STSWD1239
7871,1.0,1.0953,4,4,2,1,1,1,1,True,sub-STSWD1239,345812,8,345812.0,sub-STSWD1239
7872,1.0,0.30522,2,2,1,1,1,1,1,True,sub-STSWD1239,350292,8,350292.0,sub-STSWD1239
7873,1.0,0.4591,2,2,1,1,1,1,1,True,sub-STSWD1239,352724,8,352724.0,sub-STSWD1239
7874,1.0,0.50703,3,2,1,1,1,1,1,True,sub-STSWD1239,355156,8,355156.0,sub-STSWD1239
7875,1.0,0.2971,3,2,2,1,1,1,1,True,sub-STSWD1239,357588,8,357588.0,sub-STSWD1239
7876,1.0,0.30693,2,2,1,1,1,1,1,True,sub-STSWD1239,360020,8,360020.0,sub-STSWD1239
7877,1.0,0.45984,3,2,1,1,1,1,1,True,sub-STSWD1239,362452,8,362452.0,sub-STSWD1239
7878,1.0,0.36178,3,2,1,1,1,1,1,True,sub-STSWD1239,364884,8,364884.0,sub-STSWD1239
7879,1.0,0.40275,2,2,2,1,1,1,1,True,sub-STSWD1239,367316,8,367316.0,sub-STSWD1239
7880,1.0,0.50661,2,3,1,1,1,1,1,True,sub-STSWD1239,371796,8,371796.0,sub-STSWD1239
7881,1.0,0.67656,4,3,1,1,1,1,1,True,sub-STSWD1239,374228,8,374228.0,sub-STSWD1239
7882,1.0,0.71745,3,3,2,1,1,1,1,True,sub-STSWD1239,376660,8,376660.0,sub-STSWD1239
7883,1.0,0.52144,2,3,2,1,1,1,1,True,sub-STSWD1239,379092,8,379092.0,sub-STSWD1239
7884,1.0,0.31434,3,3,2,1,1,1,1,True,sub-STSWD1239,381524,8,381524.0,sub-STSWD1239
7885,1.0,0.3223,3,3,2,1,1,1,1,True,sub-STSWD1239,383956,8,383956.0,sub-STSWD1239
7886,1.0,0.64531,4,3,1,1,1,1,1,True,sub-STSWD1239,386388,8,386388.0,sub-STSWD1239
7887,1.0,0.91409,4,3,1,1,1,1,1,True,sub-STSWD1239,388820,8,388820.0,sub-STSWD1239
7888,1.0,0.30597,4,1,1,1,1,1,1,True,sub-STSWD1239,393300,8,393300.0,sub-STSWD1239
7889,1.0,0.30394,4,1,2,1,1,1,1,True,sub-STSWD1239,395732,8,395732.0,sub-STSWD1239
7890,1.0,0.27302,4,1,2,1,1,1,1,True,sub-STSWD1239,398164,8,398164.0,sub-STSWD1239
7891,1.0,0.28882,4,1,2,1,1,1,1,True,sub-STSWD1239,400596,8,400596.0,sub-STSWD1239
7892,1.0,0.39375,4,1,1,1,1,1,1,True,sub-STSWD1239,403028,8,403028.0,sub-STSWD1239
7893,1.0,0.32773,4,1,1,1,1,1,1,True,sub-STSWD1239,405460,8,405460.0,sub-STSWD1239
7894,0.0,0.31162,4,1,1,1,1,1,1,True,sub-STSWD1239,407892,8,407892.0,sub-STSWD1239
7895,1.0,0.32959,4,1,2,1,1,1,1,True,sub-STSWD1239,410324,8,410324.0,sub-STSWD1239
7896,1.0,0.72732,1,3,2,1,1,1,1,True,sub-STSWD1239,442588,8,442588.0,sub-STSWD1239
7897,1.0,0.73337,2,3,1,1,1,1,1,True,sub-STSWD1239,445020,8,445020.0,sub-STSWD1239
7898,1.0,0.65926,2,3,1,1,1,1,1,True,sub-STSWD1239,447452,8,447452.0,sub-STSWD1239
7899,1.0,0.6112,3,3,1,1,1,1,1,True,sub-STSWD1239,449884,8,449884.0,sub-STSWD1239
7900,0.0,0.56397,3,3,2,1,1,1,1,True,sub-STSWD1239,452316,8,452316.0,sub-STSWD1239
7901,1.0,0.57299,2,3,1,1,1,1,1,True,sub-STSWD1239,454748,8,454748.0,sub-STSWD1239
7902,1.0,0.55002,2,3,2,1,1,1,1,True,sub-STSWD1239,457180,8,457180.0,sub-STSWD1239
7903,1.0,0.4939,2,3,1,1,1,1,1,True,sub-STSWD1239,459612,8,459612.0,sub-STSWD1239
7904,1.0,0.34374,1,1,2,1,1,1,1,True,sub-STSWD1239,464091,8,464091.0,sub-STSWD1239
7905,1.0,0.38163,1,1,2,1,1,1,1,True,sub-STSWD1239,466523,8,466523.0,sub-STSWD1239
7906,1.0,0.31259,1,1,1,1,1,1,1,True,sub-STSWD1239,468955,8,468955.0,sub-STSWD1239
7907,1.0,0.29158,1,1,1,1,1,1,1,True,sub-STSWD1239,471387,8,471387.0,sub-STSWD1239
7908,1.0,0.36661,1,1,2,1,1,1,1,True,sub-STSWD1239,473820,8,473820.0,sub-STSWD1239
7909,1.0,0.59335,1,1,1,1,1,1,1,True,sub-STSWD1239,476251,8,476251.0,sub-STSWD1239
7910,1.0,0.43935,1,1,2,1,1,1,1,True,sub-STSWD1239,478683,8,478683.0,sub-STSWD1239
7911,1.0,0.44439,1,1,2,1,1,1,1,True,sub-STSWD1239,481115,8,481115.0,sub-STSWD1239
7912,1.0,0.83419,1,2,2,1,1,1,1,True,sub-STSWD1239,485595,8,485595.0,sub-STSWD1239
7913,1.0,0.39714,1,2,2,1,1,1,1,True,sub-STSWD1239,488027,8,488027.0,sub-STSWD1239
7914,1.0,0.75507,3,2,2,1,1,1,1,True,sub-STSWD1239,490459,8,490459.0,sub-STSWD1239
7915,1.0,0.688,3,2,2,1,1,1,1,True,sub-STSWD1239,492891,8,492891.0,sub-STSWD1239
7916,1.0,0.51698,1,2,2,1,1,1,1,True,sub-STSWD1239,495323,8,495323.0,sub-STSWD1239
7917,1.0,0.67591,3,2,2,1,1,1,1,True,sub-STSWD1239,497755,8,497755.0,sub-STSWD1239
7918,1.0,0.43782,3,2,1,1,1,1,1,True,sub-STSWD1239,500187,8,500187.0,sub-STSWD1239
7919,1.0,0.61178,1,2,1,1,1,1,1,True,sub-STSWD1239,502619,8,502619.0,sub-STSWD1239
7920,1.0,0.89776,3,4,1,1,1,1,1,True,sub-STSWD1239,507099,8,507099.0,sub-STSWD1239
7921,1.0,0.61869,3,4,1,1,1,1,1,True,sub-STSWD1239,509531,8,509531.0,sub-STSWD1239
7922,0.0,0.88649,4,4,2,1,1,1,1,True,sub-STSWD1239,511963,8,511963.0,sub-STSWD1239
7923,1.0,0.59738,4,4,2,1,1,1,1,True,sub-STSWD1239,514395,8,514395.0,sub-STSWD1239
7924,1.0,1.0564,1,4,2,1,1,1,1,True,sub-STSWD1239,516827,8,516827.0,sub-STSWD1239
7925,1.0,0.51138,2,4,2,1,1,1,1,True,sub-STSWD1239,519259,8,519259.0,sub-STSWD1239
7926,1.0,0.4882,2,4,2,1,1,1,1,True,sub-STSWD1239,521691,8,521691.0,sub-STSWD1239
7927,1.0,0.68622,2,4,1,1,1,1,1,True,sub-STSWD1239,524123,8,524123.0,sub-STSWD1239
7928,1.0,0.87417,1,2,1,1,1,1,1,True,sub-STSWD1239,528603,8,528603.0,sub-STSWD1239
7929,1.0,0.57603,1,2,1,1,1,1,1,True,sub-STSWD1239,531035,8,531035.0,sub-STSWD1239
7930,1.0,0.74497,4,2,1,1,1,1,1,True,sub-STSWD1239,533467,8,533467.0,sub-STSWD1239
7931,1.0,0.56479,4,2,1,1,1,1,1,True,sub-STSWD1239,535899,8,535899.0,sub-STSWD1239
7932,1.0,0.42272,4,2,2,1,1,1,1,True,sub-STSWD1239,538331,8,538331.0,sub-STSWD1239
7933,1.0,0.47968,1,2,1,1,1,1,1,True,sub-STSWD1239,540763,8,540763.0,sub-STSWD1239
7934,1.0,0.59765,4,2,2,1,1,1,1,True,sub-STSWD1239,543195,8,543195.0,sub-STSWD1239
7935,0.0,0.78363,1,2,2,1,1,1,1,True,sub-STSWD1239,545627,8,545627.0,sub-STSWD1239
7936,1.0,0.92244,4,3,2,1,1,1,1,True,sub-STSWD1239,550107,8,550107.0,sub-STSWD1239
7937,1.0,0.47446,1,3,1,1,1,1,1,True,sub-STSWD1239,552539,8,552539.0,sub-STSWD1239
7938,1.0,0.7593,1,3,1,1,1,1,1,True,sub-STSWD1239,554971,8,554971.0,sub-STSWD1239
7939,1.0,0.87931,1,3,2,1,1,1,1,True,sub-STSWD1239,557403,8,557403.0,sub-STSWD1239
7940,1.0,0.55425,1,3,1,1,1,1,1,True,sub-STSWD1239,559835,8,559835.0,sub-STSWD1239
7941,1.0,0.73019,4,3,1,1,1,1,1,True,sub-STSWD1239,562267,8,562267.0,sub-STSWD1239
7942,1.0,0.53422,2,3,2,1,1,1,1,True,sub-STSWD1239,564699,8,564699.0,sub-STSWD1239
7943,1.0,0.35506,2,3,2,1,1,1,1,True,sub-STSWD1239,567131,8,567131.0,sub-STSWD1239
7944,1.0,0.26595,2,1,2,1,1,1,1,True,sub-STSWD1239,571611,8,571611.0,sub-STSWD1239
7945,1.0,0.28884,2,1,1,1,1,1,1,True,sub-STSWD1239,574043,8,574043.0,sub-STSWD1239
7946,1.0,0.31082,2,1,2,1,1,1,1,True,sub-STSWD1239,576475,8,576475.0,sub-STSWD1239
7947,1.0,0.2837,2,1,1,1,1,1,1,True,sub-STSWD1239,578907,8,578907.0,sub-STSWD1239
7948,1.0,0.27154,2,1,1,1,1,1,1,True,sub-STSWD1239,581339,8,581339.0,sub-STSWD1239
7949,1.0,0.27254,2,1,2,1,1,1,1,True,sub-STSWD1239,583771,8,583771.0,sub-STSWD1239
7950,1.0,0.28455,2,1,2,1,1,1,1,True,sub-STSWD1239,586203,8,586203.0,sub-STSWD1239
7951,1.0,0.30545,2,1,2,1,1,1,1,True,sub-STSWD1239,588635,8,588635.0,sub-STSWD1239
7952,1.0,0.97232,4,4,1,1,1,1,1,True,sub-STSWD1239,593115,8,593115.0,sub-STSWD1239
7953,1.0,0.90722,1,4,2,1,1,1,1,True,sub-STSWD1239,595547,8,595547.0,sub-STSWD1239
7954,1.0,0.95947,4,4,2,1,1,1,1,True,sub-STSWD1239,597978,8,597978.0,sub-STSWD1239
7955,1.0,0.87416,1,4,1,1,1,1,1,True,sub-STSWD1239,600411,8,600411.0,sub-STSWD1239
7956,1.0,0.52509,1,4,2,1,1,1,1,True,sub-STSWD1239,602842,8,602842.0,sub-STSWD1239
7957,0.0,1.21,3,4,2,1,1,1,1,True,sub-STSWD1239,605275,8,605275.0,sub-STSWD1239
7958,1.0,0.42284,3,4,2,1,1,1,1,True,sub-STSWD1239,607706,8,607706.0,sub-STSWD1239
7959,1.0,0.41377,2,4,2,1,1,1,1,True,sub-STSWD1239,610138,8,610138.0,sub-STSWD1239
7960,1.0,0.4892,3,3,2,1,1,1,1,True,sub-STSWD1239,648862,8,648862.0,sub-STSWD1239
7961,1.0,0.40114,1,3,2,1,1,1,1,True,sub-STSWD1239,651294,8,651294.0,sub-STSWD1239
7962,1.0,0.66403,1,3,2,1,1,1,1,True,sub-STSWD1239,653726,8,653726.0,sub-STSWD1239
7963,1.0,0.59196,2,3,2,1,1,1,1,True,sub-STSWD1239,656158,8,656158.0,sub-STSWD1239
7964,1.0,0.60282,3,3,2,1,1,1,1,True,sub-STSWD1239,658590,8,658590.0,sub-STSWD1239
7965,1.0,0.57779,1,3,1,1,1,1,1,True,sub-STSWD1239,661022,8,661022.0,sub-STSWD1239
7966,1.0,0.73074,2,3,1,1,1,1,1,True,sub-STSWD1239,663454,8,663454.0,sub-STSWD1239
7967,1.0,0.51114,2,3,2,1,1,1,1,True,sub-STSWD1239,665886,8,665886.0,sub-STSWD1239
7968,1.0,0.63862,1,2,1,1,1,1,1,True,sub-STSWD1239,670366,8,670366.0,sub-STSWD1239
7969,1.0,0.37856,1,2,2,1,1,1,1,True,sub-STSWD1239,672798,8,672798.0,sub-STSWD1239
7970,1.0,0.40147,2,2,1,1,1,1,1,True,sub-STSWD1239,675230,8,675230.0,sub-STSWD1239
7971,1.0,0.41552,2,2,1,1,1,1,1,True,sub-STSWD1239,677662,8,677662.0,sub-STSWD1239
7972,1.0,0.37338,1,2,2,1,1,1,1,True,sub-STSWD1239,680094,8,680094.0,sub-STSWD1239
7973,1.0,0.29822,2,2,1,1,1,1,1,True,sub-STSWD1239,682526,8,682526.0,sub-STSWD1239
7974,1.0,0.34224,1,2,2,1,1,1,1,True,sub-STSWD1239,684958,8,684958.0,sub-STSWD1239
7975,1.0,0.38113,1,2,1,1,1,1,1,True,sub-STSWD1239,687390,8,687390.0,sub-STSWD1239
7976,1.0,0.38105,3,4,2,1,1,1,1,True,sub-STSWD1239,691870,8,691870.0,sub-STSWD1239
7977,0.0,0.41395,3,4,1,1,1,1,1,True,sub-STSWD1239,694302,8,694302.0,sub-STSWD1239
7978,1.0,0.95084,1,4,2,1,1,1,1,True,sub-STSWD1239,696733,8,696733.0,sub-STSWD1239
7979,1.0,0.56386,2,4,2,1,1,1,1,True,sub-STSWD1239,699165,8,699165.0,sub-STSWD1239
7980,1.0,0.58175,2,4,2,1,1,1,1,True,sub-STSWD1239,701598,8,701598.0,sub-STSWD1239
7981,1.0,0.64672,2,4,1,1,1,1,1,True,sub-STSWD1239,704030,8,704030.0,sub-STSWD1239
7982,1.0,0.61762,4,4,1,1,1,1,1,True,sub-STSWD1239,706461,8,706461.0,sub-STSWD1239
7983,0.0,0.77059,4,4,1,1,1,1,1,True,sub-STSWD1239,708893,8,708893.0,sub-STSWD1239
7984,1.0,0.46239,3,1,2,1,1,1,1,True,sub-STSWD1239,713373,8,713373.0,sub-STSWD1239
7985,1.0,0.29837,3,1,1,1,1,1,1,True,sub-STSWD1239,715805,8,715805.0,sub-STSWD1239
7986,1.0,0.26732,3,1,2,1,1,1,1,True,sub-STSWD1239,718237,8,718237.0,sub-STSWD1239
7987,0.0,0.32128,3,1,2,1,1,1,1,True,sub-STSWD1239,720669,8,720669.0,sub-STSWD1239
7988,1.0,0.28814,3,1,2,1,1,1,1,True,sub-STSWD1239,723101,8,723101.0,sub-STSWD1239
7989,1.0,0.28715,3,1,1,1,1,1,1,True,sub-STSWD1239,725533,8,725533.0,sub-STSWD1239
7990,1.0,0.27706,3,1,1,1,1,1,1,True,sub-STSWD1239,727965,8,727965.0,sub-STSWD1239
7991,1.0,0.29603,3,1,1,1,1,1,1,True,sub-STSWD1239,730397,8,730397.0,sub-STSWD1239
7992,1.0,0.25487,3,2,2,1,1,1,1,True,sub-STSWD1239,734877,8,734877.0,sub-STSWD1239
7993,1.0,0.74276,4,2,2,1,1,1,1,True,sub-STSWD1239,739741,8,739741.0,sub-STSWD1239
7994,1.0,0.35563,4,2,2,1,1,1,1,True,sub-STSWD1239,742173,8,742173.0,sub-STSWD1239
7995,1.0,0.74673,3,2,1,1,1,1,1,True,sub-STSWD1239,744605,8,744605.0,sub-STSWD1239
7996,1.0,0.72357,3,2,1,1,1,1,1,True,sub-STSWD1239,747037,8,747037.0,sub-STSWD1239
7997,1.0,0.30748,4,2,2,1,1,1,1,True,sub-STSWD1239,749469,8,749469.0,sub-STSWD1239
7998,1.0,0.69244,4,2,2,1,1,1,1,True,sub-STSWD1239,751901,8,751901.0,sub-STSWD1239
7999,1.0,0.50463,3,3,1,1,1,1,1,True,sub-STSWD1239,756381,8,756381.0,sub-STSWD1239
8000,1.0,0.56446,1,3,2,1,1,1,1,True,sub-STSWD1239,758813,8,758813.0,sub-STSWD1239
8001,1.0,0.91218,4,3,2,1,1,1,1,True,sub-STSWD1239,761245,8,761245.0,sub-STSWD1239
8002,1.0,1.0371,4,3,2,1,1,1,1,True,sub-STSWD1239,763677,8,763677.0,sub-STSWD1239
8003,1.0,0.58242,3,3,2,1,1,1,1,True,sub-STSWD1239,766109,8,766109.0,sub-STSWD1239
8004,0.0,0.93825,4,3,1,1,1,1,1,True,sub-STSWD1239,768541,8,768541.0,sub-STSWD1239
8005,1.0,0.64594,1,3,2,1,1,1,1,True,sub-STSWD1239,770973,8,770973.0,sub-STSWD1239
8006,1.0,0.66417,1,3,1,1,1,1,1,True,sub-STSWD1239,773405,8,773405.0,sub-STSWD1239
8007,1.0,1.0131,4,4,2,1,1,1,1,True,sub-STSWD1239,777885,8,777885.0,sub-STSWD1239
8008,1.0,0.79468,3,4,2,1,1,1,1,True,sub-STSWD1239,780317,8,780317.0,sub-STSWD1239
8009,1.0,1.0469,3,4,2,1,1,1,1,True,sub-STSWD1239,782749,8,782749.0,sub-STSWD1239
8010,1.0,0.63878,1,4,2,1,1,1,1,True,sub-STSWD1239,785181,8,785181.0,sub-STSWD1239
8011,1.0,0.78146,1,4,1,1,1,1,1,True,sub-STSWD1239,787613,8,787613.0,sub-STSWD1239
8012,1.0,0.6214,2,4,1,1,1,1,1,True,sub-STSWD1239,790045,8,790045.0,sub-STSWD1239
8013,1.0,0.68357,4,4,2,1,1,1,1,True,sub-STSWD1239,792477,8,792477.0,sub-STSWD1239
8014,1.0,1.0103,1,4,1,1,1,1,1,True,sub-STSWD1239,794909,8,794909.0,sub-STSWD1239
8015,1.0,0.30229,4,1,1,1,1,1,1,True,sub-STSWD1239,799389,8,799389.0,sub-STSWD1239
8016,1.0,0.25308,4,1,2,1,1,1,1,True,sub-STSWD1239,801821,8,801821.0,sub-STSWD1239
8017,1.0,0.39102,4,1,1,1,1,1,1,True,sub-STSWD1239,804253,8,804253.0,sub-STSWD1239
8018,1.0,0.30533,4,1,1,1,1,1,1,True,sub-STSWD1239,806684,8,806684.0,sub-STSWD1239
8019,1.0,0.32792,4,1,2,1,1,1,1,True,sub-STSWD1239,809117,8,809117.0,sub-STSWD1239
8020,0.0,0.2922,4,1,1,1,1,1,1,True,sub-STSWD1239,811549,8,811549.0,sub-STSWD1239
8021,1.0,0.29114,4,1,2,1,1,1,1,True,sub-STSWD1239,813980,8,813980.0,sub-STSWD1239
8022,1.0,0.34007,4,1,2,1,1,1,1,True,sub-STSWD1239,816412,8,816412.0,sub-STSWD1239
8023,1.0,1.4963,1,3,1,1,1,1,1,True,sub-STSWD1252,20295,8,20295.0,sub-STSWD1252
8024,1.0,1.0691,2,3,2,1,1,1,1,True,sub-STSWD1252,25159,8,25159.0,sub-STSWD1252
8025,1.0,1.165,2,3,1,1,1,1,1,True,sub-STSWD1252,27591,8,27591.0,sub-STSWD1252
8026,1.0,1.304,1,3,2,1,1,1,1,True,sub-STSWD1252,30023,8,30023.0,sub-STSWD1252
8027,1.0,1.0249,1,3,2,1,1,1,1,True,sub-STSWD1252,32455,8,32455.0,sub-STSWD1252
8028,1.0,0.87588,1,3,1,1,1,1,1,True,sub-STSWD1252,34887,8,34887.0,sub-STSWD1252
8029,,,4,3,1,1,1,1,1,True,sub-STSWD1252,37318,8,,sub-STSWD1252
8030,1.0,0.9637,1,4,1,1,1,1,1,True,sub-STSWD1252,41798,8,41798.0,sub-STSWD1252
8031,1.0,0.89767,2,4,1,1,1,1,1,True,sub-STSWD1252,44230,8,44230.0,sub-STSWD1252
8032,1.0,0.76057,2,4,1,1,1,1,1,True,sub-STSWD1252,46662,8,46662.0,sub-STSWD1252
8033,1.0,0.8615,1,4,1,1,1,1,1,True,sub-STSWD1252,49094,8,49094.0,sub-STSWD1252
8034,1.0,0.76033,3,4,2,1,1,1,1,True,sub-STSWD1252,51526,8,51526.0,sub-STSWD1252
8035,1.0,1.4184,4,4,2,1,1,1,1,True,sub-STSWD1252,53958,8,53958.0,sub-STSWD1252
8036,1.0,1.2894,4,4,1,1,1,1,1,True,sub-STSWD1252,56390,8,56390.0,sub-STSWD1252
8037,1.0,0.95523,4,4,2,1,1,1,1,True,sub-STSWD1252,58822,8,58822.0,sub-STSWD1252
8038,0.0,1.0951,1,2,1,1,1,1,1,True,sub-STSWD1252,63302,8,63302.0,sub-STSWD1252
8039,1.0,0.57515,2,2,2,1,1,1,1,True,sub-STSWD1252,65734,8,65734.0,sub-STSWD1252
8040,1.0,0.91199,1,2,1,1,1,1,1,True,sub-STSWD1252,68166,8,68166.0,sub-STSWD1252
8041,1.0,0.62094,2,2,2,1,1,1,1,True,sub-STSWD1252,70598,8,70598.0,sub-STSWD1252
8042,1.0,0.58088,2,2,2,1,1,1,1,True,sub-STSWD1252,73030,8,73030.0,sub-STSWD1252
8043,1.0,1.0198,2,2,2,1,1,1,1,True,sub-STSWD1252,75462,8,75462.0,sub-STSWD1252
8044,1.0,0.52674,2,2,2,1,1,1,1,True,sub-STSWD1252,77894,8,77894.0,sub-STSWD1252
8045,1.0,0.94559,1,2,2,1,1,1,1,True,sub-STSWD1252,80326,8,80326.0,sub-STSWD1252
8046,1.0,0.26957,2,1,2,1,1,1,1,True,sub-STSWD1252,84806,8,84806.0,sub-STSWD1252
8047,1.0,0.36149,2,1,2,1,1,1,1,True,sub-STSWD1252,87238,8,87238.0,sub-STSWD1252
8048,1.0,0.27032,2,1,1,1,1,1,1,True,sub-STSWD1252,89670,8,89670.0,sub-STSWD1252
8049,1.0,0.44345,2,1,2,1,1,1,1,True,sub-STSWD1252,92102,8,92102.0,sub-STSWD1252
8050,1.0,0.36715,2,1,1,1,1,1,1,True,sub-STSWD1252,94534,8,94534.0,sub-STSWD1252
8051,1.0,0.32917,2,1,1,1,1,1,1,True,sub-STSWD1252,96966,8,96966.0,sub-STSWD1252
8052,1.0,0.30919,2,1,2,1,1,1,1,True,sub-STSWD1252,99398,8,99398.0,sub-STSWD1252
8053,1.0,0.25511,2,1,2,1,1,1,1,True,sub-STSWD1252,101830,8,101830.0,sub-STSWD1252
8054,1.0,0.60004,2,2,1,1,1,1,1,True,sub-STSWD1252,106310,8,106310.0,sub-STSWD1252
8055,1.0,0.75595,2,2,1,1,1,1,1,True,sub-STSWD1252,108742,8,108742.0,sub-STSWD1252
8056,1.0,0.75787,4,2,1,1,1,1,1,True,sub-STSWD1252,111174,8,111174.0,sub-STSWD1252
8057,1.0,0.60779,2,2,1,1,1,1,1,True,sub-STSWD1252,113606,8,113606.0,sub-STSWD1252
8058,1.0,0.73173,4,2,1,1,1,1,1,True,sub-STSWD1252,116037,8,116037.0,sub-STSWD1252
8059,0.0,0.51068,4,2,2,1,1,1,1,True,sub-STSWD1252,118469,8,118469.0,sub-STSWD1252
8060,1.0,1.2246,4,2,2,1,1,1,1,True,sub-STSWD1252,120901,8,120901.0,sub-STSWD1252
8061,1.0,0.48164,2,2,2,1,1,1,1,True,sub-STSWD1252,123334,8,123334.0,sub-STSWD1252
8062,1.0,0.46935,3,1,1,1,1,1,1,True,sub-STSWD1252,127813,8,127813.0,sub-STSWD1252
8063,1.0,0.36037,3,1,2,1,1,1,1,True,sub-STSWD1252,130245,8,130245.0,sub-STSWD1252
8064,1.0,0.32039,3,1,2,1,1,1,1,True,sub-STSWD1252,132677,8,132677.0,sub-STSWD1252
8065,0.0,0.49615,3,1,1,1,1,1,1,True,sub-STSWD1252,135109,8,135109.0,sub-STSWD1252
8066,1.0,0.39917,3,1,2,1,1,1,1,True,sub-STSWD1252,137541,8,137541.0,sub-STSWD1252
8067,1.0,0.25119,3,1,2,1,1,1,1,True,sub-STSWD1252,139973,8,139973.0,sub-STSWD1252
8068,1.0,0.43504,3,1,1,1,1,1,1,True,sub-STSWD1252,142405,8,142405.0,sub-STSWD1252
8069,1.0,0.25698,3,1,1,1,1,1,1,True,sub-STSWD1252,144837,8,144837.0,sub-STSWD1252
8070,1.0,1.3348,3,3,2,1,1,1,1,True,sub-STSWD1252,149317,8,149317.0,sub-STSWD1252
8071,1.0,1.3099,3,3,1,1,1,1,1,True,sub-STSWD1252,151749,8,151749.0,sub-STSWD1252
8072,1.0,1.2047,4,3,1,1,1,1,1,True,sub-STSWD1252,154181,8,154181.0,sub-STSWD1252
8073,1.0,0.57465,4,3,2,1,1,1,1,True,sub-STSWD1252,156613,8,156613.0,sub-STSWD1252
8074,1.0,1.0345,1,3,1,1,1,1,1,True,sub-STSWD1252,159045,8,159045.0,sub-STSWD1252
8075,1.0,1.0715,4,3,2,1,1,1,1,True,sub-STSWD1252,161477,8,161477.0,sub-STSWD1252
8076,1.0,0.56047,4,3,2,1,1,1,1,True,sub-STSWD1252,163909,8,163909.0,sub-STSWD1252
8077,0.0,1.3594,1,3,2,1,1,1,1,True,sub-STSWD1252,166341,8,166341.0,sub-STSWD1252
8078,1.0,0.60329,1,4,2,1,1,1,1,True,sub-STSWD1252,170821,8,170821.0,sub-STSWD1252
8079,1.0,0.92321,4,4,2,1,1,1,1,True,sub-STSWD1252,173253,8,173253.0,sub-STSWD1252
8080,1.0,0.98114,1,4,1,1,1,1,1,True,sub-STSWD1252,175685,8,175685.0,sub-STSWD1252
8081,1.0,1.1522,3,4,2,1,1,1,1,True,sub-STSWD1252,178117,8,178117.0,sub-STSWD1252
8082,1.0,1.064,3,4,2,1,1,1,1,True,sub-STSWD1252,180549,8,180549.0,sub-STSWD1252
8083,1.0,1.199,3,4,2,1,1,1,1,True,sub-STSWD1252,182981,8,182981.0,sub-STSWD1252
8084,1.0,0.8889,2,4,2,1,1,1,1,True,sub-STSWD1252,185413,8,185413.0,sub-STSWD1252
8085,1.0,0.66878,2,4,1,1,1,1,1,True,sub-STSWD1252,187845,8,187845.0,sub-STSWD1252
8086,1.0,0.50274,1,1,2,1,1,1,1,True,sub-STSWD1252,216986,8,216986.0,sub-STSWD1252
8087,1.0,0.46464,1,1,1,1,1,1,1,True,sub-STSWD1252,219418,8,219418.0,sub-STSWD1252
8088,1.0,0.4946,1,1,1,1,1,1,1,True,sub-STSWD1252,221849,8,221849.0,sub-STSWD1252
8089,1.0,0.37262,1,1,1,1,1,1,1,True,sub-STSWD1252,224281,8,224281.0,sub-STSWD1252
8090,1.0,0.26058,1,1,2,1,1,1,1,True,sub-STSWD1252,226713,8,226713.0,sub-STSWD1252
8091,1.0,0.59941,1,1,1,1,1,1,1,True,sub-STSWD1252,229145,8,229145.0,sub-STSWD1252
8092,1.0,0.36735,1,1,1,1,1,1,1,True,sub-STSWD1252,231577,8,231577.0,sub-STSWD1252
8093,1.0,0.31029,1,1,2,1,1,1,1,True,sub-STSWD1252,234009,8,234009.0,sub-STSWD1252
8094,1.0,0.6375,1,2,2,1,1,1,1,True,sub-STSWD1252,238493,8,238493.0,sub-STSWD1252
8095,1.0,0.44945,1,2,2,1,1,1,1,True,sub-STSWD1252,240925,8,240925.0,sub-STSWD1252
8096,1.0,1.1024,4,2,2,1,1,1,1,True,sub-STSWD1252,243357,8,243357.0,sub-STSWD1252
8097,1.0,0.56231,4,2,2,1,1,1,1,True,sub-STSWD1252,245789,8,245789.0,sub-STSWD1252
8098,1.0,0.85608,1,2,1,1,1,1,1,True,sub-STSWD1252,248221,8,248221.0,sub-STSWD1252
8099,1.0,0.69618,4,2,1,1,1,1,1,True,sub-STSWD1252,250653,8,250653.0,sub-STSWD1252
8100,1.0,0.89247,4,2,2,1,1,1,1,True,sub-STSWD1252,253085,8,253085.0,sub-STSWD1252
8101,1.0,0.74489,1,2,2,1,1,1,1,True,sub-STSWD1252,255517,8,255517.0,sub-STSWD1252
8102,1.0,1.0349,1,3,1,1,1,1,1,True,sub-STSWD1252,259997,8,259997.0,sub-STSWD1252
8103,1.0,0.6938,3,3,2,1,1,1,1,True,sub-STSWD1252,262429,8,262429.0,sub-STSWD1252
8104,1.0,0.68076,2,3,2,1,1,1,1,True,sub-STSWD1252,264861,8,264861.0,sub-STSWD1252
8105,1.0,1.1057,2,3,2,1,1,1,1,True,sub-STSWD1252,267293,8,267293.0,sub-STSWD1252
8106,1.0,0.66675,2,3,2,1,1,1,1,True,sub-STSWD1252,269725,8,269725.0,sub-STSWD1252
8107,1.0,0.69453,3,3,2,1,1,1,1,True,sub-STSWD1252,272157,8,272157.0,sub-STSWD1252
8108,1.0,0.52848,2,3,1,1,1,1,1,True,sub-STSWD1252,274589,8,274589.0,sub-STSWD1252
8109,1.0,0.53541,2,3,1,1,1,1,1,True,sub-STSWD1252,277021,8,277021.0,sub-STSWD1252
8110,1.0,1.2364,3,4,2,1,1,1,1,True,sub-STSWD1252,281501,8,281501.0,sub-STSWD1252
8111,1.0,0.89922,3,4,2,1,1,1,1,True,sub-STSWD1252,283933,8,283933.0,sub-STSWD1252
8112,1.0,0.80516,1,4,1,1,1,1,1,True,sub-STSWD1252,286365,8,286365.0,sub-STSWD1252
8113,0.0,0.62609,4,4,2,1,1,1,1,True,sub-STSWD1252,288797,8,288797.0,sub-STSWD1252
8114,1.0,0.72612,2,4,1,1,1,1,1,True,sub-STSWD1252,291229,8,291229.0,sub-STSWD1252
8115,1.0,0.60496,2,4,2,1,1,1,1,True,sub-STSWD1252,293661,8,293661.0,sub-STSWD1252
8116,1.0,0.72484,1,4,1,1,1,1,1,True,sub-STSWD1252,296093,8,296093.0,sub-STSWD1252
8117,1.0,0.6238,2,4,1,1,1,1,1,True,sub-STSWD1252,298525,8,298525.0,sub-STSWD1252
8118,1.0,0.59078,1,3,2,1,1,1,1,True,sub-STSWD1252,303005,8,303005.0,sub-STSWD1252
8119,1.0,0.81073,3,3,1,1,1,1,1,True,sub-STSWD1252,305437,8,305437.0,sub-STSWD1252
8120,1.0,1.4076,4,3,2,1,1,1,1,True,sub-STSWD1252,307869,8,307869.0,sub-STSWD1252
8121,1.0,0.7806,4,3,1,1,1,1,1,True,sub-STSWD1252,310301,8,310301.0,sub-STSWD1252
8122,1.0,1.3115,4,3,2,1,1,1,1,True,sub-STSWD1252,312733,8,312733.0,sub-STSWD1252
8123,1.0,0.71846,4,3,1,1,1,1,1,True,sub-STSWD1252,315165,8,315165.0,sub-STSWD1252
8124,1.0,1.0584,1,3,2,1,1,1,1,True,sub-STSWD1252,317597,8,317597.0,sub-STSWD1252
8125,1.0,0.51035,3,3,1,1,1,1,1,True,sub-STSWD1252,320029,8,320029.0,sub-STSWD1252
8126,1.0,0.47024,3,1,1,1,1,1,1,True,sub-STSWD1252,324509,8,324509.0,sub-STSWD1252
8127,1.0,0.44918,3,1,1,1,1,1,1,True,sub-STSWD1252,326941,8,326941.0,sub-STSWD1252
8128,1.0,0.3851,3,1,2,1,1,1,1,True,sub-STSWD1252,329373,8,329373.0,sub-STSWD1252
8129,1.0,0.414,3,1,2,1,1,1,1,True,sub-STSWD1252,331805,8,331805.0,sub-STSWD1252
8130,1.0,0.40698,3,1,2,1,1,1,1,True,sub-STSWD1252,334237,8,334237.0,sub-STSWD1252
8131,1.0,0.33693,3,1,1,1,1,1,1,True,sub-STSWD1252,336669,8,336669.0,sub-STSWD1252
8132,1.0,0.47385,3,1,1,1,1,1,1,True,sub-STSWD1252,339100,8,339100.0,sub-STSWD1252
8133,1.0,0.34079,3,1,2,1,1,1,1,True,sub-STSWD1252,341532,8,341532.0,sub-STSWD1252
8134,1.0,0.96767,3,2,2,1,1,1,1,True,sub-STSWD1252,346012,8,346012.0,sub-STSWD1252
8135,1.0,0.60362,3,2,1,1,1,1,1,True,sub-STSWD1252,348444,8,348444.0,sub-STSWD1252
8136,1.0,0.7975,4,2,2,1,1,1,1,True,sub-STSWD1252,350876,8,350876.0,sub-STSWD1252
8137,1.0,0.57946,3,2,2,1,1,1,1,True,sub-STSWD1252,353308,8,353308.0,sub-STSWD1252
8138,1.0,0.7384,4,2,1,1,1,1,1,True,sub-STSWD1252,355740,8,355740.0,sub-STSWD1252
8139,1.0,0.79833,4,2,1,1,1,1,1,True,sub-STSWD1252,358172,8,358172.0,sub-STSWD1252
8140,1.0,1.4091,4,2,1,1,1,1,1,True,sub-STSWD1252,360604,8,360604.0,sub-STSWD1252
8141,1.0,0.45022,3,2,1,1,1,1,1,True,sub-STSWD1252,363036,8,363036.0,sub-STSWD1252
8142,1.0,1.3561,4,4,1,1,1,1,1,True,sub-STSWD1252,367516,8,367516.0,sub-STSWD1252
8143,1.0,1.019,4,4,2,1,1,1,1,True,sub-STSWD1252,369948,8,369948.0,sub-STSWD1252
8144,1.0,1.279,4,4,1,1,1,1,1,True,sub-STSWD1252,372380,8,372380.0,sub-STSWD1252
8145,1.0,0.8009,3,4,1,1,1,1,1,True,sub-STSWD1252,374812,8,374812.0,sub-STSWD1252
8146,1.0,0.54076,3,4,1,1,1,1,1,True,sub-STSWD1252,377244,8,377244.0,sub-STSWD1252
8147,1.0,0.60878,2,4,2,1,1,1,1,True,sub-STSWD1252,379676,8,379676.0,sub-STSWD1252
8148,1.0,0.69558,1,4,2,1,1,1,1,True,sub-STSWD1252,382108,8,382108.0,sub-STSWD1252
8149,1.0,0.60057,1,4,2,1,1,1,1,True,sub-STSWD1252,384540,8,384540.0,sub-STSWD1252
8150,1.0,0.34684,1,1,2,1,1,1,1,True,sub-STSWD1252,415503,8,415503.0,sub-STSWD1252
8151,1.0,0.35477,1,1,2,1,1,1,1,True,sub-STSWD1252,417935,8,417935.0,sub-STSWD1252
8152,1.0,0.43571,1,1,2,1,1,1,1,True,sub-STSWD1252,420367,8,420367.0,sub-STSWD1252
8153,1.0,0.32697,1,1,1,1,1,1,1,True,sub-STSWD1252,422799,8,422799.0,sub-STSWD1252
8154,1.0,0.36157,1,1,2,1,1,1,1,True,sub-STSWD1252,425231,8,425231.0,sub-STSWD1252
8155,1.0,0.25653,1,1,1,1,1,1,1,True,sub-STSWD1252,427663,8,427663.0,sub-STSWD1252
8156,1.0,0.36745,1,1,1,1,1,1,1,True,sub-STSWD1252,430095,8,430095.0,sub-STSWD1252
8157,1.0,0.32538,1,1,2,1,1,1,1,True,sub-STSWD1252,432527,8,432527.0,sub-STSWD1252
8158,1.0,0.64514,2,4,2,1,1,1,1,True,sub-STSWD1252,437007,8,437007.0,sub-STSWD1252
8159,1.0,0.50021,2,4,2,1,1,1,1,True,sub-STSWD1252,439439,8,439439.0,sub-STSWD1252
8160,1.0,0.71422,3,4,2,1,1,1,1,True,sub-STSWD1252,441871,8,441871.0,sub-STSWD1252
8161,1.0,0.97894,3,4,2,1,1,1,1,True,sub-STSWD1252,444303,8,444303.0,sub-STSWD1252
8162,1.0,0.63402,3,4,1,1,1,1,1,True,sub-STSWD1252,446735,8,446735.0,sub-STSWD1252
8163,1.0,1.4879,1,4,2,1,1,1,1,True,sub-STSWD1252,449167,8,449167.0,sub-STSWD1252
8164,1.0,0.71075,4,4,1,1,1,1,1,True,sub-STSWD1252,451598,8,451598.0,sub-STSWD1252
8165,0.0,1.1298,4,4,1,1,1,1,1,True,sub-STSWD1252,454030,8,454030.0,sub-STSWD1252
8166,1.0,0.51859,2,2,1,1,1,1,1,True,sub-STSWD1252,458510,8,458510.0,sub-STSWD1252
8167,1.0,0.73963,3,2,2,1,1,1,1,True,sub-STSWD1252,460942,8,460942.0,sub-STSWD1252
8168,1.0,0.57256,3,2,1,1,1,1,1,True,sub-STSWD1252,463374,8,463374.0,sub-STSWD1252
8169,1.0,0.63851,3,2,2,1,1,1,1,True,sub-STSWD1252,465806,8,465806.0,sub-STSWD1252
8170,1.0,0.35953,2,2,2,1,1,1,1,True,sub-STSWD1252,468238,8,468238.0,sub-STSWD1252
8171,0.0,0.45648,3,2,1,1,1,1,1,True,sub-STSWD1252,470670,8,470670.0,sub-STSWD1252
8172,1.0,0.45419,2,2,1,1,1,1,1,True,sub-STSWD1252,473102,8,473102.0,sub-STSWD1252
8173,1.0,0.59126,2,2,1,1,1,1,1,True,sub-STSWD1252,475535,8,475535.0,sub-STSWD1252
8174,1.0,0.63437,3,3,1,1,1,1,1,True,sub-STSWD1252,480015,8,480015.0,sub-STSWD1252
8175,1.0,0.81707,3,3,2,1,1,1,1,True,sub-STSWD1252,482446,8,482446.0,sub-STSWD1252
8176,1.0,1.097,2,3,2,1,1,1,1,True,sub-STSWD1252,484878,8,484878.0,sub-STSWD1252
8177,1.0,0.72301,2,3,2,1,1,1,1,True,sub-STSWD1252,487310,8,487310.0,sub-STSWD1252
8178,1.0,1.5329,4,3,2,1,1,1,1,True,sub-STSWD1252,489742,8,489742.0,sub-STSWD1252
8179,1.0,0.43682,3,3,1,1,1,1,1,True,sub-STSWD1252,492174,8,492174.0,sub-STSWD1252
8180,1.0,0.96678,3,3,2,1,1,1,1,True,sub-STSWD1252,494606,8,494606.0,sub-STSWD1252
8181,1.0,0.57268,3,3,2,1,1,1,1,True,sub-STSWD1252,497038,8,497038.0,sub-STSWD1252
8182,1.0,0.95456,1,2,1,1,1,1,1,True,sub-STSWD1252,501518,8,501518.0,sub-STSWD1252
8183,1.0,0.7235,1,2,1,1,1,1,1,True,sub-STSWD1252,503950,8,503950.0,sub-STSWD1252
8184,1.0,0.41144,3,2,1,1,1,1,1,True,sub-STSWD1252,506382,8,506382.0,sub-STSWD1252
8185,1.0,0.62737,3,2,1,1,1,1,1,True,sub-STSWD1252,508814,8,508814.0,sub-STSWD1252
8186,1.0,0.44429,3,2,2,1,1,1,1,True,sub-STSWD1252,511246,8,511246.0,sub-STSWD1252
8187,1.0,0.75722,1,2,2,1,1,1,1,True,sub-STSWD1252,513678,8,513678.0,sub-STSWD1252
8188,1.0,0.62434,3,2,2,1,1,1,1,True,sub-STSWD1252,516110,8,516110.0,sub-STSWD1252
8189,1.0,0.80203,1,2,2,1,1,1,1,True,sub-STSWD1252,518542,8,518542.0,sub-STSWD1252
8190,1.0,0.82992,4,3,1,1,1,1,1,True,sub-STSWD1252,523022,8,523022.0,sub-STSWD1252
8191,1.0,1.1668,4,3,2,1,1,1,1,True,sub-STSWD1252,525454,8,525454.0,sub-STSWD1252
8192,1.0,0.70586,1,3,2,1,1,1,1,True,sub-STSWD1252,527886,8,527886.0,sub-STSWD1252
8193,1.0,0.7298,4,3,2,1,1,1,1,True,sub-STSWD1252,530318,8,530318.0,sub-STSWD1252
8194,1.0,0.77274,2,3,1,1,1,1,1,True,sub-STSWD1252,532750,8,532750.0,sub-STSWD1252
8195,1.0,0.90876,1,3,1,1,1,1,1,True,sub-STSWD1252,535182,8,535182.0,sub-STSWD1252
8196,1.0,0.8596,1,3,1,1,1,1,1,True,sub-STSWD1252,537614,8,537614.0,sub-STSWD1252
8197,1.0,0.86154,2,3,1,1,1,1,1,True,sub-STSWD1252,540046,8,540046.0,sub-STSWD1252
8198,1.0,0.49936,4,1,1,1,1,1,1,True,sub-STSWD1252,546958,8,546958.0,sub-STSWD1252
8199,1.0,0.65027,4,1,1,1,1,1,1,True,sub-STSWD1252,549390,8,549390.0,sub-STSWD1252
8200,1.0,0.50123,4,1,1,1,1,1,1,True,sub-STSWD1252,551822,8,551822.0,sub-STSWD1252
8201,1.0,0.42816,4,1,2,1,1,1,1,True,sub-STSWD1252,554254,8,554254.0,sub-STSWD1252
8202,1.0,0.49499,4,1,1,1,1,1,1,True,sub-STSWD1252,556686,8,556686.0,sub-STSWD1252
8203,1.0,0.63423,4,1,2,1,1,1,1,True,sub-STSWD1252,559118,8,559118.0,sub-STSWD1252
8204,1.0,0.439,4,1,1,1,1,1,1,True,sub-STSWD1252,561550,8,561550.0,sub-STSWD1252
8205,1.0,0.58326,2,4,2,1,1,1,1,True,sub-STSWD1252,566030,8,566030.0,sub-STSWD1252
8206,1.0,0.62479,2,4,1,1,1,1,1,True,sub-STSWD1252,568462,8,568462.0,sub-STSWD1252
8207,1.0,0.77761,1,4,2,1,1,1,1,True,sub-STSWD1252,570894,8,570894.0,sub-STSWD1252
8208,1.0,1.0497,4,4,2,1,1,1,1,True,sub-STSWD1252,573326,8,573326.0,sub-STSWD1252
8209,1.0,0.6356,1,4,2,1,1,1,1,True,sub-STSWD1252,575758,8,575758.0,sub-STSWD1252
8210,1.0,0.78154,1,4,1,1,1,1,1,True,sub-STSWD1252,578189,8,578189.0,sub-STSWD1252
8211,0.0,1.3665,4,4,1,1,1,1,1,True,sub-STSWD1252,580622,8,580622.0,sub-STSWD1252
8212,1.0,0.58142,3,4,1,1,1,1,1,True,sub-STSWD1252,583053,8,583053.0,sub-STSWD1252
8213,1.0,0.59008,1,2,1,1,1,1,1,True,sub-STSWD1252,611627,8,611627.0,sub-STSWD1252
8214,1.0,0.83493,2,2,1,1,1,1,1,True,sub-STSWD1252,614059,8,614059.0,sub-STSWD1252
8215,1.0,0.49887,2,2,2,1,1,1,1,True,sub-STSWD1252,616491,8,616491.0,sub-STSWD1252
8216,1.0,0.66522,1,2,2,1,1,1,1,True,sub-STSWD1252,618923,8,618923.0,sub-STSWD1252
8217,1.0,1.0887,1,2,1,1,1,1,1,True,sub-STSWD1252,621355,8,621355.0,sub-STSWD1252
8218,1.0,0.6037,2,2,1,1,1,1,1,True,sub-STSWD1252,623787,8,623787.0,sub-STSWD1252
8219,1.0,0.44262,1,2,1,1,1,1,1,True,sub-STSWD1252,626219,8,626219.0,sub-STSWD1252
8220,1.0,0.61256,1,2,2,1,1,1,1,True,sub-STSWD1252,628651,8,628651.0,sub-STSWD1252
8221,1.0,0.61943,2,4,2,1,1,1,1,True,sub-STSWD1252,633130,8,633130.0,sub-STSWD1252
8222,1.0,1.2813,1,4,1,1,1,1,1,True,sub-STSWD1252,635562,8,635562.0,sub-STSWD1252
8223,1.0,0.85738,3,4,1,1,1,1,1,True,sub-STSWD1252,637994,8,637994.0,sub-STSWD1252
8224,1.0,0.73834,3,4,1,1,1,1,1,True,sub-STSWD1252,640426,8,640426.0,sub-STSWD1252
8225,1.0,0.73817,1,4,2,1,1,1,1,True,sub-STSWD1252,642858,8,642858.0,sub-STSWD1252
8226,1.0,1.3621,4,4,1,1,1,1,1,True,sub-STSWD1252,645290,8,645290.0,sub-STSWD1252
8227,,,4,4,1,1,1,1,1,True,sub-STSWD1252,647722,8,,sub-STSWD1252
8228,1.0,0.67129,2,4,1,1,1,1,1,True,sub-STSWD1252,650155,8,650155.0,sub-STSWD1252
8229,1.0,0.72185,1,3,2,1,1,1,1,True,sub-STSWD1252,654635,8,654635.0,sub-STSWD1252
8230,1.0,0.50277,2,3,2,1,1,1,1,True,sub-STSWD1252,657067,8,657067.0,sub-STSWD1252
8231,1.0,0.71982,2,3,1,1,1,1,1,True,sub-STSWD1252,659499,8,659499.0,sub-STSWD1252
8232,1.0,0.58468,2,3,1,1,1,1,1,True,sub-STSWD1252,661931,8,661931.0,sub-STSWD1252
8233,0.0,1.1596,3,3,1,1,1,1,1,True,sub-STSWD1252,664362,8,664362.0,sub-STSWD1252
8234,1.0,0.82762,1,3,1,1,1,1,1,True,sub-STSWD1252,666794,8,666794.0,sub-STSWD1252
8235,1.0,0.59247,1,3,2,1,1,1,1,True,sub-STSWD1252,669226,8,669226.0,sub-STSWD1252
8236,1.0,0.69141,3,3,2,1,1,1,1,True,sub-STSWD1252,671658,8,671658.0,sub-STSWD1252
8237,1.0,0.31323,2,1,1,1,1,1,1,True,sub-STSWD1252,676138,8,676138.0,sub-STSWD1252
8238,1.0,0.39117,2,1,1,1,1,1,1,True,sub-STSWD1252,681002,8,681002.0,sub-STSWD1252
8239,1.0,0.38611,2,1,1,1,1,1,1,True,sub-STSWD1252,683434,8,683434.0,sub-STSWD1252
8240,1.0,0.35505,2,1,2,1,1,1,1,True,sub-STSWD1252,685866,8,685866.0,sub-STSWD1252
8241,1.0,0.38398,2,1,1,1,1,1,1,True,sub-STSWD1252,688298,8,688298.0,sub-STSWD1252
8242,1.0,0.45892,2,1,2,1,1,1,1,True,sub-STSWD1252,690730,8,690730.0,sub-STSWD1252
8243,1.0,0.36486,2,1,1,1,1,1,1,True,sub-STSWD1252,693162,8,693162.0,sub-STSWD1252
8244,1.0,0.68274,3,2,1,1,1,1,1,True,sub-STSWD1252,697642,8,697642.0,sub-STSWD1252
8245,1.0,0.94467,4,2,2,1,1,1,1,True,sub-STSWD1252,700074,8,700074.0,sub-STSWD1252
8246,1.0,0.85572,4,2,1,1,1,1,1,True,sub-STSWD1252,702506,8,702506.0,sub-STSWD1252
8247,1.0,0.57665,4,2,1,1,1,1,1,True,sub-STSWD1252,704938,8,704938.0,sub-STSWD1252
8248,1.0,0.46648,3,2,2,1,1,1,1,True,sub-STSWD1252,707370,8,707370.0,sub-STSWD1252
8249,1.0,0.95539,4,2,2,1,1,1,1,True,sub-STSWD1252,709802,8,709802.0,sub-STSWD1252
8250,1.0,0.70442,3,2,2,1,1,1,1,True,sub-STSWD1252,712234,8,712234.0,sub-STSWD1252
8251,1.0,0.4273,3,2,1,1,1,1,1,True,sub-STSWD1252,714666,8,714666.0,sub-STSWD1252
8252,1.0,0.32017,4,1,2,1,1,1,1,True,sub-STSWD1252,719146,8,719146.0,sub-STSWD1252
8253,1.0,0.31112,4,1,2,1,1,1,1,True,sub-STSWD1252,721578,8,721578.0,sub-STSWD1252
8254,1.0,0.28805,4,1,2,1,1,1,1,True,sub-STSWD1252,724010,8,724010.0,sub-STSWD1252
8255,1.0,0.40002,4,1,2,1,1,1,1,True,sub-STSWD1252,726442,8,726442.0,sub-STSWD1252
8256,1.0,0.36292,4,1,1,1,1,1,1,True,sub-STSWD1252,728874,8,728874.0,sub-STSWD1252
8257,1.0,0.34186,4,1,2,1,1,1,1,True,sub-STSWD1252,731306,8,731306.0,sub-STSWD1252
8258,1.0,0.33179,4,1,2,1,1,1,1,True,sub-STSWD1252,733738,8,733738.0,sub-STSWD1252
8259,1.0,0.31874,4,1,1,1,1,1,1,True,sub-STSWD1252,736170,8,736170.0,sub-STSWD1252
8260,0.0,0.88071,3,4,1,1,1,1,1,True,sub-STSWD1252,740650,8,740650.0,sub-STSWD1252
8261,0.0,1.1785,3,4,1,1,1,1,1,True,sub-STSWD1252,743081,8,743081.0,sub-STSWD1252
8262,1.0,1.2925,1,4,1,1,1,1,1,True,sub-STSWD1252,745514,8,745514.0,sub-STSWD1252
8263,1.0,0.59333,1,4,2,1,1,1,1,True,sub-STSWD1252,747945,8,747945.0,sub-STSWD1252
8264,1.0,1.0886,4,4,2,1,1,1,1,True,sub-STSWD1252,750377,8,750377.0,sub-STSWD1252
8265,1.0,0.8252,4,4,2,1,1,1,1,True,sub-STSWD1252,752809,8,752809.0,sub-STSWD1252
8266,1.0,0.53955,2,4,1,1,1,1,1,True,sub-STSWD1252,755241,8,755241.0,sub-STSWD1252
8267,1.0,0.61524,2,4,2,1,1,1,1,True,sub-STSWD1252,757673,8,757673.0,sub-STSWD1252
8268,1.0,0.60503,2,3,2,1,1,1,1,True,sub-STSWD1252,762153,8,762153.0,sub-STSWD1252
8269,1.0,0.87898,4,3,1,1,1,1,1,True,sub-STSWD1252,764585,8,764585.0,sub-STSWD1252
8270,1.0,0.7508,3,3,1,1,1,1,1,True,sub-STSWD1252,767017,8,767017.0,sub-STSWD1252
8271,1.0,0.56479,3,3,1,1,1,1,1,True,sub-STSWD1252,769449,8,769449.0,sub-STSWD1252
8272,1.0,0.57577,2,3,1,1,1,1,1,True,sub-STSWD1252,771882,8,771882.0,sub-STSWD1252
8273,1.0,0.9747,3,3,2,1,1,1,1,True,sub-STSWD1252,774313,8,774313.0,sub-STSWD1252
8274,1.0,0.62898,4,3,1,1,1,1,1,True,sub-STSWD1252,776745,8,776745.0,sub-STSWD1252
8275,1.0,0.60427,4,3,1,1,1,1,1,True,sub-STSWD1252,779177,8,779177.0,sub-STSWD1252
8276,1.0,0.72733,2,2,2,1,1,1,1,True,sub-STSWD1257,21629,8,21629.0,sub-STSWD1257
8277,1.0,0.88022,2,2,1,1,1,1,1,True,sub-STSWD1257,24060,8,24060.0,sub-STSWD1257
8278,1.0,0.4792,2,2,2,1,1,1,1,True,sub-STSWD1257,26492,8,26492.0,sub-STSWD1257
8279,1.0,0.73418,1,2,1,1,1,1,1,True,sub-STSWD1257,28924,8,28924.0,sub-STSWD1257
8280,1.0,0.56401,1,2,1,1,1,1,1,True,sub-STSWD1257,31356,8,31356.0,sub-STSWD1257
8281,1.0,0.50704,1,2,2,1,1,1,1,True,sub-STSWD1257,33788,8,33788.0,sub-STSWD1257
8282,1.0,0.60494,2,2,2,1,1,1,1,True,sub-STSWD1257,36220,8,36220.0,sub-STSWD1257
8283,1.0,0.5708,1,2,1,1,1,1,1,True,sub-STSWD1257,38652,8,38652.0,sub-STSWD1257
8284,1.0,0.84175,2,4,1,1,1,1,1,True,sub-STSWD1257,43132,8,43132.0,sub-STSWD1257
8285,1.0,0.79674,2,4,1,1,1,1,1,True,sub-STSWD1257,45564,8,45564.0,sub-STSWD1257
8286,1.0,0.98456,4,4,2,1,1,1,1,True,sub-STSWD1257,50428,8,50428.0,sub-STSWD1257
8287,1.0,0.55051,4,4,2,1,1,1,1,True,sub-STSWD1257,52860,8,52860.0,sub-STSWD1257
8288,0.0,1.0844,1,4,1,1,1,1,1,True,sub-STSWD1257,55292,8,55292.0,sub-STSWD1257
8289,1.0,0.65939,3,4,2,1,1,1,1,True,sub-STSWD1257,57724,8,57724.0,sub-STSWD1257
8290,1.0,0.35214,1,1,2,1,1,1,1,True,sub-STSWD1257,64635,8,64635.0,sub-STSWD1257
8291,1.0,0.3792,1,1,2,1,1,1,1,True,sub-STSWD1257,67067,8,67067.0,sub-STSWD1257
8292,1.0,0.39015,1,1,1,1,1,1,1,True,sub-STSWD1257,69499,8,69499.0,sub-STSWD1257
8293,1.0,0.30509,1,1,2,1,1,1,1,True,sub-STSWD1257,71931,8,71931.0,sub-STSWD1257
8294,1.0,0.329,1,1,2,1,1,1,1,True,sub-STSWD1257,74363,8,74363.0,sub-STSWD1257
8295,1.0,0.32095,1,1,1,1,1,1,1,True,sub-STSWD1257,76795,8,76795.0,sub-STSWD1257
8296,1.0,0.3529,1,1,2,1,1,1,1,True,sub-STSWD1257,79227,8,79227.0,sub-STSWD1257
8297,1.0,0.30278,1,1,1,1,1,1,1,True,sub-STSWD1257,81659,8,81659.0,sub-STSWD1257
8298,1.0,1.0936,1,3,2,1,1,1,1,True,sub-STSWD1257,86139,8,86139.0,sub-STSWD1257
8299,1.0,0.60168,1,3,2,1,1,1,1,True,sub-STSWD1257,88571,8,88571.0,sub-STSWD1257
8300,1.0,1.0815,2,3,2,1,1,1,1,True,sub-STSWD1257,91003,8,91003.0,sub-STSWD1257
8301,1.0,0.67147,2,3,2,1,1,1,1,True,sub-STSWD1257,93435,8,93435.0,sub-STSWD1257
8302,1.0,0.96441,4,3,2,1,1,1,1,True,sub-STSWD1257,95867,8,95867.0,sub-STSWD1257
8303,1.0,0.86039,1,3,2,1,1,1,1,True,sub-STSWD1257,98299,8,98299.0,sub-STSWD1257
8304,1.0,0.98427,1,3,1,1,1,1,1,True,sub-STSWD1257,100731,8,100731.0,sub-STSWD1257
8305,1.0,1.1312,1,3,1,1,1,1,1,True,sub-STSWD1257,103163,8,103163.0,sub-STSWD1257
8306,1.0,0.31825,2,1,1,1,1,1,1,True,sub-STSWD1257,107643,8,107643.0,sub-STSWD1257
8307,1.0,0.29808,2,1,1,1,1,1,1,True,sub-STSWD1257,110075,8,110075.0,sub-STSWD1257
8308,1.0,0.35294,2,1,2,1,1,1,1,True,sub-STSWD1257,112507,8,112507.0,sub-STSWD1257
8309,1.0,0.29891,2,1,2,1,1,1,1,True,sub-STSWD1257,114939,8,114939.0,sub-STSWD1257
8310,1.0,0.36285,2,1,1,1,1,1,1,True,sub-STSWD1257,117371,8,117371.0,sub-STSWD1257
8311,1.0,0.31478,2,1,1,1,1,1,1,True,sub-STSWD1257,119803,8,119803.0,sub-STSWD1257
8312,1.0,0.30264,2,1,2,1,1,1,1,True,sub-STSWD1257,122235,8,122235.0,sub-STSWD1257
8313,1.0,0.32566,2,1,2,1,1,1,1,True,sub-STSWD1257,124667,8,124667.0,sub-STSWD1257
8314,0.0,1.1516,4,3,1,1,1,1,1,True,sub-STSWD1257,131579,8,131579.0,sub-STSWD1257
8315,1.0,0.70841,1,3,1,1,1,1,1,True,sub-STSWD1257,134011,8,134011.0,sub-STSWD1257
8316,1.0,0.82133,4,3,2,1,1,1,1,True,sub-STSWD1257,136443,8,136443.0,sub-STSWD1257
8317,0.0,0.49028,4,3,1,1,1,1,1,True,sub-STSWD1257,138875,8,138875.0,sub-STSWD1257
8318,0.0,0.48024,4,3,1,1,1,1,1,True,sub-STSWD1257,141307,8,141307.0,sub-STSWD1257
8319,1.0,0.5582,3,3,2,1,1,1,1,True,sub-STSWD1257,143739,8,143739.0,sub-STSWD1257
8320,1.0,0.47611,3,3,2,1,1,1,1,True,sub-STSWD1257,146170,8,146170.0,sub-STSWD1257
8321,1.0,0.61398,1,2,2,1,1,1,1,True,sub-STSWD1257,150650,8,150650.0,sub-STSWD1257
8322,1.0,0.5709,3,2,1,1,1,1,1,True,sub-STSWD1257,153082,8,153082.0,sub-STSWD1257
8323,0.0,0.48988,3,2,1,1,1,1,1,True,sub-STSWD1257,155514,8,155514.0,sub-STSWD1257
8324,1.0,0.6438,1,2,1,1,1,1,1,True,sub-STSWD1257,157946,8,157946.0,sub-STSWD1257
8325,1.0,0.45165,1,2,2,1,1,1,1,True,sub-STSWD1257,160378,8,160378.0,sub-STSWD1257
8326,1.0,0.44365,3,2,2,1,1,1,1,True,sub-STSWD1257,162810,8,162810.0,sub-STSWD1257
8327,1.0,0.62353,3,2,1,1,1,1,1,True,sub-STSWD1257,165242,8,165242.0,sub-STSWD1257
8328,1.0,0.7205,1,2,2,1,1,1,1,True,sub-STSWD1257,167674,8,167674.0,sub-STSWD1257
8329,1.0,0.59937,1,4,2,1,1,1,1,True,sub-STSWD1257,172154,8,172154.0,sub-STSWD1257
8330,0.0,0.76831,4,4,1,1,1,1,1,True,sub-STSWD1257,174586,8,174586.0,sub-STSWD1257
8331,0.0,0.79524,1,4,1,1,1,1,1,True,sub-STSWD1257,177018,8,177018.0,sub-STSWD1257
8332,1.0,0.77219,2,4,2,1,1,1,1,True,sub-STSWD1257,179450,8,179450.0,sub-STSWD1257
8333,1.0,0.51613,2,4,2,1,1,1,1,True,sub-STSWD1257,181882,8,181882.0,sub-STSWD1257
8334,1.0,0.50006,3,4,1,1,1,1,1,True,sub-STSWD1257,184314,8,184314.0,sub-STSWD1257
8335,1.0,0.737,3,4,2,1,1,1,1,True,sub-STSWD1257,186746,8,186746.0,sub-STSWD1257
8336,1.0,0.76488,3,4,2,1,1,1,1,True,sub-STSWD1257,189178,8,189178.0,sub-STSWD1257
8337,1.0,0.63885,2,3,2,1,1,1,1,True,sub-STSWD1257,217423,8,217423.0,sub-STSWD1257
8338,1.0,0.68575,1,3,2,1,1,1,1,True,sub-STSWD1257,219855,8,219855.0,sub-STSWD1257
8339,1.0,1.2077,1,3,1,1,1,1,1,True,sub-STSWD1257,222287,8,222287.0,sub-STSWD1257
8340,0.0,0.76052,4,3,1,1,1,1,1,True,sub-STSWD1257,224719,8,224719.0,sub-STSWD1257
8341,1.0,0.71052,1,3,1,1,1,1,1,True,sub-STSWD1257,229583,8,229583.0,sub-STSWD1257
8342,1.0,0.59033,4,3,2,1,1,1,1,True,sub-STSWD1257,232015,8,232015.0,sub-STSWD1257
8343,1.0,0.50537,2,3,2,1,1,1,1,True,sub-STSWD1257,234447,8,234447.0,sub-STSWD1257
8344,1.0,0.50124,1,2,1,1,1,1,1,True,sub-STSWD1257,238927,8,238927.0,sub-STSWD1257
8345,1.0,1.0632,4,2,2,1,1,1,1,True,sub-STSWD1257,241359,8,241359.0,sub-STSWD1257
8346,1.0,0.40617,4,2,2,1,1,1,1,True,sub-STSWD1257,243791,8,243791.0,sub-STSWD1257
8347,1.0,0.36105,1,2,2,1,1,1,1,True,sub-STSWD1257,246223,8,246223.0,sub-STSWD1257
8348,1.0,0.73799,4,2,2,1,1,1,1,True,sub-STSWD1257,248654,8,248654.0,sub-STSWD1257
8349,0.0,0.47592,4,2,1,1,1,1,1,True,sub-STSWD1257,251086,8,251086.0,sub-STSWD1257
8350,1.0,0.38789,1,2,2,1,1,1,1,True,sub-STSWD1257,253518,8,253518.0,sub-STSWD1257
8351,1.0,0.47074,1,2,2,1,1,1,1,True,sub-STSWD1257,255950,8,255950.0,sub-STSWD1257
8352,1.0,0.49368,3,1,2,1,1,1,1,True,sub-STSWD1257,260430,8,260430.0,sub-STSWD1257
8353,1.0,0.38157,3,1,2,1,1,1,1,True,sub-STSWD1257,262862,8,262862.0,sub-STSWD1257
8354,1.0,0.28355,3,1,1,1,1,1,1,True,sub-STSWD1257,265294,8,265294.0,sub-STSWD1257
8355,1.0,0.29153,3,1,1,1,1,1,1,True,sub-STSWD1257,267726,8,267726.0,sub-STSWD1257
8356,1.0,0.34942,3,1,1,1,1,1,1,True,sub-STSWD1257,270158,8,270158.0,sub-STSWD1257
8357,1.0,0.26436,3,1,1,1,1,1,1,True,sub-STSWD1257,272590,8,272590.0,sub-STSWD1257
8358,1.0,0.2853,3,1,2,1,1,1,1,True,sub-STSWD1257,275022,8,275022.0,sub-STSWD1257
8359,1.0,0.30423,3,1,1,1,1,1,1,True,sub-STSWD1257,277454,8,277454.0,sub-STSWD1257
8360,1.0,0.6121,2,4,2,1,1,1,1,True,sub-STSWD1257,281934,8,281934.0,sub-STSWD1257
8361,1.0,0.48296,2,4,2,1,1,1,1,True,sub-STSWD1257,284366,8,284366.0,sub-STSWD1257
8362,1.0,0.55197,1,4,1,1,1,1,1,True,sub-STSWD1257,286798,8,286798.0,sub-STSWD1257
8363,1.0,0.56691,1,4,1,1,1,1,1,True,sub-STSWD1257,289230,8,289230.0,sub-STSWD1257
8364,0.0,0.61285,3,4,1,1,1,1,1,True,sub-STSWD1257,291662,8,291662.0,sub-STSWD1257
8365,1.0,0.51482,3,4,2,1,1,1,1,True,sub-STSWD1257,294094,8,294094.0,sub-STSWD1257
8366,0.0,0.63277,3,4,1,1,1,1,1,True,sub-STSWD1257,296526,8,296526.0,sub-STSWD1257
8367,1.0,0.99265,4,4,2,1,1,1,1,True,sub-STSWD1257,298958,8,298958.0,sub-STSWD1257
8368,1.0,0.9576,1,3,2,1,1,1,1,True,sub-STSWD1257,303438,8,303438.0,sub-STSWD1257
8369,0.0,0.69649,3,3,1,1,1,1,1,True,sub-STSWD1257,305870,8,305870.0,sub-STSWD1257
8370,1.0,0.46741,4,3,2,1,1,1,1,True,sub-STSWD1257,308302,8,308302.0,sub-STSWD1257
8371,0.0,0.7533,3,3,1,1,1,1,1,True,sub-STSWD1257,310734,8,310734.0,sub-STSWD1257
8372,1.0,0.74724,4,3,1,1,1,1,1,True,sub-STSWD1257,313166,8,313166.0,sub-STSWD1257
8373,1.0,0.66516,4,3,1,1,1,1,1,True,sub-STSWD1257,315598,8,315598.0,sub-STSWD1257
8374,1.0,0.80309,1,3,1,1,1,1,1,True,sub-STSWD1257,318030,8,318030.0,sub-STSWD1257
8375,0.0,0.64795,1,3,1,1,1,1,1,True,sub-STSWD1257,320462,8,320462.0,sub-STSWD1257
8376,1.0,0.28507,4,1,2,1,1,1,1,True,sub-STSWD1257,324942,8,324942.0,sub-STSWD1257
8377,0.0,0.45495,4,1,1,1,1,1,1,True,sub-STSWD1257,327374,8,327374.0,sub-STSWD1257
8378,0.0,0.29593,4,1,1,1,1,1,1,True,sub-STSWD1257,329806,8,329806.0,sub-STSWD1257
8379,1.0,0.33084,4,1,2,1,1,1,1,True,sub-STSWD1257,332238,8,332238.0,sub-STSWD1257
8380,0.0,0.41955,4,1,1,1,1,1,1,True,sub-STSWD1257,334670,8,334670.0,sub-STSWD1257
8381,0.0,0.37771,4,1,1,1,1,1,1,True,sub-STSWD1257,337102,8,337102.0,sub-STSWD1257
8382,1.0,0.3104,4,1,1,1,1,1,1,True,sub-STSWD1257,339534,8,339534.0,sub-STSWD1257
8383,1.0,0.30953,4,1,2,1,1,1,1,True,sub-STSWD1257,341966,8,341966.0,sub-STSWD1257
8384,0.0,0.7514,4,4,1,1,1,1,1,True,sub-STSWD1257,346446,8,346446.0,sub-STSWD1257
8385,0.0,0.58239,4,4,1,1,1,1,1,True,sub-STSWD1257,348878,8,348878.0,sub-STSWD1257
8386,1.0,0.44136,1,4,1,1,1,1,1,True,sub-STSWD1257,351310,8,351310.0,sub-STSWD1257
8387,1.0,0.62429,2,4,1,1,1,1,1,True,sub-STSWD1257,353742,8,353742.0,sub-STSWD1257
8388,1.0,0.5852,2,4,1,1,1,1,1,True,sub-STSWD1257,356173,8,356173.0,sub-STSWD1257
8389,1.0,0.41613,1,4,2,1,1,1,1,True,sub-STSWD1257,358606,8,358606.0,sub-STSWD1257
8390,1.0,0.87992,4,4,2,1,1,1,1,True,sub-STSWD1257,361037,8,361037.0,sub-STSWD1257
8391,1.0,1.038,3,4,1,1,1,1,1,True,sub-STSWD1257,363469,8,363469.0,sub-STSWD1257
8392,1.0,0.6567,3,2,1,1,1,1,1,True,sub-STSWD1257,367949,8,367949.0,sub-STSWD1257
8393,1.0,0.34091,4,2,2,1,1,1,1,True,sub-STSWD1257,370381,8,370381.0,sub-STSWD1257
8394,0.0,0.56574,4,2,1,1,1,1,1,True,sub-STSWD1257,372813,8,372813.0,sub-STSWD1257
8395,1.0,0.47272,4,2,2,1,1,1,1,True,sub-STSWD1257,375245,8,375245.0,sub-STSWD1257
8396,0.0,0.53668,4,2,1,1,1,1,1,True,sub-STSWD1257,377677,8,377677.0,sub-STSWD1257
8397,0.0,0.61061,3,2,1,1,1,1,1,True,sub-STSWD1257,380109,8,380109.0,sub-STSWD1257
8398,1.0,0.69249,4,2,2,1,1,1,1,True,sub-STSWD1257,382541,8,382541.0,sub-STSWD1257
8399,1.0,0.36347,3,2,2,1,1,1,1,True,sub-STSWD1257,384973,8,384973.0,sub-STSWD1257
8400,1.0,0.56615,1,4,2,1,1,1,1,True,sub-STSWD1257,420476,8,420476.0,sub-STSWD1257
8401,1.0,0.83905,2,4,1,1,1,1,1,True,sub-STSWD1257,422908,8,422908.0,sub-STSWD1257
8402,1.0,0.90302,4,4,2,1,1,1,1,True,sub-STSWD1257,425339,8,425339.0,sub-STSWD1257
8403,0.0,0.56491,3,4,1,1,1,1,1,True,sub-STSWD1257,427771,8,427771.0,sub-STSWD1257
8404,0.0,0.65185,3,4,1,1,1,1,1,True,sub-STSWD1257,430204,8,430204.0,sub-STSWD1257
8405,1.0,0.57279,2,4,2,1,1,1,1,True,sub-STSWD1257,432635,8,432635.0,sub-STSWD1257
8406,1.0,0.67158,2,4,1,1,1,1,1,True,sub-STSWD1257,435067,8,435067.0,sub-STSWD1257
8407,1.0,0.46664,3,3,2,1,1,1,1,True,sub-STSWD1257,441979,8,441979.0,sub-STSWD1257
8408,0.0,0.54352,3,3,1,1,1,1,1,True,sub-STSWD1257,444411,8,444411.0,sub-STSWD1257
8409,1.0,0.43142,4,3,2,1,1,1,1,True,sub-STSWD1257,446843,8,446843.0,sub-STSWD1257
8410,1.0,0.5573,4,3,2,1,1,1,1,True,sub-STSWD1257,449275,8,449275.0,sub-STSWD1257
8411,1.0,0.34928,2,3,2,1,1,1,1,True,sub-STSWD1257,451707,8,451707.0,sub-STSWD1257
8412,1.0,0.45134,3,3,2,1,1,1,1,True,sub-STSWD1257,454139,8,454139.0,sub-STSWD1257
8413,0.0,0.57316,3,3,1,1,1,1,1,True,sub-STSWD1257,456571,8,456571.0,sub-STSWD1257
8414,1.0,0.46718,3,3,2,1,1,1,1,True,sub-STSWD1257,459003,8,459003.0,sub-STSWD1257
8415,0.0,0.33711,4,1,1,1,1,1,1,True,sub-STSWD1257,463483,8,463483.0,sub-STSWD1257
8416,,,4,1,1,1,1,1,1,True,sub-STSWD1257,465915,8,,sub-STSWD1257
8417,1.0,0.40486,4,1,2,1,1,1,1,True,sub-STSWD1257,468347,8,468347.0,sub-STSWD1257
8418,1.0,0.28288,4,1,2,1,1,1,1,True,sub-STSWD1257,470779,8,470779.0,sub-STSWD1257
8419,1.0,0.26777,4,1,2,1,1,1,1,True,sub-STSWD1257,473211,8,473211.0,sub-STSWD1257
8420,0.0,0.27361,4,1,1,1,1,1,1,True,sub-STSWD1257,478075,8,478075.0,sub-STSWD1257
8421,1.0,0.26654,4,1,2,1,1,1,1,True,sub-STSWD1257,480507,8,480507.0,sub-STSWD1257
8422,1.0,0.50141,2,2,2,1,1,1,1,True,sub-STSWD1257,484987,8,484987.0,sub-STSWD1257
8423,1.0,0.46029,2,2,2,1,1,1,1,True,sub-STSWD1257,487419,8,487419.0,sub-STSWD1257
8424,1.0,0.41229,4,2,1,1,1,1,1,True,sub-STSWD1257,489851,8,489851.0,sub-STSWD1257
8425,1.0,0.29322,2,2,2,1,1,1,1,True,sub-STSWD1257,492283,8,492283.0,sub-STSWD1257
8426,0.0,0.29216,4,2,1,1,1,1,1,True,sub-STSWD1257,494715,8,494715.0,sub-STSWD1257
8427,1.0,0.32714,4,2,2,1,1,1,1,True,sub-STSWD1257,497147,8,497147.0,sub-STSWD1257
8428,1.0,0.35503,4,2,2,1,1,1,1,True,sub-STSWD1257,499579,8,499579.0,sub-STSWD1257
8429,1.0,0.50391,2,2,1,1,1,1,1,True,sub-STSWD1257,502011,8,502011.0,sub-STSWD1257
8430,1.0,0.52689,4,3,1,1,1,1,1,True,sub-STSWD1257,506491,8,506491.0,sub-STSWD1257
8431,0.0,0.41977,3,3,1,1,1,1,1,True,sub-STSWD1257,508923,8,508923.0,sub-STSWD1257
8432,1.0,0.34877,2,3,1,1,1,1,1,True,sub-STSWD1257,511355,8,511355.0,sub-STSWD1257
8433,0.0,0.4077,3,3,1,1,1,1,1,True,sub-STSWD1257,513787,8,513787.0,sub-STSWD1257
8434,0.0,0.45256,3,3,1,1,1,1,1,True,sub-STSWD1257,516219,8,516219.0,sub-STSWD1257
8435,1.0,0.68452,4,3,2,1,1,1,1,True,sub-STSWD1257,518651,8,518651.0,sub-STSWD1257
8436,1.0,0.36346,2,3,1,1,1,1,1,True,sub-STSWD1257,521083,8,521083.0,sub-STSWD1257
8437,1.0,0.50643,2,3,1,1,1,1,1,True,sub-STSWD1257,523515,8,523515.0,sub-STSWD1257
8438,1.0,0.40929,1,4,1,1,1,1,1,True,sub-STSWD1257,527995,8,527995.0,sub-STSWD1257
8439,1.0,0.50922,1,4,1,1,1,1,1,True,sub-STSWD1257,530427,8,530427.0,sub-STSWD1257
8440,1.0,0.42014,2,4,2,1,1,1,1,True,sub-STSWD1257,532859,8,532859.0,sub-STSWD1257
8441,1.0,0.4231,3,4,2,1,1,1,1,True,sub-STSWD1257,535291,8,535291.0,sub-STSWD1257
8442,0.0,0.41899,3,4,2,1,1,1,1,True,sub-STSWD1257,537723,8,537723.0,sub-STSWD1257
8443,1.0,0.86995,4,4,2,1,1,1,1,True,sub-STSWD1257,540155,8,540155.0,sub-STSWD1257
8444,1.0,0.40598,4,4,1,1,1,1,1,True,sub-STSWD1257,542587,8,542587.0,sub-STSWD1257
8445,0.0,0.62887,4,4,1,1,1,1,1,True,sub-STSWD1257,545019,8,545019.0,sub-STSWD1257
8446,1.0,0.25873,1,1,2,1,1,1,1,True,sub-STSWD1257,549498,8,549498.0,sub-STSWD1257
8447,1.0,0.30169,1,1,1,1,1,1,1,True,sub-STSWD1257,551931,8,551931.0,sub-STSWD1257
8448,1.0,0.30252,1,1,1,1,1,1,1,True,sub-STSWD1257,554363,8,554363.0,sub-STSWD1257
8449,1.0,0.27166,1,1,2,1,1,1,1,True,sub-STSWD1257,556795,8,556795.0,sub-STSWD1257
8450,1.0,0.36546,1,1,1,1,1,1,1,True,sub-STSWD1257,559227,8,559227.0,sub-STSWD1257
8451,1.0,0.38731,1,1,1,1,1,1,1,True,sub-STSWD1257,561659,8,561659.0,sub-STSWD1257
8452,1.0,0.27233,1,1,1,1,1,1,1,True,sub-STSWD1257,564090,8,564090.0,sub-STSWD1257
8453,1.0,0.27629,1,1,2,1,1,1,1,True,sub-STSWD1257,566522,8,566522.0,sub-STSWD1257
8454,1.0,0.41415,2,2,2,1,1,1,1,True,sub-STSWD1257,571002,8,571002.0,sub-STSWD1257
8455,1.0,0.51715,2,2,1,1,1,1,1,True,sub-STSWD1257,573434,8,573434.0,sub-STSWD1257
8456,1.0,0.29006,1,2,1,1,1,1,1,True,sub-STSWD1257,575866,8,575866.0,sub-STSWD1257
8457,1.0,0.34898,1,2,2,1,1,1,1,True,sub-STSWD1257,578298,8,578298.0,sub-STSWD1257
8458,1.0,0.35798,2,2,2,1,1,1,1,True,sub-STSWD1257,580730,8,580730.0,sub-STSWD1257
8459,1.0,0.29687,1,2,1,1,1,1,1,True,sub-STSWD1257,583162,8,583162.0,sub-STSWD1257
8460,1.0,0.32481,2,2,1,1,1,1,1,True,sub-STSWD1257,585594,8,585594.0,sub-STSWD1257
8461,1.0,0.45575,1,2,1,1,1,1,1,True,sub-STSWD1257,588026,8,588026.0,sub-STSWD1257
8462,1.0,0.86299,1,3,1,1,1,1,1,True,sub-STSWD1257,616314,8,616314.0,sub-STSWD1257
8463,1.0,0.59689,2,3,1,1,1,1,1,True,sub-STSWD1257,618746,8,618746.0,sub-STSWD1257
8464,1.0,0.61092,2,3,1,1,1,1,1,True,sub-STSWD1257,621178,8,621178.0,sub-STSWD1257
8465,0.0,0.6439,3,3,2,1,1,1,1,True,sub-STSWD1257,623610,8,623610.0,sub-STSWD1257
8466,1.0,0.52579,2,3,1,1,1,1,1,True,sub-STSWD1257,626042,8,626042.0,sub-STSWD1257
8467,1.0,0.39068,2,3,2,1,1,1,1,True,sub-STSWD1257,628474,8,628474.0,sub-STSWD1257
8468,1.0,0.52461,2,3,1,1,1,1,1,True,sub-STSWD1257,630906,8,630906.0,sub-STSWD1257
8469,1.0,0.80554,3,3,2,1,1,1,1,True,sub-STSWD1257,633338,8,633338.0,sub-STSWD1257
8470,1.0,0.45045,2,2,1,1,1,1,1,True,sub-STSWD1257,637818,8,637818.0,sub-STSWD1257
8471,1.0,0.37536,2,2,1,1,1,1,1,True,sub-STSWD1257,640249,8,640249.0,sub-STSWD1257
8472,1.0,0.61926,3,2,1,1,1,1,1,True,sub-STSWD1257,642681,8,642681.0,sub-STSWD1257
8473,1.0,0.37518,3,2,2,1,1,1,1,True,sub-STSWD1257,645114,8,645114.0,sub-STSWD1257
8474,1.0,0.41014,3,2,2,1,1,1,1,True,sub-STSWD1257,647546,8,647546.0,sub-STSWD1257
8475,1.0,0.65814,2,2,1,1,1,1,1,True,sub-STSWD1257,649978,8,649978.0,sub-STSWD1257
8476,1.0,0.29005,3,2,2,1,1,1,1,True,sub-STSWD1257,652409,8,652409.0,sub-STSWD1257
8477,1.0,0.50265,2,2,1,1,1,1,1,True,sub-STSWD1257,654842,8,654842.0,sub-STSWD1257
8478,1.0,0.49182,2,4,2,1,1,1,1,True,sub-STSWD1257,659322,8,659322.0,sub-STSWD1257
8479,1.0,0.46075,2,4,2,1,1,1,1,True,sub-STSWD1257,661754,8,661754.0,sub-STSWD1257
8480,0.0,0.5727,4,4,1,1,1,1,1,True,sub-STSWD1257,664185,8,664185.0,sub-STSWD1257
8481,0.0,0.46064,4,4,1,1,1,1,1,True,sub-STSWD1257,666618,8,666618.0,sub-STSWD1257
8482,1.0,0.53056,3,4,2,1,1,1,1,True,sub-STSWD1257,669050,8,669050.0,sub-STSWD1257
8483,0.0,0.44853,3,4,1,1,1,1,1,True,sub-STSWD1257,671481,8,671481.0,sub-STSWD1257
8484,0.0,0.62543,1,4,2,1,1,1,1,True,sub-STSWD1257,673913,8,673913.0,sub-STSWD1257
8485,1.0,0.61742,1,4,2,1,1,1,1,True,sub-STSWD1257,676345,8,676345.0,sub-STSWD1257
8486,1.0,0.26115,3,1,2,1,1,1,1,True,sub-STSWD1257,680825,8,680825.0,sub-STSWD1257
8487,0.0,0.2692,3,1,1,1,1,1,1,True,sub-STSWD1257,683257,8,683257.0,sub-STSWD1257
8488,1.0,0.2877,3,1,2,1,1,1,1,True,sub-STSWD1257,685689,8,685689.0,sub-STSWD1257
8489,0.0,0.30511,3,1,1,1,1,1,1,True,sub-STSWD1257,688121,8,688121.0,sub-STSWD1257
8490,1.0,0.26706,3,1,2,1,1,1,1,True,sub-STSWD1257,690553,8,690553.0,sub-STSWD1257
8491,1.0,0.26394,3,1,1,1,1,1,1,True,sub-STSWD1257,692985,8,692985.0,sub-STSWD1257
8492,1.0,0.26496,3,1,2,1,1,1,1,True,sub-STSWD1257,695417,8,695417.0,sub-STSWD1257
8493,1.0,0.30582,3,1,2,1,1,1,1,True,sub-STSWD1257,697849,8,697849.0,sub-STSWD1257
8494,1.0,0.32433,3,2,2,1,1,1,1,True,sub-STSWD1257,702329,8,702329.0,sub-STSWD1257
8495,0.0,0.33264,4,2,1,1,1,1,1,True,sub-STSWD1257,704761,8,704761.0,sub-STSWD1257
8496,0.0,0.36628,3,2,1,1,1,1,1,True,sub-STSWD1257,707193,8,707193.0,sub-STSWD1257
8497,0.0,0.41951,4,2,1,1,1,1,1,True,sub-STSWD1257,709625,8,709625.0,sub-STSWD1257
8498,0.0,0.25908,4,2,1,1,1,1,1,True,sub-STSWD1257,712057,8,712057.0,sub-STSWD1257
8499,0.0,0.27537,3,2,1,1,1,1,1,True,sub-STSWD1257,714489,8,714489.0,sub-STSWD1257
8500,1.0,0.2781,3,2,2,1,1,1,1,True,sub-STSWD1257,716921,8,716921.0,sub-STSWD1257
8501,1.0,0.25125,3,2,2,1,1,1,1,True,sub-STSWD1257,719353,8,719353.0,sub-STSWD1257
8502,1.0,0.3455,2,4,1,1,1,1,1,True,sub-STSWD1257,723833,8,723833.0,sub-STSWD1257
8503,1.0,0.7761,2,4,1,1,1,1,1,True,sub-STSWD1257,726265,8,726265.0,sub-STSWD1257
8504,0.0,0.74729,1,4,2,1,1,1,1,True,sub-STSWD1257,728697,8,728697.0,sub-STSWD1257
8505,1.0,0.29931,3,4,2,1,1,1,1,True,sub-STSWD1257,731129,8,731129.0,sub-STSWD1257
8506,0.0,0.55421,3,4,1,1,1,1,1,True,sub-STSWD1257,733561,8,733561.0,sub-STSWD1257
8507,1.0,0.65418,4,4,2,1,1,1,1,True,sub-STSWD1257,735993,8,735993.0,sub-STSWD1257
8508,1.0,0.72807,1,4,1,1,1,1,1,True,sub-STSWD1257,738425,8,738425.0,sub-STSWD1257
8509,1.0,0.66271,4,4,2,1,1,1,1,True,sub-STSWD1257,740857,8,740857.0,sub-STSWD1257
8510,1.0,0.64607,3,3,2,1,1,1,1,True,sub-STSWD1257,745337,8,745337.0,sub-STSWD1257
8511,1.0,0.55283,1,3,2,1,1,1,1,True,sub-STSWD1257,747769,8,747769.0,sub-STSWD1257
8512,0.0,0.56049,3,3,1,1,1,1,1,True,sub-STSWD1257,750201,8,750201.0,sub-STSWD1257
8513,1.0,0.33576,1,3,2,1,1,1,1,True,sub-STSWD1257,752633,8,752633.0,sub-STSWD1257
8514,1.0,0.46279,1,3,2,1,1,1,1,True,sub-STSWD1257,755065,8,755065.0,sub-STSWD1257
8515,1.0,0.40957,2,3,1,1,1,1,1,True,sub-STSWD1257,757497,8,757497.0,sub-STSWD1257
8516,1.0,0.42856,2,3,2,1,1,1,1,True,sub-STSWD1257,759929,8,759929.0,sub-STSWD1257
8517,1.0,0.3395,2,3,2,1,1,1,1,True,sub-STSWD1257,762361,8,762361.0,sub-STSWD1257
8518,1.0,0.25437,2,1,2,1,1,1,1,True,sub-STSWD1257,766841,8,766841.0,sub-STSWD1257
8519,1.0,0.28625,2,1,1,1,1,1,1,True,sub-STSWD1257,771704,8,771704.0,sub-STSWD1257
8520,1.0,0.26802,2,1,1,1,1,1,1,True,sub-STSWD1257,779001,8,779001.0,sub-STSWD1257
8521,1.0,0.28295,2,1,2,1,1,1,1,True,sub-STSWD1257,781433,8,781433.0,sub-STSWD1257
8522,1.0,1.2913,2,3,1,1,1,1,1,True,sub-STSWD1261,74163,8,74163.0,sub-STSWD1261
8523,1.0,1.1272,1,3,2,1,1,1,1,True,sub-STSWD1261,76595,8,76595.0,sub-STSWD1261
8524,0.0,1.0911,1,3,2,1,1,1,1,True,sub-STSWD1261,79027,8,79027.0,sub-STSWD1261
8525,1.0,0.83712,2,3,1,1,1,1,1,True,sub-STSWD1261,81459,8,81459.0,sub-STSWD1261
8526,0.0,0.79106,1,3,2,1,1,1,1,True,sub-STSWD1261,83891,8,83891.0,sub-STSWD1261
8527,1.0,0.79824,1,3,1,1,1,1,1,True,sub-STSWD1261,86323,8,86323.0,sub-STSWD1261
8528,1.0,0.93193,1,3,1,1,1,1,1,True,sub-STSWD1261,88755,8,88755.0,sub-STSWD1261
8529,1.0,0.64981,1,2,1,1,1,1,1,True,sub-STSWD1261,93235,8,93235.0,sub-STSWD1261
8530,1.0,0.87475,4,2,2,1,1,1,1,True,sub-STSWD1261,95667,8,95667.0,sub-STSWD1261
8531,0.0,0.95968,4,2,1,1,1,1,1,True,sub-STSWD1261,98099,8,98099.0,sub-STSWD1261
8532,1.0,1.0436,1,2,2,1,1,1,1,True,sub-STSWD1261,100531,8,100531.0,sub-STSWD1261
8533,1.0,0.8095,4,2,2,1,1,1,1,True,sub-STSWD1261,102963,8,102963.0,sub-STSWD1261
8534,1.0,1.1775,4,2,2,1,1,1,1,True,sub-STSWD1261,105395,8,105395.0,sub-STSWD1261
8535,1.0,0.91543,1,2,2,1,1,1,1,True,sub-STSWD1261,107827,8,107827.0,sub-STSWD1261
8536,1.0,0.62037,1,2,1,1,1,1,1,True,sub-STSWD1261,110259,8,110259.0,sub-STSWD1261
8537,1.0,0.32425,2,1,2,1,1,1,1,True,sub-STSWD1261,114739,8,114739.0,sub-STSWD1261
8538,1.0,0.37119,2,1,2,1,1,1,1,True,sub-STSWD1261,117171,8,117171.0,sub-STSWD1261
8539,1.0,0.38612,2,1,1,1,1,1,1,True,sub-STSWD1261,119603,8,119603.0,sub-STSWD1261
8540,1.0,0.35706,2,1,1,1,1,1,1,True,sub-STSWD1261,122035,8,122035.0,sub-STSWD1261
8541,1.0,0.39494,2,1,2,1,1,1,1,True,sub-STSWD1261,124467,8,124467.0,sub-STSWD1261
8542,1.0,0.40096,2,1,1,1,1,1,1,True,sub-STSWD1261,126899,8,126899.0,sub-STSWD1261
8543,1.0,0.36189,2,1,1,1,1,1,1,True,sub-STSWD1261,129331,8,129331.0,sub-STSWD1261
8544,1.0,0.36873,2,1,2,1,1,1,1,True,sub-STSWD1261,131763,8,131763.0,sub-STSWD1261
8545,1.0,0.75167,1,4,1,1,1,1,1,True,sub-STSWD1261,136243,8,136243.0,sub-STSWD1261
8546,0.0,0.80961,4,4,1,1,1,1,1,True,sub-STSWD1261,138675,8,138675.0,sub-STSWD1261
8547,1.0,1.0275,2,4,1,1,1,1,1,True,sub-STSWD1261,141107,8,141107.0,sub-STSWD1261
8548,0.0,0.77048,1,4,2,1,1,1,1,True,sub-STSWD1261,143539,8,143539.0,sub-STSWD1261
8549,1.0,0.74942,1,4,1,1,1,1,1,True,sub-STSWD1261,145970,8,145970.0,sub-STSWD1261
8550,0.0,1.0453,3,4,2,1,1,1,1,True,sub-STSWD1261,148402,8,148402.0,sub-STSWD1261
8551,1.0,0.98024,3,4,1,1,1,1,1,True,sub-STSWD1261,150835,8,150835.0,sub-STSWD1261
8552,1.0,0.81927,2,4,2,1,1,1,1,True,sub-STSWD1261,153266,8,153266.0,sub-STSWD1261
8553,1.0,0.45315,3,1,1,1,1,1,1,True,sub-STSWD1261,157746,8,157746.0,sub-STSWD1261
8554,1.0,0.43005,3,1,1,1,1,1,1,True,sub-STSWD1261,160178,8,160178.0,sub-STSWD1261
8555,1.0,0.45498,3,1,2,1,1,1,1,True,sub-STSWD1261,162610,8,162610.0,sub-STSWD1261
8556,1.0,0.38396,3,1,1,1,1,1,1,True,sub-STSWD1261,165042,8,165042.0,sub-STSWD1261
8557,1.0,0.31085,3,1,2,1,1,1,1,True,sub-STSWD1261,167474,8,167474.0,sub-STSWD1261
8558,1.0,0.37578,3,1,1,1,1,1,1,True,sub-STSWD1261,169906,8,169906.0,sub-STSWD1261
8559,1.0,0.42872,3,1,1,1,1,1,1,True,sub-STSWD1261,172338,8,172338.0,sub-STSWD1261
8560,1.0,0.45363,3,1,1,1,1,1,1,True,sub-STSWD1261,174770,8,174770.0,sub-STSWD1261
8561,1.0,0.54349,1,2,1,1,1,1,1,True,sub-STSWD1261,179250,8,179250.0,sub-STSWD1261
8562,1.0,0.58262,2,2,2,1,1,1,1,True,sub-STSWD1261,181682,8,181682.0,sub-STSWD1261
8563,1.0,0.43737,1,2,2,1,1,1,1,True,sub-STSWD1261,184114,8,184114.0,sub-STSWD1261
8564,1.0,0.9093,1,2,2,1,1,1,1,True,sub-STSWD1261,186546,8,186546.0,sub-STSWD1261
8565,1.0,0.45728,2,2,1,1,1,1,1,True,sub-STSWD1261,188978,8,188978.0,sub-STSWD1261
8566,0.0,1.0852,1,2,2,1,1,1,1,True,sub-STSWD1261,191410,8,191410.0,sub-STSWD1261
8567,1.0,0.47315,2,2,2,1,1,1,1,True,sub-STSWD1261,193842,8,193842.0,sub-STSWD1261
8568,1.0,0.60708,2,2,1,1,1,1,1,True,sub-STSWD1261,196274,8,196274.0,sub-STSWD1261
8569,1.0,1.2388,3,4,2,1,1,1,1,True,sub-STSWD1261,200754,8,200754.0,sub-STSWD1261
8570,1.0,1.1608,4,4,2,1,1,1,1,True,sub-STSWD1261,205618,8,205618.0,sub-STSWD1261
8571,0.0,1.1608,4,4,1,1,1,1,1,True,sub-STSWD1261,208050,8,208050.0,sub-STSWD1261
8572,1.0,0.56674,4,4,2,1,1,1,1,True,sub-STSWD1261,210482,8,210482.0,sub-STSWD1261
8573,1.0,0.98964,1,4,2,1,1,1,1,True,sub-STSWD1261,212914,8,212914.0,sub-STSWD1261
8574,1.0,0.6465,2,4,1,1,1,1,1,True,sub-STSWD1261,215346,8,215346.0,sub-STSWD1261
8575,1.0,0.79652,2,4,1,1,1,1,1,True,sub-STSWD1261,217778,8,217778.0,sub-STSWD1261
8576,1.0,0.79935,3,3,1,1,1,1,1,True,sub-STSWD1261,222258,8,222258.0,sub-STSWD1261
8577,1.0,0.67233,2,3,2,1,1,1,1,True,sub-STSWD1261,224690,8,224690.0,sub-STSWD1261
8578,1.0,0.64123,2,3,2,1,1,1,1,True,sub-STSWD1261,227122,8,227122.0,sub-STSWD1261
8579,1.0,0.6672,2,3,1,1,1,1,1,True,sub-STSWD1261,229554,8,229554.0,sub-STSWD1261
8580,1.0,0.84809,3,3,1,1,1,1,1,True,sub-STSWD1261,231986,8,231986.0,sub-STSWD1261
8581,1.0,0.50903,2,3,1,1,1,1,1,True,sub-STSWD1261,234417,8,234417.0,sub-STSWD1261
8582,1.0,0.67102,2,3,2,1,1,1,1,True,sub-STSWD1261,236849,8,236849.0,sub-STSWD1261
8583,1.0,0.72895,1,3,2,1,1,1,1,True,sub-STSWD1261,239281,8,239281.0,sub-STSWD1261
8584,1.0,0.42635,2,1,2,1,1,1,1,True,sub-STSWD1261,275151,8,275151.0,sub-STSWD1261
8585,1.0,0.32791,2,1,2,1,1,1,1,True,sub-STSWD1261,277583,8,277583.0,sub-STSWD1261
8586,1.0,0.40221,2,1,1,1,1,1,1,True,sub-STSWD1261,280015,8,280015.0,sub-STSWD1261
8587,1.0,0.31719,2,1,2,1,1,1,1,True,sub-STSWD1261,282447,8,282447.0,sub-STSWD1261
8588,1.0,0.28505,2,1,2,1,1,1,1,True,sub-STSWD1261,284879,8,284879.0,sub-STSWD1261
8589,1.0,0.40694,2,1,1,1,1,1,1,True,sub-STSWD1261,287311,8,287311.0,sub-STSWD1261
8590,1.0,0.35496,2,1,1,1,1,1,1,True,sub-STSWD1261,289743,8,289743.0,sub-STSWD1261
8591,1.0,0.37193,2,1,1,1,1,1,1,True,sub-STSWD1261,292175,8,292175.0,sub-STSWD1261
8592,1.0,0.59381,2,2,2,1,1,1,1,True,sub-STSWD1261,296655,8,296655.0,sub-STSWD1261
8593,1.0,0.4507,2,2,1,1,1,1,1,True,sub-STSWD1261,299087,8,299087.0,sub-STSWD1261
8594,1.0,0.32961,3,2,1,1,1,1,1,True,sub-STSWD1261,301519,8,301519.0,sub-STSWD1261
8595,1.0,0.62656,3,2,2,1,1,1,1,True,sub-STSWD1261,303951,8,303951.0,sub-STSWD1261
8596,1.0,0.50052,3,2,2,1,1,1,1,True,sub-STSWD1261,306383,8,306383.0,sub-STSWD1261
8597,1.0,0.71345,2,2,2,1,1,1,1,True,sub-STSWD1261,308815,8,308815.0,sub-STSWD1261
8598,1.0,0.65639,3,2,2,1,1,1,1,True,sub-STSWD1261,311247,8,311247.0,sub-STSWD1261
8599,1.0,0.41632,2,2,2,1,1,1,1,True,sub-STSWD1261,313679,8,313679.0,sub-STSWD1261
8600,0.0,1.1181,4,3,1,1,1,1,1,True,sub-STSWD1261,318159,8,318159.0,sub-STSWD1261
8601,0.0,0.59314,4,3,1,1,1,1,1,True,sub-STSWD1261,320591,8,320591.0,sub-STSWD1261
8602,0.0,0.85112,4,3,1,1,1,1,1,True,sub-STSWD1261,323022,8,323022.0,sub-STSWD1261
8603,1.0,0.70593,1,3,1,1,1,1,1,True,sub-STSWD1261,325454,8,325454.0,sub-STSWD1261
8604,1.0,1.0899,3,3,2,1,1,1,1,True,sub-STSWD1261,327886,8,327886.0,sub-STSWD1261
8605,1.0,0.70384,4,3,2,1,1,1,1,True,sub-STSWD1261,330318,8,330318.0,sub-STSWD1261
8606,1.0,0.79286,4,3,1,1,1,1,1,True,sub-STSWD1261,332750,8,332750.0,sub-STSWD1261
8607,1.0,0.73177,4,3,1,1,1,1,1,True,sub-STSWD1261,335182,8,335182.0,sub-STSWD1261
8608,1.0,0.84656,2,4,1,1,1,1,1,True,sub-STSWD1261,339662,8,339662.0,sub-STSWD1261
8609,1.0,0.69065,2,4,2,1,1,1,1,True,sub-STSWD1261,342094,8,342094.0,sub-STSWD1261
8610,1.0,0.88248,3,4,1,1,1,1,1,True,sub-STSWD1261,344526,8,344526.0,sub-STSWD1261
8611,1.0,0.86837,3,4,2,1,1,1,1,True,sub-STSWD1261,346958,8,346958.0,sub-STSWD1261
8612,1.0,1.0593,3,4,2,1,1,1,1,True,sub-STSWD1261,349390,8,349390.0,sub-STSWD1261
8613,1.0,0.78125,1,4,2,1,1,1,1,True,sub-STSWD1261,351822,8,351822.0,sub-STSWD1261
8614,1.0,0.93121,4,4,2,1,1,1,1,True,sub-STSWD1261,354254,8,354254.0,sub-STSWD1261
8615,1.0,0.65514,4,4,2,1,1,1,1,True,sub-STSWD1261,356686,8,356686.0,sub-STSWD1261
8616,1.0,0.75003,1,2,2,1,1,1,1,True,sub-STSWD1261,361166,8,361166.0,sub-STSWD1261
8617,1.0,0.45301,2,2,2,1,1,1,1,True,sub-STSWD1261,363598,8,363598.0,sub-STSWD1261
8618,1.0,0.5119,2,2,1,1,1,1,1,True,sub-STSWD1261,366030,8,366030.0,sub-STSWD1261
8619,1.0,0.67005,2,2,1,1,1,1,1,True,sub-STSWD1261,368462,8,368462.0,sub-STSWD1261
8620,1.0,0.40477,1,2,2,1,1,1,1,True,sub-STSWD1261,370894,8,370894.0,sub-STSWD1261
8621,1.0,0.44176,1,2,1,1,1,1,1,True,sub-STSWD1261,373326,8,373326.0,sub-STSWD1261
8622,1.0,0.52569,1,2,1,1,1,1,1,True,sub-STSWD1261,375758,8,375758.0,sub-STSWD1261
8623,1.0,0.5315,2,2,2,1,1,1,1,True,sub-STSWD1261,378190,8,378190.0,sub-STSWD1261
8624,1.0,0.50346,2,3,1,1,1,1,1,True,sub-STSWD1261,382670,8,382670.0,sub-STSWD1261
8625,1.0,0.59532,2,3,1,1,1,1,1,True,sub-STSWD1261,385102,8,385102.0,sub-STSWD1261
8626,1.0,0.72935,2,3,2,1,1,1,1,True,sub-STSWD1261,387534,8,387534.0,sub-STSWD1261
8627,1.0,0.64927,3,3,2,1,1,1,1,True,sub-STSWD1261,389966,8,389966.0,sub-STSWD1261
8628,1.0,0.66813,1,3,1,1,1,1,1,True,sub-STSWD1261,392398,8,392398.0,sub-STSWD1261
8629,1.0,0.42816,1,3,2,1,1,1,1,True,sub-STSWD1261,394830,8,394830.0,sub-STSWD1261
8630,1.0,0.58713,3,3,1,1,1,1,1,True,sub-STSWD1261,397262,8,397262.0,sub-STSWD1261
8631,1.0,0.67202,1,3,2,1,1,1,1,True,sub-STSWD1261,399694,8,399694.0,sub-STSWD1261
8632,1.0,0.51691,4,4,2,1,1,1,1,True,sub-STSWD1261,404174,8,404174.0,sub-STSWD1261
8633,1.0,0.75188,1,4,2,1,1,1,1,True,sub-STSWD1261,406606,8,406606.0,sub-STSWD1261
8634,0.0,0.91878,1,4,2,1,1,1,1,True,sub-STSWD1261,409038,8,409038.0,sub-STSWD1261
8635,1.0,0.81471,4,4,2,1,1,1,1,True,sub-STSWD1261,411470,8,411470.0,sub-STSWD1261
8636,1.0,0.69769,2,4,2,1,1,1,1,True,sub-STSWD1261,413902,8,413902.0,sub-STSWD1261
8637,1.0,0.60263,2,4,2,1,1,1,1,True,sub-STSWD1261,416334,8,416334.0,sub-STSWD1261
8638,1.0,0.83652,3,4,2,1,1,1,1,True,sub-STSWD1261,418766,8,418766.0,sub-STSWD1261
8639,1.0,0.75046,1,4,2,1,1,1,1,True,sub-STSWD1261,421197,8,421197.0,sub-STSWD1261
8640,0.0,0.88834,4,1,1,1,1,1,1,True,sub-STSWD1261,425677,8,425677.0,sub-STSWD1261
8641,1.0,0.34128,4,1,2,1,1,1,1,True,sub-STSWD1261,428109,8,428109.0,sub-STSWD1261
8642,1.0,0.3423,4,1,1,1,1,1,1,True,sub-STSWD1261,430541,8,430541.0,sub-STSWD1261
8643,1.0,0.31109,4,1,1,1,1,1,1,True,sub-STSWD1261,432973,8,432973.0,sub-STSWD1261
8644,1.0,0.31508,4,1,2,1,1,1,1,True,sub-STSWD1261,435405,8,435405.0,sub-STSWD1261
8645,1.0,0.39998,4,1,2,1,1,1,1,True,sub-STSWD1261,437837,8,437837.0,sub-STSWD1261
8646,1.0,0.342,4,1,1,1,1,1,1,True,sub-STSWD1261,440269,8,440269.0,sub-STSWD1261
8647,1.0,0.33498,4,1,1,1,1,1,1,True,sub-STSWD1261,442701,8,442701.0,sub-STSWD1261
8648,1.0,0.61498,4,2,2,1,1,1,1,True,sub-STSWD1261,480793,8,480793.0,sub-STSWD1261
8649,1.0,0.50882,3,2,1,1,1,1,1,True,sub-STSWD1261,483225,8,483225.0,sub-STSWD1261
8650,1.0,0.53474,4,2,1,1,1,1,1,True,sub-STSWD1261,485658,8,485658.0,sub-STSWD1261
8651,1.0,0.78076,4,2,1,1,1,1,1,True,sub-STSWD1261,488090,8,488090.0,sub-STSWD1261
8652,1.0,0.61261,3,2,2,1,1,1,1,True,sub-STSWD1261,492953,8,492953.0,sub-STSWD1261
8653,1.0,0.44855,3,2,1,1,1,1,1,True,sub-STSWD1261,495385,8,495385.0,sub-STSWD1261
8654,1.0,0.90148,3,2,2,1,1,1,1,True,sub-STSWD1261,497817,8,497817.0,sub-STSWD1261
8655,1.0,0.79035,1,4,1,1,1,1,1,True,sub-STSWD1261,502297,8,502297.0,sub-STSWD1261
8656,1.0,0.60831,3,4,1,1,1,1,1,True,sub-STSWD1261,504730,8,504730.0,sub-STSWD1261
8657,1.0,0.84215,3,4,1,1,1,1,1,True,sub-STSWD1261,507161,8,507161.0,sub-STSWD1261
8658,1.0,0.68117,2,4,2,1,1,1,1,True,sub-STSWD1261,509593,8,509593.0,sub-STSWD1261
8659,1.0,0.67112,1,4,1,1,1,1,1,True,sub-STSWD1261,512025,8,512025.0,sub-STSWD1261
8660,1.0,0.61697,1,4,1,1,1,1,1,True,sub-STSWD1261,514457,8,514457.0,sub-STSWD1261
8661,0.0,0.64228,4,4,1,1,1,1,1,True,sub-STSWD1261,516889,8,516889.0,sub-STSWD1261
8662,1.0,0.69891,2,4,1,1,1,1,1,True,sub-STSWD1261,519321,8,519321.0,sub-STSWD1261
8663,1.0,0.34486,3,1,2,1,1,1,1,True,sub-STSWD1261,523801,8,523801.0,sub-STSWD1261
8664,1.0,0.30779,3,1,2,1,1,1,1,True,sub-STSWD1261,526233,8,526233.0,sub-STSWD1261
8665,1.0,0.28068,3,1,1,1,1,1,1,True,sub-STSWD1261,528665,8,528665.0,sub-STSWD1261
8666,1.0,0.30961,3,1,2,1,1,1,1,True,sub-STSWD1261,531097,8,531097.0,sub-STSWD1261
8667,1.0,0.31255,3,1,2,1,1,1,1,True,sub-STSWD1261,533529,8,533529.0,sub-STSWD1261
8668,1.0,0.2535,3,1,2,1,1,1,1,True,sub-STSWD1261,535961,8,535961.0,sub-STSWD1261
8669,1.0,0.29746,3,1,1,1,1,1,1,True,sub-STSWD1261,538393,8,538393.0,sub-STSWD1261
8670,1.0,0.31836,3,1,2,1,1,1,1,True,sub-STSWD1261,540825,8,540825.0,sub-STSWD1261
8671,1.0,0.77125,3,3,1,1,1,1,1,True,sub-STSWD1261,545305,8,545305.0,sub-STSWD1261
8672,1.0,0.77818,3,3,2,1,1,1,1,True,sub-STSWD1261,547737,8,547737.0,sub-STSWD1261
8673,1.0,0.51715,4,3,2,1,1,1,1,True,sub-STSWD1261,550169,8,550169.0,sub-STSWD1261
8674,1.0,0.89404,1,3,1,1,1,1,1,True,sub-STSWD1261,552601,8,552601.0,sub-STSWD1261
8675,0.0,0.78999,1,3,1,1,1,1,1,True,sub-STSWD1261,555033,8,555033.0,sub-STSWD1261
8676,1.0,0.56488,4,3,2,1,1,1,1,True,sub-STSWD1261,557465,8,557465.0,sub-STSWD1261
8677,1.0,0.6849,3,3,2,1,1,1,1,True,sub-STSWD1261,559897,8,559897.0,sub-STSWD1261
8678,1.0,0.55284,1,3,1,1,1,1,1,True,sub-STSWD1261,562329,8,562329.0,sub-STSWD1261
8679,1.0,0.60165,2,4,1,1,1,1,1,True,sub-STSWD1261,566809,8,566809.0,sub-STSWD1261
8680,1.0,0.46762,2,4,1,1,1,1,1,True,sub-STSWD1261,569241,8,569241.0,sub-STSWD1261
8681,0.0,0.52157,3,4,1,1,1,1,1,True,sub-STSWD1261,571673,8,571673.0,sub-STSWD1261
8682,1.0,0.6915,3,4,1,1,1,1,1,True,sub-STSWD1261,574105,8,574105.0,sub-STSWD1261
8683,1.0,0.54738,4,4,1,1,1,1,1,True,sub-STSWD1261,576537,8,576537.0,sub-STSWD1261
8684,1.0,0.52536,4,4,1,1,1,1,1,True,sub-STSWD1261,578969,8,578969.0,sub-STSWD1261
8685,0.0,0.9553,4,4,1,1,1,1,1,True,sub-STSWD1261,581401,8,581401.0,sub-STSWD1261
8686,1.0,0.55227,1,4,1,1,1,1,1,True,sub-STSWD1261,583833,8,583833.0,sub-STSWD1261
8687,1.0,0.55511,4,3,2,1,1,1,1,True,sub-STSWD1261,588313,8,588313.0,sub-STSWD1261
8688,1.0,0.934,4,3,2,1,1,1,1,True,sub-STSWD1261,590745,8,590745.0,sub-STSWD1261
8689,1.0,0.63503,2,3,2,1,1,1,1,True,sub-STSWD1261,593177,8,593177.0,sub-STSWD1261
8690,1.0,0.84192,4,3,2,1,1,1,1,True,sub-STSWD1261,595609,8,595609.0,sub-STSWD1261
8691,1.0,0.81781,1,3,1,1,1,1,1,True,sub-STSWD1261,598041,8,598041.0,sub-STSWD1261
8692,1.0,0.76984,1,3,2,1,1,1,1,True,sub-STSWD1261,600473,8,600473.0,sub-STSWD1261
8693,1.0,0.66874,1,3,2,1,1,1,1,True,sub-STSWD1261,602905,8,602905.0,sub-STSWD1261
8694,1.0,0.63657,2,3,2,1,1,1,1,True,sub-STSWD1261,605337,8,605337.0,sub-STSWD1261
8695,1.0,0.52855,1,2,1,1,1,1,1,True,sub-STSWD1261,609817,8,609817.0,sub-STSWD1261
8696,1.0,0.46948,1,2,1,1,1,1,1,True,sub-STSWD1261,612249,8,612249.0,sub-STSWD1261
8697,1.0,0.58142,3,2,1,1,1,1,1,True,sub-STSWD1261,614681,8,614681.0,sub-STSWD1261
8698,1.0,0.64436,3,2,2,1,1,1,1,True,sub-STSWD1261,617113,8,617113.0,sub-STSWD1261
8699,1.0,0.6723,1,2,2,1,1,1,1,True,sub-STSWD1261,619545,8,619545.0,sub-STSWD1261
8700,1.0,0.51723,3,2,1,1,1,1,1,True,sub-STSWD1261,621977,8,621977.0,sub-STSWD1261
8701,1.0,0.43717,3,2,1,1,1,1,1,True,sub-STSWD1261,624408,8,624408.0,sub-STSWD1261
8702,1.0,0.44411,1,2,1,1,1,1,1,True,sub-STSWD1261,626840,8,626840.0,sub-STSWD1261
8703,1.0,0.332,4,1,2,1,1,1,1,True,sub-STSWD1261,631320,8,631320.0,sub-STSWD1261
8704,1.0,0.52993,4,1,1,1,1,1,1,True,sub-STSWD1261,633752,8,633752.0,sub-STSWD1261
8705,1.0,0.27982,4,1,1,1,1,1,1,True,sub-STSWD1261,636184,8,636184.0,sub-STSWD1261
8706,1.0,0.35581,4,1,2,1,1,1,1,True,sub-STSWD1261,638616,8,638616.0,sub-STSWD1261
8707,1.0,0.29375,4,1,2,1,1,1,1,True,sub-STSWD1261,641048,8,641048.0,sub-STSWD1261
8708,1.0,0.61057,4,1,2,1,1,1,1,True,sub-STSWD1261,643480,8,643480.0,sub-STSWD1261
8709,0.0,0.83161,4,1,2,1,1,1,1,True,sub-STSWD1261,645912,8,645912.0,sub-STSWD1261
8710,1.0,0.38059,4,1,1,1,1,1,1,True,sub-STSWD1261,648344,8,648344.0,sub-STSWD1261
8711,1.0,0.45501,2,2,1,1,1,1,1,True,sub-STSWD1261,705163,8,705163.0,sub-STSWD1261
8712,1.0,0.74695,4,2,2,1,1,1,1,True,sub-STSWD1261,707595,8,707595.0,sub-STSWD1261
8713,1.0,0.59995,4,2,2,1,1,1,1,True,sub-STSWD1261,710026,8,710026.0,sub-STSWD1261
8714,1.0,0.44887,2,2,1,1,1,1,1,True,sub-STSWD1261,712458,8,712458.0,sub-STSWD1261
8715,1.0,0.32684,4,2,1,1,1,1,1,True,sub-STSWD1261,714891,8,714891.0,sub-STSWD1261
8716,1.0,0.56174,4,2,1,1,1,1,1,True,sub-STSWD1261,717322,8,717322.0,sub-STSWD1261
8717,1.0,0.41472,2,2,1,1,1,1,1,True,sub-STSWD1261,719754,8,719754.0,sub-STSWD1261
8718,1.0,0.34162,2,2,2,1,1,1,1,True,sub-STSWD1261,722186,8,722186.0,sub-STSWD1261
8719,0.0,0.64854,4,4,2,1,1,1,1,True,sub-STSWD1261,726666,8,726666.0,sub-STSWD1261
8720,1.0,0.73044,3,4,1,1,1,1,1,True,sub-STSWD1261,729098,8,729098.0,sub-STSWD1261
8721,1.0,0.82733,3,4,1,1,1,1,1,True,sub-STSWD1261,731531,8,731531.0,sub-STSWD1261
8722,1.0,0.75627,1,4,1,1,1,1,1,True,sub-STSWD1261,733963,8,733963.0,sub-STSWD1261
8723,1.0,0.6772,2,4,1,1,1,1,1,True,sub-STSWD1261,736394,8,736394.0,sub-STSWD1261
8724,1.0,0.76617,1,4,2,1,1,1,1,True,sub-STSWD1261,738826,8,738826.0,sub-STSWD1261
8725,1.0,0.61612,2,4,2,1,1,1,1,True,sub-STSWD1261,741258,8,741258.0,sub-STSWD1261
8726,1.0,0.7829,2,4,2,1,1,1,1,True,sub-STSWD1261,743690,8,743690.0,sub-STSWD1261
8727,1.0,0.42993,2,3,2,1,1,1,1,True,sub-STSWD1261,748170,8,748170.0,sub-STSWD1261
8728,1.0,0.42984,2,3,1,1,1,1,1,True,sub-STSWD1261,750602,8,750602.0,sub-STSWD1261
8729,1.0,0.60477,3,3,2,1,1,1,1,True,sub-STSWD1261,753034,8,753034.0,sub-STSWD1261
8730,1.0,0.71771,3,3,2,1,1,1,1,True,sub-STSWD1261,755466,8,755466.0,sub-STSWD1261
8731,1.0,0.70172,4,3,1,1,1,1,1,True,sub-STSWD1261,757898,8,757898.0,sub-STSWD1261
8732,1.0,0.4967,4,3,1,1,1,1,1,True,sub-STSWD1261,760330,8,760330.0,sub-STSWD1261
8733,1.0,0.60056,3,3,2,1,1,1,1,True,sub-STSWD1261,762762,8,762762.0,sub-STSWD1261
8734,1.0,0.64637,3,3,1,1,1,1,1,True,sub-STSWD1261,765194,8,765194.0,sub-STSWD1261
8735,1.0,0.37034,1,1,1,1,1,1,1,True,sub-STSWD1261,769674,8,769674.0,sub-STSWD1261
8736,1.0,0.27822,1,1,1,1,1,1,1,True,sub-STSWD1261,772106,8,772106.0,sub-STSWD1261
8737,1.0,0.28517,1,1,2,1,1,1,1,True,sub-STSWD1261,774538,8,774538.0,sub-STSWD1261
8738,1.0,0.29424,1,1,2,1,1,1,1,True,sub-STSWD1261,776970,8,776970.0,sub-STSWD1261
8739,1.0,0.28232,1,1,1,1,1,1,1,True,sub-STSWD1261,779402,8,779402.0,sub-STSWD1261
8740,1.0,0.37602,1,1,2,1,1,1,1,True,sub-STSWD1261,781834,8,781834.0,sub-STSWD1261
8741,1.0,0.33228,1,1,1,1,1,1,1,True,sub-STSWD1261,784266,8,784266.0,sub-STSWD1261
8742,1.0,0.34822,1,1,2,1,1,1,1,True,sub-STSWD1261,786698,8,786698.0,sub-STSWD1261
8743,1.0,0.58915,2,4,2,1,1,1,1,True,sub-STSWD1261,791178,8,791178.0,sub-STSWD1261
8744,1.0,0.58105,4,4,2,1,1,1,1,True,sub-STSWD1261,793610,8,793610.0,sub-STSWD1261
8745,1.0,0.71702,4,4,1,1,1,1,1,True,sub-STSWD1261,796042,8,796042.0,sub-STSWD1261
8746,1.0,0.48096,4,4,1,1,1,1,1,True,sub-STSWD1261,798474,8,798474.0,sub-STSWD1261
8747,1.0,0.62356,1,4,1,1,1,1,1,True,sub-STSWD1261,800906,8,800906.0,sub-STSWD1261
8748,1.0,0.71741,1,4,2,1,1,1,1,True,sub-STSWD1261,803338,8,803338.0,sub-STSWD1261
8749,1.0,0.87276,3,4,2,1,1,1,1,True,sub-STSWD1261,805770,8,805770.0,sub-STSWD1261
8750,0.0,0.87366,3,4,2,1,1,1,1,True,sub-STSWD1261,808202,8,808202.0,sub-STSWD1261
8751,1.0,0.39326,4,3,1,1,1,1,1,True,sub-STSWD1261,812682,8,812682.0,sub-STSWD1261
8752,1.0,0.58155,2,3,1,1,1,1,1,True,sub-STSWD1261,815114,8,815114.0,sub-STSWD1261
8753,1.0,0.66542,3,3,1,1,1,1,1,True,sub-STSWD1261,817546,8,817546.0,sub-STSWD1261
8754,0.0,0.60836,2,3,2,1,1,1,1,True,sub-STSWD1261,819978,8,819978.0,sub-STSWD1261
8755,1.0,0.7133,3,3,1,1,1,1,1,True,sub-STSWD1261,822410,8,822410.0,sub-STSWD1261
8756,1.0,0.50831,3,3,2,1,1,1,1,True,sub-STSWD1261,824842,8,824842.0,sub-STSWD1261
8757,1.0,0.80116,3,3,1,1,1,1,1,True,sub-STSWD1261,827273,8,827273.0,sub-STSWD1261
8758,1.0,0.49014,4,3,2,1,1,1,1,True,sub-STSWD1261,829705,8,829705.0,sub-STSWD1261
8759,1.0,0.25999,1,1,2,1,1,1,1,True,sub-STSWD1261,834185,8,834185.0,sub-STSWD1261
8760,1.0,0.31501,1,1,1,1,1,1,1,True,sub-STSWD1261,836618,8,836618.0,sub-STSWD1261
8761,1.0,0.30491,1,1,2,1,1,1,1,True,sub-STSWD1261,839049,8,839049.0,sub-STSWD1261
8762,1.0,0.29684,1,1,1,1,1,1,1,True,sub-STSWD1261,841481,8,841481.0,sub-STSWD1261
8763,1.0,0.29373,1,1,1,1,1,1,1,True,sub-STSWD1261,843913,8,843913.0,sub-STSWD1261
8764,1.0,0.41471,1,1,2,1,1,1,1,True,sub-STSWD1261,846346,8,846346.0,sub-STSWD1261
8765,1.0,0.40265,1,1,2,1,1,1,1,True,sub-STSWD1261,848778,8,848778.0,sub-STSWD1261
8766,1.0,0.39359,1,1,1,1,1,1,1,True,sub-STSWD1261,851209,8,851209.0,sub-STSWD1261
8767,1.0,0.52047,4,2,1,1,1,1,1,True,sub-STSWD1261,855689,8,855689.0,sub-STSWD1261
8768,1.0,0.69731,4,2,1,1,1,1,1,True,sub-STSWD1261,858121,8,858121.0,sub-STSWD1261
8769,1.0,0.61134,3,2,1,1,1,1,1,True,sub-STSWD1261,860554,8,860554.0,sub-STSWD1261
8770,1.0,0.9113,4,2,2,1,1,1,1,True,sub-STSWD1261,862985,8,862985.0,sub-STSWD1261
8771,1.0,0.50821,3,2,2,1,1,1,1,True,sub-STSWD1261,865418,8,865418.0,sub-STSWD1261
8772,1.0,0.53416,4,2,1,1,1,1,1,True,sub-STSWD1261,867849,8,867849.0,sub-STSWD1261
8773,1.0,0.43111,3,2,2,1,1,1,1,True,sub-STSWD1261,870282,8,870282.0,sub-STSWD1261
8774,1.0,0.55606,3,2,1,1,1,1,1,True,sub-STSWD1261,872713,8,872713.0,sub-STSWD1261
8775,1.0,1.0879,3,3,1,1,1,1,1,True,sub-STSWD1265,31912,8,31912.0,sub-STSWD1265
8776,1.0,1.1329,3,3,2,1,1,1,1,True,sub-STSWD1265,34343,8,34343.0,sub-STSWD1265
8777,1.0,0.70682,3,3,2,1,1,1,1,True,sub-STSWD1265,36775,8,36775.0,sub-STSWD1265
8778,1.0,0.43172,3,3,2,1,1,1,1,True,sub-STSWD1265,39207,8,39207.0,sub-STSWD1265
8779,1.0,1.0277,2,3,2,1,1,1,1,True,sub-STSWD1265,41639,8,41639.0,sub-STSWD1265
8780,1.0,0.50264,3,3,2,1,1,1,1,True,sub-STSWD1265,46503,8,46503.0,sub-STSWD1265
8781,1.0,1.0666,4,3,2,1,1,1,1,True,sub-STSWD1265,48935,8,48935.0,sub-STSWD1265
8782,1.0,0.33441,2,1,1,1,1,1,1,True,sub-STSWD1265,53415,8,53415.0,sub-STSWD1265
8783,1.0,0.42735,2,1,1,1,1,1,1,True,sub-STSWD1265,55847,8,55847.0,sub-STSWD1265
8784,1.0,0.52027,2,1,1,1,1,1,1,True,sub-STSWD1265,58279,8,58279.0,sub-STSWD1265
8785,1.0,0.46326,2,1,2,1,1,1,1,True,sub-STSWD1265,60711,8,60711.0,sub-STSWD1265
8786,1.0,0.43416,2,1,1,1,1,1,1,True,sub-STSWD1265,63143,8,63143.0,sub-STSWD1265
8787,1.0,0.46609,2,1,2,1,1,1,1,True,sub-STSWD1265,65575,8,65575.0,sub-STSWD1265
8788,0.0,0.43002,2,1,1,1,1,1,1,True,sub-STSWD1265,68007,8,68007.0,sub-STSWD1265
8789,1.0,0.39601,2,1,1,1,1,1,1,True,sub-STSWD1265,70439,8,70439.0,sub-STSWD1265
8790,1.0,0.54484,1,2,1,1,1,1,1,True,sub-STSWD1265,74919,8,74919.0,sub-STSWD1265
8791,1.0,0.96678,1,2,1,1,1,1,1,True,sub-STSWD1265,77351,8,77351.0,sub-STSWD1265
8792,1.0,0.55972,4,2,1,1,1,1,1,True,sub-STSWD1265,79783,8,79783.0,sub-STSWD1265
8793,1.0,0.37571,4,2,2,1,1,1,1,True,sub-STSWD1265,82215,8,82215.0,sub-STSWD1265
8794,1.0,0.42764,4,2,2,1,1,1,1,True,sub-STSWD1265,84647,8,84647.0,sub-STSWD1265
8795,1.0,0.49953,1,2,1,1,1,1,1,True,sub-STSWD1265,87079,8,87079.0,sub-STSWD1265
8796,1.0,0.47846,4,2,1,1,1,1,1,True,sub-STSWD1265,89511,8,89511.0,sub-STSWD1265
8797,1.0,0.43241,1,2,2,1,1,1,1,True,sub-STSWD1265,91943,8,91943.0,sub-STSWD1265
8798,1.0,1.1743,4,4,2,1,1,1,1,True,sub-STSWD1265,96423,8,96423.0,sub-STSWD1265
8799,1.0,0.9472,4,4,2,1,1,1,1,True,sub-STSWD1265,98854,8,98854.0,sub-STSWD1265
8800,1.0,0.79721,3,4,1,1,1,1,1,True,sub-STSWD1265,101286,8,101286.0,sub-STSWD1265
8801,1.0,0.53709,3,4,2,1,1,1,1,True,sub-STSWD1265,103718,8,103718.0,sub-STSWD1265
8802,1.0,0.80407,3,4,1,1,1,1,1,True,sub-STSWD1265,106150,8,106150.0,sub-STSWD1265
8803,0.0,0.757,2,4,2,1,1,1,1,True,sub-STSWD1265,108582,8,108582.0,sub-STSWD1265
8804,0.0,0.60293,2,4,1,1,1,1,1,True,sub-STSWD1265,111014,8,111014.0,sub-STSWD1265
8805,1.0,0.54684,1,4,1,1,1,1,1,True,sub-STSWD1265,113446,8,113446.0,sub-STSWD1265
8806,1.0,0.31972,2,2,2,1,1,1,1,True,sub-STSWD1265,117926,8,117926.0,sub-STSWD1265
8807,1.0,0.63469,1,2,1,1,1,1,1,True,sub-STSWD1265,120358,8,120358.0,sub-STSWD1265
8808,0.0,0.71664,2,2,1,1,1,1,1,True,sub-STSWD1265,122790,8,122790.0,sub-STSWD1265
8809,1.0,0.33153,1,2,1,1,1,1,1,True,sub-STSWD1265,125222,8,125222.0,sub-STSWD1265
8810,1.0,0.43446,2,2,2,1,1,1,1,True,sub-STSWD1265,127654,8,127654.0,sub-STSWD1265
8811,1.0,0.6274,1,2,2,1,1,1,1,True,sub-STSWD1265,130086,8,130086.0,sub-STSWD1265
8812,1.0,0.31238,1,2,1,1,1,1,1,True,sub-STSWD1265,132518,8,132518.0,sub-STSWD1265
8813,1.0,0.44827,1,2,2,1,1,1,1,True,sub-STSWD1265,134950,8,134950.0,sub-STSWD1265
8814,0.0,0.64618,2,4,1,1,1,1,1,True,sub-STSWD1265,139430,8,139430.0,sub-STSWD1265
8815,0.0,0.58613,2,4,1,1,1,1,1,True,sub-STSWD1265,141862,8,141862.0,sub-STSWD1265
8816,1.0,0.83607,4,4,2,1,1,1,1,True,sub-STSWD1265,144294,8,144294.0,sub-STSWD1265
8817,1.0,0.747,1,4,2,1,1,1,1,True,sub-STSWD1265,146726,8,146726.0,sub-STSWD1265
8818,1.0,0.6539,1,4,1,1,1,1,1,True,sub-STSWD1265,149158,8,149158.0,sub-STSWD1265
8819,1.0,1.1019,4,4,1,1,1,1,1,True,sub-STSWD1265,151590,8,151590.0,sub-STSWD1265
8820,1.0,0.69081,1,4,1,1,1,1,1,True,sub-STSWD1265,154022,8,154022.0,sub-STSWD1265
8821,1.0,0.7758,3,4,2,1,1,1,1,True,sub-STSWD1265,156454,8,156454.0,sub-STSWD1265
8822,0.0,0.38759,2,1,2,1,1,1,1,True,sub-STSWD1265,160934,8,160934.0,sub-STSWD1265
8823,1.0,0.34857,2,1,2,1,1,1,1,True,sub-STSWD1265,163366,8,163366.0,sub-STSWD1265
8824,1.0,0.25151,2,1,2,1,1,1,1,True,sub-STSWD1265,165798,8,165798.0,sub-STSWD1265
8825,0.0,0.27845,2,1,1,1,1,1,1,True,sub-STSWD1265,168230,8,168230.0,sub-STSWD1265
8826,0.0,0.33439,2,1,2,1,1,1,1,True,sub-STSWD1265,170662,8,170662.0,sub-STSWD1265
8827,1.0,0.30327,2,1,2,1,1,1,1,True,sub-STSWD1265,173094,8,173094.0,sub-STSWD1265
8828,1.0,0.27815,2,1,2,1,1,1,1,True,sub-STSWD1265,175525,8,175525.0,sub-STSWD1265
8829,1.0,0.38019,2,1,1,1,1,1,1,True,sub-STSWD1265,177957,8,177957.0,sub-STSWD1265
8830,1.0,0.62294,3,3,2,1,1,1,1,True,sub-STSWD1265,182437,8,182437.0,sub-STSWD1265
8831,0.0,0.58996,3,3,1,1,1,1,1,True,sub-STSWD1265,184869,8,184869.0,sub-STSWD1265
8832,1.0,0.5829,3,3,2,1,1,1,1,True,sub-STSWD1265,187301,8,187301.0,sub-STSWD1265
8833,0.0,0.51681,2,3,1,1,1,1,1,True,sub-STSWD1265,189733,8,189733.0,sub-STSWD1265
8834,1.0,0.86777,2,3,1,1,1,1,1,True,sub-STSWD1265,192165,8,192165.0,sub-STSWD1265
8835,0.0,0.75372,4,3,1,1,1,1,1,True,sub-STSWD1265,194597,8,194597.0,sub-STSWD1265
8836,1.0,0.59256,2,3,2,1,1,1,1,True,sub-STSWD1265,197029,8,197029.0,sub-STSWD1265
8837,1.0,0.89557,4,3,1,1,1,1,1,True,sub-STSWD1265,199461,8,199461.0,sub-STSWD1265
8838,1.0,0.25309,3,1,2,1,1,1,1,True,sub-STSWD1265,230902,8,230902.0,sub-STSWD1265
8839,1.0,0.82206,3,1,1,1,1,1,1,True,sub-STSWD1265,233334,8,233334.0,sub-STSWD1265
8840,1.0,0.33001,3,1,1,1,1,1,1,True,sub-STSWD1265,235766,8,235766.0,sub-STSWD1265
8841,0.0,0.27195,3,1,1,1,1,1,1,True,sub-STSWD1265,238198,8,238198.0,sub-STSWD1265
8842,1.0,0.26384,3,1,2,1,1,1,1,True,sub-STSWD1265,240630,8,240630.0,sub-STSWD1265
8843,0.0,0.31589,3,1,1,1,1,1,1,True,sub-STSWD1265,243062,8,243062.0,sub-STSWD1265
8844,1.0,0.25768,3,1,2,1,1,1,1,True,sub-STSWD1265,247926,8,247926.0,sub-STSWD1265
8845,1.0,0.35856,4,4,2,1,1,1,1,True,sub-STSWD1265,252406,8,252406.0,sub-STSWD1265
8846,1.0,0.61045,4,4,1,1,1,1,1,True,sub-STSWD1265,254838,8,254838.0,sub-STSWD1265
8847,1.0,0.62039,4,4,1,1,1,1,1,True,sub-STSWD1265,257270,8,257270.0,sub-STSWD1265
8848,1.0,0.81538,1,4,2,1,1,1,1,True,sub-STSWD1265,259702,8,259702.0,sub-STSWD1265
8849,1.0,0.66131,2,4,1,1,1,1,1,True,sub-STSWD1265,262134,8,262134.0,sub-STSWD1265
8850,1.0,0.57224,2,4,2,1,1,1,1,True,sub-STSWD1265,264566,8,264566.0,sub-STSWD1265
8851,1.0,0.47114,3,4,2,1,1,1,1,True,sub-STSWD1265,266998,8,266998.0,sub-STSWD1265
8852,1.0,0.56206,1,4,2,1,1,1,1,True,sub-STSWD1265,269430,8,269430.0,sub-STSWD1265
8853,1.0,0.47395,1,3,1,1,1,1,1,True,sub-STSWD1265,273909,8,273909.0,sub-STSWD1265
8854,1.0,0.44994,1,3,2,1,1,1,1,True,sub-STSWD1265,276342,8,276342.0,sub-STSWD1265
8855,1.0,0.31187,1,3,2,1,1,1,1,True,sub-STSWD1265,278773,8,278773.0,sub-STSWD1265
8856,0.0,0.5768,2,3,1,1,1,1,1,True,sub-STSWD1265,281205,8,281205.0,sub-STSWD1265
8857,1.0,0.57274,2,3,2,1,1,1,1,True,sub-STSWD1265,283637,8,283637.0,sub-STSWD1265
8858,1.0,0.34168,1,3,1,1,1,1,1,True,sub-STSWD1265,286069,8,286069.0,sub-STSWD1265
8859,1.0,0.33861,1,3,1,1,1,1,1,True,sub-STSWD1265,288501,8,288501.0,sub-STSWD1265
8860,1.0,0.78055,4,3,2,1,1,1,1,True,sub-STSWD1265,290933,8,290933.0,sub-STSWD1265
8861,1.0,0.75042,3,2,1,1,1,1,1,True,sub-STSWD1265,295413,8,295413.0,sub-STSWD1265
8862,1.0,0.60437,4,2,2,1,1,1,1,True,sub-STSWD1265,297845,8,297845.0,sub-STSWD1265
8863,1.0,0.36126,4,2,1,1,1,1,1,True,sub-STSWD1265,300277,8,300277.0,sub-STSWD1265
8864,1.0,0.33821,3,2,1,1,1,1,1,True,sub-STSWD1265,302709,8,302709.0,sub-STSWD1265
8865,1.0,0.26014,4,2,1,1,1,1,1,True,sub-STSWD1265,305141,8,305141.0,sub-STSWD1265
8866,0.0,0.58507,4,2,2,1,1,1,1,True,sub-STSWD1265,307573,8,307573.0,sub-STSWD1265
8867,1.0,0.33105,3,2,1,1,1,1,1,True,sub-STSWD1265,310005,8,310005.0,sub-STSWD1265
8868,1.0,0.25002,4,2,1,1,1,1,1,True,sub-STSWD1265,312437,8,312437.0,sub-STSWD1265
8869,0.0,0.74682,1,4,2,1,1,1,1,True,sub-STSWD1265,316917,8,316917.0,sub-STSWD1265
8870,1.0,0.53281,2,4,2,1,1,1,1,True,sub-STSWD1265,319349,8,319349.0,sub-STSWD1265
8871,0.0,0.37466,2,4,2,1,1,1,1,True,sub-STSWD1265,321781,8,321781.0,sub-STSWD1265
8872,1.0,0.36168,1,4,1,1,1,1,1,True,sub-STSWD1265,324213,8,324213.0,sub-STSWD1265
8873,0.0,0.89357,4,4,1,1,1,1,1,True,sub-STSWD1265,326645,8,326645.0,sub-STSWD1265
8874,1.0,0.36455,3,4,1,1,1,1,1,True,sub-STSWD1265,329077,8,329077.0,sub-STSWD1265
8875,1.0,0.79149,3,4,1,1,1,1,1,True,sub-STSWD1265,331509,8,331509.0,sub-STSWD1265
8876,1.0,0.57142,3,4,1,1,1,1,1,True,sub-STSWD1265,333941,8,333941.0,sub-STSWD1265
8877,1.0,0.27225,1,1,1,1,1,1,1,True,sub-STSWD1265,340853,8,340853.0,sub-STSWD1265
8878,1.0,0.32317,1,1,2,1,1,1,1,True,sub-STSWD1265,343284,8,343284.0,sub-STSWD1265
8879,1.0,0.72005,1,1,2,1,1,1,1,True,sub-STSWD1265,348148,8,348148.0,sub-STSWD1265
8880,1.0,0.287,1,1,1,1,1,1,1,True,sub-STSWD1265,350581,8,350581.0,sub-STSWD1265
8881,1.0,0.25082,1,1,2,1,1,1,1,True,sub-STSWD1265,355444,8,355444.0,sub-STSWD1265
8882,0.0,0.34165,3,3,1,1,1,1,1,True,sub-STSWD1265,359924,8,359924.0,sub-STSWD1265
8883,1.0,0.83368,3,3,1,1,1,1,1,True,sub-STSWD1265,362356,8,362356.0,sub-STSWD1265
8884,1.0,0.48149,2,3,2,1,1,1,1,True,sub-STSWD1265,364788,8,364788.0,sub-STSWD1265
8885,0.0,0.65651,2,3,2,1,1,1,1,True,sub-STSWD1265,367220,8,367220.0,sub-STSWD1265
8886,0.0,0.54749,2,3,1,1,1,1,1,True,sub-STSWD1265,369652,8,369652.0,sub-STSWD1265
8887,1.0,0.50641,1,3,1,1,1,1,1,True,sub-STSWD1265,372084,8,372084.0,sub-STSWD1265
8888,1.0,0.64925,1,3,2,1,1,1,1,True,sub-STSWD1265,374516,8,374516.0,sub-STSWD1265
8889,1.0,0.39725,2,3,1,1,1,1,1,True,sub-STSWD1265,376948,8,376948.0,sub-STSWD1265
8890,1.0,0.32718,4,2,2,1,1,1,1,True,sub-STSWD1265,381428,8,381428.0,sub-STSWD1265
8891,1.0,0.62301,3,2,2,1,1,1,1,True,sub-STSWD1265,386292,8,386292.0,sub-STSWD1265
8892,1.0,0.28382,3,2,2,1,1,1,1,True,sub-STSWD1265,388724,8,388724.0,sub-STSWD1265
8893,1.0,0.56291,3,2,2,1,1,1,1,True,sub-STSWD1265,391156,8,391156.0,sub-STSWD1265
8894,0.0,0.61122,3,2,1,1,1,1,1,True,sub-STSWD1265,393588,8,393588.0,sub-STSWD1265
8895,1.0,0.63073,4,2,2,1,1,1,1,True,sub-STSWD1265,396020,8,396020.0,sub-STSWD1265
8896,0.0,0.3537,3,2,1,1,1,1,1,True,sub-STSWD1265,398452,8,398452.0,sub-STSWD1265
8897,0.0,0.66185,4,3,1,1,1,1,1,True,sub-STSWD1265,431501,8,431501.0,sub-STSWD1265
8898,1.0,0.4968,4,3,2,1,1,1,1,True,sub-STSWD1265,433933,8,433933.0,sub-STSWD1265
8899,1.0,0.30674,4,3,2,1,1,1,1,True,sub-STSWD1265,436365,8,436365.0,sub-STSWD1265
8900,1.0,0.37872,1,3,2,1,1,1,1,True,sub-STSWD1265,438797,8,438797.0,sub-STSWD1265
8901,0.0,0.94853,4,3,2,1,1,1,1,True,sub-STSWD1265,443661,8,443661.0,sub-STSWD1265
8902,1.0,0.46248,3,3,1,1,1,1,1,True,sub-STSWD1265,446093,8,446093.0,sub-STSWD1265
8903,1.0,0.30643,1,3,1,1,1,1,1,True,sub-STSWD1265,448525,8,448525.0,sub-STSWD1265
8904,0.0,0.82924,3,4,2,1,1,1,1,True,sub-STSWD1265,453005,8,453005.0,sub-STSWD1265
8905,1.0,0.83322,3,4,2,1,1,1,1,True,sub-STSWD1265,455437,8,455437.0,sub-STSWD1265
8906,1.0,0.70016,4,4,2,1,1,1,1,True,sub-STSWD1265,457869,8,457869.0,sub-STSWD1265
8907,1.0,0.6661,4,4,2,1,1,1,1,True,sub-STSWD1265,460301,8,460301.0,sub-STSWD1265
8908,1.0,0.54803,2,4,1,1,1,1,1,True,sub-STSWD1265,462733,8,462733.0,sub-STSWD1265
8909,0.0,0.50098,2,4,2,1,1,1,1,True,sub-STSWD1265,465165,8,465165.0,sub-STSWD1265
8910,1.0,0.50886,2,4,2,1,1,1,1,True,sub-STSWD1265,467597,8,467597.0,sub-STSWD1265
8911,1.0,0.49881,1,4,1,1,1,1,1,True,sub-STSWD1265,470029,8,470029.0,sub-STSWD1265
8912,1.0,0.62872,1,2,2,1,1,1,1,True,sub-STSWD1265,474509,8,474509.0,sub-STSWD1265
8913,1.0,0.34156,1,2,1,1,1,1,1,True,sub-STSWD1265,481805,8,481805.0,sub-STSWD1265
8914,1.0,0.75448,3,2,1,1,1,1,1,True,sub-STSWD1265,484237,8,484237.0,sub-STSWD1265
8915,1.0,0.44542,3,2,1,1,1,1,1,True,sub-STSWD1265,486669,8,486669.0,sub-STSWD1265
8916,1.0,0.39435,3,2,2,1,1,1,1,True,sub-STSWD1265,489101,8,489101.0,sub-STSWD1265
8917,1.0,0.79628,1,2,2,1,1,1,1,True,sub-STSWD1265,491533,8,491533.0,sub-STSWD1265
8918,1.0,0.2531,4,1,2,1,1,1,1,True,sub-STSWD1265,498445,8,498445.0,sub-STSWD1265
8919,1.0,0.26594,4,1,2,1,1,1,1,True,sub-STSWD1265,503309,8,503309.0,sub-STSWD1265
8920,1.0,0.32392,4,1,2,1,1,1,1,True,sub-STSWD1265,505741,8,505741.0,sub-STSWD1265
8921,1.0,0.45981,4,1,2,1,1,1,1,True,sub-STSWD1265,510605,8,510605.0,sub-STSWD1265
8922,1.0,0.43472,4,1,1,1,1,1,1,True,sub-STSWD1265,513037,8,513037.0,sub-STSWD1265
8923,1.0,0.64756,2,4,2,1,1,1,1,True,sub-STSWD1265,517517,8,517517.0,sub-STSWD1265
8924,1.0,0.86758,3,4,2,1,1,1,1,True,sub-STSWD1265,519949,8,519949.0,sub-STSWD1265
8925,1.0,0.72242,3,4,2,1,1,1,1,True,sub-STSWD1265,522381,8,522381.0,sub-STSWD1265
8926,0.0,0.41043,4,4,2,1,1,1,1,True,sub-STSWD1265,524813,8,524813.0,sub-STSWD1265
8927,0.0,0.53232,1,4,1,1,1,1,1,True,sub-STSWD1265,527245,8,527245.0,sub-STSWD1265
8928,1.0,0.67625,4,4,1,1,1,1,1,True,sub-STSWD1265,529676,8,529676.0,sub-STSWD1265
8929,0.0,0.46819,1,4,2,1,1,1,1,True,sub-STSWD1265,532109,8,532109.0,sub-STSWD1265
8930,0.0,0.53917,1,4,2,1,1,1,1,True,sub-STSWD1265,534540,8,534540.0,sub-STSWD1265
8931,0.0,0.55703,2,2,1,1,1,1,1,True,sub-STSWD1265,539021,8,539021.0,sub-STSWD1265
8932,1.0,0.30094,4,2,2,1,1,1,1,True,sub-STSWD1265,541453,8,541453.0,sub-STSWD1265
8933,,,4,2,1,1,1,1,1,True,sub-STSWD1265,543885,8,,sub-STSWD1265
8934,1.0,0.27781,4,2,1,1,1,1,1,True,sub-STSWD1265,546316,8,546316.0,sub-STSWD1265
8935,1.0,0.28775,2,2,1,1,1,1,1,True,sub-STSWD1265,548749,8,548749.0,sub-STSWD1265
8936,1.0,0.36972,4,2,1,1,1,1,1,True,sub-STSWD1265,551181,8,551181.0,sub-STSWD1265
8937,0.0,0.39767,2,2,2,1,1,1,1,True,sub-STSWD1265,553612,8,553612.0,sub-STSWD1265
8938,0.0,0.37961,2,2,2,1,1,1,1,True,sub-STSWD1265,556044,8,556044.0,sub-STSWD1265
8939,1.0,0.34648,1,3,1,1,1,1,1,True,sub-STSWD1265,560524,8,560524.0,sub-STSWD1265
8940,1.0,0.59343,3,3,2,1,1,1,1,True,sub-STSWD1265,562956,8,562956.0,sub-STSWD1265
8941,1.0,0.93434,2,3,1,1,1,1,1,True,sub-STSWD1265,565388,8,565388.0,sub-STSWD1265
8942,1.0,0.40525,1,3,1,1,1,1,1,True,sub-STSWD1265,567820,8,567820.0,sub-STSWD1265
8943,1.0,0.61919,2,3,2,1,1,1,1,True,sub-STSWD1265,570252,8,570252.0,sub-STSWD1265
8944,1.0,0.34312,2,3,1,1,1,1,1,True,sub-STSWD1265,572684,8,572684.0,sub-STSWD1265
8945,1.0,0.49204,2,3,2,1,1,1,1,True,sub-STSWD1265,575116,8,575116.0,sub-STSWD1265
8946,0.0,0.52899,3,3,1,1,1,1,1,True,sub-STSWD1265,577548,8,577548.0,sub-STSWD1265
8947,1.0,0.25888,1,1,1,1,1,1,1,True,sub-STSWD1265,582028,8,582028.0,sub-STSWD1265
8948,1.0,0.37387,1,1,1,1,1,1,1,True,sub-STSWD1265,584460,8,584460.0,sub-STSWD1265
8949,1.0,0.30779,1,1,2,1,1,1,1,True,sub-STSWD1265,586892,8,586892.0,sub-STSWD1265
8950,1.0,0.26674,1,1,2,1,1,1,1,True,sub-STSWD1265,589324,8,589324.0,sub-STSWD1265
8951,1.0,0.2886,1,1,2,1,1,1,1,True,sub-STSWD1265,594188,8,594188.0,sub-STSWD1265
8952,1.0,0.37943,1,1,1,1,1,1,1,True,sub-STSWD1265,599052,8,599052.0,sub-STSWD1265
8953,0.0,0.645,2,3,2,1,1,1,1,True,sub-STSWD1265,626870,8,626870.0,sub-STSWD1265
8954,0.0,0.77296,4,3,1,1,1,1,1,True,sub-STSWD1265,629302,8,629302.0,sub-STSWD1265
8955,1.0,0.3509,4,3,2,1,1,1,1,True,sub-STSWD1265,631734,8,631734.0,sub-STSWD1265
8956,1.0,0.29207,1,3,2,1,1,1,1,True,sub-STSWD1265,634166,8,634166.0,sub-STSWD1265
8957,1.0,0.34083,4,3,2,1,1,1,1,True,sub-STSWD1265,636598,8,636598.0,sub-STSWD1265
8958,1.0,0.39071,1,3,2,1,1,1,1,True,sub-STSWD1265,639030,8,639030.0,sub-STSWD1265
8959,1.0,0.57562,1,3,2,1,1,1,1,True,sub-STSWD1265,641462,8,641462.0,sub-STSWD1265
8960,1.0,0.70362,2,3,1,1,1,1,1,True,sub-STSWD1265,643894,8,643894.0,sub-STSWD1265
8961,0.0,0.63842,3,4,1,1,1,1,1,True,sub-STSWD1265,648374,8,648374.0,sub-STSWD1265
8962,1.0,0.52647,3,4,2,1,1,1,1,True,sub-STSWD1265,650806,8,650806.0,sub-STSWD1265
8963,1.0,0.70734,2,4,2,1,1,1,1,True,sub-STSWD1265,653238,8,653238.0,sub-STSWD1265
8964,0.0,0.51428,2,4,1,1,1,1,1,True,sub-STSWD1265,655670,8,655670.0,sub-STSWD1265
8965,1.0,0.36021,2,4,1,1,1,1,1,True,sub-STSWD1265,658102,8,658102.0,sub-STSWD1265
8966,1.0,0.5492,4,4,2,1,1,1,1,True,sub-STSWD1265,660534,8,660534.0,sub-STSWD1265
8967,0.0,0.67905,4,4,1,1,1,1,1,True,sub-STSWD1265,662966,8,662966.0,sub-STSWD1265
8968,1.0,0.65306,1,4,2,1,1,1,1,True,sub-STSWD1265,665398,8,665398.0,sub-STSWD1265
8969,0.0,0.72195,3,1,1,1,1,1,1,True,sub-STSWD1265,669878,8,669878.0,sub-STSWD1265
8970,1.0,0.41389,3,1,2,1,1,1,1,True,sub-STSWD1265,672310,8,672310.0,sub-STSWD1265
8971,1.0,0.48276,3,1,2,1,1,1,1,True,sub-STSWD1265,674742,8,674742.0,sub-STSWD1265
8972,1.0,1.1168,3,1,1,1,1,1,1,True,sub-STSWD1265,677174,8,677174.0,sub-STSWD1265
8973,1.0,0.87461,3,1,1,1,1,1,1,True,sub-STSWD1265,679606,8,679606.0,sub-STSWD1265
8974,1.0,0.68259,3,1,2,1,1,1,1,True,sub-STSWD1265,682038,8,682038.0,sub-STSWD1265
8975,1.0,0.37558,3,1,2,1,1,1,1,True,sub-STSWD1265,684470,8,684470.0,sub-STSWD1265
8976,1.0,0.7475,3,1,1,1,1,1,1,True,sub-STSWD1265,686902,8,686902.0,sub-STSWD1265
8977,0.0,0.55838,2,2,2,1,1,1,1,True,sub-STSWD1265,691382,8,691382.0,sub-STSWD1265
8978,1.0,0.25428,3,2,2,1,1,1,1,True,sub-STSWD1265,696245,8,696245.0,sub-STSWD1265
8979,1.0,0.5262,3,2,2,1,1,1,1,True,sub-STSWD1265,698677,8,698677.0,sub-STSWD1265
8980,1.0,0.4701,3,2,2,1,1,1,1,True,sub-STSWD1265,701110,8,701110.0,sub-STSWD1265
8981,1.0,0.58807,2,2,1,1,1,1,1,True,sub-STSWD1265,703541,8,703541.0,sub-STSWD1265
8982,1.0,0.36401,3,2,2,1,1,1,1,True,sub-STSWD1265,705973,8,705973.0,sub-STSWD1265
8983,1.0,0.26295,2,2,1,1,1,1,1,True,sub-STSWD1265,708406,8,708406.0,sub-STSWD1265
8984,1.0,0.44178,1,4,2,1,1,1,1,True,sub-STSWD1265,712885,8,712885.0,sub-STSWD1265
8985,1.0,0.42072,1,4,1,1,1,1,1,True,sub-STSWD1265,715317,8,715317.0,sub-STSWD1265
8986,0.0,1.0086,4,4,1,1,1,1,1,True,sub-STSWD1265,717750,8,717750.0,sub-STSWD1265
8987,1.0,0.39962,2,4,1,1,1,1,1,True,sub-STSWD1265,720181,8,720181.0,sub-STSWD1265
8988,1.0,0.60656,3,4,1,1,1,1,1,True,sub-STSWD1265,722613,8,722613.0,sub-STSWD1265
8989,1.0,0.51842,3,4,1,1,1,1,1,True,sub-STSWD1265,725046,8,725046.0,sub-STSWD1265
8990,1.0,0.51344,1,4,1,1,1,1,1,True,sub-STSWD1265,727477,8,727477.0,sub-STSWD1265
8991,0.0,0.52238,4,4,1,1,1,1,1,True,sub-STSWD1265,729909,8,729909.0,sub-STSWD1265
8992,1.0,0.67327,3,3,2,1,1,1,1,True,sub-STSWD1265,734389,8,734389.0,sub-STSWD1265
8993,1.0,0.55321,1,3,2,1,1,1,1,True,sub-STSWD1265,736821,8,736821.0,sub-STSWD1265
8994,0.0,0.55548,4,3,1,1,1,1,1,True,sub-STSWD1265,739253,8,739253.0,sub-STSWD1265
8995,1.0,0.50607,4,3,2,1,1,1,1,True,sub-STSWD1265,741685,8,741685.0,sub-STSWD1265
8996,0.0,0.39901,4,3,1,1,1,1,1,True,sub-STSWD1265,744117,8,744117.0,sub-STSWD1265
8997,1.0,0.42195,1,3,1,1,1,1,1,True,sub-STSWD1265,746549,8,746549.0,sub-STSWD1265
8998,0.0,0.47623,3,3,1,1,1,1,1,True,sub-STSWD1265,748981,8,748981.0,sub-STSWD1265
8999,1.0,0.34681,3,3,1,1,1,1,1,True,sub-STSWD1265,751413,8,751413.0,sub-STSWD1265
9000,1.0,0.29299,4,1,1,1,1,1,1,True,sub-STSWD1265,758325,8,758325.0,sub-STSWD1265
9001,1.0,0.26069,4,1,1,1,1,1,1,True,sub-STSWD1265,768053,8,768053.0,sub-STSWD1265
9002,1.0,0.43268,4,1,2,1,1,1,1,True,sub-STSWD1265,770485,8,770485.0,sub-STSWD1265
9003,1.0,0.25255,4,1,1,1,1,1,1,True,sub-STSWD1265,772917,8,772917.0,sub-STSWD1265
9004,1.0,0.43848,1,2,2,1,1,1,1,True,sub-STSWD1265,777397,8,777397.0,sub-STSWD1265
9005,1.0,0.33743,2,2,2,1,1,1,1,True,sub-STSWD1265,779828,8,779828.0,sub-STSWD1265
9006,1.0,0.25892,1,2,1,1,1,1,1,True,sub-STSWD1265,784693,8,784693.0,sub-STSWD1265
9007,1.0,0.32424,1,2,2,1,1,1,1,True,sub-STSWD1265,787125,8,787125.0,sub-STSWD1265
9008,1.0,0.2724,2,2,1,1,1,1,1,True,sub-STSWD1265,789556,8,789556.0,sub-STSWD1265
9009,0.0,0.54905,2,2,1,1,1,1,1,True,sub-STSWD1265,791988,8,791988.0,sub-STSWD1265
9010,0.0,0.79003,2,2,1,1,1,1,1,True,sub-STSWD1265,794420,8,794420.0,sub-STSWD1265
9011,1.0,0.76084,3,2,2,1,1,1,1,True,sub-STSWD1266,24470,8,24470.0,sub-STSWD1266
9012,0.0,0.61082,3,2,1,1,1,1,1,True,sub-STSWD1266,26902,8,26902.0,sub-STSWD1266
9013,1.0,0.48867,1,2,1,1,1,1,1,True,sub-STSWD1266,29334,8,29334.0,sub-STSWD1266
9014,1.0,0.66964,3,2,1,1,1,1,1,True,sub-STSWD1266,31766,8,31766.0,sub-STSWD1266
9015,0.0,0.7095,3,2,1,1,1,1,1,True,sub-STSWD1266,34198,8,34198.0,sub-STSWD1266
9016,1.0,0.64652,1,2,2,1,1,1,1,True,sub-STSWD1266,36630,8,36630.0,sub-STSWD1266
9017,1.0,0.53949,1,2,2,1,1,1,1,True,sub-STSWD1266,39062,8,39062.0,sub-STSWD1266
9018,1.0,0.43229,3,1,2,1,1,1,1,True,sub-STSWD1266,43542,8,43542.0,sub-STSWD1266
9019,1.0,0.5243,3,1,1,1,1,1,1,True,sub-STSWD1266,45974,8,45974.0,sub-STSWD1266
9020,1.0,0.41625,3,1,2,1,1,1,1,True,sub-STSWD1266,48406,8,48406.0,sub-STSWD1266
9021,1.0,0.34307,3,1,1,1,1,1,1,True,sub-STSWD1266,50838,8,50838.0,sub-STSWD1266
9022,1.0,0.36813,3,1,2,1,1,1,1,True,sub-STSWD1266,53270,8,53270.0,sub-STSWD1266
9023,1.0,0.46701,3,1,1,1,1,1,1,True,sub-STSWD1266,55702,8,55702.0,sub-STSWD1266
9024,1.0,0.40383,3,1,2,1,1,1,1,True,sub-STSWD1266,58134,8,58134.0,sub-STSWD1266
9025,1.0,0.58383,3,1,2,1,1,1,1,True,sub-STSWD1266,60565,8,60565.0,sub-STSWD1266
9026,0.0,0.93363,2,4,1,1,1,1,1,True,sub-STSWD1266,65045,8,65045.0,sub-STSWD1266
9027,1.0,0.70767,2,4,2,1,1,1,1,True,sub-STSWD1266,67477,8,67477.0,sub-STSWD1266
9028,1.0,0.84862,3,4,2,1,1,1,1,True,sub-STSWD1266,69909,8,69909.0,sub-STSWD1266
9029,1.0,0.8596,3,4,2,1,1,1,1,True,sub-STSWD1266,72341,8,72341.0,sub-STSWD1266
9030,1.0,0.47546,3,4,1,1,1,1,1,True,sub-STSWD1266,74773,8,74773.0,sub-STSWD1266
9031,1.0,0.64649,1,4,2,1,1,1,1,True,sub-STSWD1266,77205,8,77205.0,sub-STSWD1266
9032,1.0,0.7824,1,4,2,1,1,1,1,True,sub-STSWD1266,79637,8,79637.0,sub-STSWD1266
9033,1.0,1.0553,4,4,2,1,1,1,1,True,sub-STSWD1266,82069,8,82069.0,sub-STSWD1266
9034,1.0,0.63122,1,3,2,1,1,1,1,True,sub-STSWD1266,86549,8,86549.0,sub-STSWD1266
9035,1.0,0.59216,4,3,2,1,1,1,1,True,sub-STSWD1266,88981,8,88981.0,sub-STSWD1266
9036,1.0,0.86609,4,3,2,1,1,1,1,True,sub-STSWD1266,91413,8,91413.0,sub-STSWD1266
9037,1.0,0.57804,4,3,2,1,1,1,1,True,sub-STSWD1266,93845,8,93845.0,sub-STSWD1266
9038,1.0,0.66835,1,3,1,1,1,1,1,True,sub-STSWD1266,96281,8,96281.0,sub-STSWD1266
9039,0.0,0.83214,3,3,1,1,1,1,1,True,sub-STSWD1266,98713,8,98713.0,sub-STSWD1266
9040,1.0,0.46514,4,3,2,1,1,1,1,True,sub-STSWD1266,101145,8,101145.0,sub-STSWD1266
9041,1.0,0.365,2,1,2,1,1,1,1,True,sub-STSWD1266,108057,8,108057.0,sub-STSWD1266
9042,1.0,0.41294,2,1,2,1,1,1,1,True,sub-STSWD1266,110489,8,110489.0,sub-STSWD1266
9043,1.0,0.39188,2,1,2,1,1,1,1,True,sub-STSWD1266,112921,8,112921.0,sub-STSWD1266
9044,1.0,0.3828,2,1,2,1,1,1,1,True,sub-STSWD1266,115353,8,115353.0,sub-STSWD1266
9045,1.0,0.3717,2,1,2,1,1,1,1,True,sub-STSWD1266,117785,8,117785.0,sub-STSWD1266
9046,1.0,0.38363,2,1,2,1,1,1,1,True,sub-STSWD1266,120217,8,120217.0,sub-STSWD1266
9047,1.0,0.30757,2,1,1,1,1,1,1,True,sub-STSWD1266,122649,8,122649.0,sub-STSWD1266
9048,1.0,0.3155,2,1,1,1,1,1,1,True,sub-STSWD1266,125081,8,125081.0,sub-STSWD1266
9049,1.0,0.48933,1,2,2,1,1,1,1,True,sub-STSWD1266,129561,8,129561.0,sub-STSWD1266
9050,1.0,0.49738,1,2,1,1,1,1,1,True,sub-STSWD1266,131993,8,131993.0,sub-STSWD1266
9051,0.0,0.41925,4,2,1,1,1,1,1,True,sub-STSWD1266,134425,8,134425.0,sub-STSWD1266
9052,1.0,0.48019,1,2,1,1,1,1,1,True,sub-STSWD1266,136857,8,136857.0,sub-STSWD1266
9053,0.0,0.79017,4,2,1,1,1,1,1,True,sub-STSWD1266,139289,8,139289.0,sub-STSWD1266
9054,1.0,0.7521,4,2,2,1,1,1,1,True,sub-STSWD1266,141721,8,141721.0,sub-STSWD1266
9055,1.0,0.69096,4,2,2,1,1,1,1,True,sub-STSWD1266,144153,8,144153.0,sub-STSWD1266
9056,1.0,0.42793,1,2,2,1,1,1,1,True,sub-STSWD1266,146585,8,146585.0,sub-STSWD1266
9057,1.0,0.62878,4,3,1,1,1,1,1,True,sub-STSWD1266,151065,8,151065.0,sub-STSWD1266
9058,0.0,0.66474,4,3,1,1,1,1,1,True,sub-STSWD1266,153497,8,153497.0,sub-STSWD1266
9059,0.0,0.71068,4,3,1,1,1,1,1,True,sub-STSWD1266,155929,8,155929.0,sub-STSWD1266
9060,0.0,0.83962,4,3,1,1,1,1,1,True,sub-STSWD1266,158361,8,158361.0,sub-STSWD1266
9061,1.0,0.43556,3,3,1,1,1,1,1,True,sub-STSWD1266,160792,8,160792.0,sub-STSWD1266
9062,1.0,0.55176,1,3,2,1,1,1,1,True,sub-STSWD1266,163224,8,163224.0,sub-STSWD1266
9063,0.0,0.80446,1,3,2,1,1,1,1,True,sub-STSWD1266,165656,8,165656.0,sub-STSWD1266
9064,1.0,0.8014,3,3,1,1,1,1,1,True,sub-STSWD1266,168088,8,168088.0,sub-STSWD1266
9065,1.0,0.59625,4,4,2,1,1,1,1,True,sub-STSWD1266,172568,8,172568.0,sub-STSWD1266
9066,0.0,0.74118,4,4,1,1,1,1,1,True,sub-STSWD1266,175000,8,175000.0,sub-STSWD1266
9067,1.0,0.50312,2,4,2,1,1,1,1,True,sub-STSWD1266,177432,8,177432.0,sub-STSWD1266
9068,0.0,0.71905,2,4,2,1,1,1,1,True,sub-STSWD1266,179864,8,179864.0,sub-STSWD1266
9069,1.0,0.56993,1,4,2,1,1,1,1,True,sub-STSWD1266,182296,8,182296.0,sub-STSWD1266
9070,1.0,0.68292,4,4,2,1,1,1,1,True,sub-STSWD1266,184728,8,184728.0,sub-STSWD1266
9071,1.0,0.4889,3,4,1,1,1,1,1,True,sub-STSWD1266,187160,8,187160.0,sub-STSWD1266
9072,1.0,0.55183,1,4,1,1,1,1,1,True,sub-STSWD1266,189592,8,189592.0,sub-STSWD1266
9073,1.0,0.34467,1,1,1,1,1,1,1,True,sub-STSWD1266,217082,8,217082.0,sub-STSWD1266
9074,1.0,0.38371,1,1,2,1,1,1,1,True,sub-STSWD1266,219514,8,219514.0,sub-STSWD1266
9075,1.0,0.51963,1,1,2,1,1,1,1,True,sub-STSWD1266,221946,8,221946.0,sub-STSWD1266
9076,1.0,0.65347,1,1,1,1,1,1,1,True,sub-STSWD1266,224378,8,224378.0,sub-STSWD1266
9077,1.0,0.37948,1,1,1,1,1,1,1,True,sub-STSWD1266,226810,8,226810.0,sub-STSWD1266
9078,1.0,0.33047,1,1,1,1,1,1,1,True,sub-STSWD1266,229242,8,229242.0,sub-STSWD1266
9079,1.0,0.43131,1,1,2,1,1,1,1,True,sub-STSWD1266,231674,8,231674.0,sub-STSWD1266
9080,1.0,0.36733,1,1,2,1,1,1,1,True,sub-STSWD1266,234106,8,234106.0,sub-STSWD1266
9081,1.0,0.71116,1,3,1,1,1,1,1,True,sub-STSWD1266,238586,8,238586.0,sub-STSWD1266
9082,1.0,0.53014,2,3,1,1,1,1,1,True,sub-STSWD1266,241018,8,241018.0,sub-STSWD1266
9083,0.0,0.59803,4,3,1,1,1,1,1,True,sub-STSWD1266,243450,8,243450.0,sub-STSWD1266
9084,1.0,0.45702,2,3,1,1,1,1,1,True,sub-STSWD1266,245881,8,245881.0,sub-STSWD1266
9085,1.0,0.48891,1,3,1,1,1,1,1,True,sub-STSWD1266,248313,8,248313.0,sub-STSWD1266
9086,1.0,0.81483,1,3,1,1,1,1,1,True,sub-STSWD1266,250745,8,250745.0,sub-STSWD1266
9087,1.0,0.54878,1,3,1,1,1,1,1,True,sub-STSWD1266,253177,8,253177.0,sub-STSWD1266
9088,1.0,0.58676,1,3,2,1,1,1,1,True,sub-STSWD1266,255609,8,255609.0,sub-STSWD1266
9089,1.0,0.57063,1,2,1,1,1,1,1,True,sub-STSWD1266,260089,8,260089.0,sub-STSWD1266
9090,1.0,0.51747,1,2,1,1,1,1,1,True,sub-STSWD1266,262521,8,262521.0,sub-STSWD1266
9091,1.0,0.49451,1,2,2,1,1,1,1,True,sub-STSWD1266,264953,8,264953.0,sub-STSWD1266
9092,1.0,0.45344,2,2,2,1,1,1,1,True,sub-STSWD1266,267385,8,267385.0,sub-STSWD1266
9093,1.0,0.42638,2,2,1,1,1,1,1,True,sub-STSWD1266,269817,8,269817.0,sub-STSWD1266
9094,1.0,0.31027,1,2,1,1,1,1,1,True,sub-STSWD1266,272249,8,272249.0,sub-STSWD1266
9095,1.0,0.30022,2,2,1,1,1,1,1,True,sub-STSWD1266,274681,8,274681.0,sub-STSWD1266
9096,1.0,0.52518,1,2,2,1,1,1,1,True,sub-STSWD1266,277113,8,277113.0,sub-STSWD1266
9097,1.0,0.41208,2,4,2,1,1,1,1,True,sub-STSWD1266,281593,8,281593.0,sub-STSWD1266
9098,0.0,0.56796,2,4,1,1,1,1,1,True,sub-STSWD1266,284025,8,284025.0,sub-STSWD1266
9099,1.0,0.68189,2,4,1,1,1,1,1,True,sub-STSWD1266,286457,8,286457.0,sub-STSWD1266
9100,0.0,0.56584,4,4,1,1,1,1,1,True,sub-STSWD1266,288889,8,288889.0,sub-STSWD1266
9101,1.0,0.7908,1,4,1,1,1,1,1,True,sub-STSWD1266,291321,8,291321.0,sub-STSWD1266
9102,1.0,0.41176,3,4,1,1,1,1,1,True,sub-STSWD1266,293753,8,293753.0,sub-STSWD1266
9103,1.0,0.38467,3,4,1,1,1,1,1,True,sub-STSWD1266,296185,8,296185.0,sub-STSWD1266
9104,1.0,0.70461,3,4,1,1,1,1,1,True,sub-STSWD1266,298617,8,298617.0,sub-STSWD1266
9105,1.0,0.38445,2,3,2,1,1,1,1,True,sub-STSWD1266,303097,8,303097.0,sub-STSWD1266
9106,1.0,0.38244,2,3,1,1,1,1,1,True,sub-STSWD1266,305529,8,305529.0,sub-STSWD1266
9107,1.0,0.36131,3,3,1,1,1,1,1,True,sub-STSWD1266,307961,8,307961.0,sub-STSWD1266
9108,0.0,0.56732,3,3,2,1,1,1,1,True,sub-STSWD1266,310393,8,310393.0,sub-STSWD1266
9109,1.0,0.49821,3,3,1,1,1,1,1,True,sub-STSWD1266,312825,8,312825.0,sub-STSWD1266
9110,1.0,0.74817,4,3,2,1,1,1,1,True,sub-STSWD1266,315257,8,315257.0,sub-STSWD1266
9111,1.0,0.54309,3,3,1,1,1,1,1,True,sub-STSWD1266,317689,8,317689.0,sub-STSWD1266
9112,1.0,0.39405,3,3,2,1,1,1,1,True,sub-STSWD1266,320121,8,320121.0,sub-STSWD1266
9113,1.0,0.30089,2,1,1,1,1,1,1,True,sub-STSWD1266,324601,8,324601.0,sub-STSWD1266
9114,1.0,0.27786,2,1,1,1,1,1,1,True,sub-STSWD1266,327033,8,327033.0,sub-STSWD1266
9115,1.0,0.26982,2,1,1,1,1,1,1,True,sub-STSWD1266,329465,8,329465.0,sub-STSWD1266
9116,1.0,0.3457,2,1,2,1,1,1,1,True,sub-STSWD1266,331897,8,331897.0,sub-STSWD1266
9117,1.0,0.32556,2,1,1,1,1,1,1,True,sub-STSWD1266,336761,8,336761.0,sub-STSWD1266
9118,1.0,0.30551,2,1,2,1,1,1,1,True,sub-STSWD1266,339193,8,339193.0,sub-STSWD1266
9119,1.0,0.27549,2,1,1,1,1,1,1,True,sub-STSWD1266,341625,8,341625.0,sub-STSWD1266
9120,1.0,0.47631,3,2,1,1,1,1,1,True,sub-STSWD1266,346105,8,346105.0,sub-STSWD1266
9121,1.0,0.51526,4,2,2,1,1,1,1,True,sub-STSWD1266,348537,8,348537.0,sub-STSWD1266
9122,0.0,0.53622,4,2,1,1,1,1,1,True,sub-STSWD1266,350969,8,350969.0,sub-STSWD1266
9123,1.0,0.32313,3,2,1,1,1,1,1,True,sub-STSWD1266,353401,8,353401.0,sub-STSWD1266
9124,1.0,0.32807,4,2,2,1,1,1,1,True,sub-STSWD1266,355833,8,355833.0,sub-STSWD1266
9125,0.0,0.45299,4,2,1,1,1,1,1,True,sub-STSWD1266,358264,8,358264.0,sub-STSWD1266
9126,0.0,0.52482,4,2,1,1,1,1,1,True,sub-STSWD1266,360696,8,360696.0,sub-STSWD1266
9127,1.0,0.41982,3,2,2,1,1,1,1,True,sub-STSWD1266,363128,8,363128.0,sub-STSWD1266
9128,1.0,0.65361,1,4,1,1,1,1,1,True,sub-STSWD1266,367608,8,367608.0,sub-STSWD1266
9129,1.0,0.5977,1,4,2,1,1,1,1,True,sub-STSWD1266,370040,8,370040.0,sub-STSWD1266
9130,1.0,0.6716,4,4,2,1,1,1,1,True,sub-STSWD1266,372472,8,372472.0,sub-STSWD1266
9131,1.0,0.50358,4,4,1,1,1,1,1,True,sub-STSWD1266,374904,8,374904.0,sub-STSWD1266
9132,0.0,0.71787,3,4,2,1,1,1,1,True,sub-STSWD1266,377340,8,377340.0,sub-STSWD1266
9133,1.0,1.0048,2,4,2,1,1,1,1,True,sub-STSWD1266,379772,8,379772.0,sub-STSWD1266
9134,1.0,0.39775,1,4,1,1,1,1,1,True,sub-STSWD1266,382205,8,382205.0,sub-STSWD1266
9135,1.0,0.71155,4,4,2,1,1,1,1,True,sub-STSWD1266,384636,8,384636.0,sub-STSWD1266
9136,1.0,0.56198,2,3,2,1,1,1,1,True,sub-STSWD1266,411904,8,411904.0,sub-STSWD1266
9137,1.0,0.43918,3,3,2,1,1,1,1,True,sub-STSWD1266,414336,8,414336.0,sub-STSWD1266
9138,1.0,0.49916,3,3,2,1,1,1,1,True,sub-STSWD1266,416768,8,416768.0,sub-STSWD1266
9139,1.0,0.62707,2,3,1,1,1,1,1,True,sub-STSWD1266,419200,8,419200.0,sub-STSWD1266
9140,1.0,0.64779,4,3,2,1,1,1,1,True,sub-STSWD1266,421632,8,421632.0,sub-STSWD1266
9141,1.0,0.52193,3,3,2,1,1,1,1,True,sub-STSWD1266,424064,8,424064.0,sub-STSWD1266
9142,1.0,0.67956,4,3,2,1,1,1,1,True,sub-STSWD1266,426496,8,426496.0,sub-STSWD1266
9143,1.0,0.75079,4,3,1,1,1,1,1,True,sub-STSWD1266,428928,8,428928.0,sub-STSWD1266
9144,0.0,0.76573,3,4,2,1,1,1,1,True,sub-STSWD1266,433408,8,433408.0,sub-STSWD1266
9145,1.0,0.7466,3,4,1,1,1,1,1,True,sub-STSWD1266,435840,8,435840.0,sub-STSWD1266
9146,0.0,0.54159,4,4,1,1,1,1,1,True,sub-STSWD1266,438272,8,438272.0,sub-STSWD1266
9147,1.0,0.74043,4,4,2,1,1,1,1,True,sub-STSWD1266,440704,8,440704.0,sub-STSWD1266
9148,1.0,0.50846,1,4,2,1,1,1,1,True,sub-STSWD1266,443136,8,443136.0,sub-STSWD1266
9149,1.0,0.35843,2,4,1,1,1,1,1,True,sub-STSWD1266,445568,8,445568.0,sub-STSWD1266
9150,1.0,0.69128,2,4,2,1,1,1,1,True,sub-STSWD1266,448000,8,448000.0,sub-STSWD1266
9151,1.0,0.64819,2,4,1,1,1,1,1,True,sub-STSWD1266,450432,8,450432.0,sub-STSWD1266
9152,1.0,0.48309,3,2,2,1,1,1,1,True,sub-STSWD1266,454912,8,454912.0,sub-STSWD1266
9153,1.0,0.54003,3,2,1,1,1,1,1,True,sub-STSWD1266,457344,8,457344.0,sub-STSWD1266
9154,1.0,0.34101,4,2,2,1,1,1,1,True,sub-STSWD1266,459776,8,459776.0,sub-STSWD1266
9155,1.0,0.54697,3,2,2,1,1,1,1,True,sub-STSWD1266,462208,8,462208.0,sub-STSWD1266
9156,0.0,0.60882,3,2,2,1,1,1,1,True,sub-STSWD1266,464640,8,464640.0,sub-STSWD1266
9157,1.0,0.44483,4,2,2,1,1,1,1,True,sub-STSWD1266,467072,8,467072.0,sub-STSWD1266
9158,1.0,0.63576,4,2,2,1,1,1,1,True,sub-STSWD1266,469504,8,469504.0,sub-STSWD1266
9159,1.0,0.39788,3,2,1,1,1,1,1,True,sub-STSWD1266,471936,8,471936.0,sub-STSWD1266
9160,0.0,0.38459,4,1,1,1,1,1,1,True,sub-STSWD1266,476416,8,476416.0,sub-STSWD1266
9161,1.0,0.47648,4,1,1,1,1,1,1,True,sub-STSWD1266,478848,8,478848.0,sub-STSWD1266
9162,0.0,0.34346,4,1,1,1,1,1,1,True,sub-STSWD1266,481280,8,481280.0,sub-STSWD1266
9163,1.0,0.49134,4,1,2,1,1,1,1,True,sub-STSWD1266,483712,8,483712.0,sub-STSWD1266
9164,1.0,0.2878,4,1,2,1,1,1,1,True,sub-STSWD1266,486144,8,486144.0,sub-STSWD1266
9165,1.0,0.29427,4,1,2,1,1,1,1,True,sub-STSWD1266,488576,8,488576.0,sub-STSWD1266
9166,1.0,0.28722,4,1,2,1,1,1,1,True,sub-STSWD1266,491008,8,491008.0,sub-STSWD1266
9167,1.0,0.30109,4,1,1,1,1,1,1,True,sub-STSWD1266,493440,8,493440.0,sub-STSWD1266
9168,1.0,0.49202,1,4,2,1,1,1,1,True,sub-STSWD1266,497919,8,497919.0,sub-STSWD1266
9169,1.0,0.43695,1,4,1,1,1,1,1,True,sub-STSWD1266,500352,8,500352.0,sub-STSWD1266
9170,1.0,0.4869,2,4,1,1,1,1,1,True,sub-STSWD1266,502783,8,502783.0,sub-STSWD1266
9171,1.0,0.61682,1,4,1,1,1,1,1,True,sub-STSWD1266,505215,8,505215.0,sub-STSWD1266
9172,0.0,0.52772,4,4,2,1,1,1,1,True,sub-STSWD1266,507647,8,507647.0,sub-STSWD1266
9173,0.0,0.60769,3,4,2,1,1,1,1,True,sub-STSWD1266,510080,8,510080.0,sub-STSWD1266
9174,1.0,0.56764,3,4,2,1,1,1,1,True,sub-STSWD1266,512511,8,512511.0,sub-STSWD1266
9175,0.0,0.6638,4,4,1,1,1,1,1,True,sub-STSWD1266,514943,8,514943.0,sub-STSWD1266
9176,1.0,0.30347,1,2,2,1,1,1,1,True,sub-STSWD1266,519423,8,519423.0,sub-STSWD1266
9177,1.0,0.43635,2,2,2,1,1,1,1,True,sub-STSWD1266,521855,8,521855.0,sub-STSWD1266
9178,1.0,0.47431,2,2,1,1,1,1,1,True,sub-STSWD1266,524287,8,524287.0,sub-STSWD1266
9179,1.0,0.32421,1,2,1,1,1,1,1,True,sub-STSWD1266,526719,8,526719.0,sub-STSWD1266
9180,1.0,0.29911,2,2,1,1,1,1,1,True,sub-STSWD1266,529151,8,529151.0,sub-STSWD1266
9181,1.0,0.48599,2,2,2,1,1,1,1,True,sub-STSWD1266,531583,8,531583.0,sub-STSWD1266
9182,1.0,0.39507,2,2,2,1,1,1,1,True,sub-STSWD1266,534015,8,534015.0,sub-STSWD1266
9183,1.0,0.36029,1,2,2,1,1,1,1,True,sub-STSWD1266,536452,8,536452.0,sub-STSWD1266
9184,1.0,0.57121,2,3,2,1,1,1,1,True,sub-STSWD1266,540932,8,540932.0,sub-STSWD1266
9185,1.0,0.7361,2,3,1,1,1,1,1,True,sub-STSWD1266,543364,8,543364.0,sub-STSWD1266
9186,1.0,0.57503,1,3,1,1,1,1,1,True,sub-STSWD1266,545796,8,545796.0,sub-STSWD1266
9187,1.0,0.45997,1,3,2,1,1,1,1,True,sub-STSWD1266,548227,8,548227.0,sub-STSWD1266
9188,1.0,0.48796,2,3,2,1,1,1,1,True,sub-STSWD1266,550659,8,550659.0,sub-STSWD1266
9189,1.0,0.50688,2,3,2,1,1,1,1,True,sub-STSWD1266,553091,8,553091.0,sub-STSWD1266
9190,1.0,0.58483,2,3,1,1,1,1,1,True,sub-STSWD1266,555523,8,555523.0,sub-STSWD1266
9191,1.0,0.42076,3,3,1,1,1,1,1,True,sub-STSWD1266,557955,8,557955.0,sub-STSWD1266
9192,0.0,0.32869,4,1,1,1,1,1,1,True,sub-STSWD1266,562435,8,562435.0,sub-STSWD1266
9193,0.0,0.3145,4,1,1,1,1,1,1,True,sub-STSWD1266,564868,8,564868.0,sub-STSWD1266
9194,1.0,0.32852,4,1,2,1,1,1,1,True,sub-STSWD1266,567299,8,567299.0,sub-STSWD1266
9195,1.0,0.2724,4,1,2,1,1,1,1,True,sub-STSWD1266,569731,8,569731.0,sub-STSWD1266
9196,1.0,0.25435,4,1,2,1,1,1,1,True,sub-STSWD1266,572163,8,572163.0,sub-STSWD1266
9197,0.0,0.27232,4,1,1,1,1,1,1,True,sub-STSWD1266,574595,8,574595.0,sub-STSWD1266
9198,1.0,0.39428,4,1,2,1,1,1,1,True,sub-STSWD1266,577027,8,577027.0,sub-STSWD1266
9199,1.0,0.28819,4,1,1,1,1,1,1,True,sub-STSWD1266,579459,8,579459.0,sub-STSWD1266
9200,1.0,0.9094,1,3,2,1,1,1,1,True,sub-STSWD1266,607760,8,607760.0,sub-STSWD1266
9201,1.0,0.57534,1,3,2,1,1,1,1,True,sub-STSWD1266,610192,8,610192.0,sub-STSWD1266
9202,1.0,0.58033,1,3,1,1,1,1,1,True,sub-STSWD1266,612623,8,612623.0,sub-STSWD1266
9203,1.0,0.54425,2,3,2,1,1,1,1,True,sub-STSWD1266,615055,8,615055.0,sub-STSWD1266
9204,1.0,0.61419,4,3,2,1,1,1,1,True,sub-STSWD1266,617488,8,617488.0,sub-STSWD1266
9205,0.0,0.97212,4,3,1,1,1,1,1,True,sub-STSWD1266,619919,8,619919.0,sub-STSWD1266
9206,1.0,0.46206,2,3,2,1,1,1,1,True,sub-STSWD1266,622352,8,622352.0,sub-STSWD1266
9207,0.0,0.5209,4,3,1,1,1,1,1,True,sub-STSWD1266,624783,8,624783.0,sub-STSWD1266
9208,1.0,0.39888,2,2,1,1,1,1,1,True,sub-STSWD1266,629263,8,629263.0,sub-STSWD1266
9209,0.0,0.58077,4,2,1,1,1,1,1,True,sub-STSWD1266,631695,8,631695.0,sub-STSWD1266
9210,0.0,0.47672,4,2,1,1,1,1,1,True,sub-STSWD1266,634127,8,634127.0,sub-STSWD1266
9211,1.0,0.44565,2,2,2,1,1,1,1,True,sub-STSWD1266,636559,8,636559.0,sub-STSWD1266
9212,1.0,0.56055,2,2,1,1,1,1,1,True,sub-STSWD1266,638991,8,638991.0,sub-STSWD1266
9213,1.0,0.45553,4,2,2,1,1,1,1,True,sub-STSWD1266,641423,8,641423.0,sub-STSWD1266
9214,1.0,0.2995,4,2,1,1,1,1,1,True,sub-STSWD1266,643855,8,643855.0,sub-STSWD1266
9215,1.0,0.43245,2,2,2,1,1,1,1,True,sub-STSWD1266,646287,8,646287.0,sub-STSWD1266
9216,0.0,0.57131,4,4,1,1,1,1,1,True,sub-STSWD1266,650767,8,650767.0,sub-STSWD1266
9217,0.0,0.66025,4,4,1,1,1,1,1,True,sub-STSWD1266,653199,8,653199.0,sub-STSWD1266
9218,0.0,0.54211,4,4,1,1,1,1,1,True,sub-STSWD1266,655631,8,655631.0,sub-STSWD1266
9219,1.0,0.46808,1,4,2,1,1,1,1,True,sub-STSWD1266,658063,8,658063.0,sub-STSWD1266
9220,0.0,0.34602,2,4,2,1,1,1,1,True,sub-STSWD1266,660495,8,660495.0,sub-STSWD1266
9221,1.0,0.61595,1,4,1,1,1,1,1,True,sub-STSWD1266,662927,8,662927.0,sub-STSWD1266
9222,1.0,0.59694,3,4,2,1,1,1,1,True,sub-STSWD1266,665359,8,665359.0,sub-STSWD1266
9223,1.0,0.45583,3,4,1,1,1,1,1,True,sub-STSWD1266,667791,8,667791.0,sub-STSWD1266
9224,1.0,0.29575,1,1,2,1,1,1,1,True,sub-STSWD1266,672271,8,672271.0,sub-STSWD1266
9225,1.0,0.36064,1,1,1,1,1,1,1,True,sub-STSWD1266,674703,8,674703.0,sub-STSWD1266
9226,1.0,0.26855,1,1,2,1,1,1,1,True,sub-STSWD1266,679567,8,679567.0,sub-STSWD1266
9227,1.0,0.26433,1,1,1,1,1,1,1,True,sub-STSWD1266,684431,8,684431.0,sub-STSWD1266
9228,1.0,0.27333,1,1,1,1,1,1,1,True,sub-STSWD1266,686863,8,686863.0,sub-STSWD1266
9229,1.0,0.2673,1,1,2,1,1,1,1,True,sub-STSWD1266,689295,8,689295.0,sub-STSWD1266
9230,1.0,0.50614,2,2,2,1,1,1,1,True,sub-STSWD1266,693775,8,693775.0,sub-STSWD1266
9231,1.0,0.42659,3,2,2,1,1,1,1,True,sub-STSWD1266,696207,8,696207.0,sub-STSWD1266
9232,1.0,0.40801,2,2,2,1,1,1,1,True,sub-STSWD1266,698639,8,698639.0,sub-STSWD1266
9233,1.0,0.45299,2,2,1,1,1,1,1,True,sub-STSWD1266,701071,8,701071.0,sub-STSWD1266
9234,1.0,0.39292,3,2,1,1,1,1,1,True,sub-STSWD1266,703503,8,703503.0,sub-STSWD1266
9235,1.0,0.47781,3,2,2,1,1,1,1,True,sub-STSWD1266,705935,8,705935.0,sub-STSWD1266
9236,1.0,0.47877,3,2,2,1,1,1,1,True,sub-STSWD1266,708367,8,708367.0,sub-STSWD1266
9237,1.0,0.30974,2,2,1,1,1,1,1,True,sub-STSWD1266,710799,8,710799.0,sub-STSWD1266
9238,1.0,0.47449,2,4,1,1,1,1,1,True,sub-STSWD1266,715279,8,715279.0,sub-STSWD1266
9239,1.0,0.42655,2,4,2,1,1,1,1,True,sub-STSWD1266,717711,8,717711.0,sub-STSWD1266
9240,1.0,0.42748,2,4,1,1,1,1,1,True,sub-STSWD1266,720143,8,720143.0,sub-STSWD1266
9241,0.0,0.41338,1,4,2,1,1,1,1,True,sub-STSWD1266,722575,8,722575.0,sub-STSWD1266
9242,0.0,0.96034,3,4,1,1,1,1,1,True,sub-STSWD1266,725007,8,725007.0,sub-STSWD1266
9243,1.0,0.65229,3,4,2,1,1,1,1,True,sub-STSWD1266,727438,8,727438.0,sub-STSWD1266
9244,1.0,0.65118,4,4,2,1,1,1,1,True,sub-STSWD1266,729871,8,729871.0,sub-STSWD1266
9245,0.0,0.65512,1,4,1,1,1,1,1,True,sub-STSWD1266,732302,8,732302.0,sub-STSWD1266
9246,1.0,0.43101,3,3,2,1,1,1,1,True,sub-STSWD1266,736782,8,736782.0,sub-STSWD1266
9247,1.0,0.49793,3,3,1,1,1,1,1,True,sub-STSWD1266,739214,8,739214.0,sub-STSWD1266
9248,1.0,0.55183,2,3,2,1,1,1,1,True,sub-STSWD1266,741647,8,741647.0,sub-STSWD1266
9249,1.0,0.35713,1,3,1,1,1,1,1,True,sub-STSWD1266,744078,8,744078.0,sub-STSWD1266
9250,1.0,0.98207,3,3,2,1,1,1,1,True,sub-STSWD1266,746510,8,746510.0,sub-STSWD1266
9251,1.0,0.54672,1,3,2,1,1,1,1,True,sub-STSWD1266,748942,8,748942.0,sub-STSWD1266
9252,1.0,0.39699,2,3,1,1,1,1,1,True,sub-STSWD1266,751374,8,751374.0,sub-STSWD1266
9253,1.0,0.78692,2,3,1,1,1,1,1,True,sub-STSWD1266,753806,8,753806.0,sub-STSWD1266
9254,1.0,0.27678,3,1,2,1,1,1,1,True,sub-STSWD1266,758286,8,758286.0,sub-STSWD1266
9255,1.0,0.38663,3,1,2,1,1,1,1,True,sub-STSWD1266,760719,8,760719.0,sub-STSWD1266
9256,0.0,0.27957,3,1,2,1,1,1,1,True,sub-STSWD1266,765582,8,765582.0,sub-STSWD1266
9257,1.0,0.26057,3,1,1,1,1,1,1,True,sub-STSWD1266,768014,8,768014.0,sub-STSWD1266
9258,1.0,0.2814,3,1,1,1,1,1,1,True,sub-STSWD1266,770446,8,770446.0,sub-STSWD1266
9259,1.0,0.27543,3,1,1,1,1,1,1,True,sub-STSWD1266,772878,8,772878.0,sub-STSWD1266
9260,1.0,0.26438,3,1,1,1,1,1,1,True,sub-STSWD1266,775310,8,775310.0,sub-STSWD1266
9261,0.0,1.2401,2,2,2,1,1,1,1,True,sub-STSWD1268,16011,8,16011.0,sub-STSWD1268
9262,1.0,1.4651,3,2,1,1,1,1,1,True,sub-STSWD1268,18443,8,18443.0,sub-STSWD1268
9263,1.0,1.0873,3,2,1,1,1,1,1,True,sub-STSWD1268,20875,8,20875.0,sub-STSWD1268
9264,1.0,0.98095,2,2,2,1,1,1,1,True,sub-STSWD1268,23307,8,23307.0,sub-STSWD1268
9265,1.0,0.78691,2,2,2,1,1,1,1,True,sub-STSWD1268,25739,8,25739.0,sub-STSWD1268
9266,1.0,0.69286,3,2,2,1,1,1,1,True,sub-STSWD1268,28171,8,28171.0,sub-STSWD1268
9267,1.0,1.0968,3,2,1,1,1,1,1,True,sub-STSWD1268,30603,8,30603.0,sub-STSWD1268
9268,1.0,0.80071,2,2,1,1,1,1,1,True,sub-STSWD1268,33035,8,33035.0,sub-STSWD1268
9269,1.0,0.63361,4,1,2,1,1,1,1,True,sub-STSWD1268,37514,8,37514.0,sub-STSWD1268
9270,1.0,0.65954,4,1,2,1,1,1,1,True,sub-STSWD1268,39946,8,39946.0,sub-STSWD1268
9271,1.0,0.56443,4,1,2,1,1,1,1,True,sub-STSWD1268,42379,8,42379.0,sub-STSWD1268
9272,0.0,0.4774,4,1,1,1,1,1,1,True,sub-STSWD1268,44810,8,44810.0,sub-STSWD1268
9273,1.0,0.34431,4,1,2,1,1,1,1,True,sub-STSWD1268,47242,8,47242.0,sub-STSWD1268
9274,1.0,0.49124,4,1,1,1,1,1,1,True,sub-STSWD1268,49674,8,49674.0,sub-STSWD1268
9275,1.0,0.32123,4,1,1,1,1,1,1,True,sub-STSWD1268,52106,8,52106.0,sub-STSWD1268
9276,0.0,0.29015,4,1,1,1,1,1,1,True,sub-STSWD1268,54538,8,54538.0,sub-STSWD1268
9277,0.0,0.96136,3,4,2,1,1,1,1,True,sub-STSWD1268,59018,8,59018.0,sub-STSWD1268
9278,1.0,0.69192,3,4,2,1,1,1,1,True,sub-STSWD1268,61450,8,61450.0,sub-STSWD1268
9279,1.0,1.0298,1,4,1,1,1,1,1,True,sub-STSWD1268,63882,8,63882.0,sub-STSWD1268
9280,1.0,0.97276,2,4,1,1,1,1,1,True,sub-STSWD1268,66314,8,66314.0,sub-STSWD1268
9281,1.0,0.6047,2,4,2,1,1,1,1,True,sub-STSWD1268,68746,8,68746.0,sub-STSWD1268
9282,0.0,0.95056,4,4,1,1,1,1,1,True,sub-STSWD1268,71178,8,71178.0,sub-STSWD1268
9283,0.0,0.56457,4,4,1,1,1,1,1,True,sub-STSWD1268,73610,8,73610.0,sub-STSWD1268
9284,1.0,0.50658,1,4,2,1,1,1,1,True,sub-STSWD1268,76042,8,76042.0,sub-STSWD1268
9285,1.0,0.78037,4,3,2,1,1,1,1,True,sub-STSWD1268,80522,8,80522.0,sub-STSWD1268
9286,1.0,0.5794,4,3,2,1,1,1,1,True,sub-STSWD1268,82954,8,82954.0,sub-STSWD1268
9287,1.0,0.57633,4,3,2,1,1,1,1,True,sub-STSWD1268,85386,8,85386.0,sub-STSWD1268
9288,1.0,1.1322,3,3,2,1,1,1,1,True,sub-STSWD1268,87818,8,87818.0,sub-STSWD1268
9289,1.0,0.66121,3,3,2,1,1,1,1,True,sub-STSWD1268,90250,8,90250.0,sub-STSWD1268
9290,1.0,0.69913,4,3,2,1,1,1,1,True,sub-STSWD1268,92682,8,92682.0,sub-STSWD1268
9291,0.0,0.92198,1,3,2,1,1,1,1,True,sub-STSWD1268,95114,8,95114.0,sub-STSWD1268
9292,0.0,1.131,1,3,2,1,1,1,1,True,sub-STSWD1268,97546,8,97546.0,sub-STSWD1268
9293,1.0,0.32977,4,1,2,1,1,1,1,True,sub-STSWD1268,102026,8,102026.0,sub-STSWD1268
9294,1.0,0.28083,4,1,2,1,1,1,1,True,sub-STSWD1268,104458,8,104458.0,sub-STSWD1268
9295,0.0,0.67778,4,1,1,1,1,1,1,True,sub-STSWD1268,106890,8,106890.0,sub-STSWD1268
9296,1.0,0.3667,4,1,2,1,1,1,1,True,sub-STSWD1268,109322,8,109322.0,sub-STSWD1268
9297,1.0,0.25259,4,1,2,1,1,1,1,True,sub-STSWD1268,111754,8,111754.0,sub-STSWD1268
9298,1.0,0.31558,4,1,1,1,1,1,1,True,sub-STSWD1268,114186,8,114186.0,sub-STSWD1268
9299,0.0,0.31447,4,1,1,1,1,1,1,True,sub-STSWD1268,116618,8,116618.0,sub-STSWD1268
9300,0.0,0.44545,4,1,1,1,1,1,1,True,sub-STSWD1268,119050,8,119050.0,sub-STSWD1268
9301,1.0,0.51686,2,4,1,1,1,1,1,True,sub-STSWD1268,123534,8,123534.0,sub-STSWD1268
9302,0.0,0.4736,2,4,2,1,1,1,1,True,sub-STSWD1268,125966,8,125966.0,sub-STSWD1268
9303,1.0,0.56946,1,4,2,1,1,1,1,True,sub-STSWD1268,128398,8,128398.0,sub-STSWD1268
9304,0.0,1.0214,4,4,1,1,1,1,1,True,sub-STSWD1268,130830,8,130830.0,sub-STSWD1268
9305,1.0,1.0393,4,4,2,1,1,1,1,True,sub-STSWD1268,133262,8,133262.0,sub-STSWD1268
9306,1.0,0.74224,1,4,1,1,1,1,1,True,sub-STSWD1268,135694,8,135694.0,sub-STSWD1268
9307,0.0,0.63624,3,4,1,1,1,1,1,True,sub-STSWD1268,138126,8,138126.0,sub-STSWD1268
9308,1.0,1.0982,3,4,1,1,1,1,1,True,sub-STSWD1268,140558,8,140558.0,sub-STSWD1268
9309,1.0,0.66706,1,3,1,1,1,1,1,True,sub-STSWD1268,145038,8,145038.0,sub-STSWD1268
9310,1.0,0.63898,1,3,1,1,1,1,1,True,sub-STSWD1268,147470,8,147470.0,sub-STSWD1268
9311,1.0,0.53484,1,3,2,1,1,1,1,True,sub-STSWD1268,149902,8,149902.0,sub-STSWD1268
9312,0.0,1.3919,2,3,2,1,1,1,1,True,sub-STSWD1268,152334,8,152334.0,sub-STSWD1268
9313,,,1,3,2,1,1,1,1,True,sub-STSWD1268,154766,8,,sub-STSWD1268
9314,1.0,0.69667,1,3,1,1,1,1,1,True,sub-STSWD1268,157198,8,157198.0,sub-STSWD1268
9315,1.0,1.5966,4,3,1,1,1,1,1,True,sub-STSWD1268,159629,8,159629.0,sub-STSWD1268
9316,0.0,0.8016,4,3,1,1,1,1,1,True,sub-STSWD1268,162061,8,162061.0,sub-STSWD1268
9317,1.0,0.53449,1,2,2,1,1,1,1,True,sub-STSWD1268,166541,8,166541.0,sub-STSWD1268
9318,1.0,0.64242,1,2,1,1,1,1,1,True,sub-STSWD1268,168973,8,168973.0,sub-STSWD1268
9319,0.0,0.40636,2,2,1,1,1,1,1,True,sub-STSWD1268,171405,8,171405.0,sub-STSWD1268
9320,1.0,0.58633,2,2,2,1,1,1,1,True,sub-STSWD1268,173837,8,173837.0,sub-STSWD1268
9321,0.0,0.48623,2,2,1,1,1,1,1,True,sub-STSWD1268,176269,8,176269.0,sub-STSWD1268
9322,1.0,0.73619,1,2,2,1,1,1,1,True,sub-STSWD1268,178701,8,178701.0,sub-STSWD1268
9323,1.0,0.35104,2,2,2,1,1,1,1,True,sub-STSWD1268,181133,8,181133.0,sub-STSWD1268
9324,1.0,1.25,1,2,2,1,1,1,1,True,sub-STSWD1268,183565,8,183565.0,sub-STSWD1268
9325,1.0,0.90175,3,3,1,1,1,1,1,True,sub-STSWD1268,218504,8,218504.0,sub-STSWD1268
9326,0.0,0.66572,2,3,1,1,1,1,1,True,sub-STSWD1268,220936,8,220936.0,sub-STSWD1268
9327,1.0,0.51369,1,3,2,1,1,1,1,True,sub-STSWD1268,223368,8,223368.0,sub-STSWD1268
9328,1.0,0.62086,1,3,1,1,1,1,1,True,sub-STSWD1268,225800,8,225800.0,sub-STSWD1268
9329,1.0,0.41856,2,3,1,1,1,1,1,True,sub-STSWD1268,228232,8,228232.0,sub-STSWD1268
9330,1.0,0.58951,2,3,2,1,1,1,1,True,sub-STSWD1268,230664,8,230664.0,sub-STSWD1268
9331,1.0,0.5124,2,3,2,1,1,1,1,True,sub-STSWD1268,233096,8,233096.0,sub-STSWD1268
9332,1.0,0.88736,3,3,1,1,1,1,1,True,sub-STSWD1268,235528,8,235528.0,sub-STSWD1268
9333,1.0,0.77533,3,4,2,1,1,1,1,True,sub-STSWD1268,240008,8,240008.0,sub-STSWD1268
9334,1.0,1.3761,3,4,1,1,1,1,1,True,sub-STSWD1268,242440,8,242440.0,sub-STSWD1268
9335,1.0,0.56908,3,4,1,1,1,1,1,True,sub-STSWD1268,244872,8,244872.0,sub-STSWD1268
9336,1.0,1.047,4,4,2,1,1,1,1,True,sub-STSWD1268,247304,8,247304.0,sub-STSWD1268
9337,0.0,0.57,2,4,1,1,1,1,1,True,sub-STSWD1268,249736,8,249736.0,sub-STSWD1268
9338,1.0,1.1889,1,4,2,1,1,1,1,True,sub-STSWD1268,252168,8,252168.0,sub-STSWD1268
9339,1.0,0.44786,2,4,1,1,1,1,1,True,sub-STSWD1268,254600,8,254600.0,sub-STSWD1268
9340,1.0,0.50182,1,4,1,1,1,1,1,True,sub-STSWD1268,257032,8,257032.0,sub-STSWD1268
9341,1.0,0.84364,1,2,2,1,1,1,1,True,sub-STSWD1268,261512,8,261512.0,sub-STSWD1268
9342,1.0,0.48588,3,2,2,1,1,1,1,True,sub-STSWD1268,263944,8,263944.0,sub-STSWD1268
9343,1.0,0.32553,3,2,2,1,1,1,1,True,sub-STSWD1268,266376,8,266376.0,sub-STSWD1268
9344,1.0,0.51446,3,2,2,1,1,1,1,True,sub-STSWD1268,268808,8,268808.0,sub-STSWD1268
9345,1.0,0.5204,1,2,1,1,1,1,1,True,sub-STSWD1268,271240,8,271240.0,sub-STSWD1268
9346,1.0,0.47333,3,2,2,1,1,1,1,True,sub-STSWD1268,273672,8,273672.0,sub-STSWD1268
9347,1.0,0.8112,1,2,1,1,1,1,1,True,sub-STSWD1268,276104,8,276104.0,sub-STSWD1268
9348,1.0,0.68719,1,2,1,1,1,1,1,True,sub-STSWD1268,278536,8,278536.0,sub-STSWD1268
9349,0.0,0.79408,2,1,1,1,1,1,1,True,sub-STSWD1268,283016,8,283016.0,sub-STSWD1268
9350,1.0,0.26602,2,1,2,1,1,1,1,True,sub-STSWD1268,285448,8,285448.0,sub-STSWD1268
9351,0.0,0.26197,2,1,1,1,1,1,1,True,sub-STSWD1268,287879,8,287879.0,sub-STSWD1268
9352,0.0,0.28891,2,1,1,1,1,1,1,True,sub-STSWD1268,290311,8,290311.0,sub-STSWD1268
9353,0.0,0.51183,2,1,1,1,1,1,1,True,sub-STSWD1268,292743,8,292743.0,sub-STSWD1268
9354,1.0,0.35977,2,1,2,1,1,1,1,True,sub-STSWD1268,295175,8,295175.0,sub-STSWD1268
9355,1.0,0.28875,2,1,2,1,1,1,1,True,sub-STSWD1268,297607,8,297607.0,sub-STSWD1268
9356,1.0,0.35064,2,1,2,1,1,1,1,True,sub-STSWD1268,300039,8,300039.0,sub-STSWD1268
9357,1.0,0.74156,1,4,1,1,1,1,1,True,sub-STSWD1268,304519,8,304519.0,sub-STSWD1268
9358,1.0,1.5135,1,4,1,1,1,1,1,True,sub-STSWD1268,306951,8,306951.0,sub-STSWD1268
9359,1.0,0.77432,4,4,2,1,1,1,1,True,sub-STSWD1268,311815,8,311815.0,sub-STSWD1268
9360,1.0,0.63123,4,4,2,1,1,1,1,True,sub-STSWD1268,314247,8,314247.0,sub-STSWD1268
9361,0.0,1.1512,2,4,2,1,1,1,1,True,sub-STSWD1268,316679,8,316679.0,sub-STSWD1268
9362,1.0,0.93414,2,4,1,1,1,1,1,True,sub-STSWD1268,319111,8,319111.0,sub-STSWD1268
9363,1.0,1.056,3,4,1,1,1,1,1,True,sub-STSWD1268,321543,8,321543.0,sub-STSWD1268
9364,1.0,0.36496,3,2,2,1,1,1,1,True,sub-STSWD1268,326023,8,326023.0,sub-STSWD1268
9365,1.0,0.88378,3,2,2,1,1,1,1,True,sub-STSWD1268,330887,8,330887.0,sub-STSWD1268
9366,1.0,0.96876,4,2,1,1,1,1,1,True,sub-STSWD1268,333319,8,333319.0,sub-STSWD1268
9367,0.0,0.52668,4,2,1,1,1,1,1,True,sub-STSWD1268,335751,8,335751.0,sub-STSWD1268
9368,0.0,0.61054,4,2,1,1,1,1,1,True,sub-STSWD1268,338183,8,338183.0,sub-STSWD1268
9369,1.0,0.42853,4,2,1,1,1,1,1,True,sub-STSWD1268,340615,8,340615.0,sub-STSWD1268
9370,0.0,1.4365,3,2,2,1,1,1,1,True,sub-STSWD1268,343047,8,343047.0,sub-STSWD1268
9371,1.0,0.86834,3,3,2,1,1,1,1,True,sub-STSWD1268,347527,8,347527.0,sub-STSWD1268
9372,1.0,0.88938,3,3,2,1,1,1,1,True,sub-STSWD1268,349959,8,349959.0,sub-STSWD1268
9373,1.0,1.1322,3,3,1,1,1,1,1,True,sub-STSWD1268,352391,8,352391.0,sub-STSWD1268
9374,1.0,0.85723,4,3,2,1,1,1,1,True,sub-STSWD1268,354823,8,354823.0,sub-STSWD1268
9375,0.0,0.36917,4,3,1,1,1,1,1,True,sub-STSWD1268,357255,8,357255.0,sub-STSWD1268
9376,1.0,1.1331,3,3,1,1,1,1,1,True,sub-STSWD1268,359687,8,359687.0,sub-STSWD1268
9377,0.0,0.79396,2,3,2,1,1,1,1,True,sub-STSWD1268,362119,8,362119.0,sub-STSWD1268
9378,1.0,0.75397,2,3,1,1,1,1,1,True,sub-STSWD1268,364551,8,364551.0,sub-STSWD1268
9379,0.0,0.5926,3,1,1,1,1,1,1,True,sub-STSWD1268,376327,8,376327.0,sub-STSWD1268
9380,1.0,0.8269,3,1,1,1,1,1,1,True,sub-STSWD1268,378759,8,378759.0,sub-STSWD1268
9381,1.0,0.4114,3,1,2,1,1,1,1,True,sub-STSWD1268,386055,8,386055.0,sub-STSWD1268
9382,1.0,0.97233,3,3,1,1,1,1,1,True,sub-STSWD1268,413980,8,413980.0,sub-STSWD1268
9383,1.0,1.1702,4,3,1,1,1,1,1,True,sub-STSWD1268,416412,8,416412.0,sub-STSWD1268
9384,1.0,0.48018,4,3,1,1,1,1,1,True,sub-STSWD1268,418844,8,418844.0,sub-STSWD1268
9385,1.0,0.73416,1,3,1,1,1,1,1,True,sub-STSWD1268,421275,8,421275.0,sub-STSWD1268
9386,1.0,0.76105,3,3,1,1,1,1,1,True,sub-STSWD1268,423707,8,423707.0,sub-STSWD1268
9387,1.0,1.028,1,3,1,1,1,1,1,True,sub-STSWD1268,426139,8,426139.0,sub-STSWD1268
9388,0.0,0.45897,4,3,1,1,1,1,1,True,sub-STSWD1268,428571,8,428571.0,sub-STSWD1268
9389,1.0,0.53486,4,3,2,1,1,1,1,True,sub-STSWD1268,431003,8,431003.0,sub-STSWD1268
9390,1.0,1.272,3,2,1,1,1,1,1,True,sub-STSWD1268,435483,8,435483.0,sub-STSWD1268
9391,1.0,0.69667,3,2,1,1,1,1,1,True,sub-STSWD1268,437915,8,437915.0,sub-STSWD1268
9392,1.0,1.0006,4,2,2,1,1,1,1,True,sub-STSWD1268,440347,8,440347.0,sub-STSWD1268
9393,0.0,0.94055,3,2,1,1,1,1,1,True,sub-STSWD1268,442779,8,442779.0,sub-STSWD1268
9394,1.0,0.67948,3,2,1,1,1,1,1,True,sub-STSWD1268,445211,8,445211.0,sub-STSWD1268
9395,1.0,1.1305,4,2,2,1,1,1,1,True,sub-STSWD1268,447643,8,447643.0,sub-STSWD1268
9396,1.0,0.4814,4,2,1,1,1,1,1,True,sub-STSWD1268,450075,8,450075.0,sub-STSWD1268
9397,1.0,0.52329,3,2,1,1,1,1,1,True,sub-STSWD1268,452507,8,452507.0,sub-STSWD1268
9398,1.0,0.26122,2,1,2,1,1,1,1,True,sub-STSWD1268,456987,8,456987.0,sub-STSWD1268
9399,0.0,0.30716,2,1,2,1,1,1,1,True,sub-STSWD1268,459419,8,459419.0,sub-STSWD1268
9400,1.0,0.37505,2,1,1,1,1,1,1,True,sub-STSWD1268,461851,8,461851.0,sub-STSWD1268
9401,0.0,0.94398,2,1,2,1,1,1,1,True,sub-STSWD1268,464283,8,464283.0,sub-STSWD1268
9402,1.0,0.45892,2,1,1,1,1,1,1,True,sub-STSWD1268,466715,8,466715.0,sub-STSWD1268
9403,0.0,0.58289,2,1,1,1,1,1,1,True,sub-STSWD1268,469147,8,469147.0,sub-STSWD1268
9404,1.0,0.27879,2,1,2,1,1,1,1,True,sub-STSWD1268,471579,8,471579.0,sub-STSWD1268
9405,0.0,0.26374,2,1,1,1,1,1,1,True,sub-STSWD1268,474011,8,474011.0,sub-STSWD1268
9406,1.0,1.5345,1,4,1,1,1,1,1,True,sub-STSWD1268,478491,8,478491.0,sub-STSWD1268
9407,0.0,0.96553,2,4,2,1,1,1,1,True,sub-STSWD1268,480923,8,480923.0,sub-STSWD1268
9408,1.0,1.4555,4,4,2,1,1,1,1,True,sub-STSWD1268,483355,8,483355.0,sub-STSWD1268
9409,0.0,0.65041,4,4,1,1,1,1,1,True,sub-STSWD1268,485787,8,485787.0,sub-STSWD1268
9410,0.0,0.47436,2,4,1,1,1,1,1,True,sub-STSWD1268,488219,8,488219.0,sub-STSWD1268
9411,0.0,1.5513,1,4,2,1,1,1,1,True,sub-STSWD1268,490651,8,490651.0,sub-STSWD1268
9412,1.0,1.0142,3,4,2,1,1,1,1,True,sub-STSWD1268,493083,8,493083.0,sub-STSWD1268
9413,1.0,1.2851,3,4,1,1,1,1,1,True,sub-STSWD1268,495515,8,495515.0,sub-STSWD1268
9414,1.0,0.54404,1,1,1,1,1,1,1,True,sub-STSWD1268,499995,8,499995.0,sub-STSWD1268
9415,0.0,0.49197,1,1,2,1,1,1,1,True,sub-STSWD1268,502427,8,502427.0,sub-STSWD1268
9416,1.0,0.45295,1,1,1,1,1,1,1,True,sub-STSWD1268,504859,8,504859.0,sub-STSWD1268
9417,1.0,0.71985,1,1,1,1,1,1,1,True,sub-STSWD1268,507291,8,507291.0,sub-STSWD1268
9418,1.0,1.0538,1,1,2,1,1,1,1,True,sub-STSWD1268,509723,8,509723.0,sub-STSWD1268
9419,1.0,0.28282,1,1,2,1,1,1,1,True,sub-STSWD1268,512155,8,512155.0,sub-STSWD1268
9420,1.0,0.27056,1,1,2,1,1,1,1,True,sub-STSWD1268,517019,8,517019.0,sub-STSWD1268
9421,1.0,0.63648,3,3,2,1,1,1,1,True,sub-STSWD1268,521499,8,521499.0,sub-STSWD1268
9422,0.0,0.82033,3,3,2,1,1,1,1,True,sub-STSWD1268,523931,8,523931.0,sub-STSWD1268
9423,1.0,0.73135,2,3,2,1,1,1,1,True,sub-STSWD1268,526363,8,526363.0,sub-STSWD1268
9424,1.0,0.4473,4,3,1,1,1,1,1,True,sub-STSWD1268,528795,8,528795.0,sub-STSWD1268
9425,1.0,1.3572,2,3,2,1,1,1,1,True,sub-STSWD1268,531227,8,531227.0,sub-STSWD1268
9426,1.0,0.69716,3,3,2,1,1,1,1,True,sub-STSWD1268,533659,8,533659.0,sub-STSWD1268
9427,1.0,0.63909,3,3,1,1,1,1,1,True,sub-STSWD1268,536091,8,536091.0,sub-STSWD1268
9428,1.0,1.4,4,3,2,1,1,1,1,True,sub-STSWD1268,538523,8,538523.0,sub-STSWD1268
9429,1.0,0.73091,1,4,1,1,1,1,1,True,sub-STSWD1268,543003,8,543003.0,sub-STSWD1268
9430,1.0,1.5688,1,4,2,1,1,1,1,True,sub-STSWD1268,545434,8,545434.0,sub-STSWD1268
9431,1.0,1.1237,4,4,1,1,1,1,1,True,sub-STSWD1268,547866,8,547866.0,sub-STSWD1268
9432,1.0,1.6087,4,4,2,1,1,1,1,True,sub-STSWD1268,550298,8,550298.0,sub-STSWD1268
9433,1.0,1.1056,2,4,1,1,1,1,1,True,sub-STSWD1268,552730,8,552730.0,sub-STSWD1268
9434,1.0,1.3285,3,4,2,1,1,1,1,True,sub-STSWD1268,557594,8,557594.0,sub-STSWD1268
9435,1.0,0.59847,3,4,1,1,1,1,1,True,sub-STSWD1268,560026,8,560026.0,sub-STSWD1268
9436,1.0,0.42536,1,2,2,1,1,1,1,True,sub-STSWD1268,564506,8,564506.0,sub-STSWD1268
9437,1.0,0.55029,1,2,1,1,1,1,1,True,sub-STSWD1268,566938,8,566938.0,sub-STSWD1268
9438,1.0,0.43619,2,2,2,1,1,1,1,True,sub-STSWD1268,569370,8,569370.0,sub-STSWD1268
9439,1.0,0.28717,2,2,1,1,1,1,1,True,sub-STSWD1268,571802,8,571802.0,sub-STSWD1268
9440,0.0,0.71609,2,2,1,1,1,1,1,True,sub-STSWD1268,574234,8,574234.0,sub-STSWD1268
9441,1.0,0.55897,1,2,2,1,1,1,1,True,sub-STSWD1268,576666,8,576666.0,sub-STSWD1268
9442,1.0,1.4629,2,2,1,1,1,1,1,True,sub-STSWD1268,579098,8,579098.0,sub-STSWD1268
9443,1.0,0.4619,1,2,2,1,1,1,1,True,sub-STSWD1268,581530,8,581530.0,sub-STSWD1268
9444,1.0,0.28088,1,1,2,1,1,1,1,True,sub-STSWD1268,609353,8,609353.0,sub-STSWD1268
9445,1.0,0.27882,1,1,2,1,1,1,1,True,sub-STSWD1268,611785,8,611785.0,sub-STSWD1268
9446,1.0,0.27172,1,1,2,1,1,1,1,True,sub-STSWD1268,614216,8,614216.0,sub-STSWD1268
9447,1.0,0.25869,1,1,1,1,1,1,1,True,sub-STSWD1268,616648,8,616648.0,sub-STSWD1268
9448,1.0,0.36564,1,1,1,1,1,1,1,True,sub-STSWD1268,619080,8,619080.0,sub-STSWD1268
9449,1.0,0.42153,1,1,1,1,1,1,1,True,sub-STSWD1268,621513,8,621513.0,sub-STSWD1268
9450,1.0,0.32741,1,1,1,1,1,1,1,True,sub-STSWD1268,626377,8,626377.0,sub-STSWD1268
9451,1.0,0.25234,1,2,2,1,1,1,1,True,sub-STSWD1268,630856,8,630856.0,sub-STSWD1268
9452,1.0,0.46525,1,2,1,1,1,1,1,True,sub-STSWD1268,633288,8,633288.0,sub-STSWD1268
9453,1.0,0.58512,4,2,1,1,1,1,1,True,sub-STSWD1268,638152,8,638152.0,sub-STSWD1268
9454,0.0,0.40006,4,2,1,1,1,1,1,True,sub-STSWD1268,640584,8,640584.0,sub-STSWD1268
9455,1.0,0.47596,1,2,1,1,1,1,1,True,sub-STSWD1268,643016,8,643016.0,sub-STSWD1268
9456,0.0,0.90692,4,2,1,1,1,1,1,True,sub-STSWD1268,645448,8,645448.0,sub-STSWD1268
9457,1.0,0.67786,1,2,1,1,1,1,1,True,sub-STSWD1268,647880,8,647880.0,sub-STSWD1268
9458,0.0,0.7317,4,3,1,1,1,1,1,True,sub-STSWD1268,652360,8,652360.0,sub-STSWD1268
9459,1.0,1.0438,2,3,2,1,1,1,1,True,sub-STSWD1268,654792,8,654792.0,sub-STSWD1268
9460,1.0,1.2106,4,3,2,1,1,1,1,True,sub-STSWD1268,657224,8,657224.0,sub-STSWD1268
9461,1.0,0.48656,1,3,1,1,1,1,1,True,sub-STSWD1268,659656,8,659656.0,sub-STSWD1268
9462,0.0,0.7125,2,3,1,1,1,1,1,True,sub-STSWD1268,662088,8,662088.0,sub-STSWD1268
9463,0.0,0.56942,2,3,1,1,1,1,1,True,sub-STSWD1268,664520,8,664520.0,sub-STSWD1268
9464,1.0,0.6203,1,3,1,1,1,1,1,True,sub-STSWD1268,666952,8,666952.0,sub-STSWD1268
9465,1.0,0.50327,1,3,2,1,1,1,1,True,sub-STSWD1268,669384,8,669384.0,sub-STSWD1268
9466,1.0,0.83318,3,4,1,1,1,1,1,True,sub-STSWD1268,673864,8,673864.0,sub-STSWD1268
9467,1.0,1.1221,3,4,2,1,1,1,1,True,sub-STSWD1268,676296,8,676296.0,sub-STSWD1268
9468,1.0,1.332,1,4,2,1,1,1,1,True,sub-STSWD1268,678728,8,678728.0,sub-STSWD1268
9469,1.0,0.57995,2,4,2,1,1,1,1,True,sub-STSWD1268,681160,8,681160.0,sub-STSWD1268
9470,0.0,0.56792,1,4,2,1,1,1,1,True,sub-STSWD1268,683592,8,683592.0,sub-STSWD1268
9471,1.0,0.57786,1,4,2,1,1,1,1,True,sub-STSWD1268,686024,8,686024.0,sub-STSWD1268
9472,1.0,0.87581,4,4,2,1,1,1,1,True,sub-STSWD1268,688456,8,688456.0,sub-STSWD1268
9473,0.0,1.0027,2,4,1,1,1,1,1,True,sub-STSWD1268,690888,8,690888.0,sub-STSWD1268
9474,1.0,0.81462,3,3,1,1,1,1,1,True,sub-STSWD1268,695368,8,695368.0,sub-STSWD1268
9475,1.0,0.60857,1,3,2,1,1,1,1,True,sub-STSWD1268,697800,8,697800.0,sub-STSWD1268
9476,0.0,0.89046,3,3,2,1,1,1,1,True,sub-STSWD1268,700232,8,700232.0,sub-STSWD1268
9477,1.0,0.65539,1,3,2,1,1,1,1,True,sub-STSWD1268,702664,8,702664.0,sub-STSWD1268
9478,0.0,0.47035,2,3,1,1,1,1,1,True,sub-STSWD1268,705096,8,705096.0,sub-STSWD1268
9479,1.0,0.28428,2,3,2,1,1,1,1,True,sub-STSWD1268,707528,8,707528.0,sub-STSWD1268
9480,1.0,0.44424,2,3,1,1,1,1,1,True,sub-STSWD1268,709960,8,709960.0,sub-STSWD1268
9481,0.0,0.90417,2,3,1,1,1,1,1,True,sub-STSWD1268,712392,8,712392.0,sub-STSWD1268
9482,1.0,0.27207,3,1,1,1,1,1,1,True,sub-STSWD1268,716872,8,716872.0,sub-STSWD1268
9483,1.0,0.55979,3,1,2,1,1,1,1,True,sub-STSWD1268,724168,8,724168.0,sub-STSWD1268
9484,1.0,0.28801,3,1,2,1,1,1,1,True,sub-STSWD1268,729032,8,729032.0,sub-STSWD1268
9485,1.0,0.43865,3,1,2,1,1,1,1,True,sub-STSWD1268,731464,8,731464.0,sub-STSWD1268
9486,0.0,1.0488,4,4,1,1,1,1,1,True,sub-STSWD1268,738376,8,738376.0,sub-STSWD1268
9487,1.0,0.63638,4,4,1,1,1,1,1,True,sub-STSWD1268,740808,8,740808.0,sub-STSWD1268
9488,0.0,0.78371,4,4,1,1,1,1,1,True,sub-STSWD1268,743240,8,743240.0,sub-STSWD1268
9489,1.0,0.47927,2,4,2,1,1,1,1,True,sub-STSWD1268,745672,8,745672.0,sub-STSWD1268
9490,1.0,0.49715,2,4,2,1,1,1,1,True,sub-STSWD1268,748104,8,748104.0,sub-STSWD1268
9491,1.0,0.8995,3,4,2,1,1,1,1,True,sub-STSWD1268,750536,8,750536.0,sub-STSWD1268
9492,1.0,0.71807,3,4,2,1,1,1,1,True,sub-STSWD1268,752968,8,752968.0,sub-STSWD1268
9493,1.0,0.60038,1,4,1,1,1,1,1,True,sub-STSWD1268,755399,8,755399.0,sub-STSWD1268
9494,0.0,0.4612,2,2,1,1,1,1,1,True,sub-STSWD1268,759879,8,759879.0,sub-STSWD1268
9495,1.0,0.89618,4,2,2,1,1,1,1,True,sub-STSWD1268,762311,8,762311.0,sub-STSWD1268
9496,1.0,0.45504,4,2,2,1,1,1,1,True,sub-STSWD1268,764743,8,764743.0,sub-STSWD1268
9497,1.0,0.65799,2,2,2,1,1,1,1,True,sub-STSWD1268,767175,8,767175.0,sub-STSWD1268
9498,1.0,0.25703,2,2,1,1,1,1,1,True,sub-STSWD1268,769607,8,769607.0,sub-STSWD1268
9499,1.0,0.3019,4,2,2,1,1,1,1,True,sub-STSWD1268,774471,8,774471.0,sub-STSWD1268
9500,0.0,1.2456,4,2,1,1,1,1,1,True,sub-STSWD1270,34714,8,34714.0,sub-STSWD1270
9501,1.0,0.86358,4,2,1,1,1,1,1,True,sub-STSWD1270,37146,8,37146.0,sub-STSWD1270
9502,1.0,0.80752,4,2,2,1,1,1,1,True,sub-STSWD1270,39578,8,39578.0,sub-STSWD1270
9503,1.0,0.81946,4,2,2,1,1,1,1,True,sub-STSWD1270,42010,8,42010.0,sub-STSWD1270
9504,0.0,0.7014,3,2,2,1,1,1,1,True,sub-STSWD1270,44442,8,44442.0,sub-STSWD1270
9505,1.0,0.7763,4,2,2,1,1,1,1,True,sub-STSWD1270,46874,8,46874.0,sub-STSWD1270
9506,1.0,0.78523,3,2,1,1,1,1,1,True,sub-STSWD1270,49306,8,49306.0,sub-STSWD1270
9507,1.0,0.50115,2,1,1,1,1,1,1,True,sub-STSWD1270,53786,8,53786.0,sub-STSWD1270
9508,1.0,0.36809,2,1,2,1,1,1,1,True,sub-STSWD1270,56218,8,56218.0,sub-STSWD1270
9509,1.0,0.36398,2,1,1,1,1,1,1,True,sub-STSWD1270,58650,8,58650.0,sub-STSWD1270
9510,1.0,0.43996,2,1,2,1,1,1,1,True,sub-STSWD1270,61082,8,61082.0,sub-STSWD1270
9511,1.0,0.3759,2,1,1,1,1,1,1,True,sub-STSWD1270,63514,8,63514.0,sub-STSWD1270
9512,1.0,0.34683,2,1,2,1,1,1,1,True,sub-STSWD1270,65946,8,65946.0,sub-STSWD1270
9513,1.0,0.29876,2,1,1,1,1,1,1,True,sub-STSWD1270,68378,8,68378.0,sub-STSWD1270
9514,1.0,0.31271,2,1,1,1,1,1,1,True,sub-STSWD1270,70810,8,70810.0,sub-STSWD1270
9515,0.0,0.79058,1,4,2,1,1,1,1,True,sub-STSWD1270,75289,8,75289.0,sub-STSWD1270
9516,1.0,0.74742,3,4,2,1,1,1,1,True,sub-STSWD1270,77721,8,77721.0,sub-STSWD1270
9517,1.0,0.49645,3,4,1,1,1,1,1,True,sub-STSWD1270,80153,8,80153.0,sub-STSWD1270
9518,1.0,0.66435,3,4,1,1,1,1,1,True,sub-STSWD1270,82585,8,82585.0,sub-STSWD1270
9519,1.0,0.77923,2,4,1,1,1,1,1,True,sub-STSWD1270,85017,8,85017.0,sub-STSWD1270
9520,1.0,0.9942,2,4,2,1,1,1,1,True,sub-STSWD1270,87449,8,87449.0,sub-STSWD1270
9521,0.0,1.2162,4,4,1,1,1,1,1,True,sub-STSWD1270,89881,8,89881.0,sub-STSWD1270
9522,1.0,0.92412,4,4,2,1,1,1,1,True,sub-STSWD1270,92313,8,92313.0,sub-STSWD1270
9523,1.0,0.80403,4,3,2,1,1,1,1,True,sub-STSWD1270,96793,8,96793.0,sub-STSWD1270
9524,0.0,1.121,1,3,2,1,1,1,1,True,sub-STSWD1270,99225,8,99225.0,sub-STSWD1270
9525,1.0,0.72788,1,3,2,1,1,1,1,True,sub-STSWD1270,101657,8,101657.0,sub-STSWD1270
9526,1.0,0.68577,4,3,1,1,1,1,1,True,sub-STSWD1270,104089,8,104089.0,sub-STSWD1270
9527,1.0,0.85571,4,3,2,1,1,1,1,True,sub-STSWD1270,106521,8,106521.0,sub-STSWD1270
9528,1.0,0.73969,4,3,2,1,1,1,1,True,sub-STSWD1270,108953,8,108953.0,sub-STSWD1270
9529,1.0,0.70358,3,3,2,1,1,1,1,True,sub-STSWD1270,111385,8,111385.0,sub-STSWD1270
9530,1.0,0.67756,3,3,1,1,1,1,1,True,sub-STSWD1270,113817,8,113817.0,sub-STSWD1270
9531,1.0,0.4194,1,1,2,1,1,1,1,True,sub-STSWD1270,118297,8,118297.0,sub-STSWD1270
9532,1.0,0.43039,1,1,1,1,1,1,1,True,sub-STSWD1270,120729,8,120729.0,sub-STSWD1270
9533,1.0,0.41432,1,1,1,1,1,1,1,True,sub-STSWD1270,123161,8,123161.0,sub-STSWD1270
9534,1.0,0.43425,1,1,1,1,1,1,1,True,sub-STSWD1270,125593,8,125593.0,sub-STSWD1270
9535,1.0,0.3972,1,1,1,1,1,1,1,True,sub-STSWD1270,128025,8,128025.0,sub-STSWD1270
9536,1.0,0.31009,1,1,2,1,1,1,1,True,sub-STSWD1270,130457,8,130457.0,sub-STSWD1270
9537,1.0,0.36401,1,1,2,1,1,1,1,True,sub-STSWD1270,132889,8,132889.0,sub-STSWD1270
9538,1.0,0.37296,1,1,2,1,1,1,1,True,sub-STSWD1270,135321,8,135321.0,sub-STSWD1270
9539,1.0,0.59678,1,2,1,1,1,1,1,True,sub-STSWD1270,139801,8,139801.0,sub-STSWD1270
9540,1.0,0.64864,1,2,2,1,1,1,1,True,sub-STSWD1270,142233,8,142233.0,sub-STSWD1270
9541,1.0,0.88957,1,2,2,1,1,1,1,True,sub-STSWD1270,144665,8,144665.0,sub-STSWD1270
9542,1.0,0.55167,2,2,2,1,1,1,1,True,sub-STSWD1270,147097,8,147097.0,sub-STSWD1270
9543,1.0,0.61259,1,2,1,1,1,1,1,True,sub-STSWD1270,149529,8,149529.0,sub-STSWD1270
9544,1.0,0.61654,2,2,2,1,1,1,1,True,sub-STSWD1270,151961,8,151961.0,sub-STSWD1270
9545,1.0,0.52245,2,2,2,1,1,1,1,True,sub-STSWD1270,154393,8,154393.0,sub-STSWD1270
9546,1.0,0.43934,1,2,2,1,1,1,1,True,sub-STSWD1270,156825,8,156825.0,sub-STSWD1270
9547,1.0,0.9443,1,4,2,1,1,1,1,True,sub-STSWD1270,161304,8,161304.0,sub-STSWD1270
9548,1.0,1.0041,3,4,2,1,1,1,1,True,sub-STSWD1270,163736,8,163736.0,sub-STSWD1270
9549,1.0,0.89313,1,4,1,1,1,1,1,True,sub-STSWD1270,166168,8,166168.0,sub-STSWD1270
9550,1.0,0.68611,1,4,1,1,1,1,1,True,sub-STSWD1270,168600,8,168600.0,sub-STSWD1270
9551,1.0,0.92604,4,4,2,1,1,1,1,True,sub-STSWD1270,171032,8,171032.0,sub-STSWD1270
9552,1.0,0.53998,2,4,1,1,1,1,1,True,sub-STSWD1270,173464,8,173464.0,sub-STSWD1270
9553,1.0,0.56891,2,4,2,1,1,1,1,True,sub-STSWD1270,175896,8,175896.0,sub-STSWD1270
9554,0.0,0.74085,4,4,1,1,1,1,1,True,sub-STSWD1270,178328,8,178328.0,sub-STSWD1270
9555,0.0,0.79974,3,3,1,1,1,1,1,True,sub-STSWD1270,182808,8,182808.0,sub-STSWD1270
9556,1.0,0.64368,1,3,1,1,1,1,1,True,sub-STSWD1270,185240,8,185240.0,sub-STSWD1270
9557,1.0,0.69261,3,3,2,1,1,1,1,True,sub-STSWD1270,187672,8,187672.0,sub-STSWD1270
9558,1.0,1.0195,4,3,1,1,1,1,1,True,sub-STSWD1270,190104,8,190104.0,sub-STSWD1270
9559,0.0,0.78953,4,3,1,1,1,1,1,True,sub-STSWD1270,192536,8,192536.0,sub-STSWD1270
9560,1.0,0.66042,1,3,1,1,1,1,1,True,sub-STSWD1270,194968,8,194968.0,sub-STSWD1270
9561,1.0,0.82636,4,3,1,1,1,1,1,True,sub-STSWD1270,197400,8,197400.0,sub-STSWD1270
9562,1.0,0.77081,3,2,2,1,1,1,1,True,sub-STSWD1270,230415,8,230415.0,sub-STSWD1270
9563,0.0,0.99466,4,2,1,1,1,1,1,True,sub-STSWD1270,232847,8,232847.0,sub-STSWD1270
9564,1.0,0.48265,3,2,2,1,1,1,1,True,sub-STSWD1270,235279,8,235279.0,sub-STSWD1270
9565,1.0,0.94358,3,2,2,1,1,1,1,True,sub-STSWD1270,237711,8,237711.0,sub-STSWD1270
9566,1.0,0.61256,3,2,2,1,1,1,1,True,sub-STSWD1270,240143,8,240143.0,sub-STSWD1270
9567,1.0,0.75448,4,2,2,1,1,1,1,True,sub-STSWD1270,242575,8,242575.0,sub-STSWD1270
9568,1.0,0.84239,4,2,1,1,1,1,1,True,sub-STSWD1270,245007,8,245007.0,sub-STSWD1270
9569,0.0,0.61837,3,2,1,1,1,1,1,True,sub-STSWD1270,247439,8,247439.0,sub-STSWD1270
9570,1.0,0.69025,2,3,1,1,1,1,1,True,sub-STSWD1270,251919,8,251919.0,sub-STSWD1270
9571,1.0,0.62147,2,3,1,1,1,1,1,True,sub-STSWD1270,254351,8,254351.0,sub-STSWD1270
9572,1.0,0.61113,3,3,2,1,1,1,1,True,sub-STSWD1270,256783,8,256783.0,sub-STSWD1270
9573,0.0,0.88602,4,3,1,1,1,1,1,True,sub-STSWD1270,259215,8,259215.0,sub-STSWD1270
9574,0.0,0.76694,4,3,2,1,1,1,1,True,sub-STSWD1270,261647,8,261647.0,sub-STSWD1270
9575,1.0,0.57093,3,3,2,1,1,1,1,True,sub-STSWD1270,264079,8,264079.0,sub-STSWD1270
9576,1.0,0.8428,3,3,2,1,1,1,1,True,sub-STSWD1270,266511,8,266511.0,sub-STSWD1270
9577,1.0,1.2367,3,3,1,1,1,1,1,True,sub-STSWD1270,268943,8,268943.0,sub-STSWD1270
9578,1.0,0.58366,1,4,1,1,1,1,1,True,sub-STSWD1270,273423,8,273423.0,sub-STSWD1270
9579,1.0,0.66862,2,4,1,1,1,1,1,True,sub-STSWD1270,275854,8,275854.0,sub-STSWD1270
9580,1.0,0.60455,2,4,1,1,1,1,1,True,sub-STSWD1270,278286,8,278286.0,sub-STSWD1270
9581,1.0,1.2495,1,4,2,1,1,1,1,True,sub-STSWD1270,280719,8,280719.0,sub-STSWD1270
9582,1.0,0.97241,4,4,1,1,1,1,1,True,sub-STSWD1270,283151,8,283151.0,sub-STSWD1270
9583,1.0,1.2283,4,4,2,1,1,1,1,True,sub-STSWD1270,285582,8,285582.0,sub-STSWD1270
9584,1.0,1.0333,4,4,2,1,1,1,1,True,sub-STSWD1270,288014,8,288014.0,sub-STSWD1270
9585,1.0,0.96612,3,4,1,1,1,1,1,True,sub-STSWD1270,290446,8,290446.0,sub-STSWD1270
9586,0.0,0.38212,4,1,1,1,1,1,1,True,sub-STSWD1270,294926,8,294926.0,sub-STSWD1270
9587,1.0,0.30797,4,1,1,1,1,1,1,True,sub-STSWD1270,297358,8,297358.0,sub-STSWD1270
9588,1.0,0.368,4,1,2,1,1,1,1,True,sub-STSWD1270,299790,8,299790.0,sub-STSWD1270
9589,1.0,0.40193,4,1,1,1,1,1,1,True,sub-STSWD1270,302222,8,302222.0,sub-STSWD1270
9590,1.0,0.33885,4,1,1,1,1,1,1,True,sub-STSWD1270,304654,8,304654.0,sub-STSWD1270
9591,0.0,0.36269,4,1,1,1,1,1,1,True,sub-STSWD1270,307086,8,307086.0,sub-STSWD1270
9592,1.0,0.39765,4,1,1,1,1,1,1,True,sub-STSWD1270,309518,8,309518.0,sub-STSWD1270
9593,1.0,0.33965,4,1,2,1,1,1,1,True,sub-STSWD1270,311950,8,311950.0,sub-STSWD1270
9594,0.0,0.98941,1,4,2,1,1,1,1,True,sub-STSWD1270,316430,8,316430.0,sub-STSWD1270
9595,0.0,0.85148,3,4,1,1,1,1,1,True,sub-STSWD1270,318862,8,318862.0,sub-STSWD1270
9596,1.0,0.80838,3,4,2,1,1,1,1,True,sub-STSWD1270,321294,8,321294.0,sub-STSWD1270
9597,1.0,0.68927,3,4,2,1,1,1,1,True,sub-STSWD1270,323726,8,323726.0,sub-STSWD1270
9598,1.0,0.6723,2,4,2,1,1,1,1,True,sub-STSWD1270,326158,8,326158.0,sub-STSWD1270
9599,1.0,0.48823,2,4,1,1,1,1,1,True,sub-STSWD1270,328590,8,328590.0,sub-STSWD1270
9600,1.0,0.58907,4,4,1,1,1,1,1,True,sub-STSWD1270,331022,8,331022.0,sub-STSWD1270
9601,1.0,0.94706,1,4,2,1,1,1,1,True,sub-STSWD1270,333454,8,333454.0,sub-STSWD1270
9602,1.0,0.33495,3,1,2,1,1,1,1,True,sub-STSWD1270,337934,8,337934.0,sub-STSWD1270
9603,1.0,0.28688,3,1,1,1,1,1,1,True,sub-STSWD1270,340366,8,340366.0,sub-STSWD1270
9604,1.0,0.40482,3,1,1,1,1,1,1,True,sub-STSWD1270,342798,8,342798.0,sub-STSWD1270
9605,1.0,0.31067,3,1,1,1,1,1,1,True,sub-STSWD1270,345230,8,345230.0,sub-STSWD1270
9606,1.0,0.40168,3,1,2,1,1,1,1,True,sub-STSWD1270,347662,8,347662.0,sub-STSWD1270
9607,1.0,0.32867,3,1,2,1,1,1,1,True,sub-STSWD1270,350094,8,350094.0,sub-STSWD1270
9608,1.0,0.3936,3,1,1,1,1,1,1,True,sub-STSWD1270,352526,8,352526.0,sub-STSWD1270
9609,1.0,0.27377,3,1,2,1,1,1,1,True,sub-STSWD1270,354958,8,354958.0,sub-STSWD1270
9610,1.0,1.0124,4,3,2,1,1,1,1,True,sub-STSWD1270,359438,8,359438.0,sub-STSWD1270
9611,1.0,0.55537,2,3,2,1,1,1,1,True,sub-STSWD1270,361870,8,361870.0,sub-STSWD1270
9612,1.0,0.54018,1,3,1,1,1,1,1,True,sub-STSWD1270,366734,8,366734.0,sub-STSWD1270
9613,1.0,0.61812,2,3,1,1,1,1,1,True,sub-STSWD1270,369166,8,369166.0,sub-STSWD1270
9614,1.0,0.67705,1,3,1,1,1,1,1,True,sub-STSWD1270,371598,8,371598.0,sub-STSWD1270
9615,1.0,0.61499,1,3,2,1,1,1,1,True,sub-STSWD1270,374029,8,374029.0,sub-STSWD1270
9616,1.0,0.6419,1,3,2,1,1,1,1,True,sub-STSWD1270,376461,8,376461.0,sub-STSWD1270
9617,1.0,0.59681,1,2,2,1,1,1,1,True,sub-STSWD1270,380941,8,380941.0,sub-STSWD1270
9618,1.0,0.47974,2,2,1,1,1,1,1,True,sub-STSWD1270,383374,8,383374.0,sub-STSWD1270
9619,1.0,0.56373,2,2,1,1,1,1,1,True,sub-STSWD1270,385805,8,385805.0,sub-STSWD1270
9620,1.0,0.53466,2,2,2,1,1,1,1,True,sub-STSWD1270,388237,8,388237.0,sub-STSWD1270
9621,1.0,0.46059,1,2,1,1,1,1,1,True,sub-STSWD1270,390669,8,390669.0,sub-STSWD1270
9622,1.0,0.71848,2,2,1,1,1,1,1,True,sub-STSWD1270,393101,8,393101.0,sub-STSWD1270
9623,1.0,0.43442,2,2,2,1,1,1,1,True,sub-STSWD1270,395533,8,395533.0,sub-STSWD1270
9624,1.0,0.67036,1,2,1,1,1,1,1,True,sub-STSWD1270,397965,8,397965.0,sub-STSWD1270
9625,1.0,0.37095,3,1,1,1,1,1,1,True,sub-STSWD1270,426091,8,426091.0,sub-STSWD1270
9626,0.0,0.35293,3,1,1,1,1,1,1,True,sub-STSWD1270,428523,8,428523.0,sub-STSWD1270
9627,1.0,0.32483,3,1,2,1,1,1,1,True,sub-STSWD1270,430955,8,430955.0,sub-STSWD1270
9628,1.0,0.31776,3,1,1,1,1,1,1,True,sub-STSWD1270,433387,8,433387.0,sub-STSWD1270
9629,1.0,0.3917,3,1,1,1,1,1,1,True,sub-STSWD1270,435819,8,435819.0,sub-STSWD1270
9630,1.0,0.27964,3,1,2,1,1,1,1,True,sub-STSWD1270,438251,8,438251.0,sub-STSWD1270
9631,1.0,0.33061,3,1,2,1,1,1,1,True,sub-STSWD1270,440683,8,440683.0,sub-STSWD1270
9632,1.0,0.42051,3,1,2,1,1,1,1,True,sub-STSWD1270,443114,8,443114.0,sub-STSWD1270
9633,1.0,0.52443,2,2,2,1,1,1,1,True,sub-STSWD1270,447595,8,447595.0,sub-STSWD1270
9634,1.0,0.52037,4,2,1,1,1,1,1,True,sub-STSWD1270,450026,8,450026.0,sub-STSWD1270
9635,1.0,0.5323,4,2,1,1,1,1,1,True,sub-STSWD1270,452458,8,452458.0,sub-STSWD1270
9636,1.0,0.4122,4,2,2,1,1,1,1,True,sub-STSWD1270,454890,8,454890.0,sub-STSWD1270
9637,1.0,0.44113,2,2,1,1,1,1,1,True,sub-STSWD1270,457322,8,457322.0,sub-STSWD1270
9638,1.0,0.48007,4,2,2,1,1,1,1,True,sub-STSWD1270,459754,8,459754.0,sub-STSWD1270
9639,1.0,0.47592,2,2,2,1,1,1,1,True,sub-STSWD1270,462186,8,462186.0,sub-STSWD1270
9640,1.0,0.44093,2,2,2,1,1,1,1,True,sub-STSWD1270,464618,8,464618.0,sub-STSWD1270
9641,1.0,0.58975,2,3,2,1,1,1,1,True,sub-STSWD1270,469098,8,469098.0,sub-STSWD1270
9642,1.0,0.58876,2,3,1,1,1,1,1,True,sub-STSWD1270,471530,8,471530.0,sub-STSWD1270
9643,1.0,0.46769,2,3,1,1,1,1,1,True,sub-STSWD1270,473962,8,473962.0,sub-STSWD1270
9644,1.0,0.66164,1,3,1,1,1,1,1,True,sub-STSWD1270,476394,8,476394.0,sub-STSWD1270
9645,0.0,0.43561,3,3,1,1,1,1,1,True,sub-STSWD1270,478826,8,478826.0,sub-STSWD1270
9646,1.0,0.5265,2,3,2,1,1,1,1,True,sub-STSWD1270,481258,8,481258.0,sub-STSWD1270
9647,1.0,0.46045,3,3,2,1,1,1,1,True,sub-STSWD1270,483690,8,483690.0,sub-STSWD1270
9648,1.0,0.71933,1,3,1,1,1,1,1,True,sub-STSWD1270,486122,8,486122.0,sub-STSWD1270
9649,1.0,0.52726,2,4,2,1,1,1,1,True,sub-STSWD1270,490602,8,490602.0,sub-STSWD1270
9650,1.0,0.58619,2,4,1,1,1,1,1,True,sub-STSWD1270,493034,8,493034.0,sub-STSWD1270
9651,1.0,0.45513,2,4,2,1,1,1,1,True,sub-STSWD1270,495466,8,495466.0,sub-STSWD1270
9652,0.0,1.143,4,4,2,1,1,1,1,True,sub-STSWD1270,497898,8,497898.0,sub-STSWD1270
9653,1.0,0.621,4,4,2,1,1,1,1,True,sub-STSWD1270,500330,8,500330.0,sub-STSWD1270
9654,1.0,0.59094,3,4,1,1,1,1,1,True,sub-STSWD1270,502762,8,502762.0,sub-STSWD1270
9655,1.0,0.65788,1,4,1,1,1,1,1,True,sub-STSWD1270,505194,8,505194.0,sub-STSWD1270
9656,1.0,0.5958,1,4,1,1,1,1,1,True,sub-STSWD1270,507626,8,507626.0,sub-STSWD1270
9657,1.0,0.49774,2,2,1,1,1,1,1,True,sub-STSWD1270,512106,8,512106.0,sub-STSWD1270
9658,1.0,0.38392,3,2,2,1,1,1,1,True,sub-STSWD1270,514538,8,514538.0,sub-STSWD1270
9659,1.0,0.46855,3,2,1,1,1,1,1,True,sub-STSWD1270,516970,8,516970.0,sub-STSWD1270
9660,1.0,0.56651,3,2,1,1,1,1,1,True,sub-STSWD1270,519402,8,519402.0,sub-STSWD1270
9661,1.0,0.39345,2,2,1,1,1,1,1,True,sub-STSWD1270,521834,8,521834.0,sub-STSWD1270
9662,1.0,0.60731,3,2,2,1,1,1,1,True,sub-STSWD1270,524266,8,524266.0,sub-STSWD1270
9663,1.0,0.47835,2,2,1,1,1,1,1,True,sub-STSWD1270,526698,8,526698.0,sub-STSWD1270
9664,1.0,0.40324,2,2,1,1,1,1,1,True,sub-STSWD1270,529130,8,529130.0,sub-STSWD1270
9665,1.0,0.59012,2,4,1,1,1,1,1,True,sub-STSWD1270,533610,8,533610.0,sub-STSWD1270
9666,1.0,0.70909,3,4,1,1,1,1,1,True,sub-STSWD1270,536042,8,536042.0,sub-STSWD1270
9667,0.0,0.63694,3,4,2,1,1,1,1,True,sub-STSWD1270,538474,8,538474.0,sub-STSWD1270
9668,1.0,0.51494,3,4,2,1,1,1,1,True,sub-STSWD1270,540906,8,540906.0,sub-STSWD1270
9669,0.0,0.79987,4,4,1,1,1,1,1,True,sub-STSWD1270,543338,8,543338.0,sub-STSWD1270
9670,1.0,0.6688,1,4,1,1,1,1,1,True,sub-STSWD1270,545770,8,545770.0,sub-STSWD1270
9671,0.0,0.62674,4,4,1,1,1,1,1,True,sub-STSWD1270,548202,8,548202.0,sub-STSWD1270
9672,1.0,0.83267,1,4,1,1,1,1,1,True,sub-STSWD1270,550634,8,550634.0,sub-STSWD1270
9673,1.0,0.27956,4,1,2,1,1,1,1,True,sub-STSWD1270,555114,8,555114.0,sub-STSWD1270
9674,1.0,0.32753,4,1,2,1,1,1,1,True,sub-STSWD1270,557546,8,557546.0,sub-STSWD1270
9675,1.0,0.35444,4,1,2,1,1,1,1,True,sub-STSWD1270,559978,8,559978.0,sub-STSWD1270
9676,0.0,0.32336,4,1,2,1,1,1,1,True,sub-STSWD1270,562410,8,562410.0,sub-STSWD1270
9677,1.0,0.2813,4,1,1,1,1,1,1,True,sub-STSWD1270,564842,8,564842.0,sub-STSWD1270
9678,1.0,0.30424,4,1,1,1,1,1,1,True,sub-STSWD1270,567274,8,567274.0,sub-STSWD1270
9679,1.0,0.32022,4,1,2,1,1,1,1,True,sub-STSWD1270,569706,8,569706.0,sub-STSWD1270
9680,1.0,0.29412,4,1,2,1,1,1,1,True,sub-STSWD1270,572137,8,572137.0,sub-STSWD1270
9681,1.0,0.44192,2,3,1,1,1,1,1,True,sub-STSWD1270,576618,8,576618.0,sub-STSWD1270
9682,1.0,0.55297,2,3,2,1,1,1,1,True,sub-STSWD1270,579049,8,579049.0,sub-STSWD1270
9683,1.0,0.49691,2,3,2,1,1,1,1,True,sub-STSWD1270,581481,8,581481.0,sub-STSWD1270
9684,1.0,0.42381,2,3,2,1,1,1,1,True,sub-STSWD1270,583913,8,583913.0,sub-STSWD1270
9685,1.0,0.57171,1,3,1,1,1,1,1,True,sub-STSWD1270,586346,8,586346.0,sub-STSWD1270
9686,1.0,0.40863,3,3,2,1,1,1,1,True,sub-STSWD1270,588777,8,588777.0,sub-STSWD1270
9687,0.0,0.46764,3,3,1,1,1,1,1,True,sub-STSWD1270,591209,8,591209.0,sub-STSWD1270
9688,1.0,0.66859,1,3,2,1,1,1,1,True,sub-STSWD1270,593641,8,593641.0,sub-STSWD1270
9689,1.0,0.46718,1,2,2,1,1,1,1,True,sub-STSWD1270,620372,8,620372.0,sub-STSWD1270
9690,1.0,0.77711,1,2,1,1,1,1,1,True,sub-STSWD1270,622804,8,622804.0,sub-STSWD1270
9691,1.0,0.68605,4,2,2,1,1,1,1,True,sub-STSWD1270,625236,8,625236.0,sub-STSWD1270
9692,1.0,0.76099,4,2,1,1,1,1,1,True,sub-STSWD1270,627668,8,627668.0,sub-STSWD1270
9693,1.0,0.56692,4,2,1,1,1,1,1,True,sub-STSWD1270,630099,8,630099.0,sub-STSWD1270
9694,1.0,0.93883,1,2,2,1,1,1,1,True,sub-STSWD1270,632532,8,632532.0,sub-STSWD1270
9695,1.0,0.4938,4,2,2,1,1,1,1,True,sub-STSWD1270,634963,8,634963.0,sub-STSWD1270
9696,1.0,0.70473,1,2,1,1,1,1,1,True,sub-STSWD1270,637395,8,637395.0,sub-STSWD1270
9697,1.0,0.46165,2,4,2,1,1,1,1,True,sub-STSWD1270,641876,8,641876.0,sub-STSWD1270
9698,0.0,0.59555,1,4,1,1,1,1,1,True,sub-STSWD1270,644307,8,644307.0,sub-STSWD1270
9699,1.0,0.58048,2,4,1,1,1,1,1,True,sub-STSWD1270,646739,8,646739.0,sub-STSWD1270
9700,1.0,1.0104,4,4,2,1,1,1,1,True,sub-STSWD1270,649171,8,649171.0,sub-STSWD1270
9701,1.0,0.53636,3,4,2,1,1,1,1,True,sub-STSWD1270,651603,8,651603.0,sub-STSWD1270
9702,1.0,0.82329,3,4,1,1,1,1,1,True,sub-STSWD1270,654036,8,654036.0,sub-STSWD1270
9703,1.0,0.64123,3,4,1,1,1,1,1,True,sub-STSWD1270,656467,8,656467.0,sub-STSWD1270
9704,1.0,0.79021,1,4,2,1,1,1,1,True,sub-STSWD1270,658899,8,658899.0,sub-STSWD1270
9705,1.0,0.52604,2,3,1,1,1,1,1,True,sub-STSWD1270,663379,8,663379.0,sub-STSWD1270
9706,1.0,0.61804,4,3,2,1,1,1,1,True,sub-STSWD1270,665811,8,665811.0,sub-STSWD1270
9707,1.0,0.44792,4,3,2,1,1,1,1,True,sub-STSWD1270,668243,8,668243.0,sub-STSWD1270
9708,1.0,0.5199,2,3,2,1,1,1,1,True,sub-STSWD1270,670675,8,670675.0,sub-STSWD1270
9709,1.0,1.0378,1,3,2,1,1,1,1,True,sub-STSWD1270,673107,8,673107.0,sub-STSWD1270
9710,1.0,0.45873,1,3,2,1,1,1,1,True,sub-STSWD1270,675539,8,675539.0,sub-STSWD1270
9711,1.0,0.69466,1,3,1,1,1,1,1,True,sub-STSWD1270,677971,8,677971.0,sub-STSWD1270
9712,0.0,0.8386,4,3,1,1,1,1,1,True,sub-STSWD1270,680403,8,680403.0,sub-STSWD1270
9713,1.0,0.29749,1,1,2,1,1,1,1,True,sub-STSWD1270,684883,8,684883.0,sub-STSWD1270
9714,1.0,0.32346,1,1,1,1,1,1,1,True,sub-STSWD1270,687315,8,687315.0,sub-STSWD1270
9715,1.0,0.28236,1,1,1,1,1,1,1,True,sub-STSWD1270,689747,8,689747.0,sub-STSWD1270
9716,1.0,0.27833,1,1,1,1,1,1,1,True,sub-STSWD1270,692179,8,692179.0,sub-STSWD1270
9717,1.0,0.31923,1,1,2,1,1,1,1,True,sub-STSWD1270,694611,8,694611.0,sub-STSWD1270
9718,1.0,0.26317,1,1,1,1,1,1,1,True,sub-STSWD1270,697043,8,697043.0,sub-STSWD1270
9719,1.0,0.28615,1,1,2,1,1,1,1,True,sub-STSWD1270,699475,8,699475.0,sub-STSWD1270
9720,1.0,0.27103,1,1,2,1,1,1,1,True,sub-STSWD1270,701907,8,701907.0,sub-STSWD1270
9721,1.0,0.40892,1,2,1,1,1,1,1,True,sub-STSWD1270,706387,8,706387.0,sub-STSWD1270
9722,1.0,0.77678,1,2,2,1,1,1,1,True,sub-STSWD1270,708819,8,708819.0,sub-STSWD1270
9723,1.0,0.45878,3,2,1,1,1,1,1,True,sub-STSWD1270,711251,8,711251.0,sub-STSWD1270
9724,1.0,0.38255,1,2,1,1,1,1,1,True,sub-STSWD1270,713683,8,713683.0,sub-STSWD1270
9725,1.0,0.66368,3,2,1,1,1,1,1,True,sub-STSWD1270,716115,8,716115.0,sub-STSWD1270
9726,1.0,0.53664,3,2,1,1,1,1,1,True,sub-STSWD1270,718547,8,718547.0,sub-STSWD1270
9727,1.0,0.80858,3,2,1,1,1,1,1,True,sub-STSWD1270,720979,8,720979.0,sub-STSWD1270
9728,1.0,0.39042,1,2,2,1,1,1,1,True,sub-STSWD1270,723411,8,723411.0,sub-STSWD1270
9729,1.0,0.62739,2,3,2,1,1,1,1,True,sub-STSWD1270,727891,8,727891.0,sub-STSWD1270
9730,1.0,0.41824,4,3,2,1,1,1,1,True,sub-STSWD1270,730323,8,730323.0,sub-STSWD1270
9731,1.0,0.5539,3,3,2,1,1,1,1,True,sub-STSWD1270,732755,8,732755.0,sub-STSWD1270
9732,1.0,0.60222,3,3,1,1,1,1,1,True,sub-STSWD1270,735187,8,735187.0,sub-STSWD1270
9733,1.0,0.54806,2,3,1,1,1,1,1,True,sub-STSWD1270,737619,8,737619.0,sub-STSWD1270
9734,1.0,0.79309,4,3,1,1,1,1,1,True,sub-STSWD1270,740051,8,740051.0,sub-STSWD1270
9735,1.0,0.56335,3,3,1,1,1,1,1,True,sub-STSWD1270,742483,8,742483.0,sub-STSWD1270
9736,1.0,0.38094,3,3,1,1,1,1,1,True,sub-STSWD1270,744914,8,744914.0,sub-STSWD1270
9737,1.0,0.27283,2,1,2,1,1,1,1,True,sub-STSWD1270,749395,8,749395.0,sub-STSWD1270
9738,1.0,0.3206,2,1,2,1,1,1,1,True,sub-STSWD1270,754259,8,754259.0,sub-STSWD1270
9739,1.0,0.38465,2,1,2,1,1,1,1,True,sub-STSWD1270,756690,8,756690.0,sub-STSWD1270
9740,1.0,0.28988,2,1,2,1,1,1,1,True,sub-STSWD1270,759123,8,759123.0,sub-STSWD1270
9741,0.0,0.57293,3,4,2,1,1,1,1,True,sub-STSWD1270,770903,8,770903.0,sub-STSWD1270
9742,1.0,0.59451,2,4,2,1,1,1,1,True,sub-STSWD1270,773331,8,773331.0,sub-STSWD1270
9743,1.0,1.0934,2,4,2,1,1,1,1,True,sub-STSWD1270,775763,8,775763.0,sub-STSWD1270
9744,1.0,0.73838,1,4,2,1,1,1,1,True,sub-STSWD1270,778194,8,778194.0,sub-STSWD1270
9745,1.0,0.60167,1,4,2,1,1,1,1,True,sub-STSWD1270,780631,8,780631.0,sub-STSWD1270
9746,0.0,0.72961,4,4,1,1,1,1,1,True,sub-STSWD1270,783063,8,783063.0,sub-STSWD1270
9747,1.0,0.47561,4,4,1,1,1,1,1,True,sub-STSWD1270,785495,8,785495.0,sub-STSWD1270
9748,1.0,0.7964,4,4,2,1,1,1,1,True,sub-STSWD1270,787927,8,787927.0,sub-STSWD1270
9749,0.0,0.9517,2,2,1,1,1,1,1,True,sub-STSWD1276,23077,8,23077.0,sub-STSWD1276
9750,1.0,0.72355,2,2,1,1,1,1,1,True,sub-STSWD1276,25509,8,25509.0,sub-STSWD1276
9751,1.0,0.83152,3,2,2,1,1,1,1,True,sub-STSWD1276,27941,8,27941.0,sub-STSWD1276
9752,0.0,1.2835,3,2,1,1,1,1,1,True,sub-STSWD1276,30373,8,30373.0,sub-STSWD1276
9753,1.0,1.2654,3,2,1,1,1,1,1,True,sub-STSWD1276,32805,8,32805.0,sub-STSWD1276
9754,1.0,0.57234,2,2,2,1,1,1,1,True,sub-STSWD1276,35237,8,35237.0,sub-STSWD1276
9755,1.0,0.54627,3,2,2,1,1,1,1,True,sub-STSWD1276,37669,8,37669.0,sub-STSWD1276
9756,1.0,1.0412,2,2,2,1,1,1,1,True,sub-STSWD1276,40101,8,40101.0,sub-STSWD1276
9757,1.0,1.0721,3,3,1,1,1,1,1,True,sub-STSWD1276,44581,8,44581.0,sub-STSWD1276
9758,,,4,3,1,1,1,1,1,True,sub-STSWD1276,47013,8,,sub-STSWD1276
9759,0.0,0.90597,4,3,1,1,1,1,1,True,sub-STSWD1276,49445,8,49445.0,sub-STSWD1276
9760,1.0,0.92486,1,3,1,1,1,1,1,True,sub-STSWD1276,54308,8,54308.0,sub-STSWD1276
9761,1.0,0.6648,1,3,2,1,1,1,1,True,sub-STSWD1276,56740,8,56740.0,sub-STSWD1276
9762,1.0,1.0407,4,3,1,1,1,1,1,True,sub-STSWD1276,59172,8,59172.0,sub-STSWD1276
9763,0.0,1.1517,4,3,2,1,1,1,1,True,sub-STSWD1276,61604,8,61604.0,sub-STSWD1276
9764,1.0,0.83349,4,4,2,1,1,1,1,True,sub-STSWD1276,68516,8,68516.0,sub-STSWD1276
9765,1.0,0.61341,2,4,2,1,1,1,1,True,sub-STSWD1276,70948,8,70948.0,sub-STSWD1276
9766,1.0,0.75835,2,4,1,1,1,1,1,True,sub-STSWD1276,73380,8,73380.0,sub-STSWD1276
9767,1.0,0.60429,3,4,1,1,1,1,1,True,sub-STSWD1276,75812,8,75812.0,sub-STSWD1276
9768,1.0,0.80924,3,4,1,1,1,1,1,True,sub-STSWD1276,78244,8,78244.0,sub-STSWD1276
9769,1.0,0.71316,3,4,1,1,1,1,1,True,sub-STSWD1276,80676,8,80676.0,sub-STSWD1276
9770,0.0,0.88411,1,4,2,1,1,1,1,True,sub-STSWD1276,83108,8,83108.0,sub-STSWD1276
9771,0.0,0.40999,4,1,1,1,1,1,1,True,sub-STSWD1276,87588,8,87588.0,sub-STSWD1276
9772,1.0,0.37893,4,1,2,1,1,1,1,True,sub-STSWD1276,90020,8,90020.0,sub-STSWD1276
9773,1.0,0.36487,4,1,2,1,1,1,1,True,sub-STSWD1276,92452,8,92452.0,sub-STSWD1276
9774,1.0,0.5678,4,1,2,1,1,1,1,True,sub-STSWD1276,94884,8,94884.0,sub-STSWD1276
9775,1.0,0.33674,4,1,1,1,1,1,1,True,sub-STSWD1276,97316,8,97316.0,sub-STSWD1276
9776,1.0,0.80067,4,1,2,1,1,1,1,True,sub-STSWD1276,99748,8,99748.0,sub-STSWD1276
9777,0.0,0.3856,4,1,2,1,1,1,1,True,sub-STSWD1276,102180,8,102180.0,sub-STSWD1276
9778,1.0,0.44856,4,1,1,1,1,1,1,True,sub-STSWD1276,104612,8,104612.0,sub-STSWD1276
9779,1.0,1.0734,4,2,2,1,1,1,1,True,sub-STSWD1276,109092,8,109092.0,sub-STSWD1276
9780,1.0,1.1424,3,2,1,1,1,1,1,True,sub-STSWD1276,111524,8,111524.0,sub-STSWD1276
9781,0.0,0.7483,3,2,2,1,1,1,1,True,sub-STSWD1276,113956,8,113956.0,sub-STSWD1276
9782,1.0,0.8123,3,2,2,1,1,1,1,True,sub-STSWD1276,116388,8,116388.0,sub-STSWD1276
9783,0.0,0.80918,4,2,1,1,1,1,1,True,sub-STSWD1276,118820,8,118820.0,sub-STSWD1276
9784,0.0,0.96711,4,2,1,1,1,1,1,True,sub-STSWD1276,121252,8,121252.0,sub-STSWD1276
9785,1.0,0.57301,3,2,1,1,1,1,1,True,sub-STSWD1276,123684,8,123684.0,sub-STSWD1276
9786,0.0,0.62995,3,2,1,1,1,1,1,True,sub-STSWD1276,126116,8,126116.0,sub-STSWD1276
9787,1.0,0.27381,2,1,1,1,1,1,1,True,sub-STSWD1276,130596,8,130596.0,sub-STSWD1276
9788,1.0,0.29577,2,1,1,1,1,1,1,True,sub-STSWD1276,133028,8,133028.0,sub-STSWD1276
9789,1.0,0.36771,2,1,1,1,1,1,1,True,sub-STSWD1276,135459,8,135459.0,sub-STSWD1276
9790,0.0,0.59269,2,1,2,1,1,1,1,True,sub-STSWD1276,137891,8,137891.0,sub-STSWD1276
9791,1.0,0.86961,2,1,2,1,1,1,1,True,sub-STSWD1276,140323,8,140323.0,sub-STSWD1276
9792,0.0,0.4195,2,1,2,1,1,1,1,True,sub-STSWD1276,142755,8,142755.0,sub-STSWD1276
9793,0.0,0.2985,2,1,2,1,1,1,1,True,sub-STSWD1276,145187,8,145187.0,sub-STSWD1276
9794,1.0,0.30443,2,1,1,1,1,1,1,True,sub-STSWD1276,147619,8,147619.0,sub-STSWD1276
9795,1.0,0.78032,3,3,2,1,1,1,1,True,sub-STSWD1276,152099,8,152099.0,sub-STSWD1276
9796,1.0,0.71429,2,3,2,1,1,1,1,True,sub-STSWD1276,154531,8,154531.0,sub-STSWD1276
9797,1.0,0.82609,2,3,2,1,1,1,1,True,sub-STSWD1276,156963,8,156963.0,sub-STSWD1276
9798,1.0,1.1171,4,3,2,1,1,1,1,True,sub-STSWD1276,159395,8,159395.0,sub-STSWD1276
9799,1.0,0.88205,4,3,2,1,1,1,1,True,sub-STSWD1276,161827,8,161827.0,sub-STSWD1276
9800,1.0,0.73192,3,3,2,1,1,1,1,True,sub-STSWD1276,164259,8,164259.0,sub-STSWD1276
9801,1.0,0.90394,3,3,2,1,1,1,1,True,sub-STSWD1276,166691,8,166691.0,sub-STSWD1276
9802,0.0,0.70885,3,3,1,1,1,1,1,True,sub-STSWD1276,169123,8,169123.0,sub-STSWD1276
9803,1.0,0.68779,4,4,2,1,1,1,1,True,sub-STSWD1276,173603,8,173603.0,sub-STSWD1276
9804,1.0,0.9707,1,4,1,1,1,1,1,True,sub-STSWD1276,176035,8,176035.0,sub-STSWD1276
9805,1.0,0.69462,1,4,2,1,1,1,1,True,sub-STSWD1276,178467,8,178467.0,sub-STSWD1276
9806,1.0,0.93057,2,4,2,1,1,1,1,True,sub-STSWD1276,180899,8,180899.0,sub-STSWD1276
9807,1.0,0.79449,2,4,1,1,1,1,1,True,sub-STSWD1276,183331,8,183331.0,sub-STSWD1276
9808,1.0,0.74746,3,4,1,1,1,1,1,True,sub-STSWD1276,185763,8,185763.0,sub-STSWD1276
9809,1.0,0.85938,4,4,1,1,1,1,1,True,sub-STSWD1276,188195,8,188195.0,sub-STSWD1276
9810,1.0,1.0413,1,4,1,1,1,1,1,True,sub-STSWD1276,190627,8,190627.0,sub-STSWD1276
9811,1.0,0.67361,3,3,1,1,1,1,1,True,sub-STSWD1276,218377,8,218377.0,sub-STSWD1276
9812,1.0,0.66054,3,3,1,1,1,1,1,True,sub-STSWD1276,220809,8,220809.0,sub-STSWD1276
9813,1.0,0.91747,2,3,2,1,1,1,1,True,sub-STSWD1276,223241,8,223241.0,sub-STSWD1276
9814,1.0,0.95041,2,3,1,1,1,1,1,True,sub-STSWD1276,225673,8,225673.0,sub-STSWD1276
9815,1.0,0.80435,1,3,1,1,1,1,1,True,sub-STSWD1276,228105,8,228105.0,sub-STSWD1276
9816,0.0,0.61326,2,3,2,1,1,1,1,True,sub-STSWD1276,230537,8,230537.0,sub-STSWD1276
9817,0.0,0.79022,2,3,1,1,1,1,1,True,sub-STSWD1276,232969,8,232969.0,sub-STSWD1276
9818,1.0,0.98915,2,3,1,1,1,1,1,True,sub-STSWD1276,235401,8,235401.0,sub-STSWD1276
9819,1.0,0.48706,1,2,2,1,1,1,1,True,sub-STSWD1276,239880,8,239880.0,sub-STSWD1276
9820,1.0,0.82299,1,2,1,1,1,1,1,True,sub-STSWD1276,242312,8,242312.0,sub-STSWD1276
9821,1.0,0.70292,2,2,2,1,1,1,1,True,sub-STSWD1276,244744,8,244744.0,sub-STSWD1276
9822,0.0,0.89988,2,2,1,1,1,1,1,True,sub-STSWD1276,247176,8,247176.0,sub-STSWD1276
9823,0.0,0.77779,2,2,2,1,1,1,1,True,sub-STSWD1276,249608,8,249608.0,sub-STSWD1276
9824,0.0,0.97573,1,2,2,1,1,1,1,True,sub-STSWD1276,252040,8,252040.0,sub-STSWD1276
9825,1.0,0.63667,1,2,1,1,1,1,1,True,sub-STSWD1276,254472,8,254472.0,sub-STSWD1276
9826,1.0,0.72161,2,2,2,1,1,1,1,True,sub-STSWD1276,256904,8,256904.0,sub-STSWD1276
9827,1.0,1.1795,1,4,1,1,1,1,1,True,sub-STSWD1276,261384,8,261384.0,sub-STSWD1276
9828,0.0,0.63143,2,4,1,1,1,1,1,True,sub-STSWD1276,263816,8,263816.0,sub-STSWD1276
9829,1.0,0.54836,2,4,2,1,1,1,1,True,sub-STSWD1276,266248,8,266248.0,sub-STSWD1276
9830,0.0,0.86134,3,4,2,1,1,1,1,True,sub-STSWD1276,268680,8,268680.0,sub-STSWD1276
9831,1.0,0.66325,3,4,2,1,1,1,1,True,sub-STSWD1276,271112,8,271112.0,sub-STSWD1276
9832,1.0,0.50818,2,4,2,1,1,1,1,True,sub-STSWD1276,273544,8,273544.0,sub-STSWD1276
9833,0.0,0.74111,1,4,2,1,1,1,1,True,sub-STSWD1276,275976,8,275976.0,sub-STSWD1276
9834,1.0,1.145,4,4,2,1,1,1,1,True,sub-STSWD1276,278408,8,278408.0,sub-STSWD1276
9835,1.0,0.38693,1,1,1,1,1,1,1,True,sub-STSWD1276,282888,8,282888.0,sub-STSWD1276
9836,1.0,0.46788,1,1,1,1,1,1,1,True,sub-STSWD1276,285320,8,285320.0,sub-STSWD1276
9837,1.0,0.31786,1,1,2,1,1,1,1,True,sub-STSWD1276,287752,8,287752.0,sub-STSWD1276
9838,1.0,0.75874,1,1,1,1,1,1,1,True,sub-STSWD1276,290184,8,290184.0,sub-STSWD1276
9839,1.0,0.34069,1,1,2,1,1,1,1,True,sub-STSWD1276,292616,8,292616.0,sub-STSWD1276
9840,1.0,0.29554,1,1,1,1,1,1,1,True,sub-STSWD1276,295048,8,295048.0,sub-STSWD1276
9841,1.0,0.30056,1,1,1,1,1,1,1,True,sub-STSWD1276,297480,8,297480.0,sub-STSWD1276
9842,1.0,0.3525,1,1,2,1,1,1,1,True,sub-STSWD1276,299912,8,299912.0,sub-STSWD1276
9843,0.0,1.0154,4,2,1,1,1,1,1,True,sub-STSWD1276,304392,8,304392.0,sub-STSWD1276
9844,1.0,0.46334,4,2,2,1,1,1,1,True,sub-STSWD1276,306824,8,306824.0,sub-STSWD1276
9845,0.0,0.58925,4,2,1,1,1,1,1,True,sub-STSWD1276,309256,8,309256.0,sub-STSWD1276
9846,0.0,0.59719,3,2,2,1,1,1,1,True,sub-STSWD1276,311688,8,311688.0,sub-STSWD1276
9847,1.0,0.70913,4,2,2,1,1,1,1,True,sub-STSWD1276,314120,8,314120.0,sub-STSWD1276
9848,1.0,0.47611,3,2,1,1,1,1,1,True,sub-STSWD1276,316552,8,316552.0,sub-STSWD1276
9849,0.0,0.56801,4,2,2,1,1,1,1,True,sub-STSWD1276,318984,8,318984.0,sub-STSWD1276
9850,0.0,0.49895,3,2,2,1,1,1,1,True,sub-STSWD1276,321416,8,321416.0,sub-STSWD1276
9851,1.0,1.0228,4,4,2,1,1,1,1,True,sub-STSWD1276,325896,8,325896.0,sub-STSWD1276
9852,0.0,0.62076,4,4,1,1,1,1,1,True,sub-STSWD1276,328328,8,328328.0,sub-STSWD1276
9853,0.0,0.61671,4,4,1,1,1,1,1,True,sub-STSWD1276,330760,8,330760.0,sub-STSWD1276
9854,0.0,0.70763,3,4,2,1,1,1,1,True,sub-STSWD1276,333192,8,333192.0,sub-STSWD1276
9855,1.0,0.6077,3,4,1,1,1,1,1,True,sub-STSWD1276,335624,8,335624.0,sub-STSWD1276
9856,0.0,1.1305,1,4,1,1,1,1,1,True,sub-STSWD1276,338055,8,338055.0,sub-STSWD1276
9857,1.0,0.84246,1,4,2,1,1,1,1,True,sub-STSWD1276,340487,8,340487.0,sub-STSWD1276
9858,0.0,0.59138,2,4,1,1,1,1,1,True,sub-STSWD1276,342919,8,342919.0,sub-STSWD1276
9859,0.0,0.40527,2,1,2,1,1,1,1,True,sub-STSWD1276,347400,8,347400.0,sub-STSWD1276
9860,0.0,0.33021,2,1,2,1,1,1,1,True,sub-STSWD1276,349831,8,349831.0,sub-STSWD1276
9861,0.0,0.38114,2,1,1,1,1,1,1,True,sub-STSWD1276,352263,8,352263.0,sub-STSWD1276
9862,1.0,0.39813,2,1,1,1,1,1,1,True,sub-STSWD1276,354695,8,354695.0,sub-STSWD1276
9863,1.0,0.39397,2,1,1,1,1,1,1,True,sub-STSWD1276,357127,8,357127.0,sub-STSWD1276
9864,0.0,0.38595,2,1,2,1,1,1,1,True,sub-STSWD1276,359559,8,359559.0,sub-STSWD1276
9865,1.0,0.56888,2,1,1,1,1,1,1,True,sub-STSWD1276,361991,8,361991.0,sub-STSWD1276
9866,0.0,0.57279,2,1,2,1,1,1,1,True,sub-STSWD1276,364423,8,364423.0,sub-STSWD1276
9867,0.0,0.70671,2,3,1,1,1,1,1,True,sub-STSWD1276,368903,8,368903.0,sub-STSWD1276
9868,1.0,0.82955,1,3,2,1,1,1,1,True,sub-STSWD1276,371335,8,371335.0,sub-STSWD1276
9869,0.0,0.52763,1,3,2,1,1,1,1,True,sub-STSWD1276,373767,8,373767.0,sub-STSWD1276
9870,1.0,0.60952,1,3,2,1,1,1,1,True,sub-STSWD1276,376199,8,376199.0,sub-STSWD1276
9871,1.0,0.67247,2,3,2,1,1,1,1,True,sub-STSWD1276,378631,8,378631.0,sub-STSWD1276
9872,1.0,0.5354,1,3,1,1,1,1,1,True,sub-STSWD1276,381063,8,381063.0,sub-STSWD1276
9873,1.0,0.73032,4,3,2,1,1,1,1,True,sub-STSWD1276,383495,8,383495.0,sub-STSWD1276
9874,1.0,0.49908,4,3,2,1,1,1,1,True,sub-STSWD1276,385927,8,385927.0,sub-STSWD1276
9875,1.0,0.32724,1,1,2,1,1,1,1,True,sub-STSWD1276,426170,8,426170.0,sub-STSWD1276
9876,1.0,0.33218,1,1,2,1,1,1,1,True,sub-STSWD1276,428602,8,428602.0,sub-STSWD1276
9877,1.0,0.67932,1,1,1,1,1,1,1,True,sub-STSWD1276,431034,8,431034.0,sub-STSWD1276
9878,1.0,0.48804,1,1,2,1,1,1,1,True,sub-STSWD1276,433466,8,433466.0,sub-STSWD1276
9879,1.0,0.39499,1,1,1,1,1,1,1,True,sub-STSWD1276,435898,8,435898.0,sub-STSWD1276
9880,1.0,0.54393,1,1,1,1,1,1,1,True,sub-STSWD1276,438330,8,438330.0,sub-STSWD1276
9881,1.0,0.33381,1,1,2,1,1,1,1,True,sub-STSWD1276,440762,8,440762.0,sub-STSWD1276
9882,1.0,0.3448,1,1,2,1,1,1,1,True,sub-STSWD1276,443194,8,443194.0,sub-STSWD1276
9883,1.0,0.59368,2,3,2,1,1,1,1,True,sub-STSWD1276,447674,8,447674.0,sub-STSWD1276
9884,0.0,0.56462,2,3,1,1,1,1,1,True,sub-STSWD1276,450105,8,450105.0,sub-STSWD1276
9885,0.0,0.70456,3,3,1,1,1,1,1,True,sub-STSWD1276,452537,8,452537.0,sub-STSWD1276
9886,1.0,0.74049,1,3,2,1,1,1,1,True,sub-STSWD1276,454969,8,454969.0,sub-STSWD1276
9887,1.0,0.66443,3,3,2,1,1,1,1,True,sub-STSWD1276,457401,8,457401.0,sub-STSWD1276
9888,0.0,0.53242,1,3,1,1,1,1,1,True,sub-STSWD1276,459833,8,459833.0,sub-STSWD1276
9889,1.0,0.67529,1,3,2,1,1,1,1,True,sub-STSWD1276,462265,8,462265.0,sub-STSWD1276
9890,0.0,0.76826,2,3,1,1,1,1,1,True,sub-STSWD1276,464697,8,464697.0,sub-STSWD1276
9891,1.0,0.63712,1,2,2,1,1,1,1,True,sub-STSWD1276,469177,8,469177.0,sub-STSWD1276
9892,1.0,0.50007,1,2,2,1,1,1,1,True,sub-STSWD1276,471609,8,471609.0,sub-STSWD1276
9893,0.0,0.649,3,2,1,1,1,1,1,True,sub-STSWD1276,474041,8,474041.0,sub-STSWD1276
9894,1.0,1.1589,3,2,1,1,1,1,1,True,sub-STSWD1276,476473,8,476473.0,sub-STSWD1276
9895,1.0,0.67691,1,2,2,1,1,1,1,True,sub-STSWD1276,478906,8,478906.0,sub-STSWD1276
9896,1.0,1.0298,3,2,2,1,1,1,1,True,sub-STSWD1276,481337,8,481337.0,sub-STSWD1276
9897,0.0,0.57873,3,2,2,1,1,1,1,True,sub-STSWD1276,483769,8,483769.0,sub-STSWD1276
9898,1.0,0.53069,1,2,2,1,1,1,1,True,sub-STSWD1276,486201,8,486201.0,sub-STSWD1276
9899,0.0,0.80958,4,4,1,1,1,1,1,True,sub-STSWD1276,490681,8,490681.0,sub-STSWD1276
9900,1.0,0.77651,4,4,2,1,1,1,1,True,sub-STSWD1276,493113,8,493113.0,sub-STSWD1276
9901,1.0,0.61746,2,4,2,1,1,1,1,True,sub-STSWD1276,495545,8,495545.0,sub-STSWD1276
9902,1.0,0.63839,2,4,2,1,1,1,1,True,sub-STSWD1276,497977,8,497977.0,sub-STSWD1276
9903,1.0,0.74333,2,4,1,1,1,1,1,True,sub-STSWD1276,500409,8,500409.0,sub-STSWD1276
9904,1.0,0.72127,1,4,1,1,1,1,1,True,sub-STSWD1276,502841,8,502841.0,sub-STSWD1276
9905,1.0,0.5352,1,4,2,1,1,1,1,True,sub-STSWD1276,505273,8,505273.0,sub-STSWD1276
9906,1.0,0.63517,3,4,2,1,1,1,1,True,sub-STSWD1276,507705,8,507705.0,sub-STSWD1276
9907,1.0,0.35803,4,1,2,1,1,1,1,True,sub-STSWD1276,512185,8,512185.0,sub-STSWD1276
9908,0.0,0.52497,4,1,1,1,1,1,1,True,sub-STSWD1276,514617,8,514617.0,sub-STSWD1276
9909,1.0,0.3319,4,1,1,1,1,1,1,True,sub-STSWD1276,517049,8,517049.0,sub-STSWD1276
9910,0.0,0.52379,4,1,1,1,1,1,1,True,sub-STSWD1276,519481,8,519481.0,sub-STSWD1276
9911,1.0,0.32674,4,1,2,1,1,1,1,True,sub-STSWD1276,521913,8,521913.0,sub-STSWD1276
9912,1.0,0.4026,4,1,1,1,1,1,1,True,sub-STSWD1276,524345,8,524345.0,sub-STSWD1276
9913,1.0,0.44665,4,1,1,1,1,1,1,True,sub-STSWD1276,526777,8,526777.0,sub-STSWD1276
9914,1.0,0.55606,4,1,2,1,1,1,1,True,sub-STSWD1276,529209,8,529209.0,sub-STSWD1276
9915,1.0,0.65046,4,4,2,1,1,1,1,True,sub-STSWD1276,533689,8,533689.0,sub-STSWD1276
9916,0.0,0.62187,3,4,1,1,1,1,1,True,sub-STSWD1276,536121,8,536121.0,sub-STSWD1276
9917,1.0,0.55335,3,4,2,1,1,1,1,True,sub-STSWD1276,538553,8,538553.0,sub-STSWD1276
9918,1.0,0.61629,3,4,2,1,1,1,1,True,sub-STSWD1276,540985,8,540985.0,sub-STSWD1276
9919,0.0,0.74922,2,4,2,1,1,1,1,True,sub-STSWD1276,543417,8,543417.0,sub-STSWD1276
9920,1.0,0.88914,1,4,2,1,1,1,1,True,sub-STSWD1276,545849,8,545849.0,sub-STSWD1276
9921,1.0,0.62009,4,4,2,1,1,1,1,True,sub-STSWD1276,548281,8,548281.0,sub-STSWD1276
9922,1.0,0.65603,1,4,2,1,1,1,1,True,sub-STSWD1276,550713,8,550713.0,sub-STSWD1276
9923,1.0,0.62192,1,2,1,1,1,1,1,True,sub-STSWD1276,555193,8,555193.0,sub-STSWD1276
9924,1.0,0.63286,4,2,2,1,1,1,1,True,sub-STSWD1276,557625,8,557625.0,sub-STSWD1276
9925,1.0,0.65078,4,2,2,1,1,1,1,True,sub-STSWD1276,560057,8,560057.0,sub-STSWD1276
9926,0.0,0.80589,1,2,1,1,1,1,1,True,sub-STSWD1276,562489,8,562489.0,sub-STSWD1276
9927,1.0,0.77367,4,2,2,1,1,1,1,True,sub-STSWD1276,564921,8,564921.0,sub-STSWD1276
9928,0.0,1.0726,4,2,1,1,1,1,1,True,sub-STSWD1276,567353,8,567353.0,sub-STSWD1276
9929,1.0,0.56452,1,2,1,1,1,1,1,True,sub-STSWD1276,569785,8,569785.0,sub-STSWD1276
9930,1.0,0.57148,1,2,1,1,1,1,1,True,sub-STSWD1276,572217,8,572217.0,sub-STSWD1276
9931,1.0,0.47237,3,3,1,1,1,1,1,True,sub-STSWD1276,576696,8,576696.0,sub-STSWD1276
9932,0.0,0.46031,3,3,2,1,1,1,1,True,sub-STSWD1276,579128,8,579128.0,sub-STSWD1276
9933,1.0,0.57724,2,3,2,1,1,1,1,True,sub-STSWD1276,581560,8,581560.0,sub-STSWD1276
9934,0.0,0.55517,4,3,1,1,1,1,1,True,sub-STSWD1276,583992,8,583992.0,sub-STSWD1276
9935,0.0,0.65211,2,3,2,1,1,1,1,True,sub-STSWD1276,586424,8,586424.0,sub-STSWD1276
9936,1.0,0.698,3,3,2,1,1,1,1,True,sub-STSWD1276,588856,8,588856.0,sub-STSWD1276
9937,1.0,0.47999,3,3,1,1,1,1,1,True,sub-STSWD1276,591288,8,591288.0,sub-STSWD1276
9938,0.0,0.62793,4,3,1,1,1,1,1,True,sub-STSWD1276,593720,8,593720.0,sub-STSWD1276
9939,1.0,0.82208,2,2,2,1,1,1,1,True,sub-STSWD1276,622008,8,622008.0,sub-STSWD1276
9940,1.0,0.58714,2,2,1,1,1,1,1,True,sub-STSWD1276,624440,8,624440.0,sub-STSWD1276
9941,1.0,0.79707,4,2,1,1,1,1,1,True,sub-STSWD1276,626872,8,626872.0,sub-STSWD1276
9942,1.0,0.86792,4,2,2,1,1,1,1,True,sub-STSWD1276,629304,8,629304.0,sub-STSWD1276
9943,1.0,0.60294,4,2,1,1,1,1,1,True,sub-STSWD1276,631736,8,631736.0,sub-STSWD1276
9944,1.0,0.60189,2,2,2,1,1,1,1,True,sub-STSWD1276,634168,8,634168.0,sub-STSWD1276
9945,1.0,0.48383,4,2,1,1,1,1,1,True,sub-STSWD1276,636600,8,636600.0,sub-STSWD1276
9946,1.0,0.48277,2,2,1,1,1,1,1,True,sub-STSWD1276,639032,8,639032.0,sub-STSWD1276
9947,1.0,0.33763,3,1,1,1,1,1,1,True,sub-STSWD1276,643512,8,643512.0,sub-STSWD1276
9948,1.0,0.37758,3,1,1,1,1,1,1,True,sub-STSWD1276,645944,8,645944.0,sub-STSWD1276
9949,1.0,0.48351,3,1,1,1,1,1,1,True,sub-STSWD1276,648376,8,648376.0,sub-STSWD1276
9950,1.0,0.34546,3,1,2,1,1,1,1,True,sub-STSWD1276,650808,8,650808.0,sub-STSWD1276
9951,1.0,0.33039,3,1,2,1,1,1,1,True,sub-STSWD1276,653240,8,653240.0,sub-STSWD1276
9952,0.0,0.49233,3,1,2,1,1,1,1,True,sub-STSWD1276,655672,8,655672.0,sub-STSWD1276
9953,1.0,0.29528,3,1,2,1,1,1,1,True,sub-STSWD1276,658104,8,658104.0,sub-STSWD1276
9954,1.0,0.32025,3,1,1,1,1,1,1,True,sub-STSWD1276,660536,8,660536.0,sub-STSWD1276
9955,1.0,0.78709,1,4,1,1,1,1,1,True,sub-STSWD1276,665016,8,665016.0,sub-STSWD1276
9956,1.0,0.41603,3,4,1,1,1,1,1,True,sub-STSWD1276,667448,8,667448.0,sub-STSWD1276
9957,0.0,0.69206,2,4,1,1,1,1,1,True,sub-STSWD1276,669880,8,669880.0,sub-STSWD1276
9958,1.0,0.72191,1,4,1,1,1,1,1,True,sub-STSWD1276,672311,8,672311.0,sub-STSWD1276
9959,0.0,0.62984,2,4,1,1,1,1,1,True,sub-STSWD1276,674743,8,674743.0,sub-STSWD1276
9960,0.0,0.57778,2,4,2,1,1,1,1,True,sub-STSWD1276,677176,8,677176.0,sub-STSWD1276
9961,0.0,0.92573,4,4,1,1,1,1,1,True,sub-STSWD1276,679607,8,679607.0,sub-STSWD1276
9962,0.0,0.90865,4,4,1,1,1,1,1,True,sub-STSWD1276,682039,8,682039.0,sub-STSWD1276
9963,1.0,0.69857,1,3,1,1,1,1,1,True,sub-STSWD1276,686519,8,686519.0,sub-STSWD1276
9964,1.0,0.58246,1,3,1,1,1,1,1,True,sub-STSWD1276,688951,8,688951.0,sub-STSWD1276
9965,1.0,0.59641,1,3,1,1,1,1,1,True,sub-STSWD1276,691383,8,691383.0,sub-STSWD1276
9966,1.0,0.69336,1,3,1,1,1,1,1,True,sub-STSWD1276,693815,8,693815.0,sub-STSWD1276
9967,0.0,0.64928,2,3,1,1,1,1,1,True,sub-STSWD1276,696247,8,696247.0,sub-STSWD1276
9968,1.0,0.63922,4,3,1,1,1,1,1,True,sub-STSWD1276,698679,8,698679.0,sub-STSWD1276
9969,,,2,3,1,1,1,1,1,True,sub-STSWD1276,701111,8,,sub-STSWD1276
9970,1.0,0.99308,4,3,2,1,1,1,1,True,sub-STSWD1276,703543,8,703543.0,sub-STSWD1276
9971,0.0,0.58194,2,2,2,1,1,1,1,True,sub-STSWD1276,708023,8,708023.0,sub-STSWD1276
9972,1.0,0.34688,1,2,2,1,1,1,1,True,sub-STSWD1276,710455,8,710455.0,sub-STSWD1276
9973,0.0,0.53073,2,2,1,1,1,1,1,True,sub-STSWD1276,712887,8,712887.0,sub-STSWD1276
9974,1.0,0.56675,1,2,1,1,1,1,1,True,sub-STSWD1276,715319,8,715319.0,sub-STSWD1276
9975,1.0,0.44169,1,2,2,1,1,1,1,True,sub-STSWD1276,717751,8,717751.0,sub-STSWD1276
9976,1.0,0.56457,2,2,1,1,1,1,1,True,sub-STSWD1276,720183,8,720183.0,sub-STSWD1276
9977,1.0,0.64582,2,2,1,1,1,1,1,True,sub-STSWD1276,722615,8,722615.0,sub-STSWD1276
9978,1.0,0.57455,1,2,1,1,1,1,1,True,sub-STSWD1276,725047,8,725047.0,sub-STSWD1276
9979,1.0,0.39037,1,4,2,1,1,1,1,True,sub-STSWD1276,729527,8,729527.0,sub-STSWD1276
9980,1.0,0.53835,1,4,1,1,1,1,1,True,sub-STSWD1276,731959,8,731959.0,sub-STSWD1276
9981,1.0,0.5673,2,4,1,1,1,1,1,True,sub-STSWD1276,734391,8,734391.0,sub-STSWD1276
9982,1.0,0.68323,4,4,2,1,1,1,1,True,sub-STSWD1276,736823,8,736823.0,sub-STSWD1276
9983,0.0,0.63649,4,4,1,1,1,1,1,True,sub-STSWD1276,739255,8,739255.0,sub-STSWD1276
9984,1.0,0.51407,3,4,1,1,1,1,1,True,sub-STSWD1276,741687,8,741687.0,sub-STSWD1276
9985,1.0,0.65799,3,4,2,1,1,1,1,True,sub-STSWD1276,744119,8,744119.0,sub-STSWD1276
9986,1.0,0.62099,3,4,2,1,1,1,1,True,sub-STSWD1276,746551,8,746551.0,sub-STSWD1276
9987,0.0,0.7312,3,3,2,1,1,1,1,True,sub-STSWD1276,751031,8,751031.0,sub-STSWD1276
9988,1.0,0.50374,3,3,1,1,1,1,1,True,sub-STSWD1276,753463,8,753463.0,sub-STSWD1276
9989,0.0,0.82504,1,3,2,1,1,1,1,True,sub-STSWD1276,755895,8,755895.0,sub-STSWD1276
9990,1.0,0.79367,4,3,1,1,1,1,1,True,sub-STSWD1276,758327,8,758327.0,sub-STSWD1276
9991,1.0,0.80657,4,3,2,1,1,1,1,True,sub-STSWD1276,760759,8,760759.0,sub-STSWD1276
9992,1.0,0.63356,3,3,2,1,1,1,1,True,sub-STSWD1276,763191,8,763191.0,sub-STSWD1276
9993,1.0,0.98049,4,3,2,1,1,1,1,True,sub-STSWD1276,765623,8,765623.0,sub-STSWD1276
9994,1.0,0.50078,1,3,2,1,1,1,1,True,sub-STSWD1276,768055,8,768055.0,sub-STSWD1276
9995,1.0,0.36135,3,1,2,1,1,1,1,True,sub-STSWD1276,772535,8,772535.0,sub-STSWD1276
9996,1.0,0.37259,3,1,2,1,1,1,1,True,sub-STSWD1276,774967,8,774967.0,sub-STSWD1276
9997,1.0,0.29153,3,1,1,1,1,1,1,True,sub-STSWD1276,777399,8,777399.0,sub-STSWD1276
9998,1.0,0.30913,3,1,1,1,1,1,1,True,sub-STSWD1276,779831,8,779831.0,sub-STSWD1276
9999,1.0,0.7184,3,1,1,1,1,1,1,True,sub-STSWD1276,782263,8,782263.0,sub-STSWD1276
10000,1.0,0.36134,3,1,2,1,1,1,1,True,sub-STSWD1276,784695,8,784695.0,sub-STSWD1276
10001,1.0,0.48333,3,1,2,1,1,1,1,True,sub-STSWD1276,787127,8,787127.0,sub-STSWD1276
10002,1.0,0.35021,3,1,1,1,1,1,1,True,sub-STSWD1276,789558,8,789558.0,sub-STSWD1276
10003,0.0,0.97115,4,4,1,1,1,1,1,True,sub-STSWD1281,26675,8,26675.0,sub-STSWD1281
10004,1.0,0.93009,4,4,1,1,1,1,1,True,sub-STSWD1281,29106,8,29106.0,sub-STSWD1281
10005,1.0,0.97397,3,4,2,1,1,1,1,True,sub-STSWD1281,31538,8,31538.0,sub-STSWD1281
10006,1.0,1.1409,3,4,1,1,1,1,1,True,sub-STSWD1281,33970,8,33970.0,sub-STSWD1281
10007,1.0,0.74585,1,4,1,1,1,1,1,True,sub-STSWD1281,36402,8,36402.0,sub-STSWD1281
10008,1.0,1.0778,2,4,1,1,1,1,1,True,sub-STSWD1281,38834,8,38834.0,sub-STSWD1281
10009,1.0,1.2997,2,4,2,1,1,1,1,True,sub-STSWD1281,41266,8,41266.0,sub-STSWD1281
10010,1.0,0.81167,2,4,1,1,1,1,1,True,sub-STSWD1281,43698,8,43698.0,sub-STSWD1281
10011,1.0,0.3636,2,1,1,1,1,1,1,True,sub-STSWD1281,48178,8,48178.0,sub-STSWD1281
10012,1.0,0.46348,2,1,1,1,1,1,1,True,sub-STSWD1281,50610,8,50610.0,sub-STSWD1281
10013,1.0,0.56043,2,1,1,1,1,1,1,True,sub-STSWD1281,53042,8,53042.0,sub-STSWD1281
10014,1.0,0.5654,2,1,1,1,1,1,1,True,sub-STSWD1281,55474,8,55474.0,sub-STSWD1281
10015,1.0,0.61433,2,1,2,1,1,1,1,True,sub-STSWD1281,57906,8,57906.0,sub-STSWD1281
10016,1.0,0.4883,2,1,2,1,1,1,1,True,sub-STSWD1281,60338,8,60338.0,sub-STSWD1281
10017,1.0,0.39526,2,1,2,1,1,1,1,True,sub-STSWD1281,62770,8,62770.0,sub-STSWD1281
10018,1.0,0.49414,2,1,2,1,1,1,1,True,sub-STSWD1281,65202,8,65202.0,sub-STSWD1281
10019,1.0,1.2439,1,3,2,1,1,1,1,True,sub-STSWD1281,69682,8,69682.0,sub-STSWD1281
10020,1.0,1.3241,4,3,1,1,1,1,1,True,sub-STSWD1281,72114,8,72114.0,sub-STSWD1281
10021,1.0,1.2008,4,3,2,1,1,1,1,True,sub-STSWD1281,74546,8,74546.0,sub-STSWD1281
10022,1.0,1.0518,3,3,2,1,1,1,1,True,sub-STSWD1281,76978,8,76978.0,sub-STSWD1281
10023,1.0,1.2478,1,3,1,1,1,1,1,True,sub-STSWD1281,79410,8,79410.0,sub-STSWD1281
10024,0.0,1.2187,4,3,1,1,1,1,1,True,sub-STSWD1281,81842,8,81842.0,sub-STSWD1281
10025,0.0,0.99059,4,3,1,1,1,1,1,True,sub-STSWD1281,84274,8,84274.0,sub-STSWD1281
10026,1.0,1.0905,4,3,2,1,1,1,1,True,sub-STSWD1281,86706,8,86706.0,sub-STSWD1281
10027,1.0,1.0144,1,2,1,1,1,1,1,True,sub-STSWD1281,91185,8,91185.0,sub-STSWD1281
10028,1.0,0.8433,1,2,1,1,1,1,1,True,sub-STSWD1281,93617,8,93617.0,sub-STSWD1281
10029,1.0,0.93729,4,2,1,1,1,1,1,True,sub-STSWD1281,96049,8,96049.0,sub-STSWD1281
10030,0.0,1.0592,4,2,1,1,1,1,1,True,sub-STSWD1281,98481,8,98481.0,sub-STSWD1281
10031,1.0,0.96915,1,2,2,1,1,1,1,True,sub-STSWD1281,100913,8,100913.0,sub-STSWD1281
10032,0.0,0.90011,4,2,1,1,1,1,1,True,sub-STSWD1281,103345,8,103345.0,sub-STSWD1281
10033,1.0,0.83407,4,2,2,1,1,1,1,True,sub-STSWD1281,105777,8,105777.0,sub-STSWD1281
10034,1.0,0.60202,1,2,1,1,1,1,1,True,sub-STSWD1281,108209,8,108209.0,sub-STSWD1281
10035,1.0,0.84085,1,3,2,1,1,1,1,True,sub-STSWD1281,112689,8,112689.0,sub-STSWD1281
10036,0.0,1.1318,3,3,1,1,1,1,1,True,sub-STSWD1281,115121,8,115121.0,sub-STSWD1281
10037,1.0,0.74277,2,3,2,1,1,1,1,True,sub-STSWD1281,117553,8,117553.0,sub-STSWD1281
10038,1.0,0.99174,3,3,2,1,1,1,1,True,sub-STSWD1281,119985,8,119985.0,sub-STSWD1281
10039,0.0,1.1726,2,3,2,1,1,1,1,True,sub-STSWD1281,122417,8,122417.0,sub-STSWD1281
10040,1.0,0.85147,2,3,2,1,1,1,1,True,sub-STSWD1281,124849,8,124849.0,sub-STSWD1281
10041,1.0,0.71847,2,3,2,1,1,1,1,True,sub-STSWD1281,127281,8,127281.0,sub-STSWD1281
10042,1.0,0.62344,2,3,1,1,1,1,1,True,sub-STSWD1281,129713,8,129713.0,sub-STSWD1281
10043,1.0,0.85228,4,4,2,1,1,1,1,True,sub-STSWD1281,134193,8,134193.0,sub-STSWD1281
10044,1.0,0.54222,2,4,1,1,1,1,1,True,sub-STSWD1281,136625,8,136625.0,sub-STSWD1281
10045,1.0,0.9772,1,4,2,1,1,1,1,True,sub-STSWD1281,139057,8,139057.0,sub-STSWD1281
10046,0.0,1.0691,4,4,1,1,1,1,1,True,sub-STSWD1281,141489,8,141489.0,sub-STSWD1281
10047,0.0,1.0041,1,4,2,1,1,1,1,True,sub-STSWD1281,143921,8,143921.0,sub-STSWD1281
10048,1.0,0.63909,1,4,2,1,1,1,1,True,sub-STSWD1281,146353,8,146353.0,sub-STSWD1281
10049,0.0,0.56088,3,4,2,1,1,1,1,True,sub-STSWD1281,148785,8,148785.0,sub-STSWD1281
10050,1.0,0.95384,3,4,2,1,1,1,1,True,sub-STSWD1281,151217,8,151217.0,sub-STSWD1281
10051,1.0,0.64176,3,2,2,1,1,1,1,True,sub-STSWD1281,155697,8,155697.0,sub-STSWD1281
10052,1.0,0.63666,3,2,1,1,1,1,1,True,sub-STSWD1281,158129,8,158129.0,sub-STSWD1281
10053,1.0,0.58059,3,2,1,1,1,1,1,True,sub-STSWD1281,160561,8,160561.0,sub-STSWD1281
10054,0.0,0.85652,4,2,1,1,1,1,1,True,sub-STSWD1281,162993,8,162993.0,sub-STSWD1281
10055,0.0,0.67347,3,2,1,1,1,1,1,True,sub-STSWD1281,165425,8,165425.0,sub-STSWD1281
10056,0.0,0.66944,4,2,1,1,1,1,1,True,sub-STSWD1281,167857,8,167857.0,sub-STSWD1281
10057,1.0,0.73537,4,2,2,1,1,1,1,True,sub-STSWD1281,170289,8,170289.0,sub-STSWD1281
10058,1.0,0.64731,3,2,2,1,1,1,1,True,sub-STSWD1281,172721,8,172721.0,sub-STSWD1281
10059,1.0,0.47446,3,1,2,1,1,1,1,True,sub-STSWD1281,177200,8,177200.0,sub-STSWD1281
10060,1.0,0.42209,3,1,1,1,1,1,1,True,sub-STSWD1281,179632,8,179632.0,sub-STSWD1281
10061,1.0,0.31206,3,1,2,1,1,1,1,True,sub-STSWD1281,182064,8,182064.0,sub-STSWD1281
10062,1.0,0.44197,3,1,1,1,1,1,1,True,sub-STSWD1281,184496,8,184496.0,sub-STSWD1281
10063,1.0,0.29294,3,1,1,1,1,1,1,True,sub-STSWD1281,186928,8,186928.0,sub-STSWD1281
10064,1.0,0.35283,3,1,1,1,1,1,1,True,sub-STSWD1281,189360,8,189360.0,sub-STSWD1281
10065,1.0,0.62982,3,1,2,1,1,1,1,True,sub-STSWD1281,191792,8,191792.0,sub-STSWD1281
10066,1.0,0.40271,3,1,2,1,1,1,1,True,sub-STSWD1281,194224,8,194224.0,sub-STSWD1281
10067,1.0,0.64903,3,3,2,1,1,1,1,True,sub-STSWD1281,221949,8,221949.0,sub-STSWD1281
10068,0.0,0.51397,4,3,1,1,1,1,1,True,sub-STSWD1281,224381,8,224381.0,sub-STSWD1281
10069,0.0,0.80885,4,3,1,1,1,1,1,True,sub-STSWD1281,226813,8,226813.0,sub-STSWD1281
10070,0.0,0.86575,4,3,1,1,1,1,1,True,sub-STSWD1281,229245,8,229245.0,sub-STSWD1281
10071,0.0,0.92667,1,3,2,1,1,1,1,True,sub-STSWD1281,231677,8,231677.0,sub-STSWD1281
10072,0.0,1.0257,3,3,1,1,1,1,1,True,sub-STSWD1281,234109,8,234109.0,sub-STSWD1281
10073,1.0,0.71862,3,3,1,1,1,1,1,True,sub-STSWD1281,236541,8,236541.0,sub-STSWD1281
10074,0.0,0.87449,1,3,1,1,1,1,1,True,sub-STSWD1281,238973,8,238973.0,sub-STSWD1281
10075,1.0,0.32446,3,1,2,1,1,1,1,True,sub-STSWD1281,243452,8,243452.0,sub-STSWD1281
10076,1.0,0.6904,3,1,1,1,1,1,1,True,sub-STSWD1281,245884,8,245884.0,sub-STSWD1281
10077,1.0,0.38534,3,1,2,1,1,1,1,True,sub-STSWD1281,248316,8,248316.0,sub-STSWD1281
10078,1.0,0.37626,3,1,1,1,1,1,1,True,sub-STSWD1281,250748,8,250748.0,sub-STSWD1281
10079,1.0,0.4802,3,1,2,1,1,1,1,True,sub-STSWD1281,253180,8,253180.0,sub-STSWD1281
10080,1.0,0.68714,3,1,1,1,1,1,1,True,sub-STSWD1281,255612,8,255612.0,sub-STSWD1281
10081,1.0,0.55108,3,1,1,1,1,1,1,True,sub-STSWD1281,258044,8,258044.0,sub-STSWD1281
10082,1.0,0.41501,3,1,2,1,1,1,1,True,sub-STSWD1281,260476,8,260476.0,sub-STSWD1281
10083,1.0,0.53689,1,2,1,1,1,1,1,True,sub-STSWD1281,264956,8,264956.0,sub-STSWD1281
10084,1.0,0.88684,2,2,2,1,1,1,1,True,sub-STSWD1281,267388,8,267388.0,sub-STSWD1281
10085,1.0,0.53778,1,2,1,1,1,1,1,True,sub-STSWD1281,269820,8,269820.0,sub-STSWD1281
10086,1.0,0.60986,1,2,2,1,1,1,1,True,sub-STSWD1281,274684,8,274684.0,sub-STSWD1281
10087,1.0,0.7436,2,2,1,1,1,1,1,True,sub-STSWD1281,277116,8,277116.0,sub-STSWD1281
10088,0.0,0.51752,2,2,2,1,1,1,1,True,sub-STSWD1281,279548,8,279548.0,sub-STSWD1281
10089,1.0,0.63346,2,2,1,1,1,1,1,True,sub-STSWD1281,281980,8,281980.0,sub-STSWD1281
10090,1.0,0.90641,1,4,2,1,1,1,1,True,sub-STSWD1281,286460,8,286460.0,sub-STSWD1281
10091,1.0,0.99644,2,4,2,1,1,1,1,True,sub-STSWD1281,288892,8,288892.0,sub-STSWD1281
10092,1.0,0.7232,2,4,1,1,1,1,1,True,sub-STSWD1281,291324,8,291324.0,sub-STSWD1281
10093,1.0,1.0291,4,4,2,1,1,1,1,True,sub-STSWD1281,293756,8,293756.0,sub-STSWD1281
10094,1.0,0.71407,1,4,2,1,1,1,1,True,sub-STSWD1281,296188,8,296188.0,sub-STSWD1281
10095,0.0,1.0531,3,4,1,1,1,1,1,True,sub-STSWD1281,298620,8,298620.0,sub-STSWD1281
10096,0.0,0.65304,3,4,1,1,1,1,1,True,sub-STSWD1281,301052,8,301052.0,sub-STSWD1281
10097,0.0,0.95689,3,4,1,1,1,1,1,True,sub-STSWD1281,303484,8,303484.0,sub-STSWD1281
10098,1.0,0.61572,2,3,1,1,1,1,1,True,sub-STSWD1281,307964,8,307964.0,sub-STSWD1281
10099,1.0,0.91971,1,3,1,1,1,1,1,True,sub-STSWD1281,310396,8,310396.0,sub-STSWD1281
10100,1.0,0.56165,1,3,2,1,1,1,1,True,sub-STSWD1281,312828,8,312828.0,sub-STSWD1281
10101,0.0,0.77857,2,3,1,1,1,1,1,True,sub-STSWD1281,315260,8,315260.0,sub-STSWD1281
10102,1.0,0.99065,4,3,2,1,1,1,1,True,sub-STSWD1281,317692,8,317692.0,sub-STSWD1281
10103,1.0,0.57946,1,3,2,1,1,1,1,True,sub-STSWD1281,320124,8,320124.0,sub-STSWD1281
10104,0.0,1.0604,1,3,2,1,1,1,1,True,sub-STSWD1281,322556,8,322556.0,sub-STSWD1281
10105,1.0,0.81233,1,3,1,1,1,1,1,True,sub-STSWD1281,324988,8,324988.0,sub-STSWD1281
10106,1.0,0.35221,1,1,1,1,1,1,1,True,sub-STSWD1281,329468,8,329468.0,sub-STSWD1281
10107,1.0,0.61915,1,1,1,1,1,1,1,True,sub-STSWD1281,331900,8,331900.0,sub-STSWD1281
10108,1.0,0.41311,1,1,2,1,1,1,1,True,sub-STSWD1281,334332,8,334332.0,sub-STSWD1281
10109,1.0,0.37612,1,1,1,1,1,1,1,True,sub-STSWD1281,336764,8,336764.0,sub-STSWD1281
10110,1.0,0.55695,1,1,1,1,1,1,1,True,sub-STSWD1281,339195,8,339195.0,sub-STSWD1281
10111,1.0,0.45086,1,1,1,1,1,1,1,True,sub-STSWD1281,341628,8,341628.0,sub-STSWD1281
10112,1.0,0.6718,1,1,2,1,1,1,1,True,sub-STSWD1281,344060,8,344060.0,sub-STSWD1281
10113,0.0,0.51702,1,1,2,1,1,1,1,True,sub-STSWD1281,346492,8,346492.0,sub-STSWD1281
10114,1.0,0.65455,1,4,1,1,1,1,1,True,sub-STSWD1281,350971,8,350971.0,sub-STSWD1281
10115,1.0,0.72055,2,4,1,1,1,1,1,True,sub-STSWD1281,353404,8,353404.0,sub-STSWD1281
10116,1.0,0.94757,2,4,2,1,1,1,1,True,sub-STSWD1281,355835,8,355835.0,sub-STSWD1281
10117,0.0,0.85764,3,4,1,1,1,1,1,True,sub-STSWD1281,358268,8,358268.0,sub-STSWD1281
10118,1.0,0.79739,1,4,1,1,1,1,1,True,sub-STSWD1281,360699,8,360699.0,sub-STSWD1281
10119,0.0,0.87829,4,4,1,1,1,1,1,True,sub-STSWD1281,363131,8,363131.0,sub-STSWD1281
10120,1.0,1.0443,4,4,2,1,1,1,1,True,sub-STSWD1281,365563,8,365563.0,sub-STSWD1281
10121,1.0,0.88316,4,4,2,1,1,1,1,True,sub-STSWD1281,367995,8,367995.0,sub-STSWD1281
10122,1.0,0.68009,2,2,1,1,1,1,1,True,sub-STSWD1281,372475,8,372475.0,sub-STSWD1281
10123,1.0,0.88893,1,2,1,1,1,1,1,True,sub-STSWD1281,374907,8,374907.0,sub-STSWD1281
10124,1.0,0.64996,1,2,1,1,1,1,1,True,sub-STSWD1281,377339,8,377339.0,sub-STSWD1281
10125,1.0,0.6939,2,2,2,1,1,1,1,True,sub-STSWD1281,379771,8,379771.0,sub-STSWD1281
10126,1.0,0.53476,1,2,2,1,1,1,1,True,sub-STSWD1281,382203,8,382203.0,sub-STSWD1281
10127,1.0,0.70173,2,2,2,1,1,1,1,True,sub-STSWD1281,384635,8,384635.0,sub-STSWD1281
10128,1.0,0.72071,2,2,2,1,1,1,1,True,sub-STSWD1281,387067,8,387067.0,sub-STSWD1281
10129,1.0,0.67061,1,2,1,1,1,1,1,True,sub-STSWD1281,389499,8,389499.0,sub-STSWD1281
10130,1.0,1.2142,4,4,1,1,1,1,1,True,sub-STSWD1281,419225,8,419225.0,sub-STSWD1281
10131,1.0,0.82515,1,4,2,1,1,1,1,True,sub-STSWD1281,421657,8,421657.0,sub-STSWD1281
10132,1.0,0.82292,1,4,1,1,1,1,1,True,sub-STSWD1281,424089,8,424089.0,sub-STSWD1281
10133,1.0,1.042,3,4,2,1,1,1,1,True,sub-STSWD1281,426521,8,426521.0,sub-STSWD1281
10134,1.0,0.77577,3,4,2,1,1,1,1,True,sub-STSWD1281,428953,8,428953.0,sub-STSWD1281
10135,1.0,1.1519,3,4,1,1,1,1,1,True,sub-STSWD1281,431384,8,431384.0,sub-STSWD1281
10136,1.0,0.79574,2,4,1,1,1,1,1,True,sub-STSWD1281,433817,8,433817.0,sub-STSWD1281
10137,1.0,0.74585,2,4,2,1,1,1,1,True,sub-STSWD1281,436249,8,436249.0,sub-STSWD1281
10138,1.0,0.55413,1,3,1,1,1,1,1,True,sub-STSWD1281,440728,8,440728.0,sub-STSWD1281
10139,1.0,0.68955,1,3,1,1,1,1,1,True,sub-STSWD1281,443160,8,443160.0,sub-STSWD1281
10140,0.0,1.0765,3,3,1,1,1,1,1,True,sub-STSWD1281,445592,8,445592.0,sub-STSWD1281
10141,1.0,0.70847,2,3,2,1,1,1,1,True,sub-STSWD1281,448024,8,448024.0,sub-STSWD1281
10142,1.0,0.62539,2,3,1,1,1,1,1,True,sub-STSWD1281,450456,8,450456.0,sub-STSWD1281
10143,1.0,0.65929,2,3,1,1,1,1,1,True,sub-STSWD1281,452888,8,452888.0,sub-STSWD1281
10144,1.0,0.65427,1,3,1,1,1,1,1,True,sub-STSWD1281,455320,8,455320.0,sub-STSWD1281
10145,0.0,0.83021,3,3,1,1,1,1,1,True,sub-STSWD1281,457752,8,457752.0,sub-STSWD1281
10146,0.0,0.4261,4,1,1,1,1,1,1,True,sub-STSWD1281,462232,8,462232.0,sub-STSWD1281
10147,1.0,0.33004,4,1,2,1,1,1,1,True,sub-STSWD1281,464664,8,464664.0,sub-STSWD1281
10148,0.0,0.61093,4,1,1,1,1,1,1,True,sub-STSWD1281,467096,8,467096.0,sub-STSWD1281
10149,1.0,0.51513,4,1,1,1,1,1,1,True,sub-STSWD1281,469528,8,469528.0,sub-STSWD1281
10150,1.0,0.59085,4,1,2,1,1,1,1,True,sub-STSWD1281,471960,8,471960.0,sub-STSWD1281
10151,1.0,0.43778,4,1,2,1,1,1,1,True,sub-STSWD1281,474392,8,474392.0,sub-STSWD1281
10152,1.0,0.70671,4,1,2,1,1,1,1,True,sub-STSWD1281,476824,8,476824.0,sub-STSWD1281
10153,1.0,0.61267,4,1,1,1,1,1,1,True,sub-STSWD1281,479256,8,479256.0,sub-STSWD1281
10154,1.0,0.65416,2,2,1,1,1,1,1,True,sub-STSWD1281,483736,8,483736.0,sub-STSWD1281
10155,1.0,0.66548,2,2,2,1,1,1,1,True,sub-STSWD1281,486168,8,486168.0,sub-STSWD1281
10156,1.0,0.82579,4,2,2,1,1,1,1,True,sub-STSWD1281,488600,8,488600.0,sub-STSWD1281
10157,0.0,0.72025,4,2,1,1,1,1,1,True,sub-STSWD1281,491032,8,491032.0,sub-STSWD1281
10158,1.0,0.51732,2,2,1,1,1,1,1,True,sub-STSWD1281,493464,8,493464.0,sub-STSWD1281
10159,0.0,0.64649,4,2,1,1,1,1,1,True,sub-STSWD1281,495896,8,495896.0,sub-STSWD1281
10160,1.0,0.73416,4,2,2,1,1,1,1,True,sub-STSWD1281,498328,8,498328.0,sub-STSWD1281
10161,1.0,0.6991,2,2,2,1,1,1,1,True,sub-STSWD1281,500760,8,500760.0,sub-STSWD1281
10162,1.0,0.37698,2,1,1,1,1,1,1,True,sub-STSWD1281,505240,8,505240.0,sub-STSWD1281
10163,1.0,0.33992,2,1,2,1,1,1,1,True,sub-STSWD1281,507672,8,507672.0,sub-STSWD1281
10164,1.0,0.61786,2,1,2,1,1,1,1,True,sub-STSWD1281,510104,8,510104.0,sub-STSWD1281
10165,1.0,0.5738,2,1,1,1,1,1,1,True,sub-STSWD1281,512536,8,512536.0,sub-STSWD1281
10166,1.0,0.61574,2,1,1,1,1,1,1,True,sub-STSWD1281,514968,8,514968.0,sub-STSWD1281
10167,1.0,0.61266,2,1,2,1,1,1,1,True,sub-STSWD1281,517400,8,517400.0,sub-STSWD1281
10168,1.0,0.96663,2,1,1,1,1,1,1,True,sub-STSWD1281,519832,8,519832.0,sub-STSWD1281
10169,1.0,0.4315,2,1,2,1,1,1,1,True,sub-STSWD1281,522264,8,522264.0,sub-STSWD1281
10170,0.0,1.2024,3,3,1,1,1,1,1,True,sub-STSWD1281,526744,8,526744.0,sub-STSWD1281
10171,1.0,0.76625,3,3,2,1,1,1,1,True,sub-STSWD1281,529176,8,529176.0,sub-STSWD1281
10172,1.0,0.62228,3,3,2,1,1,1,1,True,sub-STSWD1281,531608,8,531608.0,sub-STSWD1281
10173,1.0,0.89128,3,3,2,1,1,1,1,True,sub-STSWD1281,534040,8,534040.0,sub-STSWD1281
10174,1.0,1.0461,4,3,1,1,1,1,1,True,sub-STSWD1281,536472,8,536472.0,sub-STSWD1281
10175,1.0,0.66406,3,3,2,1,1,1,1,True,sub-STSWD1281,538904,8,538904.0,sub-STSWD1281
10176,1.0,0.81703,4,3,2,1,1,1,1,True,sub-STSWD1281,541336,8,541336.0,sub-STSWD1281
10177,1.0,0.71793,2,3,2,1,1,1,1,True,sub-STSWD1281,543768,8,543768.0,sub-STSWD1281
10178,0.0,0.59486,3,2,1,1,1,1,1,True,sub-STSWD1281,548247,8,548247.0,sub-STSWD1281
10179,1.0,0.51579,4,2,2,1,1,1,1,True,sub-STSWD1281,550679,8,550679.0,sub-STSWD1281
10180,1.0,0.85074,3,2,2,1,1,1,1,True,sub-STSWD1281,553111,8,553111.0,sub-STSWD1281
10181,1.0,0.73762,4,2,2,1,1,1,1,True,sub-STSWD1281,555543,8,555543.0,sub-STSWD1281
10182,0.0,0.66362,4,2,1,1,1,1,1,True,sub-STSWD1281,557975,8,557975.0,sub-STSWD1281
10183,1.0,0.6385,4,2,2,1,1,1,1,True,sub-STSWD1281,560407,8,560407.0,sub-STSWD1281
10184,1.0,0.44149,4,2,2,1,1,1,1,True,sub-STSWD1281,562840,8,562840.0,sub-STSWD1281
10185,1.0,0.54038,3,2,2,1,1,1,1,True,sub-STSWD1281,565271,8,565271.0,sub-STSWD1281
10186,0.0,0.63831,3,4,1,1,1,1,1,True,sub-STSWD1281,569751,8,569751.0,sub-STSWD1281
10187,1.0,0.5602,2,4,2,1,1,1,1,True,sub-STSWD1281,572184,8,572184.0,sub-STSWD1281
10188,1.0,0.81545,2,4,2,1,1,1,1,True,sub-STSWD1281,574615,8,574615.0,sub-STSWD1281
10189,1.0,0.5841,4,4,1,1,1,1,1,True,sub-STSWD1281,577048,8,577048.0,sub-STSWD1281
10190,1.0,0.73207,1,4,1,1,1,1,1,True,sub-STSWD1281,579479,8,579479.0,sub-STSWD1281
10191,1.0,1.3119,4,4,2,1,1,1,1,True,sub-STSWD1281,581911,8,581911.0,sub-STSWD1281
10192,0.0,0.77092,4,4,1,1,1,1,1,True,sub-STSWD1281,584343,8,584343.0,sub-STSWD1281
10193,1.0,0.72685,1,4,2,1,1,1,1,True,sub-STSWD1281,586775,8,586775.0,sub-STSWD1281
10194,0.0,1.1243,3,3,1,1,1,1,1,True,sub-STSWD1281,614658,8,614658.0,sub-STSWD1281
10195,1.0,0.80936,3,3,2,1,1,1,1,True,sub-STSWD1281,617089,8,617089.0,sub-STSWD1281
10196,1.0,0.66426,3,3,1,1,1,1,1,True,sub-STSWD1281,619521,8,619521.0,sub-STSWD1281
10197,1.0,0.87923,4,3,2,1,1,1,1,True,sub-STSWD1281,621954,8,621954.0,sub-STSWD1281
10198,0.0,0.78018,2,3,1,1,1,1,1,True,sub-STSWD1281,624386,8,624386.0,sub-STSWD1281
10199,1.0,0.7552,4,3,2,1,1,1,1,True,sub-STSWD1281,626818,8,626818.0,sub-STSWD1281
10200,1.0,0.78704,2,3,2,1,1,1,1,True,sub-STSWD1281,629250,8,629250.0,sub-STSWD1281
10201,1.0,0.90898,2,3,1,1,1,1,1,True,sub-STSWD1281,631681,8,631681.0,sub-STSWD1281
10202,1.0,0.61787,2,2,1,1,1,1,1,True,sub-STSWD1281,636161,8,636161.0,sub-STSWD1281
10203,1.0,0.96881,3,2,1,1,1,1,1,True,sub-STSWD1281,638594,8,638594.0,sub-STSWD1281
10204,1.0,1.2557,3,2,1,1,1,1,1,True,sub-STSWD1281,641025,8,641025.0,sub-STSWD1281
10205,1.0,0.71971,2,2,1,1,1,1,1,True,sub-STSWD1281,643457,8,643457.0,sub-STSWD1281
10206,1.0,0.73362,2,2,1,1,1,1,1,True,sub-STSWD1281,645889,8,645889.0,sub-STSWD1281
10207,1.0,0.73465,3,2,2,1,1,1,1,True,sub-STSWD1281,648321,8,648321.0,sub-STSWD1281
10208,1.0,0.6085,3,2,2,1,1,1,1,True,sub-STSWD1281,650753,8,650753.0,sub-STSWD1281
10209,1.0,0.69243,2,2,2,1,1,1,1,True,sub-STSWD1281,653185,8,653185.0,sub-STSWD1281
10210,1.0,0.72931,1,4,1,1,1,1,1,True,sub-STSWD1281,657665,8,657665.0,sub-STSWD1281
10211,1.0,0.77024,2,4,1,1,1,1,1,True,sub-STSWD1281,660097,8,660097.0,sub-STSWD1281
10212,1.0,0.85217,3,4,2,1,1,1,1,True,sub-STSWD1281,662529,8,662529.0,sub-STSWD1281
10213,1.0,0.85512,4,4,2,1,1,1,1,True,sub-STSWD1281,664961,8,664961.0,sub-STSWD1281
10214,1.0,0.64624,4,4,2,1,1,1,1,True,sub-STSWD1281,667393,8,667393.0,sub-STSWD1281
10215,1.0,0.83903,2,4,2,1,1,1,1,True,sub-STSWD1281,669825,8,669825.0,sub-STSWD1281
10216,1.0,0.68396,2,4,1,1,1,1,1,True,sub-STSWD1281,672257,8,672257.0,sub-STSWD1281
10217,1.0,0.85687,1,4,1,1,1,1,1,True,sub-STSWD1281,674689,8,674689.0,sub-STSWD1281
10218,1.0,0.62476,4,1,2,1,1,1,1,True,sub-STSWD1281,679169,8,679169.0,sub-STSWD1281
10219,1.0,0.67064,4,1,2,1,1,1,1,True,sub-STSWD1281,681601,8,681601.0,sub-STSWD1281
10220,0.0,0.67885,4,1,1,1,1,1,1,True,sub-STSWD1281,684033,8,684033.0,sub-STSWD1281
10221,1.0,0.47756,4,1,2,1,1,1,1,True,sub-STSWD1281,686465,8,686465.0,sub-STSWD1281
10222,0.0,0.61659,4,1,1,1,1,1,1,True,sub-STSWD1281,688897,8,688897.0,sub-STSWD1281
10223,0.0,1.0884,4,1,1,1,1,1,1,True,sub-STSWD1281,691329,8,691329.0,sub-STSWD1281
10224,1.0,0.58039,4,1,1,1,1,1,1,True,sub-STSWD1281,693761,8,693761.0,sub-STSWD1281
10225,1.0,0.6183,4,1,2,1,1,1,1,True,sub-STSWD1281,696193,8,696193.0,sub-STSWD1281
10226,1.0,0.73923,1,2,2,1,1,1,1,True,sub-STSWD1281,700673,8,700673.0,sub-STSWD1281
10227,0.0,0.67813,3,2,1,1,1,1,1,True,sub-STSWD1281,703105,8,703105.0,sub-STSWD1281
10228,1.0,0.66307,3,2,2,1,1,1,1,True,sub-STSWD1281,705537,8,705537.0,sub-STSWD1281
10229,1.0,0.769,3,2,2,1,1,1,1,True,sub-STSWD1281,707969,8,707969.0,sub-STSWD1281
10230,1.0,0.61395,1,2,2,1,1,1,1,True,sub-STSWD1281,710401,8,710401.0,sub-STSWD1281
10231,0.0,0.87588,3,2,1,1,1,1,1,True,sub-STSWD1281,712833,8,712833.0,sub-STSWD1281
10232,1.0,0.60186,1,2,2,1,1,1,1,True,sub-STSWD1281,715265,8,715265.0,sub-STSWD1281
10233,1.0,0.67976,1,2,2,1,1,1,1,True,sub-STSWD1281,717697,8,717697.0,sub-STSWD1281
10234,1.0,0.68278,2,3,1,1,1,1,1,True,sub-STSWD1281,722177,8,722177.0,sub-STSWD1281
10235,1.0,1.2186,4,3,1,1,1,1,1,True,sub-STSWD1281,724609,8,724609.0,sub-STSWD1281
10236,1.0,0.90646,4,3,2,1,1,1,1,True,sub-STSWD1281,727041,8,727041.0,sub-STSWD1281
10237,1.0,0.99944,1,3,2,1,1,1,1,True,sub-STSWD1281,729473,8,729473.0,sub-STSWD1281
10238,1.0,0.70838,1,3,2,1,1,1,1,True,sub-STSWD1281,731905,8,731905.0,sub-STSWD1281
10239,1.0,0.79724,1,3,1,1,1,1,1,True,sub-STSWD1281,734336,8,734336.0,sub-STSWD1281
10240,1.0,0.82527,2,3,2,1,1,1,1,True,sub-STSWD1281,736768,8,736768.0,sub-STSWD1281
10241,1.0,1.0022,4,3,2,1,1,1,1,True,sub-STSWD1281,739200,8,739200.0,sub-STSWD1281
10242,1.0,1.0441,3,4,2,1,1,1,1,True,sub-STSWD1281,743680,8,743680.0,sub-STSWD1281
10243,1.0,0.87603,3,4,2,1,1,1,1,True,sub-STSWD1281,746112,8,746112.0,sub-STSWD1281
10244,0.0,0.81405,3,4,1,1,1,1,1,True,sub-STSWD1281,748544,8,748544.0,sub-STSWD1281
10245,1.0,0.8369,4,4,2,1,1,1,1,True,sub-STSWD1281,750976,8,750976.0,sub-STSWD1281
10246,0.0,0.77287,4,4,1,1,1,1,1,True,sub-STSWD1281,753408,8,753408.0,sub-STSWD1281
10247,1.0,0.76276,1,4,1,1,1,1,1,True,sub-STSWD1281,755840,8,755840.0,sub-STSWD1281
10248,1.0,0.6097,1,4,2,1,1,1,1,True,sub-STSWD1281,758272,8,758272.0,sub-STSWD1281
10249,1.0,0.68369,2,4,2,1,1,1,1,True,sub-STSWD1281,760704,8,760704.0,sub-STSWD1281
10250,1.0,0.32548,1,1,2,1,1,1,1,True,sub-STSWD1281,765184,8,765184.0,sub-STSWD1281
10251,1.0,0.66246,1,1,1,1,1,1,1,True,sub-STSWD1281,767616,8,767616.0,sub-STSWD1281
10252,1.0,0.51345,1,1,2,1,1,1,1,True,sub-STSWD1281,770048,8,770048.0,sub-STSWD1281
10253,1.0,0.58771,1,1,1,1,1,1,1,True,sub-STSWD1281,772480,8,772480.0,sub-STSWD1281
10254,1.0,0.59754,1,1,2,1,1,1,1,True,sub-STSWD1281,774912,8,774912.0,sub-STSWD1281
10255,1.0,0.42654,1,1,2,1,1,1,1,True,sub-STSWD1281,777344,8,777344.0,sub-STSWD1281
10256,1.0,0.66648,1,1,1,1,1,1,1,True,sub-STSWD1281,779776,8,779776.0,sub-STSWD1281
10257,0.0,0.54142,1,1,2,1,1,1,1,True,sub-STSWD1281,782208,8,782208.0,sub-STSWD1281
