window,target,model,fold,feature,coefficient,alpha
full_pre_response,log_RT_ms,hidden,1,hidden_00,-0.5024612545967102,0.001
full_pre_response,log_RT_ms,hidden,1,hidden_01,0.07229342311620712,0.001
full_pre_response,log_RT_ms,hidden,1,hidden_02,0.33824074268341064,0.001
full_pre_response,log_RT_ms,hidden,1,hidden_03,0.3309650123119354,0.001
full_pre_response,log_RT_ms,hidden,1,hidden_04,0.4616818428039551,0.001
full_pre_response,log_RT_ms,hidden,1,hidden_05,-0.04534398019313812,0.001
full_pre_response,log_RT_ms,hidden,1,hidden_06,-0.017015377059578896,0.001
full_pre_response,log_RT_ms,hidden,1,hidden_07,0.08462020009756088,0.001
full_pre_response,log_RT_ms,hidden,1,hidden_08,0.08434576541185379,0.001
full_pre_response,log_RT_ms,hidden,1,hidden_09,0.4206896126270294,0.001
full_pre_response,log_RT_ms,hidden,1,hidden_10,0.26568886637687683,0.001
full_pre_response,log_RT_ms,hidden,1,hidden_11,0.07924965769052505,0.001
full_pre_response,log_RT_ms,hidden,1,hidden_12,0.02744198963046074,0.001
full_pre_response,log_RT_ms,hidden,1,hidden_13,-0.40582984685897827,0.001
full_pre_response,log_RT_ms,hidden,1,hidden_14,-0.0445273295044899,0.001
full_pre_response,log_RT_ms,hidden,1,hidden_15,0.014119141735136509,0.001
full_pre_response,log_RT_ms,hidden,1,hidden_16,-0.027904877439141273,0.001
full_pre_response,log_RT_ms,hidden,1,hidden_17,0.02703183889389038,0.001
full_pre_response,log_RT_ms,hidden,1,hidden_18,0.23120425641536713,0.001
full_pre_response,log_RT_ms,hidden,1,hidden_19,0.0720556378364563,0.001
full_pre_response,log_RT_ms,hidden,1,hidden_20,0.12277210503816605,0.001
full_pre_response,log_RT_ms,hidden,1,hidden_21,0.11261165887117386,0.001
full_pre_response,log_RT_ms,hidden,1,hidden_22,0.06289269775152206,0.001
full_pre_response,log_RT_ms,hidden,1,hidden_23,0.009588975459337234,0.001
full_pre_response,log_RT_ms,hidden,1,hidden_24,-0.03834370896220207,0.001
full_pre_response,log_RT_ms,hidden,1,hidden_25,0.1002596989274025,0.001
full_pre_response,log_RT_ms,hidden,1,hidden_26,0.059137966483831406,0.001
full_pre_response,log_RT_ms,hidden,1,hidden_27,-0.06598305702209473,0.001
full_pre_response,log_RT_ms,hidden,1,hidden_28,0.024276763200759888,0.001
full_pre_response,log_RT_ms,hidden,1,hidden_29,0.01993691734969616,0.001
full_pre_response,log_RT_ms,hidden,1,hidden_30,-0.3291358947753906,0.001
full_pre_response,log_RT_ms,hidden,1,hidden_31,-0.0706157386302948,0.001
full_pre_response,log_RT_ms,hidden,2,hidden_00,-0.25690948963165283,4.6415888336127775
full_pre_response,log_RT_ms,hidden,2,hidden_01,0.035226911306381226,4.6415888336127775
full_pre_response,log_RT_ms,hidden,2,hidden_02,0.2088877558708191,4.6415888336127775
full_pre_response,log_RT_ms,hidden,2,hidden_03,0.21203027665615082,4.6415888336127775
full_pre_response,log_RT_ms,hidden,2,hidden_04,0.2875232696533203,4.6415888336127775
full_pre_response,log_RT_ms,hidden,2,hidden_05,-0.014583245851099491,4.6415888336127775
full_pre_response,log_RT_ms,hidden,2,hidden_06,0.1051272451877594,4.6415888336127775
full_pre_response,log_RT_ms,hidden,2,hidden_07,0.1575201004743576,4.6415888336127775
full_pre_response,log_RT_ms,hidden,2,hidden_08,0.01948026940226555,4.6415888336127775
full_pre_response,log_RT_ms,hidden,2,hidden_09,0.015478185378015041,4.6415888336127775
full_pre_response,log_RT_ms,hidden,2,hidden_10,0.16473308205604553,4.6415888336127775
full_pre_response,log_RT_ms,hidden,2,hidden_11,0.004523721057921648,4.6415888336127775
full_pre_response,log_RT_ms,hidden,2,hidden_12,0.02933410555124283,4.6415888336127775
full_pre_response,log_RT_ms,hidden,2,hidden_13,-0.35818520188331604,4.6415888336127775
full_pre_response,log_RT_ms,hidden,2,hidden_14,-0.006594968028366566,4.6415888336127775
full_pre_response,log_RT_ms,hidden,2,hidden_15,0.011664038524031639,4.6415888336127775
full_pre_response,log_RT_ms,hidden,2,hidden_16,-0.03888706862926483,4.6415888336127775
full_pre_response,log_RT_ms,hidden,2,hidden_17,0.034323662519454956,4.6415888336127775
full_pre_response,log_RT_ms,hidden,2,hidden_18,0.22639739513397217,4.6415888336127775
full_pre_response,log_RT_ms,hidden,2,hidden_19,0.0625510960817337,4.6415888336127775
full_pre_response,log_RT_ms,hidden,2,hidden_20,0.08006115257740021,4.6415888336127775
full_pre_response,log_RT_ms,hidden,2,hidden_21,0.017604133114218712,4.6415888336127775
full_pre_response,log_RT_ms,hidden,2,hidden_22,0.0023893967736512423,4.6415888336127775
full_pre_response,log_RT_ms,hidden,2,hidden_23,0.0013199228560552,4.6415888336127775
full_pre_response,log_RT_ms,hidden,2,hidden_24,-0.008670063689351082,4.6415888336127775
full_pre_response,log_RT_ms,hidden,2,hidden_25,0.05562608316540718,4.6415888336127775
full_pre_response,log_RT_ms,hidden,2,hidden_26,0.07603387534618378,4.6415888336127775
full_pre_response,log_RT_ms,hidden,2,hidden_27,-0.03931841999292374,4.6415888336127775
full_pre_response,log_RT_ms,hidden,2,hidden_28,0.02935788221657276,4.6415888336127775
full_pre_response,log_RT_ms,hidden,2,hidden_29,0.03301036357879639,4.6415888336127775
full_pre_response,log_RT_ms,hidden,2,hidden_30,-0.2899191081523895,4.6415888336127775
full_pre_response,log_RT_ms,hidden,2,hidden_31,-0.04729392006993294,4.6415888336127775
full_pre_response,log_RT_ms,hidden,3,hidden_00,-0.40781131386756897,1.0
full_pre_response,log_RT_ms,hidden,3,hidden_01,0.03233303874731064,1.0
full_pre_response,log_RT_ms,hidden,3,hidden_02,0.31709110736846924,1.0
full_pre_response,log_RT_ms,hidden,3,hidden_03,0.2536018490791321,1.0
full_pre_response,log_RT_ms,hidden,3,hidden_04,0.40667444467544556,1.0
full_pre_response,log_RT_ms,hidden,3,hidden_05,-0.029442815110087395,1.0
full_pre_response,log_RT_ms,hidden,3,hidden_06,0.049480680376291275,1.0
full_pre_response,log_RT_ms,hidden,3,hidden_07,0.12349765002727509,1.0
full_pre_response,log_RT_ms,hidden,3,hidden_08,0.075344018638134,1.0
full_pre_response,log_RT_ms,hidden,3,hidden_09,0.24059981107711792,1.0
full_pre_response,log_RT_ms,hidden,3,hidden_10,0.20090344548225403,1.0
full_pre_response,log_RT_ms,hidden,3,hidden_11,0.0972108542919159,1.0
full_pre_response,log_RT_ms,hidden,3,hidden_12,0.028755875304341316,1.0
full_pre_response,log_RT_ms,hidden,3,hidden_13,-0.4432336986064911,1.0
full_pre_response,log_RT_ms,hidden,3,hidden_14,0.0005332757718861103,1.0
full_pre_response,log_RT_ms,hidden,3,hidden_15,0.013133390806615353,1.0
full_pre_response,log_RT_ms,hidden,3,hidden_16,-0.02240600809454918,1.0
full_pre_response,log_RT_ms,hidden,3,hidden_17,-0.008690579794347286,1.0
full_pre_response,log_RT_ms,hidden,3,hidden_18,0.22010453045368195,1.0
full_pre_response,log_RT_ms,hidden,3,hidden_19,0.08287154138088226,1.0
full_pre_response,log_RT_ms,hidden,3,hidden_20,0.13011710345745087,1.0
full_pre_response,log_RT_ms,hidden,3,hidden_21,0.08785689622163773,1.0
full_pre_response,log_RT_ms,hidden,3,hidden_22,0.029974039644002914,1.0
full_pre_response,log_RT_ms,hidden,3,hidden_23,0.020764809101819992,1.0
full_pre_response,log_RT_ms,hidden,3,hidden_24,-0.03896867856383324,1.0
full_pre_response,log_RT_ms,hidden,3,hidden_25,0.06255479156970978,1.0
full_pre_response,log_RT_ms,hidden,3,hidden_26,0.06776601821184158,1.0
full_pre_response,log_RT_ms,hidden,3,hidden_27,-0.08686903119087219,1.0
full_pre_response,log_RT_ms,hidden,3,hidden_28,0.026174155995249748,1.0
full_pre_response,log_RT_ms,hidden,3,hidden_29,0.04167658090591431,1.0
full_pre_response,log_RT_ms,hidden,3,hidden_30,-0.30362892150878906,1.0
full_pre_response,log_RT_ms,hidden,3,hidden_31,-0.05270994082093239,1.0
full_pre_response,log_RT_ms,hidden,4,hidden_00,-0.2445545494556427,10.0
full_pre_response,log_RT_ms,hidden,4,hidden_01,0.04266124591231346,10.0
full_pre_response,log_RT_ms,hidden,4,hidden_02,0.12243104726076126,10.0
full_pre_response,log_RT_ms,hidden,4,hidden_03,0.17009930312633514,10.0
full_pre_response,log_RT_ms,hidden,4,hidden_04,0.1554487943649292,10.0
full_pre_response,log_RT_ms,hidden,4,hidden_05,-0.015034832991659641,10.0
full_pre_response,log_RT_ms,hidden,4,hidden_06,0.047937504947185516,10.0
full_pre_response,log_RT_ms,hidden,4,hidden_07,0.11360777914524078,10.0
full_pre_response,log_RT_ms,hidden,4,hidden_08,0.05151978135108948,10.0
full_pre_response,log_RT_ms,hidden,4,hidden_09,0.05660532787442207,10.0
full_pre_response,log_RT_ms,hidden,4,hidden_10,0.1256897747516632,10.0
full_pre_response,log_RT_ms,hidden,4,hidden_11,-0.022300025448203087,10.0
full_pre_response,log_RT_ms,hidden,4,hidden_12,0.03191738203167915,10.0
full_pre_response,log_RT_ms,hidden,4,hidden_13,-0.2661617696285248,10.0
full_pre_response,log_RT_ms,hidden,4,hidden_14,0.004737205803394318,10.0
full_pre_response,log_RT_ms,hidden,4,hidden_15,0.006481517571955919,10.0
full_pre_response,log_RT_ms,hidden,4,hidden_16,-0.05321711674332619,10.0
full_pre_response,log_RT_ms,hidden,4,hidden_17,0.048621516674757004,10.0
full_pre_response,log_RT_ms,hidden,4,hidden_18,0.19020795822143555,10.0
full_pre_response,log_RT_ms,hidden,4,hidden_19,0.05228639766573906,10.0
full_pre_response,log_RT_ms,hidden,4,hidden_20,0.07979518920183182,10.0
full_pre_response,log_RT_ms,hidden,4,hidden_21,0.021693287417292595,10.0
full_pre_response,log_RT_ms,hidden,4,hidden_22,0.0048237270675599575,10.0
full_pre_response,log_RT_ms,hidden,4,hidden_23,0.006635955534875393,10.0
full_pre_response,log_RT_ms,hidden,4,hidden_24,-0.0151598509401083,10.0
full_pre_response,log_RT_ms,hidden,4,hidden_25,0.0396636500954628,10.0
full_pre_response,log_RT_ms,hidden,4,hidden_26,0.05221308767795563,10.0
full_pre_response,log_RT_ms,hidden,4,hidden_27,0.010081237182021141,10.0
full_pre_response,log_RT_ms,hidden,4,hidden_28,0.0192057304084301,10.0
full_pre_response,log_RT_ms,hidden,4,hidden_29,0.0294563677161932,10.0
full_pre_response,log_RT_ms,hidden,4,hidden_30,-0.24419228732585907,10.0
full_pre_response,log_RT_ms,hidden,4,hidden_31,-0.05367579683661461,10.0
full_pre_response,log_RT_ms,hidden,5,hidden_00,-0.03194165602326393,464.1588833612773
full_pre_response,log_RT_ms,hidden,5,hidden_01,-0.009892961010336876,464.1588833612773
full_pre_response,log_RT_ms,hidden,5,hidden_02,0.014696476981043816,464.1588833612773
full_pre_response,log_RT_ms,hidden,5,hidden_03,0.02189031057059765,464.1588833612773
full_pre_response,log_RT_ms,hidden,5,hidden_04,-0.03368169441819191,464.1588833612773
full_pre_response,log_RT_ms,hidden,5,hidden_05,-0.005770011339336634,464.1588833612773
full_pre_response,log_RT_ms,hidden,5,hidden_06,-0.0034259166568517685,464.1588833612773
full_pre_response,log_RT_ms,hidden,5,hidden_07,0.08022607862949371,464.1588833612773
full_pre_response,log_RT_ms,hidden,5,hidden_08,0.01030505821108818,464.1588833612773
full_pre_response,log_RT_ms,hidden,5,hidden_09,0.006047381553798914,464.1588833612773
full_pre_response,log_RT_ms,hidden,5,hidden_10,0.04379503056406975,464.1588833612773
full_pre_response,log_RT_ms,hidden,5,hidden_11,-0.036664385348558426,464.1588833612773
full_pre_response,log_RT_ms,hidden,5,hidden_12,0.03658180683851242,464.1588833612773
full_pre_response,log_RT_ms,hidden,5,hidden_13,-0.012490577064454556,464.1588833612773
full_pre_response,log_RT_ms,hidden,5,hidden_14,-0.007210639771074057,464.1588833612773
full_pre_response,log_RT_ms,hidden,5,hidden_15,-0.003797223325818777,464.1588833612773
full_pre_response,log_RT_ms,hidden,5,hidden_16,-0.04764300957322121,464.1588833612773
full_pre_response,log_RT_ms,hidden,5,hidden_17,0.007835142314434052,464.1588833612773
full_pre_response,log_RT_ms,hidden,5,hidden_18,0.028770513832569122,464.1588833612773
full_pre_response,log_RT_ms,hidden,5,hidden_19,0.03931712359189987,464.1588833612773
full_pre_response,log_RT_ms,hidden,5,hidden_20,0.03038128651678562,464.1588833612773
full_pre_response,log_RT_ms,hidden,5,hidden_21,0.006090499460697174,464.1588833612773
full_pre_response,log_RT_ms,hidden,5,hidden_22,-0.0320056788623333,464.1588833612773
full_pre_response,log_RT_ms,hidden,5,hidden_23,0.022461893036961555,464.1588833612773
full_pre_response,log_RT_ms,hidden,5,hidden_24,-0.016083279624581337,464.1588833612773
full_pre_response,log_RT_ms,hidden,5,hidden_25,0.010686422698199749,464.1588833612773
full_pre_response,log_RT_ms,hidden,5,hidden_26,-0.004356960766017437,464.1588833612773
full_pre_response,log_RT_ms,hidden,5,hidden_27,0.0005955410306341946,464.1588833612773
full_pre_response,log_RT_ms,hidden,5,hidden_28,-0.012467906810343266,464.1588833612773
full_pre_response,log_RT_ms,hidden,5,hidden_29,0.005979739595204592,464.1588833612773
full_pre_response,log_RT_ms,hidden,5,hidden_30,-0.03405986353754997,464.1588833612773
full_pre_response,log_RT_ms,hidden,5,hidden_31,-0.01943317987024784,464.1588833612773
full_pre_response,log_RT_ms,baseline_plus_hidden,1,hidden_00,-0.30044564561402104,2.154434690031882
full_pre_response,log_RT_ms,baseline_plus_hidden,1,hidden_01,-0.023098997468340085,2.154434690031882
full_pre_response,log_RT_ms,baseline_plus_hidden,1,hidden_02,0.24246898158012137,2.154434690031882
full_pre_response,log_RT_ms,baseline_plus_hidden,1,hidden_03,0.19426760001654553,2.154434690031882
full_pre_response,log_RT_ms,baseline_plus_hidden,1,hidden_04,0.217424569769474,2.154434690031882
full_pre_response,log_RT_ms,baseline_plus_hidden,1,hidden_05,-0.01956766187465715,2.154434690031882
full_pre_response,log_RT_ms,baseline_plus_hidden,1,hidden_06,0.0774861562633637,2.154434690031882
full_pre_response,log_RT_ms,baseline_plus_hidden,1,hidden_07,0.11671141454460143,2.154434690031882
full_pre_response,log_RT_ms,baseline_plus_hidden,1,hidden_08,0.0491075686757719,2.154434690031882
full_pre_response,log_RT_ms,baseline_plus_hidden,1,hidden_09,0.050546626293706085,2.154434690031882
full_pre_response,log_RT_ms,baseline_plus_hidden,1,hidden_10,0.1296892698311526,2.154434690031882
full_pre_response,log_RT_ms,baseline_plus_hidden,1,hidden_11,0.04894514990231682,2.154434690031882
full_pre_response,log_RT_ms,baseline_plus_hidden,1,hidden_12,0.014953931574283558,2.154434690031882
full_pre_response,log_RT_ms,baseline_plus_hidden,1,hidden_13,-0.3253564746987023,2.154434690031882
full_pre_response,log_RT_ms,baseline_plus_hidden,1,hidden_14,0.004176797696581277,2.154434690031882
full_pre_response,log_RT_ms,baseline_plus_hidden,1,hidden_15,0.006097870619025064,2.154434690031882
full_pre_response,log_RT_ms,baseline_plus_hidden,1,hidden_16,-0.011536358031033474,2.154434690031882
full_pre_response,log_RT_ms,baseline_plus_hidden,1,hidden_17,0.01894875957882304,2.154434690031882
full_pre_response,log_RT_ms,baseline_plus_hidden,1,hidden_18,0.17979775071232493,2.154434690031882
full_pre_response,log_RT_ms,baseline_plus_hidden,1,hidden_19,0.06930547718588922,2.154434690031882
full_pre_response,log_RT_ms,baseline_plus_hidden,1,hidden_20,0.08549750680522092,2.154434690031882
full_pre_response,log_RT_ms,baseline_plus_hidden,1,hidden_21,0.06451912438961568,2.154434690031882
full_pre_response,log_RT_ms,baseline_plus_hidden,1,hidden_22,0.01859974437196494,2.154434690031882
full_pre_response,log_RT_ms,baseline_plus_hidden,1,hidden_23,0.0010727644232603288,2.154434690031882
full_pre_response,log_RT_ms,baseline_plus_hidden,1,hidden_24,-0.012078057916245933,2.154434690031882
full_pre_response,log_RT_ms,baseline_plus_hidden,1,hidden_25,0.08375312639770424,2.154434690031882
full_pre_response,log_RT_ms,baseline_plus_hidden,1,hidden_26,0.053509665394466256,2.154434690031882
full_pre_response,log_RT_ms,baseline_plus_hidden,1,hidden_27,-0.03910732565429377,2.154434690031882
full_pre_response,log_RT_ms,baseline_plus_hidden,1,hidden_28,0.03344987215911481,2.154434690031882
full_pre_response,log_RT_ms,baseline_plus_hidden,1,hidden_29,0.04404060247028247,2.154434690031882
full_pre_response,log_RT_ms,baseline_plus_hidden,1,hidden_30,-0.24339207940957813,2.154434690031882
full_pre_response,log_RT_ms,baseline_plus_hidden,1,hidden_31,-0.0328886323233028,2.154434690031882
full_pre_response,log_RT_ms,baseline_plus_hidden,2,hidden_00,-0.22813824537900781,2.154434690031882
full_pre_response,log_RT_ms,baseline_plus_hidden,2,hidden_01,-0.06628058095130734,2.154434690031882
full_pre_response,log_RT_ms,baseline_plus_hidden,2,hidden_02,0.2640046317427895,2.154434690031882
full_pre_response,log_RT_ms,baseline_plus_hidden,2,hidden_03,0.1869837967731525,2.154434690031882
full_pre_response,log_RT_ms,baseline_plus_hidden,2,hidden_04,0.3183830329412207,2.154434690031882
full_pre_response,log_RT_ms,baseline_plus_hidden,2,hidden_05,-0.0042811319478532174,2.154434690031882
full_pre_response,log_RT_ms,baseline_plus_hidden,2,hidden_06,0.11597792345819515,2.154434690031882
full_pre_response,log_RT_ms,baseline_plus_hidden,2,hidden_07,0.19068333446800093,2.154434690031882
full_pre_response,log_RT_ms,baseline_plus_hidden,2,hidden_08,0.011477412557165261,2.154434690031882
full_pre_response,log_RT_ms,baseline_plus_hidden,2,hidden_09,-0.13153050526253893,2.154434690031882
full_pre_response,log_RT_ms,baseline_plus_hidden,2,hidden_10,0.1100748696613748,2.154434690031882
full_pre_response,log_RT_ms,baseline_plus_hidden,2,hidden_11,0.0666390624272469,2.154434690031882
full_pre_response,log_RT_ms,baseline_plus_hidden,2,hidden_12,0.019391755077489598,2.154434690031882
full_pre_response,log_RT_ms,baseline_plus_hidden,2,hidden_13,-0.3590038768886595,2.154434690031882
full_pre_response,log_RT_ms,baseline_plus_hidden,2,hidden_14,-0.00426158735011253,2.154434690031882
full_pre_response,log_RT_ms,baseline_plus_hidden,2,hidden_15,0.006746029286533691,2.154434690031882
full_pre_response,log_RT_ms,baseline_plus_hidden,2,hidden_16,-0.009510656584224163,2.154434690031882
full_pre_response,log_RT_ms,baseline_plus_hidden,2,hidden_17,0.0010629905993437007,2.154434690031882
full_pre_response,log_RT_ms,baseline_plus_hidden,2,hidden_18,0.21248749407047285,2.154434690031882
full_pre_response,log_RT_ms,baseline_plus_hidden,2,hidden_19,0.08588908457593535,2.154434690031882
full_pre_response,log_RT_ms,baseline_plus_hidden,2,hidden_20,0.09331435767337833,2.154434690031882
full_pre_response,log_RT_ms,baseline_plus_hidden,2,hidden_21,0.08411717953215739,2.154434690031882
full_pre_response,log_RT_ms,baseline_plus_hidden,2,hidden_22,-0.0006802978784839799,2.154434690031882
full_pre_response,log_RT_ms,baseline_plus_hidden,2,hidden_23,0.0009249355104687818,2.154434690031882
full_pre_response,log_RT_ms,baseline_plus_hidden,2,hidden_24,-0.001621891683093051,2.154434690031882
full_pre_response,log_RT_ms,baseline_plus_hidden,2,hidden_25,0.05742659929610074,2.154434690031882
full_pre_response,log_RT_ms,baseline_plus_hidden,2,hidden_26,0.11593438031708278,2.154434690031882
full_pre_response,log_RT_ms,baseline_plus_hidden,2,hidden_27,-0.09177629040636398,2.154434690031882
full_pre_response,log_RT_ms,baseline_plus_hidden,2,hidden_28,0.03329002807001105,2.154434690031882
full_pre_response,log_RT_ms,baseline_plus_hidden,2,hidden_29,0.053554740488406846,2.154434690031882
full_pre_response,log_RT_ms,baseline_plus_hidden,2,hidden_30,-0.2208155484062921,2.154434690031882
full_pre_response,log_RT_ms,baseline_plus_hidden,2,hidden_31,-0.017299846598511078,2.154434690031882
full_pre_response,log_RT_ms,baseline_plus_hidden,3,hidden_00,-0.3319722925056783,0.46415888336127775
full_pre_response,log_RT_ms,baseline_plus_hidden,3,hidden_01,-0.05881024912005412,0.46415888336127775
full_pre_response,log_RT_ms,baseline_plus_hidden,3,hidden_02,0.3296859112015625,0.46415888336127775
full_pre_response,log_RT_ms,baseline_plus_hidden,3,hidden_03,0.20421082895680115,0.46415888336127775
full_pre_response,log_RT_ms,baseline_plus_hidden,3,hidden_04,0.36530583308075504,0.46415888336127775
full_pre_response,log_RT_ms,baseline_plus_hidden,3,hidden_05,-0.026869087648127333,0.46415888336127775
full_pre_response,log_RT_ms,baseline_plus_hidden,3,hidden_06,0.10189862048066543,0.46415888336127775
full_pre_response,log_RT_ms,baseline_plus_hidden,3,hidden_07,0.14782785039472174,0.46415888336127775
full_pre_response,log_RT_ms,baseline_plus_hidden,3,hidden_08,0.05369942013084585,0.46415888336127775
full_pre_response,log_RT_ms,baseline_plus_hidden,3,hidden_09,0.047769242410494524,0.46415888336127775
full_pre_response,log_RT_ms,baseline_plus_hidden,3,hidden_10,0.13937359791424087,0.46415888336127775
full_pre_response,log_RT_ms,baseline_plus_hidden,3,hidden_11,0.12233721231730733,0.46415888336127775
full_pre_response,log_RT_ms,baseline_plus_hidden,3,hidden_12,0.016877413704037197,0.46415888336127775
full_pre_response,log_RT_ms,baseline_plus_hidden,3,hidden_13,-0.413922792792443,0.46415888336127775
full_pre_response,log_RT_ms,baseline_plus_hidden,3,hidden_14,0.01455449650948709,0.46415888336127775
full_pre_response,log_RT_ms,baseline_plus_hidden,3,hidden_15,0.006412967432280486,0.46415888336127775
full_pre_response,log_RT_ms,baseline_plus_hidden,3,hidden_16,0.0019032214548316557,0.46415888336127775
full_pre_response,log_RT_ms,baseline_plus_hidden,3,hidden_17,-0.036730726489713234,0.46415888336127775
full_pre_response,log_RT_ms,baseline_plus_hidden,3,hidden_18,0.1834568327120726,0.46415888336127775
full_pre_response,log_RT_ms,baseline_plus_hidden,3,hidden_19,0.0985267395756122,0.46415888336127775
full_pre_response,log_RT_ms,baseline_plus_hidden,3,hidden_20,0.1130738015510297,0.46415888336127775
full_pre_response,log_RT_ms,baseline_plus_hidden,3,hidden_21,0.11344067670122157,0.46415888336127775
full_pre_response,log_RT_ms,baseline_plus_hidden,3,hidden_22,0.03651547628984652,0.46415888336127775
full_pre_response,log_RT_ms,baseline_plus_hidden,3,hidden_23,0.012783092911258485,0.46415888336127775
full_pre_response,log_RT_ms,baseline_plus_hidden,3,hidden_24,-0.036780517113418704,0.46415888336127775
full_pre_response,log_RT_ms,baseline_plus_hidden,3,hidden_25,0.061833474239520195,0.46415888336127775
full_pre_response,log_RT_ms,baseline_plus_hidden,3,hidden_26,0.0788313360009921,0.46415888336127775
full_pre_response,log_RT_ms,baseline_plus_hidden,3,hidden_27,-0.11740307672144663,0.46415888336127775
full_pre_response,log_RT_ms,baseline_plus_hidden,3,hidden_28,0.018317888772611216,0.46415888336127775
full_pre_response,log_RT_ms,baseline_plus_hidden,3,hidden_29,0.056264007681479725,0.46415888336127775
full_pre_response,log_RT_ms,baseline_plus_hidden,3,hidden_30,-0.22678097314859358,0.46415888336127775
full_pre_response,log_RT_ms,baseline_plus_hidden,3,hidden_31,-0.02202414845092446,0.46415888336127775
full_pre_response,log_RT_ms,baseline_plus_hidden,4,hidden_00,-0.2094421307728301,10.0
full_pre_response,log_RT_ms,baseline_plus_hidden,4,hidden_01,-0.016155611538702007,10.0
full_pre_response,log_RT_ms,baseline_plus_hidden,4,hidden_02,0.12261601900254683,10.0
full_pre_response,log_RT_ms,baseline_plus_hidden,4,hidden_03,0.1217625117112449,10.0
full_pre_response,log_RT_ms,baseline_plus_hidden,4,hidden_04,0.10498413135968912,10.0
full_pre_response,log_RT_ms,baseline_plus_hidden,4,hidden_05,-0.009395068444524006,10.0
full_pre_response,log_RT_ms,baseline_plus_hidden,4,hidden_06,0.04918932749526719,10.0
full_pre_response,log_RT_ms,baseline_plus_hidden,4,hidden_07,0.10476051875067448,10.0
full_pre_response,log_RT_ms,baseline_plus_hidden,4,hidden_08,0.04381490196127133,10.0
full_pre_response,log_RT_ms,baseline_plus_hidden,4,hidden_09,0.019626446714863133,10.0
full_pre_response,log_RT_ms,baseline_plus_hidden,4,hidden_10,0.07547193874907687,10.0
full_pre_response,log_RT_ms,baseline_plus_hidden,4,hidden_11,-0.0025435675901021824,10.0
full_pre_response,log_RT_ms,baseline_plus_hidden,4,hidden_12,0.018527287277401352,10.0
full_pre_response,log_RT_ms,baseline_plus_hidden,4,hidden_13,-0.21386441686708416,10.0
full_pre_response,log_RT_ms,baseline_plus_hidden,4,hidden_14,-0.02838043771962364,10.0
full_pre_response,log_RT_ms,baseline_plus_hidden,4,hidden_15,0.0033701363711219068,10.0
full_pre_response,log_RT_ms,baseline_plus_hidden,4,hidden_16,-0.03182137330316473,10.0
full_pre_response,log_RT_ms,baseline_plus_hidden,4,hidden_17,0.02679439722345714,10.0
full_pre_response,log_RT_ms,baseline_plus_hidden,4,hidden_18,0.14675558718978646,10.0
full_pre_response,log_RT_ms,baseline_plus_hidden,4,hidden_19,0.06169279436145396,10.0
full_pre_response,log_RT_ms,baseline_plus_hidden,4,hidden_20,0.0751905949246304,10.0
full_pre_response,log_RT_ms,baseline_plus_hidden,4,hidden_21,0.020111933653427973,10.0
full_pre_response,log_RT_ms,baseline_plus_hidden,4,hidden_22,0.002622120015298342,10.0
full_pre_response,log_RT_ms,baseline_plus_hidden,4,hidden_23,0.005740420863247755,10.0
full_pre_response,log_RT_ms,baseline_plus_hidden,4,hidden_24,-0.013470420598811116,10.0
full_pre_response,log_RT_ms,baseline_plus_hidden,4,hidden_25,0.03955608348651808,10.0
full_pre_response,log_RT_ms,baseline_plus_hidden,4,hidden_26,0.04497194300230699,10.0
full_pre_response,log_RT_ms,baseline_plus_hidden,4,hidden_27,-0.02124601349674831,10.0
full_pre_response,log_RT_ms,baseline_plus_hidden,4,hidden_28,0.022284772680350392,10.0
full_pre_response,log_RT_ms,baseline_plus_hidden,4,hidden_29,0.022443477987702635,10.0
full_pre_response,log_RT_ms,baseline_plus_hidden,4,hidden_30,-0.18342154043258382,10.0
full_pre_response,log_RT_ms,baseline_plus_hidden,4,hidden_31,-0.03473975683730158,10.0
full_pre_response,log_RT_ms,baseline_plus_hidden,5,hidden_00,-0.029493022310059278,464.1588833612773
full_pre_response,log_RT_ms,baseline_plus_hidden,5,hidden_01,-0.022764327816855324,464.1588833612773
full_pre_response,log_RT_ms,baseline_plus_hidden,5,hidden_02,0.016723326003706945,464.1588833612773
full_pre_response,log_RT_ms,baseline_plus_hidden,5,hidden_03,0.016161969893842592,464.1588833612773
full_pre_response,log_RT_ms,baseline_plus_hidden,5,hidden_04,-0.031347917692686446,464.1588833612773
full_pre_response,log_RT_ms,baseline_plus_hidden,5,hidden_05,-0.004894367437792281,464.1588833612773
full_pre_response,log_RT_ms,baseline_plus_hidden,5,hidden_06,-0.0020825934509930426,464.1588833612773
full_pre_response,log_RT_ms,baseline_plus_hidden,5,hidden_07,0.06900618509841448,464.1588833612773
full_pre_response,log_RT_ms,baseline_plus_hidden,5,hidden_08,0.013431666767363454,464.1588833612773
full_pre_response,log_RT_ms,baseline_plus_hidden,5,hidden_09,0.0025966658406148405,464.1588833612773
full_pre_response,log_RT_ms,baseline_plus_hidden,5,hidden_10,0.03658875697897641,464.1588833612773
full_pre_response,log_RT_ms,baseline_plus_hidden,5,hidden_11,-0.028350377191791912,464.1588833612773
full_pre_response,log_RT_ms,baseline_plus_hidden,5,hidden_12,0.024481216946698383,464.1588833612773
full_pre_response,log_RT_ms,baseline_plus_hidden,5,hidden_13,-0.00896904075919557,464.1588833612773
full_pre_response,log_RT_ms,baseline_plus_hidden,5,hidden_14,-0.013292358811804857,464.1588833612773
full_pre_response,log_RT_ms,baseline_plus_hidden,5,hidden_15,-0.0034923436362392242,464.1588833612773
full_pre_response,log_RT_ms,baseline_plus_hidden,5,hidden_16,-0.03200889944500417,464.1588833612773
full_pre_response,log_RT_ms,baseline_plus_hidden,5,hidden_17,0.004981585381271335,464.1588833612773
full_pre_response,log_RT_ms,baseline_plus_hidden,5,hidden_18,0.020015469257394846,464.1588833612773
full_pre_response,log_RT_ms,baseline_plus_hidden,5,hidden_19,0.029645759058021245,464.1588833612773
full_pre_response,log_RT_ms,baseline_plus_hidden,5,hidden_20,0.01318342031493965,464.1588833612773
full_pre_response,log_RT_ms,baseline_plus_hidden,5,hidden_21,0.004046085147865446,464.1588833612773
full_pre_response,log_RT_ms,baseline_plus_hidden,5,hidden_22,-0.02648063997617615,464.1588833612773
full_pre_response,log_RT_ms,baseline_plus_hidden,5,hidden_23,0.01697655950923868,464.1588833612773
full_pre_response,log_RT_ms,baseline_plus_hidden,5,hidden_24,-0.012467762403604657,464.1588833612773
full_pre_response,log_RT_ms,baseline_plus_hidden,5,hidden_25,0.01641845294035988,464.1588833612773
full_pre_response,log_RT_ms,baseline_plus_hidden,5,hidden_26,-0.00849004891949268,464.1588833612773
full_pre_response,log_RT_ms,baseline_plus_hidden,5,hidden_27,-0.0024114312302426517,464.1588833612773
full_pre_response,log_RT_ms,baseline_plus_hidden,5,hidden_28,-0.014313316477068709,464.1588833612773
full_pre_response,log_RT_ms,baseline_plus_hidden,5,hidden_29,0.005869165307529978,464.1588833612773
full_pre_response,log_RT_ms,baseline_plus_hidden,5,hidden_30,-0.027693672617094014,464.1588833612773
full_pre_response,log_RT_ms,baseline_plus_hidden,5,hidden_31,-0.012146685225432673,464.1588833612773
full_pre_response,log_RT_ms,baseline_plus_shuffled_hidden,1,shuffled_hidden_00,-0.006663873929913368,215.44346900318823
full_pre_response,log_RT_ms,baseline_plus_shuffled_hidden,1,shuffled_hidden_01,-0.006011321610993767,215.44346900318823
full_pre_response,log_RT_ms,baseline_plus_shuffled_hidden,1,shuffled_hidden_02,0.00498398834936157,215.44346900318823
full_pre_response,log_RT_ms,baseline_plus_shuffled_hidden,1,shuffled_hidden_03,-0.0002990817730582684,215.44346900318823
full_pre_response,log_RT_ms,baseline_plus_shuffled_hidden,1,shuffled_hidden_04,-0.005553861317117558,215.44346900318823
full_pre_response,log_RT_ms,baseline_plus_shuffled_hidden,1,shuffled_hidden_05,-0.00026349294959137677,215.44346900318823
full_pre_response,log_RT_ms,baseline_plus_shuffled_hidden,1,shuffled_hidden_06,-0.0034536457267342197,215.44346900318823
full_pre_response,log_RT_ms,baseline_plus_shuffled_hidden,1,shuffled_hidden_07,-0.006536517879707751,215.44346900318823
full_pre_response,log_RT_ms,baseline_plus_shuffled_hidden,1,shuffled_hidden_08,-0.007366460359295598,215.44346900318823
full_pre_response,log_RT_ms,baseline_plus_shuffled_hidden,1,shuffled_hidden_09,-0.005711933505537332,215.44346900318823
full_pre_response,log_RT_ms,baseline_plus_shuffled_hidden,1,shuffled_hidden_10,0.0035362215712777794,215.44346900318823
full_pre_response,log_RT_ms,baseline_plus_shuffled_hidden,1,shuffled_hidden_11,0.0003593572542197205,215.44346900318823
full_pre_response,log_RT_ms,baseline_plus_shuffled_hidden,1,shuffled_hidden_12,-0.005213115728879018,215.44346900318823
full_pre_response,log_RT_ms,baseline_plus_shuffled_hidden,1,shuffled_hidden_13,0.0037743392410044562,215.44346900318823
full_pre_response,log_RT_ms,baseline_plus_shuffled_hidden,1,shuffled_hidden_14,-0.00925485777432241,215.44346900318823
full_pre_response,log_RT_ms,baseline_plus_shuffled_hidden,1,shuffled_hidden_15,-0.0147741639572224,215.44346900318823
full_pre_response,log_RT_ms,baseline_plus_shuffled_hidden,1,shuffled_hidden_16,-0.004371273358495632,215.44346900318823
full_pre_response,log_RT_ms,baseline_plus_shuffled_hidden,1,shuffled_hidden_17,0.014169320645044888,215.44346900318823
full_pre_response,log_RT_ms,baseline_plus_shuffled_hidden,1,shuffled_hidden_18,0.01004944358646247,215.44346900318823
full_pre_response,log_RT_ms,baseline_plus_shuffled_hidden,1,shuffled_hidden_19,-0.014749314271475881,215.44346900318823
full_pre_response,log_RT_ms,baseline_plus_shuffled_hidden,1,shuffled_hidden_20,0.007980075167596605,215.44346900318823
full_pre_response,log_RT_ms,baseline_plus_shuffled_hidden,1,shuffled_hidden_21,-0.006314451967875225,215.44346900318823
full_pre_response,log_RT_ms,baseline_plus_shuffled_hidden,1,shuffled_hidden_22,0.002512256912073823,215.44346900318823
full_pre_response,log_RT_ms,baseline_plus_shuffled_hidden,1,shuffled_hidden_23,0.004212555860386548,215.44346900318823
full_pre_response,log_RT_ms,baseline_plus_shuffled_hidden,1,shuffled_hidden_24,0.0013206614548521194,215.44346900318823
full_pre_response,log_RT_ms,baseline_plus_shuffled_hidden,1,shuffled_hidden_25,-0.012745464711249124,215.44346900318823
full_pre_response,log_RT_ms,baseline_plus_shuffled_hidden,1,shuffled_hidden_26,-0.006121558091380533,215.44346900318823
full_pre_response,log_RT_ms,baseline_plus_shuffled_hidden,1,shuffled_hidden_27,-0.012666089632750632,215.44346900318823
full_pre_response,log_RT_ms,baseline_plus_shuffled_hidden,1,shuffled_hidden_28,-0.0032718856398177417,215.44346900318823
full_pre_response,log_RT_ms,baseline_plus_shuffled_hidden,1,shuffled_hidden_29,0.0008349288268410991,215.44346900318823
full_pre_response,log_RT_ms,baseline_plus_shuffled_hidden,1,shuffled_hidden_30,-0.003284082640843975,215.44346900318823
full_pre_response,log_RT_ms,baseline_plus_shuffled_hidden,1,shuffled_hidden_31,0.002852143761043596,215.44346900318823
full_pre_response,log_RT_ms,baseline_plus_shuffled_hidden,2,shuffled_hidden_00,-0.013139450379288941,215.44346900318823
full_pre_response,log_RT_ms,baseline_plus_shuffled_hidden,2,shuffled_hidden_01,-0.014787204067652037,215.44346900318823
full_pre_response,log_RT_ms,baseline_plus_shuffled_hidden,2,shuffled_hidden_02,0.00346380705265611,215.44346900318823
full_pre_response,log_RT_ms,baseline_plus_shuffled_hidden,2,shuffled_hidden_03,-0.007603259674759183,215.44346900318823
full_pre_response,log_RT_ms,baseline_plus_shuffled_hidden,2,shuffled_hidden_04,-0.007263704084029036,215.44346900318823
full_pre_response,log_RT_ms,baseline_plus_shuffled_hidden,2,shuffled_hidden_05,0.003520981581039836,215.44346900318823
full_pre_response,log_RT_ms,baseline_plus_shuffled_hidden,2,shuffled_hidden_06,-0.002503275390021898,215.44346900318823
full_pre_response,log_RT_ms,baseline_plus_shuffled_hidden,2,shuffled_hidden_07,-0.007869778990476705,215.44346900318823
full_pre_response,log_RT_ms,baseline_plus_shuffled_hidden,2,shuffled_hidden_08,-0.011839077881027948,215.44346900318823
full_pre_response,log_RT_ms,baseline_plus_shuffled_hidden,2,shuffled_hidden_09,-0.005875047860005031,215.44346900318823
full_pre_response,log_RT_ms,baseline_plus_shuffled_hidden,2,shuffled_hidden_10,0.0030753709740450764,215.44346900318823
full_pre_response,log_RT_ms,baseline_plus_shuffled_hidden,2,shuffled_hidden_11,0.008225006101157577,215.44346900318823
full_pre_response,log_RT_ms,baseline_plus_shuffled_hidden,2,shuffled_hidden_12,-0.003947431930710567,215.44346900318823
full_pre_response,log_RT_ms,baseline_plus_shuffled_hidden,2,shuffled_hidden_13,0.004698075106894637,215.44346900318823
full_pre_response,log_RT_ms,baseline_plus_shuffled_hidden,2,shuffled_hidden_14,-0.011507069231726076,215.44346900318823
full_pre_response,log_RT_ms,baseline_plus_shuffled_hidden,2,shuffled_hidden_15,-0.016425732960670507,215.44346900318823
full_pre_response,log_RT_ms,baseline_plus_shuffled_hidden,2,shuffled_hidden_16,0.00035843600919883707,215.44346900318823
full_pre_response,log_RT_ms,baseline_plus_shuffled_hidden,2,shuffled_hidden_17,0.00858071623580949,215.44346900318823
full_pre_response,log_RT_ms,baseline_plus_shuffled_hidden,2,shuffled_hidden_18,0.00801036863285282,215.44346900318823
full_pre_response,log_RT_ms,baseline_plus_shuffled_hidden,2,shuffled_hidden_19,-0.015854627017048505,215.44346900318823
full_pre_response,log_RT_ms,baseline_plus_shuffled_hidden,2,shuffled_hidden_20,0.009481540028852788,215.44346900318823
full_pre_response,log_RT_ms,baseline_plus_shuffled_hidden,2,shuffled_hidden_21,-0.009387292501602707,215.44346900318823
full_pre_response,log_RT_ms,baseline_plus_shuffled_hidden,2,shuffled_hidden_22,0.008981738402286126,215.44346900318823
full_pre_response,log_RT_ms,baseline_plus_shuffled_hidden,2,shuffled_hidden_23,0.0030199510159974866,215.44346900318823
full_pre_response,log_RT_ms,baseline_plus_shuffled_hidden,2,shuffled_hidden_24,-0.0032836590327164745,215.44346900318823
full_pre_response,log_RT_ms,baseline_plus_shuffled_hidden,2,shuffled_hidden_25,-0.013250556352949397,215.44346900318823
full_pre_response,log_RT_ms,baseline_plus_shuffled_hidden,2,shuffled_hidden_26,-0.0029110593454499704,215.44346900318823
full_pre_response,log_RT_ms,baseline_plus_shuffled_hidden,2,shuffled_hidden_27,-0.013250798779980954,215.44346900318823
full_pre_response,log_RT_ms,baseline_plus_shuffled_hidden,2,shuffled_hidden_28,-0.007240685706455283,215.44346900318823
full_pre_response,log_RT_ms,baseline_plus_shuffled_hidden,2,shuffled_hidden_29,-0.006044098385873399,215.44346900318823
full_pre_response,log_RT_ms,baseline_plus_shuffled_hidden,2,shuffled_hidden_30,-0.00201615801334865,215.44346900318823
full_pre_response,log_RT_ms,baseline_plus_shuffled_hidden,2,shuffled_hidden_31,-0.002117817436174681,215.44346900318823
full_pre_response,log_RT_ms,baseline_plus_shuffled_hidden,3,shuffled_hidden_00,-0.006172396774862992,464.1588833612773
full_pre_response,log_RT_ms,baseline_plus_shuffled_hidden,3,shuffled_hidden_01,-0.0021217188246283928,464.1588833612773
full_pre_response,log_RT_ms,baseline_plus_shuffled_hidden,3,shuffled_hidden_02,0.00163441564926818,464.1588833612773
full_pre_response,log_RT_ms,baseline_plus_shuffled_hidden,3,shuffled_hidden_03,-0.004719145356969324,464.1588833612773
full_pre_response,log_RT_ms,baseline_plus_shuffled_hidden,3,shuffled_hidden_04,-0.005426223188790903,464.1588833612773
full_pre_response,log_RT_ms,baseline_plus_shuffled_hidden,3,shuffled_hidden_05,-0.00031073849592624714,464.1588833612773
full_pre_response,log_RT_ms,baseline_plus_shuffled_hidden,3,shuffled_hidden_06,-0.000669834177121529,464.1588833612773
full_pre_response,log_RT_ms,baseline_plus_shuffled_hidden,3,shuffled_hidden_07,-0.003263916348006905,464.1588833612773
full_pre_response,log_RT_ms,baseline_plus_shuffled_hidden,3,shuffled_hidden_08,-0.0032658446666145205,464.1588833612773
full_pre_response,log_RT_ms,baseline_plus_shuffled_hidden,3,shuffled_hidden_09,-0.0036587867637933903,464.1588833612773
full_pre_response,log_RT_ms,baseline_plus_shuffled_hidden,3,shuffled_hidden_10,0.001164504834505996,464.1588833612773
full_pre_response,log_RT_ms,baseline_plus_shuffled_hidden,3,shuffled_hidden_11,0.0025841643335081047,464.1588833612773
full_pre_response,log_RT_ms,baseline_plus_shuffled_hidden,3,shuffled_hidden_12,-0.00042693066203126597,464.1588833612773
full_pre_response,log_RT_ms,baseline_plus_shuffled_hidden,3,shuffled_hidden_13,0.003043897976486466,464.1588833612773
full_pre_response,log_RT_ms,baseline_plus_shuffled_hidden,3,shuffled_hidden_14,-0.005659929397172206,464.1588833612773
full_pre_response,log_RT_ms,baseline_plus_shuffled_hidden,3,shuffled_hidden_15,-0.0037057623335276044,464.1588833612773
full_pre_response,log_RT_ms,baseline_plus_shuffled_hidden,3,shuffled_hidden_16,-0.004258680590804783,464.1588833612773
full_pre_response,log_RT_ms,baseline_plus_shuffled_hidden,3,shuffled_hidden_17,0.008304925603068114,464.1588833612773
full_pre_response,log_RT_ms,baseline_plus_shuffled_hidden,3,shuffled_hidden_18,0.006297030986369447,464.1588833612773
full_pre_response,log_RT_ms,baseline_plus_shuffled_hidden,3,shuffled_hidden_19,-0.010984060444990729,464.1588833612773
full_pre_response,log_RT_ms,baseline_plus_shuffled_hidden,3,shuffled_hidden_20,0.003149444033620566,464.1588833612773
full_pre_response,log_RT_ms,baseline_plus_shuffled_hidden,3,shuffled_hidden_21,0.0017046379418491388,464.1588833612773
full_pre_response,log_RT_ms,baseline_plus_shuffled_hidden,3,shuffled_hidden_22,0.005942201003139447,464.1588833612773
full_pre_response,log_RT_ms,baseline_plus_shuffled_hidden,3,shuffled_hidden_23,0.003353275106561119,464.1588833612773
full_pre_response,log_RT_ms,baseline_plus_shuffled_hidden,3,shuffled_hidden_24,-0.005109505119457151,464.1588833612773
full_pre_response,log_RT_ms,baseline_plus_shuffled_hidden,3,shuffled_hidden_25,-0.0034535616698614996,464.1588833612773
full_pre_response,log_RT_ms,baseline_plus_shuffled_hidden,3,shuffled_hidden_26,-0.004170645041094178,464.1588833612773
full_pre_response,log_RT_ms,baseline_plus_shuffled_hidden,3,shuffled_hidden_27,-0.009151705862714622,464.1588833612773
full_pre_response,log_RT_ms,baseline_plus_shuffled_hidden,3,shuffled_hidden_28,-0.0051040785045103195,464.1588833612773
full_pre_response,log_RT_ms,baseline_plus_shuffled_hidden,3,shuffled_hidden_29,-0.0015589784477674938,464.1588833612773
full_pre_response,log_RT_ms,baseline_plus_shuffled_hidden,3,shuffled_hidden_30,-0.001458377807613313,464.1588833612773
full_pre_response,log_RT_ms,baseline_plus_shuffled_hidden,3,shuffled_hidden_31,0.0037967436544178094,464.1588833612773
full_pre_response,log_RT_ms,baseline_plus_shuffled_hidden,4,shuffled_hidden_00,-0.012222217855883859,215.44346900318823
full_pre_response,log_RT_ms,baseline_plus_shuffled_hidden,4,shuffled_hidden_01,-0.0075944886293818755,215.44346900318823
full_pre_response,log_RT_ms,baseline_plus_shuffled_hidden,4,shuffled_hidden_02,0.0011902110346840792,215.44346900318823
full_pre_response,log_RT_ms,baseline_plus_shuffled_hidden,4,shuffled_hidden_03,-0.0036879843174431074,215.44346900318823
full_pre_response,log_RT_ms,baseline_plus_shuffled_hidden,4,shuffled_hidden_04,-0.006650321805913808,215.44346900318823
full_pre_response,log_RT_ms,baseline_plus_shuffled_hidden,4,shuffled_hidden_05,0.00305121300617347,215.44346900318823
full_pre_response,log_RT_ms,baseline_plus_shuffled_hidden,4,shuffled_hidden_06,-0.002782359462293861,215.44346900318823
full_pre_response,log_RT_ms,baseline_plus_shuffled_hidden,4,shuffled_hidden_07,-0.00812353752454375,215.44346900318823
full_pre_response,log_RT_ms,baseline_plus_shuffled_hidden,4,shuffled_hidden_08,-0.010683696092290893,215.44346900318823
full_pre_response,log_RT_ms,baseline_plus_shuffled_hidden,4,shuffled_hidden_09,-0.006041246769544802,215.44346900318823
full_pre_response,log_RT_ms,baseline_plus_shuffled_hidden,4,shuffled_hidden_10,0.004387623625131515,215.44346900318823
full_pre_response,log_RT_ms,baseline_plus_shuffled_hidden,4,shuffled_hidden_11,0.0028771815012058853,215.44346900318823
full_pre_response,log_RT_ms,baseline_plus_shuffled_hidden,4,shuffled_hidden_12,-0.0038520501871472197,215.44346900318823
full_pre_response,log_RT_ms,baseline_plus_shuffled_hidden,4,shuffled_hidden_13,-0.00036152993823647465,215.44346900318823
full_pre_response,log_RT_ms,baseline_plus_shuffled_hidden,4,shuffled_hidden_14,-0.008263463927799475,215.44346900318823
full_pre_response,log_RT_ms,baseline_plus_shuffled_hidden,4,shuffled_hidden_15,-0.011136520265409598,215.44346900318823
full_pre_response,log_RT_ms,baseline_plus_shuffled_hidden,4,shuffled_hidden_16,-0.0009277998130536503,215.44346900318823
full_pre_response,log_RT_ms,baseline_plus_shuffled_hidden,4,shuffled_hidden_17,0.007097484016759588,215.44346900318823
full_pre_response,log_RT_ms,baseline_plus_shuffled_hidden,4,shuffled_hidden_18,0.0034871454520577815,215.44346900318823
full_pre_response,log_RT_ms,baseline_plus_shuffled_hidden,4,shuffled_hidden_19,-0.013668829067586248,215.44346900318823
full_pre_response,log_RT_ms,baseline_plus_shuffled_hidden,4,shuffled_hidden_20,0.00776800104805935,215.44346900318823
full_pre_response,log_RT_ms,baseline_plus_shuffled_hidden,4,shuffled_hidden_21,-0.004676198325051441,215.44346900318823
full_pre_response,log_RT_ms,baseline_plus_shuffled_hidden,4,shuffled_hidden_22,-0.005249673661912068,215.44346900318823
full_pre_response,log_RT_ms,baseline_plus_shuffled_hidden,4,shuffled_hidden_23,0.0017027530669664777,215.44346900318823
full_pre_response,log_RT_ms,baseline_plus_shuffled_hidden,4,shuffled_hidden_24,0.001184243604742486,215.44346900318823
full_pre_response,log_RT_ms,baseline_plus_shuffled_hidden,4,shuffled_hidden_25,-0.009573793071669192,215.44346900318823
full_pre_response,log_RT_ms,baseline_plus_shuffled_hidden,4,shuffled_hidden_26,-0.0059655725266281445,215.44346900318823
full_pre_response,log_RT_ms,baseline_plus_shuffled_hidden,4,shuffled_hidden_27,-0.012490451655518436,215.44346900318823
full_pre_response,log_RT_ms,baseline_plus_shuffled_hidden,4,shuffled_hidden_28,-0.0030402794034796662,215.44346900318823
full_pre_response,log_RT_ms,baseline_plus_shuffled_hidden,4,shuffled_hidden_29,-0.005421971105511502,215.44346900318823
full_pre_response,log_RT_ms,baseline_plus_shuffled_hidden,4,shuffled_hidden_30,-0.0011400244520807198,215.44346900318823
full_pre_response,log_RT_ms,baseline_plus_shuffled_hidden,4,shuffled_hidden_31,0.002757788905596086,215.44346900318823
full_pre_response,log_RT_ms,baseline_plus_shuffled_hidden,5,shuffled_hidden_00,-0.003957320981958838,215.44346900318823
full_pre_response,log_RT_ms,baseline_plus_shuffled_hidden,5,shuffled_hidden_01,-0.007032691715387777,215.44346900318823
full_pre_response,log_RT_ms,baseline_plus_shuffled_hidden,5,shuffled_hidden_02,0.0037974373369065346,215.44346900318823
full_pre_response,log_RT_ms,baseline_plus_shuffled_hidden,5,shuffled_hidden_03,0.0015857624547323994,215.44346900318823
full_pre_response,log_RT_ms,baseline_plus_shuffled_hidden,5,shuffled_hidden_04,-0.006097285634183443,215.44346900318823
full_pre_response,log_RT_ms,baseline_plus_shuffled_hidden,5,shuffled_hidden_05,-0.004807829462117197,215.44346900318823
full_pre_response,log_RT_ms,baseline_plus_shuffled_hidden,5,shuffled_hidden_06,-0.001127232944894829,215.44346900318823
full_pre_response,log_RT_ms,baseline_plus_shuffled_hidden,5,shuffled_hidden_07,-0.00581961091090935,215.44346900318823
full_pre_response,log_RT_ms,baseline_plus_shuffled_hidden,5,shuffled_hidden_08,-0.00806629616745561,215.44346900318823
full_pre_response,log_RT_ms,baseline_plus_shuffled_hidden,5,shuffled_hidden_09,-0.00364530770518327,215.44346900318823
full_pre_response,log_RT_ms,baseline_plus_shuffled_hidden,5,shuffled_hidden_10,0.0035524952094914772,215.44346900318823
full_pre_response,log_RT_ms,baseline_plus_shuffled_hidden,5,shuffled_hidden_11,0.0020693844990834057,215.44346900318823
full_pre_response,log_RT_ms,baseline_plus_shuffled_hidden,5,shuffled_hidden_12,0.0031389449921894745,215.44346900318823
full_pre_response,log_RT_ms,baseline_plus_shuffled_hidden,5,shuffled_hidden_13,0.004959678496204972,215.44346900318823
full_pre_response,log_RT_ms,baseline_plus_shuffled_hidden,5,shuffled_hidden_14,-0.004726008090705474,215.44346900318823
full_pre_response,log_RT_ms,baseline_plus_shuffled_hidden,5,shuffled_hidden_15,-0.012046861920203107,215.44346900318823
full_pre_response,log_RT_ms,baseline_plus_shuffled_hidden,5,shuffled_hidden_16,-0.0037161741828868355,215.44346900318823
full_pre_response,log_RT_ms,baseline_plus_shuffled_hidden,5,shuffled_hidden_17,0.0008626672446440536,215.44346900318823
full_pre_response,log_RT_ms,baseline_plus_shuffled_hidden,5,shuffled_hidden_18,0.004717088959710029,215.44346900318823
full_pre_response,log_RT_ms,baseline_plus_shuffled_hidden,5,shuffled_hidden_19,-0.008843999171290935,215.44346900318823
full_pre_response,log_RT_ms,baseline_plus_shuffled_hidden,5,shuffled_hidden_20,0.006899031164186872,215.44346900318823
full_pre_response,log_RT_ms,baseline_plus_shuffled_hidden,5,shuffled_hidden_21,-0.0071788182885888325,215.44346900318823
full_pre_response,log_RT_ms,baseline_plus_shuffled_hidden,5,shuffled_hidden_22,0.008204137031661271,215.44346900318823
full_pre_response,log_RT_ms,baseline_plus_shuffled_hidden,5,shuffled_hidden_23,-0.0021081702909706785,215.44346900318823
full_pre_response,log_RT_ms,baseline_plus_shuffled_hidden,5,shuffled_hidden_24,-0.0014378632651065764,215.44346900318823
full_pre_response,log_RT_ms,baseline_plus_shuffled_hidden,5,shuffled_hidden_25,-0.009497818557808983,215.44346900318823
full_pre_response,log_RT_ms,baseline_plus_shuffled_hidden,5,shuffled_hidden_26,-0.003693342264631945,215.44346900318823
full_pre_response,log_RT_ms,baseline_plus_shuffled_hidden,5,shuffled_hidden_27,-0.013591316975760583,215.44346900318823
full_pre_response,log_RT_ms,baseline_plus_shuffled_hidden,5,shuffled_hidden_28,-0.005055771842225271,215.44346900318823
full_pre_response,log_RT_ms,baseline_plus_shuffled_hidden,5,shuffled_hidden_29,-0.0027178138977460463,215.44346900318823
full_pre_response,log_RT_ms,baseline_plus_shuffled_hidden,5,shuffled_hidden_30,0.0003619947532882187,215.44346900318823
full_pre_response,log_RT_ms,baseline_plus_shuffled_hidden,5,shuffled_hidden_31,0.0015199576588406738,215.44346900318823
full_pre_response,RT_ms,hidden,1,hidden_00,-368.9798583984375,0.001
full_pre_response,RT_ms,hidden,1,hidden_01,57.46538543701172,0.001
full_pre_response,RT_ms,hidden,1,hidden_02,284.7273864746094,0.001
full_pre_response,RT_ms,hidden,1,hidden_03,301.4267883300781,0.001
full_pre_response,RT_ms,hidden,1,hidden_04,355.5271301269531,0.001
full_pre_response,RT_ms,hidden,1,hidden_05,-36.481689453125,0.001
full_pre_response,RT_ms,hidden,1,hidden_06,-10.373004913330078,0.001
full_pre_response,RT_ms,hidden,1,hidden_07,81.17273712158203,0.001
full_pre_response,RT_ms,hidden,1,hidden_08,64.74592590332031,0.001
full_pre_response,RT_ms,hidden,1,hidden_09,290.8135681152344,0.001
full_pre_response,RT_ms,hidden,1,hidden_10,212.2334442138672,0.001
full_pre_response,RT_ms,hidden,1,hidden_11,55.84769821166992,0.001
full_pre_response,RT_ms,hidden,1,hidden_12,35.63614273071289,0.001
full_pre_response,RT_ms,hidden,1,hidden_13,-320.9263916015625,0.001
full_pre_response,RT_ms,hidden,1,hidden_14,-15.884994506835938,0.001
full_pre_response,RT_ms,hidden,1,hidden_15,9.964890480041504,0.001
full_pre_response,RT_ms,hidden,1,hidden_16,-22.553619384765625,0.001
full_pre_response,RT_ms,hidden,1,hidden_17,35.32463455200195,0.001
full_pre_response,RT_ms,hidden,1,hidden_18,187.33018493652344,0.001
full_pre_response,RT_ms,hidden,1,hidden_19,48.96967697143555,0.001
full_pre_response,RT_ms,hidden,1,hidden_20,101.76986694335938,0.001
full_pre_response,RT_ms,hidden,1,hidden_21,85.32101440429688,0.001
full_pre_response,RT_ms,hidden,1,hidden_22,46.692508697509766,0.001
full_pre_response,RT_ms,hidden,1,hidden_23,8.52786922454834,0.001
full_pre_response,RT_ms,hidden,1,hidden_24,-25.105649948120117,0.001
full_pre_response,RT_ms,hidden,1,hidden_25,92.25312805175781,0.001
full_pre_response,RT_ms,hidden,1,hidden_26,66.65087127685547,0.001
full_pre_response,RT_ms,hidden,1,hidden_27,-44.60554122924805,0.001
full_pre_response,RT_ms,hidden,1,hidden_28,24.449655532836914,0.001
full_pre_response,RT_ms,hidden,1,hidden_29,13.117720603942871,0.001
full_pre_response,RT_ms,hidden,1,hidden_30,-280.30633544921875,0.001
full_pre_response,RT_ms,hidden,1,hidden_31,-54.77999496459961,0.001
full_pre_response,RT_ms,hidden,2,hidden_00,-184.50604248046875,4.6415888336127775
full_pre_response,RT_ms,hidden,2,hidden_01,29.15868377685547,4.6415888336127775
full_pre_response,RT_ms,hidden,2,hidden_02,176.03558349609375,4.6415888336127775
full_pre_response,RT_ms,hidden,2,hidden_03,197.07907104492188,4.6415888336127775
full_pre_response,RT_ms,hidden,2,hidden_04,225.58688354492188,4.6415888336127775
full_pre_response,RT_ms,hidden,2,hidden_05,-13.612616539001465,4.6415888336127775
full_pre_response,RT_ms,hidden,2,hidden_06,78.94501495361328,4.6415888336127775
full_pre_response,RT_ms,hidden,2,hidden_07,134.6460723876953,4.6415888336127775
full_pre_response,RT_ms,hidden,2,hidden_08,15.954129219055176,4.6415888336127775
full_pre_response,RT_ms,hidden,2,hidden_09,7.131220817565918,4.6415888336127775
full_pre_response,RT_ms,hidden,2,hidden_10,131.44105529785156,4.6415888336127775
full_pre_response,RT_ms,hidden,2,hidden_11,-5.693117618560791,4.6415888336127775
full_pre_response,RT_ms,hidden,2,hidden_12,36.37821960449219,4.6415888336127775
full_pre_response,RT_ms,hidden,2,hidden_13,-284.58868408203125,4.6415888336127775
full_pre_response,RT_ms,hidden,2,hidden_14,-2.6201140880584717,4.6415888336127775
full_pre_response,RT_ms,hidden,2,hidden_15,8.200008392333984,4.6415888336127775
full_pre_response,RT_ms,hidden,2,hidden_16,-31.690893173217773,4.6415888336127775
full_pre_response,RT_ms,hidden,2,hidden_17,36.33378601074219,4.6415888336127775
full_pre_response,RT_ms,hidden,2,hidden_18,181.05589294433594,4.6415888336127775
full_pre_response,RT_ms,hidden,2,hidden_19,46.5184211730957,4.6415888336127775
full_pre_response,RT_ms,hidden,2,hidden_20,66.99009704589844,4.6415888336127775
full_pre_response,RT_ms,hidden,2,hidden_21,8.505953788757324,4.6415888336127775
full_pre_response,RT_ms,hidden,2,hidden_22,2.7780957221984863,4.6415888336127775
full_pre_response,RT_ms,hidden,2,hidden_23,1.8724626302719116,4.6415888336127775
full_pre_response,RT_ms,hidden,2,hidden_24,-5.528802871704102,4.6415888336127775
full_pre_response,RT_ms,hidden,2,hidden_25,52.89447784423828,4.6415888336127775
full_pre_response,RT_ms,hidden,2,hidden_26,71.72467803955078,4.6415888336127775
full_pre_response,RT_ms,hidden,2,hidden_27,-33.26033020019531,4.6415888336127775
full_pre_response,RT_ms,hidden,2,hidden_28,25.483747482299805,4.6415888336127775
full_pre_response,RT_ms,hidden,2,hidden_29,19.816492080688477,4.6415888336127775
full_pre_response,RT_ms,hidden,2,hidden_30,-246.6427459716797,4.6415888336127775
full_pre_response,RT_ms,hidden,2,hidden_31,-37.762855529785156,4.6415888336127775
full_pre_response,RT_ms,hidden,3,hidden_00,-307.8833923339844,1.0
full_pre_response,RT_ms,hidden,3,hidden_01,25.409252166748047,1.0
full_pre_response,RT_ms,hidden,3,hidden_02,266.88385009765625,1.0
full_pre_response,RT_ms,hidden,3,hidden_03,234.7567596435547,1.0
full_pre_response,RT_ms,hidden,3,hidden_04,313.5484619140625,1.0
full_pre_response,RT_ms,hidden,3,hidden_05,-23.544858932495117,1.0
full_pre_response,RT_ms,hidden,3,hidden_06,39.326393127441406,1.0
full_pre_response,RT_ms,hidden,3,hidden_07,108.50865173339844,1.0
full_pre_response,RT_ms,hidden,3,hidden_08,60.624141693115234,1.0
full_pre_response,RT_ms,hidden,3,hidden_09,173.70863342285156,1.0
full_pre_response,RT_ms,hidden,3,hidden_10,158.52423095703125,1.0
full_pre_response,RT_ms,hidden,3,hidden_11,72.8637466430664,1.0
full_pre_response,RT_ms,hidden,3,hidden_12,35.951995849609375,1.0
full_pre_response,RT_ms,hidden,3,hidden_13,-352.7147216796875,1.0
full_pre_response,RT_ms,hidden,3,hidden_14,10.727258682250977,1.0
full_pre_response,RT_ms,hidden,3,hidden_15,10.004631996154785,1.0
full_pre_response,RT_ms,hidden,3,hidden_16,-17.947355270385742,1.0
full_pre_response,RT_ms,hidden,3,hidden_17,-0.7030202150344849,1.0
full_pre_response,RT_ms,hidden,3,hidden_18,174.65721130371094,1.0
full_pre_response,RT_ms,hidden,3,hidden_19,61.33185958862305,1.0
full_pre_response,RT_ms,hidden,3,hidden_20,106.3891830444336,1.0
full_pre_response,RT_ms,hidden,3,hidden_21,64.31920623779297,1.0
full_pre_response,RT_ms,hidden,3,hidden_22,21.33155632019043,1.0
full_pre_response,RT_ms,hidden,3,hidden_23,17.726797103881836,1.0
full_pre_response,RT_ms,hidden,3,hidden_24,-30.21048355102539,1.0
full_pre_response,RT_ms,hidden,3,hidden_25,59.471561431884766,1.0
full_pre_response,RT_ms,hidden,3,hidden_26,66.56318664550781,1.0
full_pre_response,RT_ms,hidden,3,hidden_27,-64.18142700195312,1.0
full_pre_response,RT_ms,hidden,3,hidden_28,24.26188087463379,1.0
full_pre_response,RT_ms,hidden,3,hidden_29,26.849807739257812,1.0
full_pre_response,RT_ms,hidden,3,hidden_30,-253.5918426513672,1.0
full_pre_response,RT_ms,hidden,3,hidden_31,-42.48320388793945,1.0
full_pre_response,RT_ms,hidden,4,hidden_00,-185.62710571289062,10.0
full_pre_response,RT_ms,hidden,4,hidden_01,33.58831024169922,10.0
full_pre_response,RT_ms,hidden,4,hidden_02,104.74319458007812,10.0
full_pre_response,RT_ms,hidden,4,hidden_03,162.2697296142578,10.0
full_pre_response,RT_ms,hidden,4,hidden_04,124.60667419433594,10.0
full_pre_response,RT_ms,hidden,4,hidden_05,-13.7109956741333,10.0
full_pre_response,RT_ms,hidden,4,hidden_06,39.42049789428711,10.0
full_pre_response,RT_ms,hidden,4,hidden_07,98.80211639404297,10.0
full_pre_response,RT_ms,hidden,4,hidden_08,42.75177764892578,10.0
full_pre_response,RT_ms,hidden,4,hidden_09,41.5016975402832,10.0
full_pre_response,RT_ms,hidden,4,hidden_10,101.0528335571289,10.0
full_pre_response,RT_ms,hidden,4,hidden_11,-28.346698760986328,10.0
full_pre_response,RT_ms,hidden,4,hidden_12,38.16908264160156,10.0
full_pre_response,RT_ms,hidden,4,hidden_13,-211.25457763671875,10.0
full_pre_response,RT_ms,hidden,4,hidden_14,4.115529537200928,10.0
full_pre_response,RT_ms,hidden,4,hidden_15,3.7653696537017822,10.0
full_pre_response,RT_ms,hidden,4,hidden_16,-44.79462432861328,10.0
full_pre_response,RT_ms,hidden,4,hidden_17,48.37552261352539,10.0
full_pre_response,RT_ms,hidden,4,hidden_18,151.88027954101562,10.0
full_pre_response,RT_ms,hidden,4,hidden_19,41.132137298583984,10.0
full_pre_response,RT_ms,hidden,4,hidden_20,68.22702026367188,10.0
full_pre_response,RT_ms,hidden,4,hidden_21,15.46639347076416,10.0
full_pre_response,RT_ms,hidden,4,hidden_22,4.480312347412109,10.0
full_pre_response,RT_ms,hidden,4,hidden_23,6.368514060974121,10.0
full_pre_response,RT_ms,hidden,4,hidden_24,-11.222275733947754,10.0
full_pre_response,RT_ms,hidden,4,hidden_25,38.98634719848633,10.0
full_pre_response,RT_ms,hidden,4,hidden_26,54.39915466308594,10.0
full_pre_response,RT_ms,hidden,4,hidden_27,6.471663951873779,10.0
full_pre_response,RT_ms,hidden,4,hidden_28,16.831666946411133,10.0
full_pre_response,RT_ms,hidden,4,hidden_29,16.482433319091797,10.0
full_pre_response,RT_ms,hidden,4,hidden_30,-206.27590942382812,10.0
full_pre_response,RT_ms,hidden,4,hidden_31,-44.82050704956055,10.0
full_pre_response,RT_ms,hidden,5,hidden_00,-22.44208335876465,464.1588833612773
full_pre_response,RT_ms,hidden,5,hidden_01,-10.359823226928711,464.1588833612773
full_pre_response,RT_ms,hidden,5,hidden_02,11.557483673095703,464.1588833612773
full_pre_response,RT_ms,hidden,5,hidden_03,23.05797576904297,464.1588833612773
full_pre_response,RT_ms,hidden,5,hidden_04,-29.79067039489746,464.1588833612773
full_pre_response,RT_ms,hidden,5,hidden_05,-5.12846565246582,464.1588833612773
full_pre_response,RT_ms,hidden,5,hidden_06,-0.8714469075202942,464.1588833612773
full_pre_response,RT_ms,hidden,5,hidden_07,66.7874984741211,464.1588833612773
full_pre_response,RT_ms,hidden,5,hidden_08,9.518409729003906,464.1588833612773
full_pre_response,RT_ms,hidden,5,hidden_09,6.662466049194336,464.1588833612773
full_pre_response,RT_ms,hidden,5,hidden_10,36.49186325073242,464.1588833612773
full_pre_response,RT_ms,hidden,5,hidden_11,-32.15272521972656,464.1588833612773
full_pre_response,RT_ms,hidden,5,hidden_12,40.566986083984375,464.1588833612773
full_pre_response,RT_ms,hidden,5,hidden_13,-10.137203216552734,464.1588833612773
full_pre_response,RT_ms,hidden,5,hidden_14,-6.486381530761719,464.1588833612773
full_pre_response,RT_ms,hidden,5,hidden_15,-3.166191816329956,464.1588833612773
full_pre_response,RT_ms,hidden,5,hidden_16,-38.86431121826172,464.1588833612773
full_pre_response,RT_ms,hidden,5,hidden_17,6.0517120361328125,464.1588833612773
full_pre_response,RT_ms,hidden,5,hidden_18,22.97118377685547,464.1588833612773
full_pre_response,RT_ms,hidden,5,hidden_19,35.23347854614258,464.1588833612773
full_pre_response,RT_ms,hidden,5,hidden_20,25.596038818359375,464.1588833612773
full_pre_response,RT_ms,hidden,5,hidden_21,5.8115315437316895,464.1588833612773
full_pre_response,RT_ms,hidden,5,hidden_22,-27.082794189453125,464.1588833612773
full_pre_response,RT_ms,hidden,5,hidden_23,18.15519905090332,464.1588833612773
full_pre_response,RT_ms,hidden,5,hidden_24,-14.121115684509277,464.1588833612773
full_pre_response,RT_ms,hidden,5,hidden_25,11.665653228759766,464.1588833612773
full_pre_response,RT_ms,hidden,5,hidden_26,-0.2235184758901596,464.1588833612773
full_pre_response,RT_ms,hidden,5,hidden_27,-0.17405568063259125,464.1588833612773
full_pre_response,RT_ms,hidden,5,hidden_28,-9.748214721679688,464.1588833612773
full_pre_response,RT_ms,hidden,5,hidden_29,5.5018391609191895,464.1588833612773
full_pre_response,RT_ms,hidden,5,hidden_30,-30.000558853149414,464.1588833612773
full_pre_response,RT_ms,hidden,5,hidden_31,-17.457094192504883,464.1588833612773
full_pre_response,RT_ms,baseline_plus_hidden,1,hidden_00,-187.04415893118178,4.6415888336127775
full_pre_response,RT_ms,baseline_plus_hidden,1,hidden_01,-21.417462039437257,4.6415888336127775
full_pre_response,RT_ms,baseline_plus_hidden,1,hidden_02,151.79855778656582,4.6415888336127775
full_pre_response,RT_ms,baseline_plus_hidden,1,hidden_03,149.88396582656094,4.6415888336127775
full_pre_response,RT_ms,baseline_plus_hidden,1,hidden_04,94.36068586753301,4.6415888336127775
full_pre_response,RT_ms,baseline_plus_hidden,1,hidden_05,-10.605072698723996,4.6415888336127775
full_pre_response,RT_ms,baseline_plus_hidden,1,hidden_06,54.242759652250015,4.6415888336127775
full_pre_response,RT_ms,baseline_plus_hidden,1,hidden_07,93.68234418582404,4.6415888336127775
full_pre_response,RT_ms,baseline_plus_hidden,1,hidden_08,33.340368993799466,4.6415888336127775
full_pre_response,RT_ms,baseline_plus_hidden,1,hidden_09,22.892873866151454,4.6415888336127775
full_pre_response,RT_ms,baseline_plus_hidden,1,hidden_10,76.37454318262247,4.6415888336127775
full_pre_response,RT_ms,baseline_plus_hidden,1,hidden_11,5.369023957097051,4.6415888336127775
full_pre_response,RT_ms,baseline_plus_hidden,1,hidden_12,24.241677594122162,4.6415888336127775
full_pre_response,RT_ms,baseline_plus_hidden,1,hidden_13,-205.2067696537423,4.6415888336127775
full_pre_response,RT_ms,baseline_plus_hidden,1,hidden_14,5.38097062119683,4.6415888336127775
full_pre_response,RT_ms,baseline_plus_hidden,1,hidden_15,2.0539498567475802,4.6415888336127775
full_pre_response,RT_ms,baseline_plus_hidden,1,hidden_16,-13.782503818847676,4.6415888336127775
full_pre_response,RT_ms,baseline_plus_hidden,1,hidden_17,33.91524431348345,4.6415888336127775
full_pre_response,RT_ms,baseline_plus_hidden,1,hidden_18,123.53975656430613,4.6415888336127775
full_pre_response,RT_ms,baseline_plus_hidden,1,hidden_19,44.68332261471871,4.6415888336127775
full_pre_response,RT_ms,baseline_plus_hidden,1,hidden_20,60.40672426785997,4.6415888336127775
full_pre_response,RT_ms,baseline_plus_hidden,1,hidden_21,23.022171683557303,4.6415888336127775
full_pre_response,RT_ms,baseline_plus_hidden,1,hidden_22,1.9375449936883304,4.6415888336127775
full_pre_response,RT_ms,baseline_plus_hidden,1,hidden_23,2.0270262325919,4.6415888336127775
full_pre_response,RT_ms,baseline_plus_hidden,1,hidden_24,-1.4325958098306988,4.6415888336127775
full_pre_response,RT_ms,baseline_plus_hidden,1,hidden_25,67.3922283161621,4.6415888336127775
full_pre_response,RT_ms,baseline_plus_hidden,1,hidden_26,41.0783876876856,4.6415888336127775
full_pre_response,RT_ms,baseline_plus_hidden,1,hidden_27,-19.382742591526327,4.6415888336127775
full_pre_response,RT_ms,baseline_plus_hidden,1,hidden_28,29.683367626748268,4.6415888336127775
full_pre_response,RT_ms,baseline_plus_hidden,1,hidden_29,24.702367799230416,4.6415888336127775
full_pre_response,RT_ms,baseline_plus_hidden,1,hidden_30,-187.57761214560813,4.6415888336127775
full_pre_response,RT_ms,baseline_plus_hidden,1,hidden_31,-23.00436207415311,4.6415888336127775
full_pre_response,RT_ms,baseline_plus_hidden,2,hidden_00,-143.30653372214553,4.6415888336127775
full_pre_response,RT_ms,baseline_plus_hidden,2,hidden_01,-47.06032520716321,4.6415888336127775
full_pre_response,RT_ms,baseline_plus_hidden,2,hidden_02,162.51699525494794,4.6415888336127775
full_pre_response,RT_ms,baseline_plus_hidden,2,hidden_03,143.36465381241598,4.6415888336127775
full_pre_response,RT_ms,baseline_plus_hidden,2,hidden_04,157.30995790577424,4.6415888336127775
full_pre_response,RT_ms,baseline_plus_hidden,2,hidden_05,-2.071388850908652,4.6415888336127775
full_pre_response,RT_ms,baseline_plus_hidden,2,hidden_06,65.66067060281515,4.6415888336127775
full_pre_response,RT_ms,baseline_plus_hidden,2,hidden_07,134.1204776738135,4.6415888336127775
full_pre_response,RT_ms,baseline_plus_hidden,2,hidden_08,11.794685417620224,4.6415888336127775
full_pre_response,RT_ms,baseline_plus_hidden,2,hidden_09,-57.79708694785646,4.6415888336127775
full_pre_response,RT_ms,baseline_plus_hidden,2,hidden_10,61.361277880097205,4.6415888336127775
full_pre_response,RT_ms,baseline_plus_hidden,2,hidden_11,13.953233561502124,4.6415888336127775
full_pre_response,RT_ms,baseline_plus_hidden,2,hidden_12,26.5946475193171,4.6415888336127775
full_pre_response,RT_ms,baseline_plus_hidden,2,hidden_13,-221.60558858244957,4.6415888336127775
full_pre_response,RT_ms,baseline_plus_hidden,2,hidden_14,-7.030149478267649,4.6415888336127775
full_pre_response,RT_ms,baseline_plus_hidden,2,hidden_15,1.817102486041871,4.6415888336127775
full_pre_response,RT_ms,baseline_plus_hidden,2,hidden_16,-12.833630256200356,4.6415888336127775
full_pre_response,RT_ms,baseline_plus_hidden,2,hidden_17,18.461840698324295,4.6415888336127775
full_pre_response,RT_ms,baseline_plus_hidden,2,hidden_18,139.27359015503598,4.6415888336127775
full_pre_response,RT_ms,baseline_plus_hidden,2,hidden_19,57.76924388616554,4.6415888336127775
full_pre_response,RT_ms,baseline_plus_hidden,2,hidden_20,68.3595840025745,4.6415888336127775
full_pre_response,RT_ms,baseline_plus_hidden,2,hidden_21,35.89678338847693,4.6415888336127775
full_pre_response,RT_ms,baseline_plus_hidden,2,hidden_22,-3.6862467956245455,4.6415888336127775
full_pre_response,RT_ms,baseline_plus_hidden,2,hidden_23,2.245073565433155,4.6415888336127775
full_pre_response,RT_ms,baseline_plus_hidden,2,hidden_24,2.510411115965982,4.6415888336127775
full_pre_response,RT_ms,baseline_plus_hidden,2,hidden_25,42.590603435173506,4.6415888336127775
full_pre_response,RT_ms,baseline_plus_hidden,2,hidden_26,70.31995296485962,4.6415888336127775
full_pre_response,RT_ms,baseline_plus_hidden,2,hidden_27,-61.10910771597464,4.6415888336127775
full_pre_response,RT_ms,baseline_plus_hidden,2,hidden_28,26.560669211372804,4.6415888336127775
full_pre_response,RT_ms,baseline_plus_hidden,2,hidden_29,24.943502304245428,4.6415888336127775
full_pre_response,RT_ms,baseline_plus_hidden,2,hidden_30,-168.31233174892515,4.6415888336127775
full_pre_response,RT_ms,baseline_plus_hidden,2,hidden_31,-14.489263771033183,4.6415888336127775
full_pre_response,RT_ms,baseline_plus_hidden,3,hidden_00,-235.11999637347463,0.46415888336127775
full_pre_response,RT_ms,baseline_plus_hidden,3,hidden_01,-55.13608901167526,0.46415888336127775
full_pre_response,RT_ms,baseline_plus_hidden,3,hidden_02,274.7177663059028,0.46415888336127775
full_pre_response,RT_ms,baseline_plus_hidden,3,hidden_03,177.8946803624181,0.46415888336127775
full_pre_response,RT_ms,baseline_plus_hidden,3,hidden_04,264.2985480964126,0.46415888336127775
full_pre_response,RT_ms,baseline_plus_hidden,3,hidden_05,-19.94844398643824,0.46415888336127775
full_pre_response,RT_ms,baseline_plus_hidden,3,hidden_06,93.07969264309166,0.46415888336127775
full_pre_response,RT_ms,baseline_plus_hidden,3,hidden_07,131.13359396298836,0.46415888336127775
full_pre_response,RT_ms,baseline_plus_hidden,3,hidden_08,38.861251192905044,0.46415888336127775
full_pre_response,RT_ms,baseline_plus_hidden,3,hidden_09,14.156999387660932,0.46415888336127775
full_pre_response,RT_ms,baseline_plus_hidden,3,hidden_10,90.39316144991236,0.46415888336127775
full_pre_response,RT_ms,baseline_plus_hidden,3,hidden_11,96.44234146295062,0.46415888336127775
full_pre_response,RT_ms,baseline_plus_hidden,3,hidden_12,25.04239181285257,0.46415888336127775
full_pre_response,RT_ms,baseline_plus_hidden,3,hidden_13,-323.21029901110927,0.46415888336127775
full_pre_response,RT_ms,baseline_plus_hidden,3,hidden_14,19.894423736270202,0.46415888336127775
full_pre_response,RT_ms,baseline_plus_hidden,3,hidden_15,4.927625979897412,0.46415888336127775
full_pre_response,RT_ms,baseline_plus_hidden,3,hidden_16,1.6397287502692934,0.46415888336127775
full_pre_response,RT_ms,baseline_plus_hidden,3,hidden_17,-24.31775532759622,0.46415888336127775
full_pre_response,RT_ms,baseline_plus_hidden,3,hidden_18,141.5625150007121,0.46415888336127775
full_pre_response,RT_ms,baseline_plus_hidden,3,hidden_19,77.09421561120945,0.46415888336127775
full_pre_response,RT_ms,baseline_plus_hidden,3,hidden_20,90.14551231705688,0.46415888336127775
full_pre_response,RT_ms,baseline_plus_hidden,3,hidden_21,77.73775852106814,0.46415888336127775
full_pre_response,RT_ms,baseline_plus_hidden,3,hidden_22,24.951443218890972,0.46415888336127775
full_pre_response,RT_ms,baseline_plus_hidden,3,hidden_23,11.207262498813384,0.46415888336127775
full_pre_response,RT_ms,baseline_plus_hidden,3,hidden_24,-27.360776584493504,0.46415888336127775
full_pre_response,RT_ms,baseline_plus_hidden,3,hidden_25,50.907469568864904,0.46415888336127775
full_pre_response,RT_ms,baseline_plus_hidden,3,hidden_26,65.30023222818234,0.46415888336127775
full_pre_response,RT_ms,baseline_plus_hidden,3,hidden_27,-92.75328060089483,0.46415888336127775
full_pre_response,RT_ms,baseline_plus_hidden,3,hidden_28,17.411353502942266,0.46415888336127775
full_pre_response,RT_ms,baseline_plus_hidden,3,hidden_29,38.5406040253996,0.46415888336127775
full_pre_response,RT_ms,baseline_plus_hidden,3,hidden_30,-189.23722520730007,0.46415888336127775
full_pre_response,RT_ms,baseline_plus_hidden,3,hidden_31,-15.821794205761973,0.46415888336127775
full_pre_response,RT_ms,baseline_plus_hidden,4,hidden_00,-81.67962788129933,46.41588833612773
full_pre_response,RT_ms,baseline_plus_hidden,4,hidden_01,-26.091966430446295,46.41588833612773
full_pre_response,RT_ms,baseline_plus_hidden,4,hidden_02,33.865585931916996,46.41588833612773
full_pre_response,RT_ms,baseline_plus_hidden,4,hidden_03,60.33826425284664,46.41588833612773
full_pre_response,RT_ms,baseline_plus_hidden,4,hidden_04,-18.123574662721637,46.41588833612773
full_pre_response,RT_ms,baseline_plus_hidden,4,hidden_05,1.7054383901947687,46.41588833612773
full_pre_response,RT_ms,baseline_plus_hidden,4,hidden_06,14.186355239349032,46.41588833612773
full_pre_response,RT_ms,baseline_plus_hidden,4,hidden_07,72.63264854139244,46.41588833612773
full_pre_response,RT_ms,baseline_plus_hidden,4,hidden_08,23.3574681917126,46.41588833612773
full_pre_response,RT_ms,baseline_plus_hidden,4,hidden_09,10.063925608666631,46.41588833612773
full_pre_response,RT_ms,baseline_plus_hidden,4,hidden_10,31.301680922340136,46.41588833612773
full_pre_response,RT_ms,baseline_plus_hidden,4,hidden_11,-37.23427037162088,46.41588833612773
full_pre_response,RT_ms,baseline_plus_hidden,4,hidden_12,27.283725634626673,46.41588833612773
full_pre_response,RT_ms,baseline_plus_hidden,4,hidden_13,-65.19290685382718,46.41588833612773
full_pre_response,RT_ms,baseline_plus_hidden,4,hidden_14,-15.680532705799198,46.41588833612773
full_pre_response,RT_ms,baseline_plus_hidden,4,hidden_15,-1.4531351426572163,46.41588833612773
full_pre_response,RT_ms,baseline_plus_hidden,4,hidden_16,-35.79631385249585,46.41588833612773
full_pre_response,RT_ms,baseline_plus_hidden,4,hidden_17,23.36112242469618,46.41588833612773
full_pre_response,RT_ms,baseline_plus_hidden,4,hidden_18,71.35804950837112,46.41588833612773
full_pre_response,RT_ms,baseline_plus_hidden,4,hidden_19,44.842618392618476,46.41588833612773
full_pre_response,RT_ms,baseline_plus_hidden,4,hidden_20,43.23123890264828,46.41588833612773
full_pre_response,RT_ms,baseline_plus_hidden,4,hidden_21,5.107800943551789,46.41588833612773
full_pre_response,RT_ms,baseline_plus_hidden,4,hidden_22,-14.962938435385391,46.41588833612773
full_pre_response,RT_ms,baseline_plus_hidden,4,hidden_23,9.04203144066304,46.41588833612773
full_pre_response,RT_ms,baseline_plus_hidden,4,hidden_24,-14.330522896336245,46.41588833612773
full_pre_response,RT_ms,baseline_plus_hidden,4,hidden_25,23.35332401165286,46.41588833612773
full_pre_response,RT_ms,baseline_plus_hidden,4,hidden_26,11.000274728923733,46.41588833612773
full_pre_response,RT_ms,baseline_plus_hidden,4,hidden_27,-5.056298839246308,46.41588833612773
full_pre_response,RT_ms,baseline_plus_hidden,4,hidden_28,11.0410299671386,46.41588833612773
full_pre_response,RT_ms,baseline_plus_hidden,4,hidden_29,6.892674416668583,46.41588833612773
full_pre_response,RT_ms,baseline_plus_hidden,4,hidden_30,-91.70003683673526,46.41588833612773
full_pre_response,RT_ms,baseline_plus_hidden,4,hidden_31,-23.64040456866137,46.41588833612773
full_pre_response,RT_ms,baseline_plus_hidden,5,hidden_00,-20.58479863932583,464.1588833612773
full_pre_response,RT_ms,baseline_plus_hidden,5,hidden_01,-21.293187630541485,464.1588833612773
full_pre_response,RT_ms,baseline_plus_hidden,5,hidden_02,13.255488174216218,464.1588833612773
full_pre_response,RT_ms,baseline_plus_hidden,5,hidden_03,17.11931781764121,464.1588833612773
full_pre_response,RT_ms,baseline_plus_hidden,5,hidden_04,-27.638750740276713,464.1588833612773
full_pre_response,RT_ms,baseline_plus_hidden,5,hidden_05,-3.809443828056177,464.1588833612773
full_pre_response,RT_ms,baseline_plus_hidden,5,hidden_06,0.5852147006037779,464.1588833612773
full_pre_response,RT_ms,baseline_plus_hidden,5,hidden_07,56.766609451568875,464.1588833612773
full_pre_response,RT_ms,baseline_plus_hidden,5,hidden_08,10.73706365180807,464.1588833612773
full_pre_response,RT_ms,baseline_plus_hidden,5,hidden_09,4.093248900296307,464.1588833612773
full_pre_response,RT_ms,baseline_plus_hidden,5,hidden_10,29.57647212086251,464.1588833612773
full_pre_response,RT_ms,baseline_plus_hidden,5,hidden_11,-23.516961810587112,464.1588833612773
full_pre_response,RT_ms,baseline_plus_hidden,5,hidden_12,29.888599614419928,464.1588833612773
full_pre_response,RT_ms,baseline_plus_hidden,5,hidden_13,-6.641959120904047,464.1588833612773
full_pre_response,RT_ms,baseline_plus_hidden,5,hidden_14,-11.970292773711353,464.1588833612773
full_pre_response,RT_ms,baseline_plus_hidden,5,hidden_15,-2.1123847911603657,464.1588833612773
full_pre_response,RT_ms,baseline_plus_hidden,5,hidden_16,-25.116336040184468,464.1588833612773
full_pre_response,RT_ms,baseline_plus_hidden,5,hidden_17,3.0210595105001237,464.1588833612773
full_pre_response,RT_ms,baseline_plus_hidden,5,hidden_18,16.41021733525448,464.1588833612773
full_pre_response,RT_ms,baseline_plus_hidden,5,hidden_19,26.314205157500684,464.1588833612773
full_pre_response,RT_ms,baseline_plus_hidden,5,hidden_20,10.622454024256186,464.1588833612773
full_pre_response,RT_ms,baseline_plus_hidden,5,hidden_21,3.133431323492837,464.1588833612773
full_pre_response,RT_ms,baseline_plus_hidden,5,hidden_22,-22.001487219758175,464.1588833612773
full_pre_response,RT_ms,baseline_plus_hidden,5,hidden_23,13.6107852712773,464.1588833612773
full_pre_response,RT_ms,baseline_plus_hidden,5,hidden_24,-10.35387608879618,464.1588833612773
full_pre_response,RT_ms,baseline_plus_hidden,5,hidden_25,16.085990268773084,464.1588833612773
full_pre_response,RT_ms,baseline_plus_hidden,5,hidden_26,-4.3673180638953,464.1588833612773
full_pre_response,RT_ms,baseline_plus_hidden,5,hidden_27,-2.804330839752011,464.1588833612773
full_pre_response,RT_ms,baseline_plus_hidden,5,hidden_28,-10.819637802151263,464.1588833612773
full_pre_response,RT_ms,baseline_plus_hidden,5,hidden_29,4.860180095519216,464.1588833612773
full_pre_response,RT_ms,baseline_plus_hidden,5,hidden_30,-23.875297080568004,464.1588833612773
full_pre_response,RT_ms,baseline_plus_hidden,5,hidden_31,-10.835186604612534,464.1588833612773
full_pre_response,RT_ms,baseline_plus_shuffled_hidden,1,shuffled_hidden_00,-6.7968071064676465,215.44346900318823
full_pre_response,RT_ms,baseline_plus_shuffled_hidden,1,shuffled_hidden_01,-7.152974069171283,215.44346900318823
full_pre_response,RT_ms,baseline_plus_shuffled_hidden,1,shuffled_hidden_02,5.432165909543892,215.44346900318823
full_pre_response,RT_ms,baseline_plus_shuffled_hidden,1,shuffled_hidden_03,-0.03553560773532027,215.44346900318823
full_pre_response,RT_ms,baseline_plus_shuffled_hidden,1,shuffled_hidden_04,-4.931709144445099,215.44346900318823
full_pre_response,RT_ms,baseline_plus_shuffled_hidden,1,shuffled_hidden_05,-0.5648413391765019,215.44346900318823
full_pre_response,RT_ms,baseline_plus_shuffled_hidden,1,shuffled_hidden_06,-3.0836624413698077,215.44346900318823
full_pre_response,RT_ms,baseline_plus_shuffled_hidden,1,shuffled_hidden_07,-5.6242833405676915,215.44346900318823
full_pre_response,RT_ms,baseline_plus_shuffled_hidden,1,shuffled_hidden_08,-7.234234194328512,215.44346900318823
full_pre_response,RT_ms,baseline_plus_shuffled_hidden,1,shuffled_hidden_09,-4.460340225411236,215.44346900318823
full_pre_response,RT_ms,baseline_plus_shuffled_hidden,1,shuffled_hidden_10,3.5131226967567577,215.44346900318823
full_pre_response,RT_ms,baseline_plus_shuffled_hidden,1,shuffled_hidden_11,1.2146017952306352,215.44346900318823
full_pre_response,RT_ms,baseline_plus_shuffled_hidden,1,shuffled_hidden_12,-4.517745118304659,215.44346900318823
full_pre_response,RT_ms,baseline_plus_shuffled_hidden,1,shuffled_hidden_13,2.805386934991909,215.44346900318823
full_pre_response,RT_ms,baseline_plus_shuffled_hidden,1,shuffled_hidden_14,-7.551749236990665,215.44346900318823
full_pre_response,RT_ms,baseline_plus_shuffled_hidden,1,shuffled_hidden_15,-14.800080172967093,215.44346900318823
full_pre_response,RT_ms,baseline_plus_shuffled_hidden,1,shuffled_hidden_16,-1.9304723307177458,215.44346900318823
full_pre_response,RT_ms,baseline_plus_shuffled_hidden,1,shuffled_hidden_17,13.000934869841057,215.44346900318823
full_pre_response,RT_ms,baseline_plus_shuffled_hidden,1,shuffled_hidden_18,7.528371961063902,215.44346900318823
full_pre_response,RT_ms,baseline_plus_shuffled_hidden,1,shuffled_hidden_19,-12.536299634069588,215.44346900318823
full_pre_response,RT_ms,baseline_plus_shuffled_hidden,1,shuffled_hidden_20,5.63112941989532,215.44346900318823
full_pre_response,RT_ms,baseline_plus_shuffled_hidden,1,shuffled_hidden_21,-7.647244955369088,215.44346900318823
full_pre_response,RT_ms,baseline_plus_shuffled_hidden,1,shuffled_hidden_22,3.3160526822145897,215.44346900318823
full_pre_response,RT_ms,baseline_plus_shuffled_hidden,1,shuffled_hidden_23,2.9405584098569424,215.44346900318823
full_pre_response,RT_ms,baseline_plus_shuffled_hidden,1,shuffled_hidden_24,1.9458807058199432,215.44346900318823
full_pre_response,RT_ms,baseline_plus_shuffled_hidden,1,shuffled_hidden_25,-11.477237868885986,215.44346900318823
full_pre_response,RT_ms,baseline_plus_shuffled_hidden,1,shuffled_hidden_26,-6.054032903800523,215.44346900318823
full_pre_response,RT_ms,baseline_plus_shuffled_hidden,1,shuffled_hidden_27,-10.550094211663794,215.44346900318823
full_pre_response,RT_ms,baseline_plus_shuffled_hidden,1,shuffled_hidden_28,-3.169229479863,215.44346900318823
full_pre_response,RT_ms,baseline_plus_shuffled_hidden,1,shuffled_hidden_29,0.9785494381933986,215.44346900318823
full_pre_response,RT_ms,baseline_plus_shuffled_hidden,1,shuffled_hidden_30,-2.3140759019097605,215.44346900318823
full_pre_response,RT_ms,baseline_plus_shuffled_hidden,1,shuffled_hidden_31,2.0544099804363904,215.44346900318823
full_pre_response,RT_ms,baseline_plus_shuffled_hidden,2,shuffled_hidden_00,-11.145437038827463,215.44346900318823
full_pre_response,RT_ms,baseline_plus_shuffled_hidden,2,shuffled_hidden_01,-13.51124878569679,215.44346900318823
full_pre_response,RT_ms,baseline_plus_shuffled_hidden,2,shuffled_hidden_02,3.6964760691072858,215.44346900318823
full_pre_response,RT_ms,baseline_plus_shuffled_hidden,2,shuffled_hidden_03,-7.2430585607755775,215.44346900318823
full_pre_response,RT_ms,baseline_plus_shuffled_hidden,2,shuffled_hidden_04,-5.55490574881788,215.44346900318823
full_pre_response,RT_ms,baseline_plus_shuffled_hidden,2,shuffled_hidden_05,2.9095242175192992,215.44346900318823
full_pre_response,RT_ms,baseline_plus_shuffled_hidden,2,shuffled_hidden_06,-1.9123826876203642,215.44346900318823
full_pre_response,RT_ms,baseline_plus_shuffled_hidden,2,shuffled_hidden_07,-6.6978122517955985,215.44346900318823
full_pre_response,RT_ms,baseline_plus_shuffled_hidden,2,shuffled_hidden_08,-9.586247806152143,215.44346900318823
full_pre_response,RT_ms,baseline_plus_shuffled_hidden,2,shuffled_hidden_09,-4.173284525971303,215.44346900318823
full_pre_response,RT_ms,baseline_plus_shuffled_hidden,2,shuffled_hidden_10,2.956368463922248,215.44346900318823
full_pre_response,RT_ms,baseline_plus_shuffled_hidden,2,shuffled_hidden_11,8.898951255442421,215.44346900318823
full_pre_response,RT_ms,baseline_plus_shuffled_hidden,2,shuffled_hidden_12,-3.2453914444740777,215.44346900318823
full_pre_response,RT_ms,baseline_plus_shuffled_hidden,2,shuffled_hidden_13,4.0410131105023295,215.44346900318823
full_pre_response,RT_ms,baseline_plus_shuffled_hidden,2,shuffled_hidden_14,-9.431980411814791,215.44346900318823
full_pre_response,RT_ms,baseline_plus_shuffled_hidden,2,shuffled_hidden_15,-16.113147020245265,215.44346900318823
full_pre_response,RT_ms,baseline_plus_shuffled_hidden,2,shuffled_hidden_16,1.7040142704761165,215.44346900318823
full_pre_response,RT_ms,baseline_plus_shuffled_hidden,2,shuffled_hidden_17,8.133693186708808,215.44346900318823
full_pre_response,RT_ms,baseline_plus_shuffled_hidden,2,shuffled_hidden_18,6.2030745534756875,215.44346900318823
full_pre_response,RT_ms,baseline_plus_shuffled_hidden,2,shuffled_hidden_19,-13.849605002925884,215.44346900318823
full_pre_response,RT_ms,baseline_plus_shuffled_hidden,2,shuffled_hidden_20,7.677852762684517,215.44346900318823
full_pre_response,RT_ms,baseline_plus_shuffled_hidden,2,shuffled_hidden_21,-10.07622294356209,215.44346900318823
full_pre_response,RT_ms,baseline_plus_shuffled_hidden,2,shuffled_hidden_22,7.402932190773566,215.44346900318823
full_pre_response,RT_ms,baseline_plus_shuffled_hidden,2,shuffled_hidden_23,2.0863949483271473,215.44346900318823
full_pre_response,RT_ms,baseline_plus_shuffled_hidden,2,shuffled_hidden_24,-1.2529607674731114,215.44346900318823
full_pre_response,RT_ms,baseline_plus_shuffled_hidden,2,shuffled_hidden_25,-11.63674266655581,215.44346900318823
full_pre_response,RT_ms,baseline_plus_shuffled_hidden,2,shuffled_hidden_26,-2.456854242269087,215.44346900318823
full_pre_response,RT_ms,baseline_plus_shuffled_hidden,2,shuffled_hidden_27,-10.928440229207554,215.44346900318823
full_pre_response,RT_ms,baseline_plus_shuffled_hidden,2,shuffled_hidden_28,-5.75823153913548,215.44346900318823
full_pre_response,RT_ms,baseline_plus_shuffled_hidden,2,shuffled_hidden_29,-4.630903496526307,215.44346900318823
full_pre_response,RT_ms,baseline_plus_shuffled_hidden,2,shuffled_hidden_30,-1.3574457686066168,215.44346900318823
full_pre_response,RT_ms,baseline_plus_shuffled_hidden,2,shuffled_hidden_31,-2.698955821935534,215.44346900318823
full_pre_response,RT_ms,baseline_plus_shuffled_hidden,3,shuffled_hidden_00,-5.327260640326037,464.1588833612773
full_pre_response,RT_ms,baseline_plus_shuffled_hidden,3,shuffled_hidden_01,-2.698271559426371,464.1588833612773
full_pre_response,RT_ms,baseline_plus_shuffled_hidden,3,shuffled_hidden_02,1.7869884027414509,464.1588833612773
full_pre_response,RT_ms,baseline_plus_shuffled_hidden,3,shuffled_hidden_03,-3.887309187006068,464.1588833612773
full_pre_response,RT_ms,baseline_plus_shuffled_hidden,3,shuffled_hidden_04,-3.935098444134978,464.1588833612773
full_pre_response,RT_ms,baseline_plus_shuffled_hidden,3,shuffled_hidden_05,-0.4165805100256607,464.1588833612773
full_pre_response,RT_ms,baseline_plus_shuffled_hidden,3,shuffled_hidden_06,-0.10574723284186956,464.1588833612773
full_pre_response,RT_ms,baseline_plus_shuffled_hidden,3,shuffled_hidden_07,-2.9001558477903373,464.1588833612773
full_pre_response,RT_ms,baseline_plus_shuffled_hidden,3,shuffled_hidden_08,-2.041036470334503,464.1588833612773
full_pre_response,RT_ms,baseline_plus_shuffled_hidden,3,shuffled_hidden_09,-2.901654061809416,464.1588833612773
full_pre_response,RT_ms,baseline_plus_shuffled_hidden,3,shuffled_hidden_10,0.5867100128667574,464.1588833612773
full_pre_response,RT_ms,baseline_plus_shuffled_hidden,3,shuffled_hidden_11,2.368394242181008,464.1588833612773
full_pre_response,RT_ms,baseline_plus_shuffled_hidden,3,shuffled_hidden_12,-0.2197109370254595,464.1588833612773
full_pre_response,RT_ms,baseline_plus_shuffled_hidden,3,shuffled_hidden_13,2.5846081151203433,464.1588833612773
full_pre_response,RT_ms,baseline_plus_shuffled_hidden,3,shuffled_hidden_14,-4.853536970941266,464.1588833612773
full_pre_response,RT_ms,baseline_plus_shuffled_hidden,3,shuffled_hidden_15,-4.116087259423792,464.1588833612773
full_pre_response,RT_ms,baseline_plus_shuffled_hidden,3,shuffled_hidden_16,-2.3097876776024573,464.1588833612773
full_pre_response,RT_ms,baseline_plus_shuffled_hidden,3,shuffled_hidden_17,8.420247280204046,464.1588833612773
full_pre_response,RT_ms,baseline_plus_shuffled_hidden,3,shuffled_hidden_18,5.049465079854197,464.1588833612773
full_pre_response,RT_ms,baseline_plus_shuffled_hidden,3,shuffled_hidden_19,-9.597899485854537,464.1588833612773
full_pre_response,RT_ms,baseline_plus_shuffled_hidden,3,shuffled_hidden_20,2.563385349656453,464.1588833612773
full_pre_response,RT_ms,baseline_plus_shuffled_hidden,3,shuffled_hidden_21,0.22168709770604364,464.1588833612773
full_pre_response,RT_ms,baseline_plus_shuffled_hidden,3,shuffled_hidden_22,5.590731185740167,464.1588833612773
full_pre_response,RT_ms,baseline_plus_shuffled_hidden,3,shuffled_hidden_23,2.5837442175065695,464.1588833612773
full_pre_response,RT_ms,baseline_plus_shuffled_hidden,3,shuffled_hidden_24,-3.9199547171074296,464.1588833612773
full_pre_response,RT_ms,baseline_plus_shuffled_hidden,3,shuffled_hidden_25,-3.241717773621554,464.1588833612773
full_pre_response,RT_ms,baseline_plus_shuffled_hidden,3,shuffled_hidden_26,-3.7597634359533285,464.1588833612773
full_pre_response,RT_ms,baseline_plus_shuffled_hidden,3,shuffled_hidden_27,-7.502727750687773,464.1588833612773
full_pre_response,RT_ms,baseline_plus_shuffled_hidden,3,shuffled_hidden_28,-3.944796522350952,464.1588833612773
full_pre_response,RT_ms,baseline_plus_shuffled_hidden,3,shuffled_hidden_29,-1.146861675629599,464.1588833612773
full_pre_response,RT_ms,baseline_plus_shuffled_hidden,3,shuffled_hidden_30,-1.0650769822776833,464.1588833612773
full_pre_response,RT_ms,baseline_plus_shuffled_hidden,3,shuffled_hidden_31,2.5006460499900327,464.1588833612773
full_pre_response,RT_ms,baseline_plus_shuffled_hidden,4,shuffled_hidden_00,-10.69838342405719,215.44346900318823
full_pre_response,RT_ms,baseline_plus_shuffled_hidden,4,shuffled_hidden_01,-7.227968307651242,215.44346900318823
full_pre_response,RT_ms,baseline_plus_shuffled_hidden,4,shuffled_hidden_02,1.1735219819221263,215.44346900318823
full_pre_response,RT_ms,baseline_plus_shuffled_hidden,4,shuffled_hidden_03,-2.9427925434313744,215.44346900318823
full_pre_response,RT_ms,baseline_plus_shuffled_hidden,4,shuffled_hidden_04,-4.680008736020472,215.44346900318823
full_pre_response,RT_ms,baseline_plus_shuffled_hidden,4,shuffled_hidden_05,2.7443796343412066,215.44346900318823
full_pre_response,RT_ms,baseline_plus_shuffled_hidden,4,shuffled_hidden_06,-2.2281056586678445,215.44346900318823
full_pre_response,RT_ms,baseline_plus_shuffled_hidden,4,shuffled_hidden_07,-7.152257551085539,215.44346900318823
full_pre_response,RT_ms,baseline_plus_shuffled_hidden,4,shuffled_hidden_08,-8.429239683325648,215.44346900318823
full_pre_response,RT_ms,baseline_plus_shuffled_hidden,4,shuffled_hidden_09,-4.492890876891762,215.44346900318823
full_pre_response,RT_ms,baseline_plus_shuffled_hidden,4,shuffled_hidden_10,3.5054750250218305,215.44346900318823
full_pre_response,RT_ms,baseline_plus_shuffled_hidden,4,shuffled_hidden_11,3.0972579074068842,215.44346900318823
full_pre_response,RT_ms,baseline_plus_shuffled_hidden,4,shuffled_hidden_12,-3.334391024697258,215.44346900318823
full_pre_response,RT_ms,baseline_plus_shuffled_hidden,4,shuffled_hidden_13,-0.865390448394373,215.44346900318823
full_pre_response,RT_ms,baseline_plus_shuffled_hidden,4,shuffled_hidden_14,-6.208852373624691,215.44346900318823
full_pre_response,RT_ms,baseline_plus_shuffled_hidden,4,shuffled_hidden_15,-10.921396198227084,215.44346900318823
full_pre_response,RT_ms,baseline_plus_shuffled_hidden,4,shuffled_hidden_16,0.9983014367532022,215.44346900318823
full_pre_response,RT_ms,baseline_plus_shuffled_hidden,4,shuffled_hidden_17,7.401542547842398,215.44346900318823
full_pre_response,RT_ms,baseline_plus_shuffled_hidden,4,shuffled_hidden_18,2.151076808450347,215.44346900318823
full_pre_response,RT_ms,baseline_plus_shuffled_hidden,4,shuffled_hidden_19,-11.674940355094824,215.44346900318823
full_pre_response,RT_ms,baseline_plus_shuffled_hidden,4,shuffled_hidden_20,5.590038781944673,215.44346900318823
full_pre_response,RT_ms,baseline_plus_shuffled_hidden,4,shuffled_hidden_21,-5.47427092021071,215.44346900318823
full_pre_response,RT_ms,baseline_plus_shuffled_hidden,4,shuffled_hidden_22,-4.210496433327024,215.44346900318823
full_pre_response,RT_ms,baseline_plus_shuffled_hidden,4,shuffled_hidden_23,0.852198209118126,215.44346900318823
full_pre_response,RT_ms,baseline_plus_shuffled_hidden,4,shuffled_hidden_24,2.292813925791043,215.44346900318823
full_pre_response,RT_ms,baseline_plus_shuffled_hidden,4,shuffled_hidden_25,-9.218173724677547,215.44346900318823
full_pre_response,RT_ms,baseline_plus_shuffled_hidden,4,shuffled_hidden_26,-5.65436561451408,215.44346900318823
full_pre_response,RT_ms,baseline_plus_shuffled_hidden,4,shuffled_hidden_27,-10.023710698205688,215.44346900318823
full_pre_response,RT_ms,baseline_plus_shuffled_hidden,4,shuffled_hidden_28,-2.317544273645953,215.44346900318823
full_pre_response,RT_ms,baseline_plus_shuffled_hidden,4,shuffled_hidden_29,-4.377816317187984,215.44346900318823
full_pre_response,RT_ms,baseline_plus_shuffled_hidden,4,shuffled_hidden_30,-0.37604683255860494,215.44346900318823
full_pre_response,RT_ms,baseline_plus_shuffled_hidden,4,shuffled_hidden_31,1.6373855203287835,215.44346900318823
full_pre_response,RT_ms,baseline_plus_shuffled_hidden,5,shuffled_hidden_00,-4.11167934391845,215.44346900318823
full_pre_response,RT_ms,baseline_plus_shuffled_hidden,5,shuffled_hidden_01,-6.970592973131104,215.44346900318823
full_pre_response,RT_ms,baseline_plus_shuffled_hidden,5,shuffled_hidden_02,4.87094089428747,215.44346900318823
full_pre_response,RT_ms,baseline_plus_shuffled_hidden,5,shuffled_hidden_03,1.499291512696705,215.44346900318823
full_pre_response,RT_ms,baseline_plus_shuffled_hidden,5,shuffled_hidden_04,-4.605391916232382,215.44346900318823
full_pre_response,RT_ms,baseline_plus_shuffled_hidden,5,shuffled_hidden_05,-4.174725718605091,215.44346900318823
full_pre_response,RT_ms,baseline_plus_shuffled_hidden,5,shuffled_hidden_06,-0.49812915532789603,215.44346900318823
full_pre_response,RT_ms,baseline_plus_shuffled_hidden,5,shuffled_hidden_07,-5.171550887980327,215.44346900318823
full_pre_response,RT_ms,baseline_plus_shuffled_hidden,5,shuffled_hidden_08,-7.583913588969302,215.44346900318823
full_pre_response,RT_ms,baseline_plus_shuffled_hidden,5,shuffled_hidden_09,-2.717735937804189,215.44346900318823
full_pre_response,RT_ms,baseline_plus_shuffled_hidden,5,shuffled_hidden_10,3.095224519202698,215.44346900318823
full_pre_response,RT_ms,baseline_plus_shuffled_hidden,5,shuffled_hidden_11,2.811229778443676,215.44346900318823
full_pre_response,RT_ms,baseline_plus_shuffled_hidden,5,shuffled_hidden_12,2.9596780182548716,215.44346900318823
full_pre_response,RT_ms,baseline_plus_shuffled_hidden,5,shuffled_hidden_13,3.86771009765464,215.44346900318823
full_pre_response,RT_ms,baseline_plus_shuffled_hidden,5,shuffled_hidden_14,-4.2056497560221455,215.44346900318823
full_pre_response,RT_ms,baseline_plus_shuffled_hidden,5,shuffled_hidden_15,-12.551557783516094,215.44346900318823
full_pre_response,RT_ms,baseline_plus_shuffled_hidden,5,shuffled_hidden_16,-1.1268681272363779,215.44346900318823
full_pre_response,RT_ms,baseline_plus_shuffled_hidden,5,shuffled_hidden_17,1.0437202750812313,215.44346900318823
full_pre_response,RT_ms,baseline_plus_shuffled_hidden,5,shuffled_hidden_18,2.410314518747306,215.44346900318823
full_pre_response,RT_ms,baseline_plus_shuffled_hidden,5,shuffled_hidden_19,-7.670645419689168,215.44346900318823
full_pre_response,RT_ms,baseline_plus_shuffled_hidden,5,shuffled_hidden_20,4.572986858905479,215.44346900318823
full_pre_response,RT_ms,baseline_plus_shuffled_hidden,5,shuffled_hidden_21,-8.561516766952536,215.44346900318823
full_pre_response,RT_ms,baseline_plus_shuffled_hidden,5,shuffled_hidden_22,7.081997729698197,215.44346900318823
full_pre_response,RT_ms,baseline_plus_shuffled_hidden,5,shuffled_hidden_23,-2.06785816164106,215.44346900318823
full_pre_response,RT_ms,baseline_plus_shuffled_hidden,5,shuffled_hidden_24,-0.27367655923075723,215.44346900318823
full_pre_response,RT_ms,baseline_plus_shuffled_hidden,5,shuffled_hidden_25,-7.916540170676807,215.44346900318823
full_pre_response,RT_ms,baseline_plus_shuffled_hidden,5,shuffled_hidden_26,-3.497958278097035,215.44346900318823
full_pre_response,RT_ms,baseline_plus_shuffled_hidden,5,shuffled_hidden_27,-10.956458427818395,215.44346900318823
full_pre_response,RT_ms,baseline_plus_shuffled_hidden,5,shuffled_hidden_28,-4.0342312506835745,215.44346900318823
full_pre_response,RT_ms,baseline_plus_shuffled_hidden,5,shuffled_hidden_29,-1.2827332938952323,215.44346900318823
full_pre_response,RT_ms,baseline_plus_shuffled_hidden,5,shuffled_hidden_30,0.843210000581827,215.44346900318823
full_pre_response,RT_ms,baseline_plus_shuffled_hidden,5,shuffled_hidden_31,1.1793235357093401,215.44346900318823
early_pre_response,log_RT_ms,hidden,1,hidden_00,-0.18236440420150757,10.0
early_pre_response,log_RT_ms,hidden,1,hidden_01,0.0663486197590828,10.0
early_pre_response,log_RT_ms,hidden,1,hidden_02,0.056998301297426224,10.0
early_pre_response,log_RT_ms,hidden,1,hidden_03,0.09033583849668503,10.0
early_pre_response,log_RT_ms,hidden,1,hidden_04,0.0907086506485939,10.0
early_pre_response,log_RT_ms,hidden,1,hidden_05,-1.9971723304479383e-05,10.0
early_pre_response,log_RT_ms,hidden,1,hidden_06,-0.05462782457470894,10.0
early_pre_response,log_RT_ms,hidden,1,hidden_07,0.07810942083597183,10.0
early_pre_response,log_RT_ms,hidden,1,hidden_08,0.08742424100637436,10.0
early_pre_response,log_RT_ms,hidden,1,hidden_09,0.032106298953294754,10.0
early_pre_response,log_RT_ms,hidden,1,hidden_10,0.10853366553783417,10.0
early_pre_response,log_RT_ms,hidden,1,hidden_11,-0.014362478628754616,10.0
early_pre_response,log_RT_ms,hidden,1,hidden_12,0.002991038840264082,10.0
early_pre_response,log_RT_ms,hidden,1,hidden_13,-0.19347748160362244,10.0
early_pre_response,log_RT_ms,hidden,1,hidden_14,-0.011817571707069874,10.0
early_pre_response,log_RT_ms,hidden,1,hidden_15,0.007186081726104021,10.0
early_pre_response,log_RT_ms,hidden,1,hidden_16,-0.050855882465839386,10.0
early_pre_response,log_RT_ms,hidden,1,hidden_17,0.058203887194395065,10.0
early_pre_response,log_RT_ms,hidden,1,hidden_18,0.16459888219833374,10.0
early_pre_response,log_RT_ms,hidden,1,hidden_19,0.015844497829675674,10.0
early_pre_response,log_RT_ms,hidden,1,hidden_20,0.07927315682172775,10.0
early_pre_response,log_RT_ms,hidden,1,hidden_21,0.00012111258547520265,10.0
early_pre_response,log_RT_ms,hidden,1,hidden_22,-0.02089845761656761,10.0
early_pre_response,log_RT_ms,hidden,1,hidden_23,0.0059644426219165325,10.0
early_pre_response,log_RT_ms,hidden,1,hidden_24,-0.006080422550439835,10.0
early_pre_response,log_RT_ms,hidden,1,hidden_25,0.025696344673633575,10.0
early_pre_response,log_RT_ms,hidden,1,hidden_26,0.07103961706161499,10.0
early_pre_response,log_RT_ms,hidden,1,hidden_27,0.055867999792099,10.0
early_pre_response,log_RT_ms,hidden,1,hidden_28,0.027715012431144714,10.0
early_pre_response,log_RT_ms,hidden,1,hidden_29,0.05378269776701927,10.0
early_pre_response,log_RT_ms,hidden,1,hidden_30,-0.2068195939064026,10.0
early_pre_response,log_RT_ms,hidden,1,hidden_31,-0.0556257925927639,10.0
early_pre_response,log_RT_ms,hidden,2,hidden_00,-0.22159023582935333,2.154434690031882
early_pre_response,log_RT_ms,hidden,2,hidden_01,0.07516205310821533,2.154434690031882
early_pre_response,log_RT_ms,hidden,2,hidden_02,0.12328989058732986,2.154434690031882
early_pre_response,log_RT_ms,hidden,2,hidden_03,0.15749090909957886,2.154434690031882
early_pre_response,log_RT_ms,hidden,2,hidden_04,0.24477910995483398,2.154434690031882
early_pre_response,log_RT_ms,hidden,2,hidden_05,-0.0012603640789166093,2.154434690031882
early_pre_response,log_RT_ms,hidden,2,hidden_06,-0.06772005558013916,2.154434690031882
early_pre_response,log_RT_ms,hidden,2,hidden_07,0.09799142926931381,2.154434690031882
early_pre_response,log_RT_ms,hidden,2,hidden_08,0.09286977350711823,2.154434690031882
early_pre_response,log_RT_ms,hidden,2,hidden_09,-0.007820731960237026,2.154434690031882
early_pre_response,log_RT_ms,hidden,2,hidden_10,0.17365394532680511,2.154434690031882
early_pre_response,log_RT_ms,hidden,2,hidden_11,0.040516193956136703,2.154434690031882
early_pre_response,log_RT_ms,hidden,2,hidden_12,0.0072896904312074184,2.154434690031882
early_pre_response,log_RT_ms,hidden,2,hidden_13,-0.29873356223106384,2.154434690031882
early_pre_response,log_RT_ms,hidden,2,hidden_14,-0.01848010905086994,2.154434690031882
early_pre_response,log_RT_ms,hidden,2,hidden_15,0.01134129986166954,2.154434690031882
early_pre_response,log_RT_ms,hidden,2,hidden_16,-0.0380646288394928,2.154434690031882
early_pre_response,log_RT_ms,hidden,2,hidden_17,0.022319506853818893,2.154434690031882
early_pre_response,log_RT_ms,hidden,2,hidden_18,0.24816052615642548,2.154434690031882
early_pre_response,log_RT_ms,hidden,2,hidden_19,0.01714560203254223,2.154434690031882
early_pre_response,log_RT_ms,hidden,2,hidden_20,0.07873058319091797,2.154434690031882
early_pre_response,log_RT_ms,hidden,2,hidden_21,-0.0008901391411200166,2.154434690031882
early_pre_response,log_RT_ms,hidden,2,hidden_22,-0.014181781560182571,2.154434690031882
early_pre_response,log_RT_ms,hidden,2,hidden_23,0.003954926040023565,2.154434690031882
early_pre_response,log_RT_ms,hidden,2,hidden_24,-0.016724515706300735,2.154434690031882
early_pre_response,log_RT_ms,hidden,2,hidden_25,0.02568897046148777,2.154434690031882
early_pre_response,log_RT_ms,hidden,2,hidden_26,0.13114239275455475,2.154434690031882
early_pre_response,log_RT_ms,hidden,2,hidden_27,0.0436263233423233,2.154434690031882
early_pre_response,log_RT_ms,hidden,2,hidden_28,0.04106524959206581,2.154434690031882
early_pre_response,log_RT_ms,hidden,2,hidden_29,0.09155135601758957,2.154434690031882
early_pre_response,log_RT_ms,hidden,2,hidden_30,-0.2651349902153015,2.154434690031882
early_pre_response,log_RT_ms,hidden,2,hidden_31,-0.056330110877752304,2.154434690031882
early_pre_response,log_RT_ms,hidden,3,hidden_00,-0.3245154023170471,0.0021544346900318843
early_pre_response,log_RT_ms,hidden,3,hidden_01,0.06539275497198105,0.0021544346900318843
early_pre_response,log_RT_ms,hidden,3,hidden_02,0.17878618836402893,0.0021544346900318843
early_pre_response,log_RT_ms,hidden,3,hidden_03,0.20037224888801575,0.0021544346900318843
early_pre_response,log_RT_ms,hidden,3,hidden_04,0.3070392906665802,0.0021544346900318843
early_pre_response,log_RT_ms,hidden,3,hidden_05,-0.010805106721818447,0.0021544346900318843
early_pre_response,log_RT_ms,hidden,3,hidden_06,-0.08466494828462601,0.0021544346900318843
early_pre_response,log_RT_ms,hidden,3,hidden_07,0.08869597315788269,0.0021544346900318843
early_pre_response,log_RT_ms,hidden,3,hidden_08,0.10918930917978287,0.0021544346900318843
early_pre_response,log_RT_ms,hidden,3,hidden_09,0.03483879566192627,0.0021544346900318843
early_pre_response,log_RT_ms,hidden,3,hidden_10,0.19613641500473022,0.0021544346900318843
early_pre_response,log_RT_ms,hidden,3,hidden_11,0.0943731814622879,0.0021544346900318843
early_pre_response,log_RT_ms,hidden,3,hidden_12,0.008640140295028687,0.0021544346900318843
early_pre_response,log_RT_ms,hidden,3,hidden_13,-0.2697388827800751,0.0021544346900318843
early_pre_response,log_RT_ms,hidden,3,hidden_14,-0.037899449467659,0.0021544346900318843
early_pre_response,log_RT_ms,hidden,3,hidden_15,0.013726958073675632,0.0021544346900318843
early_pre_response,log_RT_ms,hidden,3,hidden_16,-0.03149716556072235,0.0021544346900318843
early_pre_response,log_RT_ms,hidden,3,hidden_17,-0.007299967110157013,0.0021544346900318843
early_pre_response,log_RT_ms,hidden,3,hidden_18,0.22130662202835083,0.0021544346900318843
early_pre_response,log_RT_ms,hidden,3,hidden_19,0.021609941497445107,0.0021544346900318843
early_pre_response,log_RT_ms,hidden,3,hidden_20,0.11385534703731537,0.0021544346900318843
early_pre_response,log_RT_ms,hidden,3,hidden_21,0.041210535913705826,0.0021544346900318843
early_pre_response,log_RT_ms,hidden,3,hidden_22,0.0004435631271917373,0.0021544346900318843
early_pre_response,log_RT_ms,hidden,3,hidden_23,0.012292799539864063,0.0021544346900318843
early_pre_response,log_RT_ms,hidden,3,hidden_24,-0.034844860434532166,0.0021544346900318843
early_pre_response,log_RT_ms,hidden,3,hidden_25,0.05114441737532616,0.0021544346900318843
early_pre_response,log_RT_ms,hidden,3,hidden_26,0.18037846684455872,0.0021544346900318843
early_pre_response,log_RT_ms,hidden,3,hidden_27,0.03672762215137482,0.0021544346900318843
early_pre_response,log_RT_ms,hidden,3,hidden_28,0.037328239530324936,0.0021544346900318843
early_pre_response,log_RT_ms,hidden,3,hidden_29,0.084745392203331,0.0021544346900318843
early_pre_response,log_RT_ms,hidden,3,hidden_30,-0.19784413278102875,0.0021544346900318843
early_pre_response,log_RT_ms,hidden,3,hidden_31,-0.0589037761092186,0.0021544346900318843
early_pre_response,log_RT_ms,hidden,4,hidden_00,-0.13028259575366974,21.54434690031882
early_pre_response,log_RT_ms,hidden,4,hidden_01,0.05567218363285065,21.54434690031882
early_pre_response,log_RT_ms,hidden,4,hidden_02,0.03637481480836868,21.54434690031882
early_pre_response,log_RT_ms,hidden,4,hidden_03,0.07081837952136993,21.54434690031882
early_pre_response,log_RT_ms,hidden,4,hidden_04,0.056723520159721375,21.54434690031882
early_pre_response,log_RT_ms,hidden,4,hidden_05,0.00703023886308074,21.54434690031882
early_pre_response,log_RT_ms,hidden,4,hidden_06,-0.0505506806075573,21.54434690031882
early_pre_response,log_RT_ms,hidden,4,hidden_07,0.07688793540000916,21.54434690031882
early_pre_response,log_RT_ms,hidden,4,hidden_08,0.08643808960914612,21.54434690031882
early_pre_response,log_RT_ms,hidden,4,hidden_09,0.009878711774945259,21.54434690031882
early_pre_response,log_RT_ms,hidden,4,hidden_10,0.0818014144897461,21.54434690031882
early_pre_response,log_RT_ms,hidden,4,hidden_11,-0.030483944341540337,21.54434690031882
early_pre_response,log_RT_ms,hidden,4,hidden_12,0.0077736093662679195,21.54434690031882
early_pre_response,log_RT_ms,hidden,4,hidden_13,-0.16274115443229675,21.54434690031882
early_pre_response,log_RT_ms,hidden,4,hidden_14,-0.004595223814249039,21.54434690031882
early_pre_response,log_RT_ms,hidden,4,hidden_15,-0.0026044424157589674,21.54434690031882
early_pre_response,log_RT_ms,hidden,4,hidden_16,-0.05456985533237457,21.54434690031882
early_pre_response,log_RT_ms,hidden,4,hidden_17,0.05279885232448578,21.54434690031882
early_pre_response,log_RT_ms,hidden,4,hidden_18,0.13091662526130676,21.54434690031882
early_pre_response,log_RT_ms,hidden,4,hidden_19,0.025783706456422806,21.54434690031882
early_pre_response,log_RT_ms,hidden,4,hidden_20,0.07733408361673355,21.54434690031882
early_pre_response,log_RT_ms,hidden,4,hidden_21,0.007595393806695938,21.54434690031882
early_pre_response,log_RT_ms,hidden,4,hidden_22,-0.02464287355542183,21.54434690031882
early_pre_response,log_RT_ms,hidden,4,hidden_23,0.007074999623000622,21.54434690031882
early_pre_response,log_RT_ms,hidden,4,hidden_24,-0.006432572845369577,21.54434690031882
early_pre_response,log_RT_ms,hidden,4,hidden_25,-0.008124918676912785,21.54434690031882
early_pre_response,log_RT_ms,hidden,4,hidden_26,0.03907405212521553,21.54434690031882
early_pre_response,log_RT_ms,hidden,4,hidden_27,0.04477933049201965,21.54434690031882
early_pre_response,log_RT_ms,hidden,4,hidden_28,0.005509999115020037,21.54434690031882
early_pre_response,log_RT_ms,hidden,4,hidden_29,0.03443975746631622,21.54434690031882
early_pre_response,log_RT_ms,hidden,4,hidden_30,-0.1579134315252304,21.54434690031882
early_pre_response,log_RT_ms,hidden,4,hidden_31,-0.05187557637691498,21.54434690031882
early_pre_response,log_RT_ms,hidden,5,hidden_00,-0.31832560896873474,0.0021544346900318843
early_pre_response,log_RT_ms,hidden,5,hidden_01,0.09537062048912048,0.0021544346900318843
early_pre_response,log_RT_ms,hidden,5,hidden_02,0.2904960513114929,0.0021544346900318843
early_pre_response,log_RT_ms,hidden,5,hidden_03,0.2631634473800659,0.0021544346900318843
early_pre_response,log_RT_ms,hidden,5,hidden_04,0.38736575841903687,0.0021544346900318843
early_pre_response,log_RT_ms,hidden,5,hidden_05,-0.022074159234762192,0.0021544346900318843
early_pre_response,log_RT_ms,hidden,5,hidden_06,-0.0672123059630394,0.0021544346900318843
early_pre_response,log_RT_ms,hidden,5,hidden_07,0.0862259641289711,0.0021544346900318843
early_pre_response,log_RT_ms,hidden,5,hidden_08,0.09831780195236206,0.0021544346900318843
early_pre_response,log_RT_ms,hidden,5,hidden_09,0.17223311960697174,0.0021544346900318843
early_pre_response,log_RT_ms,hidden,5,hidden_10,0.23401181399822235,0.0021544346900318843
early_pre_response,log_RT_ms,hidden,5,hidden_11,0.08387383073568344,0.0021544346900318843
early_pre_response,log_RT_ms,hidden,5,hidden_12,0.008192673325538635,0.0021544346900318843
early_pre_response,log_RT_ms,hidden,5,hidden_13,-0.31513407826423645,0.0021544346900318843
early_pre_response,log_RT_ms,hidden,5,hidden_14,-0.0593615397810936,0.0021544346900318843
early_pre_response,log_RT_ms,hidden,5,hidden_15,0.010159388184547424,0.0021544346900318843
early_pre_response,log_RT_ms,hidden,5,hidden_16,-0.03369585797190666,0.0021544346900318843
early_pre_response,log_RT_ms,hidden,5,hidden_17,0.010278511792421341,0.0021544346900318843
early_pre_response,log_RT_ms,hidden,5,hidden_18,0.18388064205646515,0.0021544346900318843
early_pre_response,log_RT_ms,hidden,5,hidden_19,0.018446896225214005,0.0021544346900318843
early_pre_response,log_RT_ms,hidden,5,hidden_20,0.1302678883075714,0.0021544346900318843
early_pre_response,log_RT_ms,hidden,5,hidden_21,0.06548816710710526,0.0021544346900318843
early_pre_response,log_RT_ms,hidden,5,hidden_22,0.021604890003800392,0.0021544346900318843
early_pre_response,log_RT_ms,hidden,5,hidden_23,0.019127096980810165,0.0021544346900318843
early_pre_response,log_RT_ms,hidden,5,hidden_24,-0.04134383425116539,0.0021544346900318843
early_pre_response,log_RT_ms,hidden,5,hidden_25,0.0618286095559597,0.0021544346900318843
early_pre_response,log_RT_ms,hidden,5,hidden_26,0.09978843480348587,0.0021544346900318843
early_pre_response,log_RT_ms,hidden,5,hidden_27,-0.019175712019205093,0.0021544346900318843
early_pre_response,log_RT_ms,hidden,5,hidden_28,0.012703821063041687,0.0021544346900318843
early_pre_response,log_RT_ms,hidden,5,hidden_29,0.016269510611891747,0.0021544346900318843
early_pre_response,log_RT_ms,hidden,5,hidden_30,-0.2165532410144806,0.0021544346900318843
early_pre_response,log_RT_ms,hidden,5,hidden_31,-0.07784049957990646,0.0021544346900318843
early_pre_response,log_RT_ms,baseline_plus_hidden,1,hidden_00,-0.16012822829174178,10.0
early_pre_response,log_RT_ms,baseline_plus_hidden,1,hidden_01,0.012551049205126242,10.0
early_pre_response,log_RT_ms,baseline_plus_hidden,1,hidden_02,0.06709708235199252,10.0
early_pre_response,log_RT_ms,baseline_plus_hidden,1,hidden_03,0.06839282608922645,10.0
early_pre_response,log_RT_ms,baseline_plus_hidden,1,hidden_04,0.05727558943123549,10.0
early_pre_response,log_RT_ms,baseline_plus_hidden,1,hidden_05,-0.0014077195137806994,10.0
early_pre_response,log_RT_ms,baseline_plus_hidden,1,hidden_06,-0.026207765020590742,10.0
early_pre_response,log_RT_ms,baseline_plus_hidden,1,hidden_07,0.07091101399263071,10.0
early_pre_response,log_RT_ms,baseline_plus_hidden,1,hidden_08,0.07681996470095538,10.0
early_pre_response,log_RT_ms,baseline_plus_hidden,1,hidden_09,0.010388895050179486,10.0
early_pre_response,log_RT_ms,baseline_plus_hidden,1,hidden_10,0.07498973810734409,10.0
early_pre_response,log_RT_ms,baseline_plus_hidden,1,hidden_11,-0.00618805267055196,10.0
early_pre_response,log_RT_ms,baseline_plus_hidden,1,hidden_12,-0.004288971192454124,10.0
early_pre_response,log_RT_ms,baseline_plus_hidden,1,hidden_13,-0.1750296727953408,10.0
early_pre_response,log_RT_ms,baseline_plus_hidden,1,hidden_14,-0.0014833555960933615,10.0
early_pre_response,log_RT_ms,baseline_plus_hidden,1,hidden_15,2.566568484847357e-05,10.0
early_pre_response,log_RT_ms,baseline_plus_hidden,1,hidden_16,-0.027578437711540775,10.0
early_pre_response,log_RT_ms,baseline_plus_hidden,1,hidden_17,0.04238557335726259,10.0
early_pre_response,log_RT_ms,baseline_plus_hidden,1,hidden_18,0.12191988342087488,10.0
early_pre_response,log_RT_ms,baseline_plus_hidden,1,hidden_19,0.02433372157192412,10.0
early_pre_response,log_RT_ms,baseline_plus_hidden,1,hidden_20,0.05622559174788423,10.0
early_pre_response,log_RT_ms,baseline_plus_hidden,1,hidden_21,0.006724538177979306,10.0
early_pre_response,log_RT_ms,baseline_plus_hidden,1,hidden_22,-0.015523771515041264,10.0
early_pre_response,log_RT_ms,baseline_plus_hidden,1,hidden_23,-0.0007509644624560402,10.0
early_pre_response,log_RT_ms,baseline_plus_hidden,1,hidden_24,-0.0026864786239131863,10.0
early_pre_response,log_RT_ms,baseline_plus_hidden,1,hidden_25,0.029736664464643223,10.0
early_pre_response,log_RT_ms,baseline_plus_hidden,1,hidden_26,0.046953809305218086,10.0
early_pre_response,log_RT_ms,baseline_plus_hidden,1,hidden_27,0.025835483406843964,10.0
early_pre_response,log_RT_ms,baseline_plus_hidden,1,hidden_28,0.021552663962193085,10.0
early_pre_response,log_RT_ms,baseline_plus_hidden,1,hidden_29,0.05307282004208117,10.0
early_pre_response,log_RT_ms,baseline_plus_hidden,1,hidden_30,-0.1621441951827857,10.0
early_pre_response,log_RT_ms,baseline_plus_hidden,1,hidden_31,-0.03571685197301549,10.0
early_pre_response,log_RT_ms,baseline_plus_hidden,2,hidden_00,-0.1716777476301774,2.154434690031882
early_pre_response,log_RT_ms,baseline_plus_hidden,2,hidden_01,-0.003918104568833559,2.154434690031882
early_pre_response,log_RT_ms,baseline_plus_hidden,2,hidden_02,0.1515054082471653,2.154434690031882
early_pre_response,log_RT_ms,baseline_plus_hidden,2,hidden_03,0.11838519768383374,2.154434690031882
early_pre_response,log_RT_ms,baseline_plus_hidden,2,hidden_04,0.21496549627983083,2.154434690031882
early_pre_response,log_RT_ms,baseline_plus_hidden,2,hidden_05,-0.00021172657054518927,2.154434690031882
early_pre_response,log_RT_ms,baseline_plus_hidden,2,hidden_06,-0.015281058493923465,2.154434690031882
early_pre_response,log_RT_ms,baseline_plus_hidden,2,hidden_07,0.11585673865597416,2.154434690031882
early_pre_response,log_RT_ms,baseline_plus_hidden,2,hidden_08,0.06784625956490124,2.154434690031882
early_pre_response,log_RT_ms,baseline_plus_hidden,2,hidden_09,-0.10075335747145424,2.154434690031882
early_pre_response,log_RT_ms,baseline_plus_hidden,2,hidden_10,0.11522942259130599,2.154434690031882
early_pre_response,log_RT_ms,baseline_plus_hidden,2,hidden_11,0.058865593267891675,2.154434690031882
early_pre_response,log_RT_ms,baseline_plus_hidden,2,hidden_12,0.002459463294603016,2.154434690031882
early_pre_response,log_RT_ms,baseline_plus_hidden,2,hidden_13,-0.2749020033520394,2.154434690031882
early_pre_response,log_RT_ms,baseline_plus_hidden,2,hidden_14,0.0052571945069814175,2.154434690031882
early_pre_response,log_RT_ms,baseline_plus_hidden,2,hidden_15,0.0034073768657084526,2.154434690031882
early_pre_response,log_RT_ms,baseline_plus_hidden,2,hidden_16,-0.016571720330163034,2.154434690031882
early_pre_response,log_RT_ms,baseline_plus_hidden,2,hidden_17,0.002155623318776811,2.154434690031882
early_pre_response,log_RT_ms,baseline_plus_hidden,2,hidden_18,0.18487530033617797,2.154434690031882
early_pre_response,log_RT_ms,baseline_plus_hidden,2,hidden_19,0.034229411459148006,2.154434690031882
early_pre_response,log_RT_ms,baseline_plus_hidden,2,hidden_20,0.07947944913902429,2.154434690031882
early_pre_response,log_RT_ms,baseline_plus_hidden,2,hidden_21,0.03740509593166452,2.154434690031882
early_pre_response,log_RT_ms,baseline_plus_hidden,2,hidden_22,-0.013666027564330807,2.154434690031882
early_pre_response,log_RT_ms,baseline_plus_hidden,2,hidden_23,0.0019156273716839872,2.154434690031882
early_pre_response,log_RT_ms,baseline_plus_hidden,2,hidden_24,-0.007039163607702072,2.154434690031882
early_pre_response,log_RT_ms,baseline_plus_hidden,2,hidden_25,0.02646222057116255,2.154434690031882
early_pre_response,log_RT_ms,baseline_plus_hidden,2,hidden_26,0.12074532447688331,2.154434690031882
early_pre_response,log_RT_ms,baseline_plus_hidden,2,hidden_27,-0.0074336480238119985,2.154434690031882
early_pre_response,log_RT_ms,baseline_plus_hidden,2,hidden_28,0.0293802937464378,2.154434690031882
early_pre_response,log_RT_ms,baseline_plus_hidden,2,hidden_29,0.08387531929513486,2.154434690031882
early_pre_response,log_RT_ms,baseline_plus_hidden,2,hidden_30,-0.18475820837702972,2.154434690031882
early_pre_response,log_RT_ms,baseline_plus_hidden,2,hidden_31,-0.03250735404926306,2.154434690031882
early_pre_response,log_RT_ms,baseline_plus_hidden,3,hidden_00,-0.2581735549236501,0.001
early_pre_response,log_RT_ms,baseline_plus_hidden,3,hidden_01,-0.028845601103069458,0.001
early_pre_response,log_RT_ms,baseline_plus_hidden,3,hidden_02,0.1946639526164986,0.001
early_pre_response,log_RT_ms,baseline_plus_hidden,3,hidden_03,0.15413046224511054,0.001
early_pre_response,log_RT_ms,baseline_plus_hidden,3,hidden_04,0.24588730168932796,0.001
early_pre_response,log_RT_ms,baseline_plus_hidden,3,hidden_05,-0.009134602870251406,0.001
early_pre_response,log_RT_ms,baseline_plus_hidden,3,hidden_06,0.02059831703554217,0.001
early_pre_response,log_RT_ms,baseline_plus_hidden,3,hidden_07,0.11945339465950272,0.001
early_pre_response,log_RT_ms,baseline_plus_hidden,3,hidden_08,0.07941807519991247,0.001
early_pre_response,log_RT_ms,baseline_plus_hidden,3,hidden_09,-0.13964982899155642,0.001
early_pre_response,log_RT_ms,baseline_plus_hidden,3,hidden_10,0.1178144100294386,0.001
early_pre_response,log_RT_ms,baseline_plus_hidden,3,hidden_11,0.10842314636044752,0.001
early_pre_response,log_RT_ms,baseline_plus_hidden,3,hidden_12,0.0005477629370613789,0.001
early_pre_response,log_RT_ms,baseline_plus_hidden,3,hidden_13,-0.26078368834700183,0.001
early_pre_response,log_RT_ms,baseline_plus_hidden,3,hidden_14,0.024349741145605303,0.001
early_pre_response,log_RT_ms,baseline_plus_hidden,3,hidden_15,0.003933886531468161,0.001
early_pre_response,log_RT_ms,baseline_plus_hidden,3,hidden_16,-0.01277812184503773,0.001
early_pre_response,log_RT_ms,baseline_plus_hidden,3,hidden_17,-0.024107383649636854,0.001
early_pre_response,log_RT_ms,baseline_plus_hidden,3,hidden_18,0.17997861094492243,0.001
early_pre_response,log_RT_ms,baseline_plus_hidden,3,hidden_19,0.040569869658260316,0.001
early_pre_response,log_RT_ms,baseline_plus_hidden,3,hidden_20,0.0935403816475362,0.001
early_pre_response,log_RT_ms,baseline_plus_hidden,3,hidden_21,0.07008474982636598,0.001
early_pre_response,log_RT_ms,baseline_plus_hidden,3,hidden_22,0.0008786733638406995,0.001
early_pre_response,log_RT_ms,baseline_plus_hidden,3,hidden_23,0.006356201010952981,0.001
early_pre_response,log_RT_ms,baseline_plus_hidden,3,hidden_24,-0.027280367507967203,0.001
early_pre_response,log_RT_ms,baseline_plus_hidden,3,hidden_25,0.04454082667018122,0.001
early_pre_response,log_RT_ms,baseline_plus_hidden,3,hidden_26,0.16765598498500825,0.001
early_pre_response,log_RT_ms,baseline_plus_hidden,3,hidden_27,-0.0016060310881305265,0.001
early_pre_response,log_RT_ms,baseline_plus_hidden,3,hidden_28,0.03179056225959695,0.001
early_pre_response,log_RT_ms,baseline_plus_hidden,3,hidden_29,0.09946771931229648,0.001
early_pre_response,log_RT_ms,baseline_plus_hidden,3,hidden_30,-0.14303779967414895,0.001
early_pre_response,log_RT_ms,baseline_plus_hidden,3,hidden_31,-0.02580331949107303,0.001
early_pre_response,log_RT_ms,baseline_plus_hidden,4,hidden_00,-0.11846694768261017,21.54434690031882
early_pre_response,log_RT_ms,baseline_plus_hidden,4,hidden_01,0.009106676313488962,21.54434690031882
early_pre_response,log_RT_ms,baseline_plus_hidden,4,hidden_02,0.043024619668936705,21.54434690031882
early_pre_response,log_RT_ms,baseline_plus_hidden,4,hidden_03,0.040864829267777375,21.54434690031882
early_pre_response,log_RT_ms,baseline_plus_hidden,4,hidden_04,0.03245324966584261,21.54434690031882
early_pre_response,log_RT_ms,baseline_plus_hidden,4,hidden_05,0.00503593856105591,21.54434690031882
early_pre_response,log_RT_ms,baseline_plus_hidden,4,hidden_06,-0.032712227765012696,21.54434690031882
early_pre_response,log_RT_ms,baseline_plus_hidden,4,hidden_07,0.06890979462260265,21.54434690031882
early_pre_response,log_RT_ms,baseline_plus_hidden,4,hidden_08,0.07562372787700931,21.54434690031882
early_pre_response,log_RT_ms,baseline_plus_hidden,4,hidden_09,-0.0014569217831967621,21.54434690031882
early_pre_response,log_RT_ms,baseline_plus_hidden,4,hidden_10,0.049475858457682285,21.54434690031882
early_pre_response,log_RT_ms,baseline_plus_hidden,4,hidden_11,-0.013745736670813424,21.54434690031882
early_pre_response,log_RT_ms,baseline_plus_hidden,4,hidden_12,-0.0005141151011984431,21.54434690031882
early_pre_response,log_RT_ms,baseline_plus_hidden,4,hidden_13,-0.14162771409798172,21.54434690031882
early_pre_response,log_RT_ms,baseline_plus_hidden,4,hidden_14,-0.01585834777715605,21.54434690031882
early_pre_response,log_RT_ms,baseline_plus_hidden,4,hidden_15,-0.004950040988540416,21.54434690031882
early_pre_response,log_RT_ms,baseline_plus_hidden,4,hidden_16,-0.03537405460771676,21.54434690031882
early_pre_response,log_RT_ms,baseline_plus_hidden,4,hidden_17,0.03322745463459763,21.54434690031882
early_pre_response,log_RT_ms,baseline_plus_hidden,4,hidden_18,0.09724271188102497,21.54434690031882
early_pre_response,log_RT_ms,baseline_plus_hidden,4,hidden_19,0.03741809650770824,21.54434690031882
early_pre_response,log_RT_ms,baseline_plus_hidden,4,hidden_20,0.06496190273927442,21.54434690031882
early_pre_response,log_RT_ms,baseline_plus_hidden,4,hidden_21,0.007049635025886032,21.54434690031882
early_pre_response,log_RT_ms,baseline_plus_hidden,4,hidden_22,-0.01956062749697863,21.54434690031882
early_pre_response,log_RT_ms,baseline_plus_hidden,4,hidden_23,0.003354700514802729,21.54434690031882
early_pre_response,log_RT_ms,baseline_plus_hidden,4,hidden_24,-0.007649361596483489,21.54434690031882
early_pre_response,log_RT_ms,baseline_plus_hidden,4,hidden_25,-0.005588051957560476,21.54434690031882
early_pre_response,log_RT_ms,baseline_plus_hidden,4,hidden_26,0.03158991901984998,21.54434690031882
early_pre_response,log_RT_ms,baseline_plus_hidden,4,hidden_27,0.016640201679183123,21.54434690031882
early_pre_response,log_RT_ms,baseline_plus_hidden,4,hidden_28,0.006085424207896011,21.54434690031882
early_pre_response,log_RT_ms,baseline_plus_hidden,4,hidden_29,0.03378269410299157,21.54434690031882
early_pre_response,log_RT_ms,baseline_plus_hidden,4,hidden_30,-0.12013199334800155,21.54434690031882
early_pre_response,log_RT_ms,baseline_plus_hidden,4,hidden_31,-0.0370994880880466,21.54434690031882
early_pre_response,log_RT_ms,baseline_plus_hidden,5,hidden_00,-0.21861062184473803,0.46415888336127775
early_pre_response,log_RT_ms,baseline_plus_hidden,5,hidden_01,0.009781956031063068,0.46415888336127775
early_pre_response,log_RT_ms,baseline_plus_hidden,5,hidden_02,0.25922048481061455,0.46415888336127775
early_pre_response,log_RT_ms,baseline_plus_hidden,5,hidden_03,0.1551388110304962,0.46415888336127775
early_pre_response,log_RT_ms,baseline_plus_hidden,5,hidden_04,0.31875708299170163,0.46415888336127775
early_pre_response,log_RT_ms,baseline_plus_hidden,5,hidden_05,-0.016374744907246254,0.46415888336127775
early_pre_response,log_RT_ms,baseline_plus_hidden,5,hidden_06,0.04631513129213062,0.46415888336127775
early_pre_response,log_RT_ms,baseline_plus_hidden,5,hidden_07,0.11981358322651474,0.46415888336127775
early_pre_response,log_RT_ms,baseline_plus_hidden,5,hidden_08,0.06347736184126583,0.46415888336127775
early_pre_response,log_RT_ms,baseline_plus_hidden,5,hidden_09,0.01560522331571909,0.46415888336127775
early_pre_response,log_RT_ms,baseline_plus_hidden,5,hidden_10,0.14866252297740998,0.46415888336127775
early_pre_response,log_RT_ms,baseline_plus_hidden,5,hidden_11,0.07364523567501684,0.46415888336127775
early_pre_response,log_RT_ms,baseline_plus_hidden,5,hidden_12,0.0009661247362090882,0.46415888336127775
early_pre_response,log_RT_ms,baseline_plus_hidden,5,hidden_13,-0.3141925721400669,0.46415888336127775
early_pre_response,log_RT_ms,baseline_plus_hidden,5,hidden_14,-0.040537606168884854,0.46415888336127775
early_pre_response,log_RT_ms,baseline_plus_hidden,5,hidden_15,-0.0004763481047558477,0.46415888336127775
early_pre_response,log_RT_ms,baseline_plus_hidden,5,hidden_16,-0.01781205073375966,0.46415888336127775
early_pre_response,log_RT_ms,baseline_plus_hidden,5,hidden_17,0.0019663918926411,0.46415888336127775
early_pre_response,log_RT_ms,baseline_plus_hidden,5,hidden_18,0.13518312287816014,0.46415888336127775
early_pre_response,log_RT_ms,baseline_plus_hidden,5,hidden_19,0.03676269263230479,0.46415888336127775
early_pre_response,log_RT_ms,baseline_plus_hidden,5,hidden_20,0.09573443643169996,0.46415888336127775
early_pre_response,log_RT_ms,baseline_plus_hidden,5,hidden_21,0.05330428804430712,0.46415888336127775
early_pre_response,log_RT_ms,baseline_plus_hidden,5,hidden_22,0.015579577244740404,0.46415888336127775
early_pre_response,log_RT_ms,baseline_plus_hidden,5,hidden_23,0.018549956374028894,0.46415888336127775
early_pre_response,log_RT_ms,baseline_plus_hidden,5,hidden_24,-0.027030190162022495,0.46415888336127775
early_pre_response,log_RT_ms,baseline_plus_hidden,5,hidden_25,0.05336102130853044,0.46415888336127775
early_pre_response,log_RT_ms,baseline_plus_hidden,5,hidden_26,0.07238082754143509,0.46415888336127775
early_pre_response,log_RT_ms,baseline_plus_hidden,5,hidden_27,-0.07034339246698004,0.46415888336127775
early_pre_response,log_RT_ms,baseline_plus_hidden,5,hidden_28,0.0024425439958340595,0.46415888336127775
early_pre_response,log_RT_ms,baseline_plus_hidden,5,hidden_29,0.02296575766064176,0.46415888336127775
early_pre_response,log_RT_ms,baseline_plus_hidden,5,hidden_30,-0.17154752969070577,0.46415888336127775
early_pre_response,log_RT_ms,baseline_plus_hidden,5,hidden_31,-0.0423477561540887,0.46415888336127775
early_pre_response,log_RT_ms,baseline_plus_shuffled_hidden,1,shuffled_hidden_00,0.00391555106379565,46.41588833612773
early_pre_response,log_RT_ms,baseline_plus_shuffled_hidden,1,shuffled_hidden_01,-0.012644718062834947,46.41588833612773
early_pre_response,log_RT_ms,baseline_plus_shuffled_hidden,1,shuffled_hidden_02,-0.007131962154897044,46.41588833612773
early_pre_response,log_RT_ms,baseline_plus_shuffled_hidden,1,shuffled_hidden_03,0.004936558527903794,46.41588833612773
early_pre_response,log_RT_ms,baseline_plus_shuffled_hidden,1,shuffled_hidden_04,-0.004590712274901929,46.41588833612773
early_pre_response,log_RT_ms,baseline_plus_shuffled_hidden,1,shuffled_hidden_05,-0.0054140278465699306,46.41588833612773
early_pre_response,log_RT_ms,baseline_plus_shuffled_hidden,1,shuffled_hidden_06,-0.0008840005591268577,46.41588833612773
early_pre_response,log_RT_ms,baseline_plus_shuffled_hidden,1,shuffled_hidden_07,-0.020350283401617906,46.41588833612773
early_pre_response,log_RT_ms,baseline_plus_shuffled_hidden,1,shuffled_hidden_08,-0.005043421071390438,46.41588833612773
early_pre_response,log_RT_ms,baseline_plus_shuffled_hidden,1,shuffled_hidden_09,-0.0014667481295005552,46.41588833612773
early_pre_response,log_RT_ms,baseline_plus_shuffled_hidden,1,shuffled_hidden_10,0.020035398296138474,46.41588833612773
early_pre_response,log_RT_ms,baseline_plus_shuffled_hidden,1,shuffled_hidden_11,-0.011032159774301591,46.41588833612773
early_pre_response,log_RT_ms,baseline_plus_shuffled_hidden,1,shuffled_hidden_12,-0.001288129871301721,46.41588833612773
early_pre_response,log_RT_ms,baseline_plus_shuffled_hidden,1,shuffled_hidden_13,0.028215212474741187,46.41588833612773
early_pre_response,log_RT_ms,baseline_plus_shuffled_hidden,1,shuffled_hidden_14,0.0015678950382094566,46.41588833612773
early_pre_response,log_RT_ms,baseline_plus_shuffled_hidden,1,shuffled_hidden_15,-0.0026379757724592895,46.41588833612773
early_pre_response,log_RT_ms,baseline_plus_shuffled_hidden,1,shuffled_hidden_16,0.0007792506952537594,46.41588833612773
early_pre_response,log_RT_ms,baseline_plus_shuffled_hidden,1,shuffled_hidden_17,-0.017496475671047146,46.41588833612773
early_pre_response,log_RT_ms,baseline_plus_shuffled_hidden,1,shuffled_hidden_18,-0.00012801556034839392,46.41588833612773
early_pre_response,log_RT_ms,baseline_plus_shuffled_hidden,1,shuffled_hidden_19,-0.005837995133436512,46.41588833612773
early_pre_response,log_RT_ms,baseline_plus_shuffled_hidden,1,shuffled_hidden_20,0.009441776561612478,46.41588833612773
early_pre_response,log_RT_ms,baseline_plus_shuffled_hidden,1,shuffled_hidden_21,0.014147035463669909,46.41588833612773
early_pre_response,log_RT_ms,baseline_plus_shuffled_hidden,1,shuffled_hidden_22,0.0032436789959618155,46.41588833612773
early_pre_response,log_RT_ms,baseline_plus_shuffled_hidden,1,shuffled_hidden_23,0.002479779825389497,46.41588833612773
early_pre_response,log_RT_ms,baseline_plus_shuffled_hidden,1,shuffled_hidden_24,-0.01505449321029579,46.41588833612773
early_pre_response,log_RT_ms,baseline_plus_shuffled_hidden,1,shuffled_hidden_25,0.014125504696245328,46.41588833612773
early_pre_response,log_RT_ms,baseline_plus_shuffled_hidden,1,shuffled_hidden_26,-0.0017783444038598384,46.41588833612773
early_pre_response,log_RT_ms,baseline_plus_shuffled_hidden,1,shuffled_hidden_27,-0.020617642277286345,46.41588833612773
early_pre_response,log_RT_ms,baseline_plus_shuffled_hidden,1,shuffled_hidden_28,0.003887727813366905,46.41588833612773
early_pre_response,log_RT_ms,baseline_plus_shuffled_hidden,1,shuffled_hidden_29,0.004140400426136404,46.41588833612773
early_pre_response,log_RT_ms,baseline_plus_shuffled_hidden,1,shuffled_hidden_30,0.01791950093435446,46.41588833612773
early_pre_response,log_RT_ms,baseline_plus_shuffled_hidden,1,shuffled_hidden_31,0.005875554452263661,46.41588833612773
early_pre_response,log_RT_ms,baseline_plus_shuffled_hidden,2,shuffled_hidden_00,0.0027856071934441013,100.0
early_pre_response,log_RT_ms,baseline_plus_shuffled_hidden,2,shuffled_hidden_01,-0.015240415838412456,100.0
early_pre_response,log_RT_ms,baseline_plus_shuffled_hidden,2,shuffled_hidden_02,-0.0012390499185191176,100.0
early_pre_response,log_RT_ms,baseline_plus_shuffled_hidden,2,shuffled_hidden_03,0.0019072527473165447,100.0
early_pre_response,log_RT_ms,baseline_plus_shuffled_hidden,2,shuffled_hidden_04,-0.00218233114271745,100.0
early_pre_response,log_RT_ms,baseline_plus_shuffled_hidden,2,shuffled_hidden_05,-0.01280551186843858,100.0
early_pre_response,log_RT_ms,baseline_plus_shuffled_hidden,2,shuffled_hidden_06,0.0035815082636536694,100.0
early_pre_response,log_RT_ms,baseline_plus_shuffled_hidden,2,shuffled_hidden_07,-0.017181455343131324,100.0
early_pre_response,log_RT_ms,baseline_plus_shuffled_hidden,2,shuffled_hidden_08,0.004250422005541471,100.0
early_pre_response,log_RT_ms,baseline_plus_shuffled_hidden,2,shuffled_hidden_09,-0.004026615654462994,100.0
early_pre_response,log_RT_ms,baseline_plus_shuffled_hidden,2,shuffled_hidden_10,0.008599779446738355,100.0
early_pre_response,log_RT_ms,baseline_plus_shuffled_hidden,2,shuffled_hidden_11,-0.0025755036229967066,100.0
early_pre_response,log_RT_ms,baseline_plus_shuffled_hidden,2,shuffled_hidden_12,-0.0018699064172172449,100.0
early_pre_response,log_RT_ms,baseline_plus_shuffled_hidden,2,shuffled_hidden_13,0.007243655102226778,100.0
early_pre_response,log_RT_ms,baseline_plus_shuffled_hidden,2,shuffled_hidden_14,-0.010506486542140354,100.0
early_pre_response,log_RT_ms,baseline_plus_shuffled_hidden,2,shuffled_hidden_15,0.0009239629763530452,100.0
early_pre_response,log_RT_ms,baseline_plus_shuffled_hidden,2,shuffled_hidden_16,0.004590005485011582,100.0
early_pre_response,log_RT_ms,baseline_plus_shuffled_hidden,2,shuffled_hidden_17,-0.012235265735930914,100.0
early_pre_response,log_RT_ms,baseline_plus_shuffled_hidden,2,shuffled_hidden_18,-0.00042269042741677133,100.0
early_pre_response,log_RT_ms,baseline_plus_shuffled_hidden,2,shuffled_hidden_19,0.0106290219626883,100.0
early_pre_response,log_RT_ms,baseline_plus_shuffled_hidden,2,shuffled_hidden_20,0.005603116502095564,100.0
early_pre_response,log_RT_ms,baseline_plus_shuffled_hidden,2,shuffled_hidden_21,0.009250737517990076,100.0
early_pre_response,log_RT_ms,baseline_plus_shuffled_hidden,2,shuffled_hidden_22,0.006636983927827787,100.0
early_pre_response,log_RT_ms,baseline_plus_shuffled_hidden,2,shuffled_hidden_23,-0.0003339460472296031,100.0
early_pre_response,log_RT_ms,baseline_plus_shuffled_hidden,2,shuffled_hidden_24,-0.009163053181462532,100.0
early_pre_response,log_RT_ms,baseline_plus_shuffled_hidden,2,shuffled_hidden_25,0.007262175179310603,100.0
early_pre_response,log_RT_ms,baseline_plus_shuffled_hidden,2,shuffled_hidden_26,-0.0007782314258303356,100.0
early_pre_response,log_RT_ms,baseline_plus_shuffled_hidden,2,shuffled_hidden_27,-0.014993828393356374,100.0
early_pre_response,log_RT_ms,baseline_plus_shuffled_hidden,2,shuffled_hidden_28,0.0013045195249694083,100.0
early_pre_response,log_RT_ms,baseline_plus_shuffled_hidden,2,shuffled_hidden_29,0.002462551956765401,100.0
early_pre_response,log_RT_ms,baseline_plus_shuffled_hidden,2,shuffled_hidden_30,0.0041630338911258485,100.0
early_pre_response,log_RT_ms,baseline_plus_shuffled_hidden,2,shuffled_hidden_31,0.004392287632891994,100.0
early_pre_response,log_RT_ms,baseline_plus_shuffled_hidden,3,shuffled_hidden_00,0.00952438094191029,215.44346900318823
early_pre_response,log_RT_ms,baseline_plus_shuffled_hidden,3,shuffled_hidden_01,-0.002847324462999613,215.44346900318823
early_pre_response,log_RT_ms,baseline_plus_shuffled_hidden,3,shuffled_hidden_02,-0.006774800401802266,215.44346900318823
early_pre_response,log_RT_ms,baseline_plus_shuffled_hidden,3,shuffled_hidden_03,0.009481935001964212,215.44346900318823
early_pre_response,log_RT_ms,baseline_plus_shuffled_hidden,3,shuffled_hidden_04,0.003857114169830766,215.44346900318823
early_pre_response,log_RT_ms,baseline_plus_shuffled_hidden,3,shuffled_hidden_05,-0.012666715035747678,215.44346900318823
early_pre_response,log_RT_ms,baseline_plus_shuffled_hidden,3,shuffled_hidden_06,0.0019137867873188696,215.44346900318823
early_pre_response,log_RT_ms,baseline_plus_shuffled_hidden,3,shuffled_hidden_07,-0.008927310863654675,215.44346900318823
early_pre_response,log_RT_ms,baseline_plus_shuffled_hidden,3,shuffled_hidden_08,0.005332218378351144,215.44346900318823
early_pre_response,log_RT_ms,baseline_plus_shuffled_hidden,3,shuffled_hidden_09,-0.0013948781528178454,215.44346900318823
early_pre_response,log_RT_ms,baseline_plus_shuffled_hidden,3,shuffled_hidden_10,0.0013596787763762981,215.44346900318823
early_pre_response,log_RT_ms,baseline_plus_shuffled_hidden,3,shuffled_hidden_11,-0.007687620085880181,215.44346900318823
early_pre_response,log_RT_ms,baseline_plus_shuffled_hidden,3,shuffled_hidden_12,0.0018838698789557713,215.44346900318823
early_pre_response,log_RT_ms,baseline_plus_shuffled_hidden,3,shuffled_hidden_13,0.012098831832707959,215.44346900318823
early_pre_response,log_RT_ms,baseline_plus_shuffled_hidden,3,shuffled_hidden_14,-0.0025499837162383764,215.44346900318823
early_pre_response,log_RT_ms,baseline_plus_shuffled_hidden,3,shuffled_hidden_15,2.6544141300792998e-05,215.44346900318823
early_pre_response,log_RT_ms,baseline_plus_shuffled_hidden,3,shuffled_hidden_16,0.002315603311894486,215.44346900318823
early_pre_response,log_RT_ms,baseline_plus_shuffled_hidden,3,shuffled_hidden_17,-0.007959296218457654,215.44346900318823
early_pre_response,log_RT_ms,baseline_plus_shuffled_hidden,3,shuffled_hidden_18,0.004407727343270206,215.44346900318823
early_pre_response,log_RT_ms,baseline_plus_shuffled_hidden,3,shuffled_hidden_19,1.1170095285682862e-05,215.44346900318823
early_pre_response,log_RT_ms,baseline_plus_shuffled_hidden,3,shuffled_hidden_20,0.0029862984866848735,215.44346900318823
early_pre_response,log_RT_ms,baseline_plus_shuffled_hidden,3,shuffled_hidden_21,0.009543723954216078,215.44346900318823
early_pre_response,log_RT_ms,baseline_plus_shuffled_hidden,3,shuffled_hidden_22,0.0075362576898515676,215.44346900318823
early_pre_response,log_RT_ms,baseline_plus_shuffled_hidden,3,shuffled_hidden_23,0.00035110315646033196,215.44346900318823
early_pre_response,log_RT_ms,baseline_plus_shuffled_hidden,3,shuffled_hidden_24,-0.010915706077145475,215.44346900318823
early_pre_response,log_RT_ms,baseline_plus_shuffled_hidden,3,shuffled_hidden_25,0.0005548393045192313,215.44346900318823
early_pre_response,log_RT_ms,baseline_plus_shuffled_hidden,3,shuffled_hidden_26,-0.0007031230216895804,215.44346900318823
early_pre_response,log_RT_ms,baseline_plus_shuffled_hidden,3,shuffled_hidden_27,-0.006876557167648357,215.44346900318823
early_pre_response,log_RT_ms,baseline_plus_shuffled_hidden,3,shuffled_hidden_28,-0.004868756383720492,215.44346900318823
early_pre_response,log_RT_ms,baseline_plus_shuffled_hidden,3,shuffled_hidden_29,0.0016331295496971737,215.44346900318823
early_pre_response,log_RT_ms,baseline_plus_shuffled_hidden,3,shuffled_hidden_30,-0.0008998798156898415,215.44346900318823
early_pre_response,log_RT_ms,baseline_plus_shuffled_hidden,3,shuffled_hidden_31,0.0027792817287463963,215.44346900318823
early_pre_response,log_RT_ms,baseline_plus_shuffled_hidden,4,shuffled_hidden_00,0.005850597963955883,464.1588833612773
early_pre_response,log_RT_ms,baseline_plus_shuffled_hidden,4,shuffled_hidden_01,0.0014691319042472106,464.1588833612773
early_pre_response,log_RT_ms,baseline_plus_shuffled_hidden,4,shuffled_hidden_02,-0.002533867074022826,464.1588833612773
early_pre_response,log_RT_ms,baseline_plus_shuffled_hidden,4,shuffled_hidden_03,0.0013838066434743803,464.1588833612773
early_pre_response,log_RT_ms,baseline_plus_shuffled_hidden,4,shuffled_hidden_04,-4.69485919810978e-05,464.1588833612773
early_pre_response,log_RT_ms,baseline_plus_shuffled_hidden,4,shuffled_hidden_05,-0.006171782992685104,464.1588833612773
early_pre_response,log_RT_ms,baseline_plus_shuffled_hidden,4,shuffled_hidden_06,0.0024430500465178937,464.1588833612773
early_pre_response,log_RT_ms,baseline_plus_shuffled_hidden,4,shuffled_hidden_07,-0.00803749992376213,464.1588833612773
early_pre_response,log_RT_ms,baseline_plus_shuffled_hidden,4,shuffled_hidden_08,0.004062731561210308,464.1588833612773
early_pre_response,log_RT_ms,baseline_plus_shuffled_hidden,4,shuffled_hidden_09,5.135927912673971e-05,464.1588833612773
early_pre_response,log_RT_ms,baseline_plus_shuffled_hidden,4,shuffled_hidden_10,0.0013473669082727485,464.1588833612773
early_pre_response,log_RT_ms,baseline_plus_shuffled_hidden,4,shuffled_hidden_11,0.0005101386961922109,464.1588833612773
early_pre_response,log_RT_ms,baseline_plus_shuffled_hidden,4,shuffled_hidden_12,0.0030970567730752995,464.1588833612773
early_pre_response,log_RT_ms,baseline_plus_shuffled_hidden,4,shuffled_hidden_13,0.005189600711595542,464.1588833612773
early_pre_response,log_RT_ms,baseline_plus_shuffled_hidden,4,shuffled_hidden_14,-0.0018307438027883518,464.1588833612773
early_pre_response,log_RT_ms,baseline_plus_shuffled_hidden,4,shuffled_hidden_15,0.0051074758788987795,464.1588833612773
early_pre_response,log_RT_ms,baseline_plus_shuffled_hidden,4,shuffled_hidden_16,0.003321745959215241,464.1588833612773
early_pre_response,log_RT_ms,baseline_plus_shuffled_hidden,4,shuffled_hidden_17,-0.0039037048457823617,464.1588833612773
early_pre_response,log_RT_ms,baseline_plus_shuffled_hidden,4,shuffled_hidden_18,-0.0025477850479878775,464.1588833612773
early_pre_response,log_RT_ms,baseline_plus_shuffled_hidden,4,shuffled_hidden_19,0.001078199481597103,464.1588833612773
early_pre_response,log_RT_ms,baseline_plus_shuffled_hidden,4,shuffled_hidden_20,0.001643770676584156,464.1588833612773
early_pre_response,log_RT_ms,baseline_plus_shuffled_hidden,4,shuffled_hidden_21,0.005632426469166409,464.1588833612773
early_pre_response,log_RT_ms,baseline_plus_shuffled_hidden,4,shuffled_hidden_22,-0.002390055598639892,464.1588833612773
early_pre_response,log_RT_ms,baseline_plus_shuffled_hidden,4,shuffled_hidden_23,-4.998302556003792e-05,464.1588833612773
early_pre_response,log_RT_ms,baseline_plus_shuffled_hidden,4,shuffled_hidden_24,-0.004206560064726752,464.1588833612773
early_pre_response,log_RT_ms,baseline_plus_shuffled_hidden,4,shuffled_hidden_25,0.00422545356480347,464.1588833612773
early_pre_response,log_RT_ms,baseline_plus_shuffled_hidden,4,shuffled_hidden_26,0.00343646339796781,464.1588833612773
early_pre_response,log_RT_ms,baseline_plus_shuffled_hidden,4,shuffled_hidden_27,-0.00527508686513432,464.1588833612773
early_pre_response,log_RT_ms,baseline_plus_shuffled_hidden,4,shuffled_hidden_28,0.0014543785373040117,464.1588833612773
early_pre_response,log_RT_ms,baseline_plus_shuffled_hidden,4,shuffled_hidden_29,0.0016689746834447569,464.1588833612773
early_pre_response,log_RT_ms,baseline_plus_shuffled_hidden,4,shuffled_hidden_30,-0.001977085720376492,464.1588833612773
early_pre_response,log_RT_ms,baseline_plus_shuffled_hidden,4,shuffled_hidden_31,0.0018787727817730472,464.1588833612773
early_pre_response,log_RT_ms,baseline_plus_shuffled_hidden,5,shuffled_hidden_00,0.005455050454776549,215.44346900318823
early_pre_response,log_RT_ms,baseline_plus_shuffled_hidden,5,shuffled_hidden_01,0.002393956206026016,215.44346900318823
early_pre_response,log_RT_ms,baseline_plus_shuffled_hidden,5,shuffled_hidden_02,-0.002898653469037303,215.44346900318823
early_pre_response,log_RT_ms,baseline_plus_shuffled_hidden,5,shuffled_hidden_03,0.0024176325953147964,215.44346900318823
early_pre_response,log_RT_ms,baseline_plus_shuffled_hidden,5,shuffled_hidden_04,0.004144098402797219,215.44346900318823
early_pre_response,log_RT_ms,baseline_plus_shuffled_hidden,5,shuffled_hidden_05,-0.005873287307355076,215.44346900318823
early_pre_response,log_RT_ms,baseline_plus_shuffled_hidden,5,shuffled_hidden_06,0.004003688263570371,215.44346900318823
early_pre_response,log_RT_ms,baseline_plus_shuffled_hidden,5,shuffled_hidden_07,-0.010565559555525813,215.44346900318823
early_pre_response,log_RT_ms,baseline_plus_shuffled_hidden,5,shuffled_hidden_08,0.005426355854182683,215.44346900318823
early_pre_response,log_RT_ms,baseline_plus_shuffled_hidden,5,shuffled_hidden_09,-0.0021512799350842018,215.44346900318823
early_pre_response,log_RT_ms,baseline_plus_shuffled_hidden,5,shuffled_hidden_10,0.0011557398494699582,215.44346900318823
early_pre_response,log_RT_ms,baseline_plus_shuffled_hidden,5,shuffled_hidden_11,-0.008337849029083041,215.44346900318823
early_pre_response,log_RT_ms,baseline_plus_shuffled_hidden,5,shuffled_hidden_12,0.0005657756975062686,215.44346900318823
early_pre_response,log_RT_ms,baseline_plus_shuffled_hidden,5,shuffled_hidden_13,0.005678523919384789,215.44346900318823
early_pre_response,log_RT_ms,baseline_plus_shuffled_hidden,5,shuffled_hidden_14,-0.008182548870210356,215.44346900318823
early_pre_response,log_RT_ms,baseline_plus_shuffled_hidden,5,shuffled_hidden_15,-0.0035019822001595416,215.44346900318823
early_pre_response,log_RT_ms,baseline_plus_shuffled_hidden,5,shuffled_hidden_16,0.005027295168405955,215.44346900318823
early_pre_response,log_RT_ms,baseline_plus_shuffled_hidden,5,shuffled_hidden_17,-0.005275128219101887,215.44346900318823
early_pre_response,log_RT_ms,baseline_plus_shuffled_hidden,5,shuffled_hidden_18,0.00396556071253618,215.44346900318823
early_pre_response,log_RT_ms,baseline_plus_shuffled_hidden,5,shuffled_hidden_19,-0.003711273321573146,215.44346900318823
early_pre_response,log_RT_ms,baseline_plus_shuffled_hidden,5,shuffled_hidden_20,0.0016699442701734793,215.44346900318823
early_pre_response,log_RT_ms,baseline_plus_shuffled_hidden,5,shuffled_hidden_21,0.013566190281178572,215.44346900318823
early_pre_response,log_RT_ms,baseline_plus_shuffled_hidden,5,shuffled_hidden_22,0.0054148537321102004,215.44346900318823
early_pre_response,log_RT_ms,baseline_plus_shuffled_hidden,5,shuffled_hidden_23,-0.0008505458939260382,215.44346900318823
early_pre_response,log_RT_ms,baseline_plus_shuffled_hidden,5,shuffled_hidden_24,-0.0063142452429931235,215.44346900318823
early_pre_response,log_RT_ms,baseline_plus_shuffled_hidden,5,shuffled_hidden_25,0.00883338283945801,215.44346900318823
early_pre_response,log_RT_ms,baseline_plus_shuffled_hidden,5,shuffled_hidden_26,-0.005481853205327645,215.44346900318823
early_pre_response,log_RT_ms,baseline_plus_shuffled_hidden,5,shuffled_hidden_27,-0.0009064011677995752,215.44346900318823
early_pre_response,log_RT_ms,baseline_plus_shuffled_hidden,5,shuffled_hidden_28,0.0015076356315617452,215.44346900318823
early_pre_response,log_RT_ms,baseline_plus_shuffled_hidden,5,shuffled_hidden_29,0.0011962529949396037,215.44346900318823
early_pre_response,log_RT_ms,baseline_plus_shuffled_hidden,5,shuffled_hidden_30,0.0015376128792573796,215.44346900318823
early_pre_response,log_RT_ms,baseline_plus_shuffled_hidden,5,shuffled_hidden_31,0.0029797718643120555,215.44346900318823
early_pre_response,RT_ms,hidden,1,hidden_00,-142.04933166503906,10.0
early_pre_response,RT_ms,hidden,1,hidden_01,50.84978103637695,10.0
early_pre_response,RT_ms,hidden,1,hidden_02,49.758724212646484,10.0
early_pre_response,RT_ms,hidden,1,hidden_03,98.88365173339844,10.0
early_pre_response,RT_ms,hidden,1,hidden_04,71.14739227294922,10.0
early_pre_response,RT_ms,hidden,1,hidden_05,-2.8929576873779297,10.0
early_pre_response,RT_ms,hidden,1,hidden_06,-39.82793045043945,10.0
early_pre_response,RT_ms,hidden,1,hidden_07,70.39793395996094,10.0
early_pre_response,RT_ms,hidden,1,hidden_08,69.54529571533203,10.0
early_pre_response,RT_ms,hidden,1,hidden_09,20.21013069152832,10.0
early_pre_response,RT_ms,hidden,1,hidden_10,90.27338409423828,10.0
early_pre_response,RT_ms,hidden,1,hidden_11,-23.714736938476562,10.0
early_pre_response,RT_ms,hidden,1,hidden_12,14.405537605285645,10.0
early_pre_response,RT_ms,hidden,1,hidden_13,-149.59690856933594,10.0
early_pre_response,RT_ms,hidden,1,hidden_14,-4.841304302215576,10.0
early_pre_response,RT_ms,hidden,1,hidden_15,3.690833330154419,10.0
early_pre_response,RT_ms,hidden,1,hidden_16,-43.1614875793457,10.0
early_pre_response,RT_ms,hidden,1,hidden_17,61.831146240234375,10.0
early_pre_response,RT_ms,hidden,1,hidden_18,132.6962432861328,10.0
early_pre_response,RT_ms,hidden,1,hidden_19,8.490742683410645,10.0
early_pre_response,RT_ms,hidden,1,hidden_20,66.57694244384766,10.0
early_pre_response,RT_ms,hidden,1,hidden_21,-0.5960721969604492,10.0
early_pre_response,RT_ms,hidden,1,hidden_22,-15.688405990600586,10.0
early_pre_response,RT_ms,hidden,1,hidden_23,5.672343730926514,10.0
early_pre_response,RT_ms,hidden,1,hidden_24,-2.6374945640563965,10.0
early_pre_response,RT_ms,hidden,1,hidden_25,30.28656005859375,10.0
early_pre_response,RT_ms,hidden,1,hidden_26,72.54560852050781,10.0
early_pre_response,RT_ms,hidden,1,hidden_27,40.70895767211914,10.0
early_pre_response,RT_ms,hidden,1,hidden_28,23.922834396362305,10.0
early_pre_response,RT_ms,hidden,1,hidden_29,39.95713424682617,10.0
early_pre_response,RT_ms,hidden,1,hidden_30,-182.64205932617188,10.0
early_pre_response,RT_ms,hidden,1,hidden_31,-43.03908920288086,10.0
early_pre_response,RT_ms,hidden,2,hidden_00,-173.3693389892578,2.154434690031882
early_pre_response,RT_ms,hidden,2,hidden_01,60.540496826171875,2.154434690031882
early_pre_response,RT_ms,hidden,2,hidden_02,104.0221176147461,2.154434690031882
early_pre_response,RT_ms,hidden,2,hidden_03,151.1754608154297,2.154434690031882
early_pre_response,RT_ms,hidden,2,hidden_04,198.58616638183594,2.154434690031882
early_pre_response,RT_ms,hidden,2,hidden_05,-3.077972888946533,2.154434690031882
early_pre_response,RT_ms,hidden,2,hidden_06,-50.205482482910156,2.154434690031882
early_pre_response,RT_ms,hidden,2,hidden_07,88.46537017822266,2.154434690031882
early_pre_response,RT_ms,hidden,2,hidden_08,74.29678344726562,2.154434690031882
early_pre_response,RT_ms,hidden,2,hidden_09,-20.43659210205078,2.154434690031882
early_pre_response,RT_ms,hidden,2,hidden_10,142.35252380371094,2.154434690031882
early_pre_response,RT_ms,hidden,2,hidden_11,22.093753814697266,2.154434690031882
early_pre_response,RT_ms,hidden,2,hidden_12,17.55112648010254,2.154434690031882
early_pre_response,RT_ms,hidden,2,hidden_13,-243.04058837890625,2.154434690031882
early_pre_response,RT_ms,hidden,2,hidden_14,-16.4118709564209,2.154434690031882
early_pre_response,RT_ms,hidden,2,hidden_15,8.328402519226074,2.154434690031882
early_pre_response,RT_ms,hidden,2,hidden_16,-32.099159240722656,2.154434690031882
early_pre_response,RT_ms,hidden,2,hidden_17,30.611848831176758,2.154434690031882
early_pre_response,RT_ms,hidden,2,hidden_18,205.4123077392578,2.154434690031882
early_pre_response,RT_ms,hidden,2,hidden_19,10.934931755065918,2.154434690031882
early_pre_response,RT_ms,hidden,2,hidden_20,66.3271484375,2.154434690031882
early_pre_response,RT_ms,hidden,2,hidden_21,-5.358395099639893,2.154434690031882
early_pre_response,RT_ms,hidden,2,hidden_22,-9.724573135375977,2.154434690031882
early_pre_response,RT_ms,hidden,2,hidden_23,3.694906234741211,2.154434690031882
early_pre_response,RT_ms,hidden,2,hidden_24,-11.37325382232666,2.154434690031882
early_pre_response,RT_ms,hidden,2,hidden_25,29.175275802612305,2.154434690031882
early_pre_response,RT_ms,hidden,2,hidden_26,124.10970306396484,2.154434690031882
early_pre_response,RT_ms,hidden,2,hidden_27,33.15164566040039,2.154434690031882
early_pre_response,RT_ms,hidden,2,hidden_28,35.123626708984375,2.154434690031882
early_pre_response,RT_ms,hidden,2,hidden_29,71.17007446289062,2.154434690031882
early_pre_response,RT_ms,hidden,2,hidden_30,-233.0879364013672,2.154434690031882
early_pre_response,RT_ms,hidden,2,hidden_31,-44.44801330566406,2.154434690031882
early_pre_response,RT_ms,hidden,3,hidden_00,-254.70712280273438,0.0021544346900318843
early_pre_response,RT_ms,hidden,3,hidden_01,46.36732864379883,0.0021544346900318843
early_pre_response,RT_ms,hidden,3,hidden_02,150.3349609375,0.0021544346900318843
early_pre_response,RT_ms,hidden,3,hidden_03,188.48944091796875,0.0021544346900318843
early_pre_response,RT_ms,hidden,3,hidden_04,244.9127197265625,0.0021544346900318843
early_pre_response,RT_ms,hidden,3,hidden_05,-10.754693031311035,0.0021544346900318843
early_pre_response,RT_ms,hidden,3,hidden_06,-57.740379333496094,0.0021544346900318843
early_pre_response,RT_ms,hidden,3,hidden_07,85.74807739257812,0.0021544346900318843
early_pre_response,RT_ms,hidden,3,hidden_08,84.71100616455078,0.0021544346900318843
early_pre_response,RT_ms,hidden,3,hidden_09,-7.720196723937988,0.0021544346900318843
early_pre_response,RT_ms,hidden,3,hidden_10,155.4209442138672,0.0021544346900318843
early_pre_response,RT_ms,hidden,3,hidden_11,68.55699157714844,0.0021544346900318843
early_pre_response,RT_ms,hidden,3,hidden_12,18.5994930267334,0.0021544346900318843
early_pre_response,RT_ms,hidden,3,hidden_13,-213.664306640625,0.0021544346900318843
early_pre_response,RT_ms,hidden,3,hidden_14,-26.818626403808594,0.0021544346900318843
early_pre_response,RT_ms,hidden,3,hidden_15,10.07414436340332,0.0021544346900318843
early_pre_response,RT_ms,hidden,3,hidden_16,-27.11799430847168,0.0021544346900318843
early_pre_response,RT_ms,hidden,3,hidden_17,5.45392370223999,0.0021544346900318843
early_pre_response,RT_ms,hidden,3,hidden_18,184.3142547607422,0.0021544346900318843
early_pre_response,RT_ms,hidden,3,hidden_19,13.453764915466309,0.0021544346900318843
early_pre_response,RT_ms,hidden,3,hidden_20,91.8740463256836,0.0021544346900318843
early_pre_response,RT_ms,hidden,3,hidden_21,29.537038803100586,0.0021544346900318843
early_pre_response,RT_ms,hidden,3,hidden_22,1.4155211448669434,0.0021544346900318843
early_pre_response,RT_ms,hidden,3,hidden_23,9.984579086303711,0.0021544346900318843
early_pre_response,RT_ms,hidden,3,hidden_24,-24.75899314880371,0.0021544346900318843
early_pre_response,RT_ms,hidden,3,hidden_25,50.41475296020508,0.0021544346900318843
early_pre_response,RT_ms,hidden,3,hidden_26,169.18637084960938,0.0021544346900318843
early_pre_response,RT_ms,hidden,3,hidden_27,30.511646270751953,0.0021544346900318843
early_pre_response,RT_ms,hidden,3,hidden_28,33.10556411743164,0.0021544346900318843
early_pre_response,RT_ms,hidden,3,hidden_29,68.07649993896484,0.0021544346900318843
early_pre_response,RT_ms,hidden,3,hidden_30,-172.05972290039062,0.0021544346900318843
early_pre_response,RT_ms,hidden,3,hidden_31,-44.350894927978516,0.0021544346900318843
early_pre_response,RT_ms,hidden,4,hidden_00,-103.91695404052734,21.54434690031882
early_pre_response,RT_ms,hidden,4,hidden_01,41.03643035888672,21.54434690031882
early_pre_response,RT_ms,hidden,4,hidden_02,32.78690719604492,21.54434690031882
early_pre_response,RT_ms,hidden,4,hidden_03,77.04216766357422,21.54434690031882
early_pre_response,RT_ms,hidden,4,hidden_04,45.34672546386719,21.54434690031882
early_pre_response,RT_ms,hidden,4,hidden_05,3.3195650577545166,21.54434690031882
early_pre_response,RT_ms,hidden,4,hidden_06,-35.93669891357422,21.54434690031882
early_pre_response,RT_ms,hidden,4,hidden_07,68.52462768554688,21.54434690031882
early_pre_response,RT_ms,hidden,4,hidden_08,69.32432556152344,21.54434690031882
early_pre_response,RT_ms,hidden,4,hidden_09,5.151208400726318,21.54434690031882
early_pre_response,RT_ms,hidden,4,hidden_10,66.49569702148438,21.54434690031882
early_pre_response,RT_ms,hidden,4,hidden_11,-36.22373580932617,21.54434690031882
early_pre_response,RT_ms,hidden,4,hidden_12,17.33721351623535,21.54434690031882
early_pre_response,RT_ms,hidden,4,hidden_13,-129.32733154296875,21.54434690031882
early_pre_response,RT_ms,hidden,4,hidden_14,-5.787655830383301,21.54434690031882
early_pre_response,RT_ms,hidden,4,hidden_15,-3.7451469898223877,21.54434690031882
early_pre_response,RT_ms,hidden,4,hidden_16,-46.90763473510742,21.54434690031882
early_pre_response,RT_ms,hidden,4,hidden_17,54.343936920166016,21.54434690031882
early_pre_response,RT_ms,hidden,4,hidden_18,106.5068130493164,21.54434690031882
early_pre_response,RT_ms,hidden,4,hidden_19,21.121307373046875,21.54434690031882
early_pre_response,RT_ms,hidden,4,hidden_20,65.99645233154297,21.54434690031882
early_pre_response,RT_ms,hidden,4,hidden_21,6.996580600738525,21.54434690031882
early_pre_response,RT_ms,hidden,4,hidden_22,-18.413135528564453,21.54434690031882
early_pre_response,RT_ms,hidden,4,hidden_23,6.3653788566589355,21.54434690031882
early_pre_response,RT_ms,hidden,4,hidden_24,-4.3632917404174805,21.54434690031882
early_pre_response,RT_ms,hidden,4,hidden_25,-0.531166672706604,21.54434690031882
early_pre_response,RT_ms,hidden,4,hidden_26,43.3886833190918,21.54434690031882
early_pre_response,RT_ms,hidden,4,hidden_27,30.950027465820312,21.54434690031882
early_pre_response,RT_ms,hidden,4,hidden_28,5.284386157989502,21.54434690031882
early_pre_response,RT_ms,hidden,4,hidden_29,23.56461524963379,21.54434690031882
early_pre_response,RT_ms,hidden,4,hidden_30,-140.9234161376953,21.54434690031882
early_pre_response,RT_ms,hidden,4,hidden_31,-41.77601623535156,21.54434690031882
early_pre_response,RT_ms,hidden,5,hidden_00,-269.6856384277344,0.0021544346900318843
early_pre_response,RT_ms,hidden,5,hidden_01,74.74993133544922,0.0021544346900318843
early_pre_response,RT_ms,hidden,5,hidden_02,261.93975830078125,0.0021544346900318843
early_pre_response,RT_ms,hidden,5,hidden_03,264.38214111328125,0.0021544346900318843
early_pre_response,RT_ms,hidden,5,hidden_04,319.4476318359375,0.0021544346900318843
early_pre_response,RT_ms,hidden,5,hidden_05,-19.040637969970703,0.0021544346900318843
early_pre_response,RT_ms,hidden,5,hidden_06,-52.9918098449707,0.0021544346900318843
early_pre_response,RT_ms,hidden,5,hidden_07,75.34346771240234,0.0021544346900318843
early_pre_response,RT_ms,hidden,5,hidden_08,81.09888458251953,0.0021544346900318843
early_pre_response,RT_ms,hidden,5,hidden_09,132.40188598632812,0.0021544346900318843
early_pre_response,RT_ms,hidden,5,hidden_10,195.86968994140625,0.0021544346900318843
early_pre_response,RT_ms,hidden,5,hidden_11,67.87890625,0.0021544346900318843
early_pre_response,RT_ms,hidden,5,hidden_12,18.835126876831055,0.0021544346900318843
early_pre_response,RT_ms,hidden,5,hidden_13,-242.8013916015625,0.0021544346900318843
early_pre_response,RT_ms,hidden,5,hidden_14,-43.261077880859375,0.0021544346900318843
early_pre_response,RT_ms,hidden,5,hidden_15,6.94082498550415,0.0021544346900318843
early_pre_response,RT_ms,hidden,5,hidden_16,-28.19593620300293,0.0021544346900318843
early_pre_response,RT_ms,hidden,5,hidden_17,19.81189727783203,0.0021544346900318843
early_pre_response,RT_ms,hidden,5,hidden_18,151.04327392578125,0.0021544346900318843
early_pre_response,RT_ms,hidden,5,hidden_19,8.953800201416016,0.0021544346900318843
early_pre_response,RT_ms,hidden,5,hidden_20,112.82659912109375,0.0021544346900318843
early_pre_response,RT_ms,hidden,5,hidden_21,59.652225494384766,0.0021544346900318843
early_pre_response,RT_ms,hidden,5,hidden_22,18.27520179748535,0.0021544346900318843
early_pre_response,RT_ms,hidden,5,hidden_23,16.142263412475586,0.0021544346900318843
early_pre_response,RT_ms,hidden,5,hidden_24,-30.760990142822266,0.0021544346900318843
early_pre_response,RT_ms,hidden,5,hidden_25,63.69378662109375,0.0021544346900318843
early_pre_response,RT_ms,hidden,5,hidden_26,102.40800476074219,0.0021544346900318843
early_pre_response,RT_ms,hidden,5,hidden_27,-14.807476997375488,0.0021544346900318843
early_pre_response,RT_ms,hidden,5,hidden_28,15.506372451782227,0.0021544346900318843
early_pre_response,RT_ms,hidden,5,hidden_29,6.438385486602783,0.0021544346900318843
early_pre_response,RT_ms,hidden,5,hidden_30,-181.4894256591797,0.0021544346900318843
early_pre_response,RT_ms,hidden,5,hidden_31,-62.89224624633789,0.0021544346900318843
early_pre_response,RT_ms,baseline_plus_hidden,1,hidden_00,-98.9203522179764,21.54434690031882
early_pre_response,RT_ms,baseline_plus_hidden,1,hidden_01,-2.2875928098516325,21.54434690031882
early_pre_response,RT_ms,baseline_plus_hidden,1,hidden_02,36.193048531676524,21.54434690031882
early_pre_response,RT_ms,baseline_plus_hidden,1,hidden_03,51.73766201326236,21.54434690031882
early_pre_response,RT_ms,baseline_plus_hidden,1,hidden_04,2.653055408793241,21.54434690031882
early_pre_response,RT_ms,baseline_plus_hidden,1,hidden_05,0.5847825160916127,21.54434690031882
early_pre_response,RT_ms,baseline_plus_hidden,1,hidden_06,-12.113870900195193,21.54434690031882
early_pre_response,RT_ms,baseline_plus_hidden,1,hidden_07,59.75334635769846,21.54434690031882
early_pre_response,RT_ms,baseline_plus_hidden,1,hidden_08,53.12535694516326,21.54434690031882
early_pre_response,RT_ms,baseline_plus_hidden,1,hidden_09,7.31593044582631,21.54434690031882
early_pre_response,RT_ms,baseline_plus_hidden,1,hidden_10,41.63246776863488,21.54434690031882
early_pre_response,RT_ms,baseline_plus_hidden,1,hidden_11,-25.85276161071248,21.54434690031882
early_pre_response,RT_ms,baseline_plus_hidden,1,hidden_12,7.71914128747785,21.54434690031882
early_pre_response,RT_ms,baseline_plus_hidden,1,hidden_13,-96.79824923431143,21.54434690031882
early_pre_response,RT_ms,baseline_plus_hidden,1,hidden_14,3.2729902548377376,21.54434690031882
early_pre_response,RT_ms,baseline_plus_hidden,1,hidden_15,-3.9216757421452004,21.54434690031882
early_pre_response,RT_ms,baseline_plus_hidden,1,hidden_16,-25.8117383114073,21.54434690031882
early_pre_response,RT_ms,baseline_plus_hidden,1,hidden_17,45.28282291965215,21.54434690031882
early_pre_response,RT_ms,baseline_plus_hidden,1,hidden_18,72.56538091909407,21.54434690031882
early_pre_response,RT_ms,baseline_plus_hidden,1,hidden_19,18.75711232783443,21.54434690031882
early_pre_response,RT_ms,baseline_plus_hidden,1,hidden_20,40.017493865092504,21.54434690031882
early_pre_response,RT_ms,baseline_plus_hidden,1,hidden_21,2.0304532360630256,21.54434690031882
early_pre_response,RT_ms,baseline_plus_hidden,1,hidden_22,-16.682966687488754,21.54434690031882
early_pre_response,RT_ms,baseline_plus_hidden,1,hidden_23,0.8085122009702368,21.54434690031882
early_pre_response,RT_ms,baseline_plus_hidden,1,hidden_24,0.6251768656301194,21.54434690031882
early_pre_response,RT_ms,baseline_plus_hidden,1,hidden_25,24.07754604237499,21.54434690031882
early_pre_response,RT_ms,baseline_plus_hidden,1,hidden_26,29.18238895739777,21.54434690031882
early_pre_response,RT_ms,baseline_plus_hidden,1,hidden_27,14.305825916778325,21.54434690031882
early_pre_response,RT_ms,baseline_plus_hidden,1,hidden_28,13.81391463511163,21.54434690031882
early_pre_response,RT_ms,baseline_plus_hidden,1,hidden_29,30.695447759320512,21.54434690031882
early_pre_response,RT_ms,baseline_plus_hidden,1,hidden_30,-114.93883389405886,21.54434690031882
early_pre_response,RT_ms,baseline_plus_hidden,1,hidden_31,-23.98750438723005,21.54434690031882
early_pre_response,RT_ms,baseline_plus_hidden,2,hidden_00,-129.45547990786568,2.154434690031882
early_pre_response,RT_ms,baseline_plus_hidden,2,hidden_01,-8.068746010805063,2.154434690031882
early_pre_response,RT_ms,baseline_plus_hidden,2,hidden_02,123.62830843544651,2.154434690031882
early_pre_response,RT_ms,baseline_plus_hidden,2,hidden_03,107.65401872482452,2.154434690031882
early_pre_response,RT_ms,baseline_plus_hidden,2,hidden_04,167.50413939636618,2.154434690031882
early_pre_response,RT_ms,baseline_plus_hidden,2,hidden_05,-1.5666054144600823,2.154434690031882
early_pre_response,RT_ms,baseline_plus_hidden,2,hidden_06,2.6808563287173266,2.154434690031882
early_pre_response,RT_ms,baseline_plus_hidden,2,hidden_07,103.68617665419315,2.154434690031882
early_pre_response,RT_ms,baseline_plus_hidden,2,hidden_08,50.89880055023953,2.154434690031882
early_pre_response,RT_ms,baseline_plus_hidden,2,hidden_09,-92.75612327806489,2.154434690031882
early_pre_response,RT_ms,baseline_plus_hidden,2,hidden_10,85.91188750462462,2.154434690031882
early_pre_response,RT_ms,baseline_plus_hidden,2,hidden_11,38.05839681941463,2.154434690031882
early_pre_response,RT_ms,baseline_plus_hidden,2,hidden_12,12.7899833834296,2.154434690031882
early_pre_response,RT_ms,baseline_plus_hidden,2,hidden_13,-218.0424046264134,2.154434690031882
early_pre_response,RT_ms,baseline_plus_hidden,2,hidden_14,2.28523192109466,2.154434690031882
early_pre_response,RT_ms,baseline_plus_hidden,2,hidden_15,1.957962542917383,2.154434690031882
early_pre_response,RT_ms,baseline_plus_hidden,2,hidden_16,-14.267013805569823,2.154434690031882
early_pre_response,RT_ms,baseline_plus_hidden,2,hidden_17,12.65558925151854,2.154434690031882
early_pre_response,RT_ms,baseline_plus_hidden,2,hidden_18,149.60774261622976,2.154434690031882
early_pre_response,RT_ms,baseline_plus_hidden,2,hidden_19,27.50385308608743,2.154434690031882
early_pre_response,RT_ms,baseline_plus_hidden,2,hidden_20,66.00807232608369,2.154434690031882
early_pre_response,RT_ms,baseline_plus_hidden,2,hidden_21,22.087370112893634,2.154434690031882
early_pre_response,RT_ms,baseline_plus_hidden,2,hidden_22,-10.18739934350583,2.154434690031882
early_pre_response,RT_ms,baseline_plus_hidden,2,hidden_23,2.240381383902451,2.154434690031882
early_pre_response,RT_ms,baseline_plus_hidden,2,hidden_24,-2.6303218330726654,2.154434690031882
early_pre_response,RT_ms,baseline_plus_hidden,2,hidden_25,25.442836019515745,2.154434690031882
early_pre_response,RT_ms,baseline_plus_hidden,2,hidden_26,109.29412064589225,2.154434690031882
early_pre_response,RT_ms,baseline_plus_hidden,2,hidden_27,-13.559680335644082,2.154434690031882
early_pre_response,RT_ms,baseline_plus_hidden,2,hidden_28,24.83574750505031,2.154434690031882
early_pre_response,RT_ms,baseline_plus_hidden,2,hidden_29,64.68227167195091,2.154434690031882
early_pre_response,RT_ms,baseline_plus_hidden,2,hidden_30,-163.02856759420092,2.154434690031882
early_pre_response,RT_ms,baseline_plus_hidden,2,hidden_31,-23.4751432427378,2.154434690031882
early_pre_response,RT_ms,baseline_plus_hidden,3,hidden_00,-193.77967404372603,0.001
early_pre_response,RT_ms,baseline_plus_hidden,3,hidden_01,-36.06249698998161,0.001
early_pre_response,RT_ms,baseline_plus_hidden,3,hidden_02,161.68931165748887,0.001
early_pre_response,RT_ms,baseline_plus_hidden,3,hidden_03,137.67927630588702,0.001
early_pre_response,RT_ms,baseline_plus_hidden,3,hidden_04,187.47125134192734,0.001
early_pre_response,RT_ms,baseline_plus_hidden,3,hidden_05,-9.355840901210042,0.001
early_pre_response,RT_ms,baseline_plus_hidden,3,hidden_06,38.274024278891915,0.001
early_pre_response,RT_ms,baseline_plus_hidden,3,hidden_07,112.12098672510352,0.001
early_pre_response,RT_ms,baseline_plus_hidden,3,hidden_08,57.49263786112666,0.001
early_pre_response,RT_ms,baseline_plus_hidden,3,hidden_09,-144.07071006900534,0.001
early_pre_response,RT_ms,baseline_plus_hidden,3,hidden_10,80.34708439635521,0.001
early_pre_response,RT_ms,baseline_plus_hidden,3,hidden_11,80.59072860007511,0.001
early_pre_response,RT_ms,baseline_plus_hidden,3,hidden_12,10.881506802592789,0.001
early_pre_response,RT_ms,baseline_plus_hidden,3,hidden_13,-205.72536379310512,0.001
early_pre_response,RT_ms,baseline_plus_hidden,3,hidden_14,22.61520698383147,0.001
early_pre_response,RT_ms,baseline_plus_hidden,3,hidden_15,1.5386322059302835,0.001
early_pre_response,RT_ms,baseline_plus_hidden,3,hidden_16,-11.552072860834102,0.001
early_pre_response,RT_ms,baseline_plus_hidden,3,hidden_17,-8.47987167803501,0.001
early_pre_response,RT_ms,baseline_plus_hidden,3,hidden_18,144.98602147003845,0.001
early_pre_response,RT_ms,baseline_plus_hidden,3,hidden_19,31.87415543548397,0.001
early_pre_response,RT_ms,baseline_plus_hidden,3,hidden_20,72.25326134139979,0.001
early_pre_response,RT_ms,baseline_plus_hidden,3,hidden_21,48.69018569888189,0.001
early_pre_response,RT_ms,baseline_plus_hidden,3,hidden_22,2.2690692168430324,0.001
early_pre_response,RT_ms,baseline_plus_hidden,3,hidden_23,4.829694800145976,0.001
early_pre_response,RT_ms,baseline_plus_hidden,3,hidden_24,-18.196818582772416,0.001
early_pre_response,RT_ms,baseline_plus_hidden,3,hidden_25,40.26383385676762,0.001
early_pre_response,RT_ms,baseline_plus_hidden,3,hidden_26,148.15775927801917,0.001
early_pre_response,RT_ms,baseline_plus_hidden,3,hidden_27,-7.947311315537191,0.001
early_pre_response,RT_ms,baseline_plus_hidden,3,hidden_28,26.80101370750332,0.001
early_pre_response,RT_ms,baseline_plus_hidden,3,hidden_29,78.1115025202377,0.001
early_pre_response,RT_ms,baseline_plus_hidden,3,hidden_30,-126.15366085487425,0.001
early_pre_response,RT_ms,baseline_plus_hidden,3,hidden_31,-15.623923714853634,0.001
early_pre_response,RT_ms,baseline_plus_hidden,4,hidden_00,-94.44494619812683,21.54434690031882
early_pre_response,RT_ms,baseline_plus_hidden,4,hidden_01,0.9312766982056088,21.54434690031882
early_pre_response,RT_ms,baseline_plus_hidden,4,hidden_02,38.4759973170793,21.54434690031882
early_pre_response,RT_ms,baseline_plus_hidden,4,hidden_03,46.43220306333056,21.54434690031882
early_pre_response,RT_ms,baseline_plus_hidden,4,hidden_04,22.114686490970257,21.54434690031882
early_pre_response,RT_ms,baseline_plus_hidden,4,hidden_05,2.044120805208872,21.54434690031882
early_pre_response,RT_ms,baseline_plus_hidden,4,hidden_06,-16.299867433675647,21.54434690031882
early_pre_response,RT_ms,baseline_plus_hidden,4,hidden_07,62.379749202485506,21.54434690031882
early_pre_response,RT_ms,baseline_plus_hidden,4,hidden_08,58.68164593411036,21.54434690031882
early_pre_response,RT_ms,baseline_plus_hidden,4,hidden_09,-1.0944740609904753,21.54434690031882
early_pre_response,RT_ms,baseline_plus_hidden,4,hidden_10,33.73504460480621,21.54434690031882
early_pre_response,RT_ms,baseline_plus_hidden,4,hidden_11,-17.822523934802845,21.54434690031882
early_pre_response,RT_ms,baseline_plus_hidden,4,hidden_12,9.436254262408362,21.54434690031882
early_pre_response,RT_ms,baseline_plus_hidden,4,hidden_13,-108.51030355370177,21.54434690031882
early_pre_response,RT_ms,baseline_plus_hidden,4,hidden_14,-17.496987977893067,21.54434690031882
early_pre_response,RT_ms,baseline_plus_hidden,4,hidden_15,-4.998741062736255,21.54434690031882
early_pre_response,RT_ms,baseline_plus_hidden,4,hidden_16,-30.44274478610311,21.54434690031882
early_pre_response,RT_ms,baseline_plus_hidden,4,hidden_17,35.63970953436917,21.54434690031882
early_pre_response,RT_ms,baseline_plus_hidden,4,hidden_18,77.69461596980692,21.54434690031882
early_pre_response,RT_ms,baseline_plus_hidden,4,hidden_19,31.480813780340444,21.54434690031882
early_pre_response,RT_ms,baseline_plus_hidden,4,hidden_20,53.652143859082315,21.54434690031882
early_pre_response,RT_ms,baseline_plus_hidden,4,hidden_21,2.3163180197231146,21.54434690031882
early_pre_response,RT_ms,baseline_plus_hidden,4,hidden_22,-14.100686426477006,21.54434690031882
early_pre_response,RT_ms,baseline_plus_hidden,4,hidden_23,3.2481957843103095,21.54434690031882
early_pre_response,RT_ms,baseline_plus_hidden,4,hidden_24,-5.775361303996587,21.54434690031882
early_pre_response,RT_ms,baseline_plus_hidden,4,hidden_25,-0.27010696372334303,21.54434690031882
early_pre_response,RT_ms,baseline_plus_hidden,4,hidden_26,34.768750519865264,21.54434690031882
early_pre_response,RT_ms,baseline_plus_hidden,4,hidden_27,7.132195864694551,21.54434690031882
early_pre_response,RT_ms,baseline_plus_hidden,4,hidden_28,6.011859945681899,21.54434690031882
early_pre_response,RT_ms,baseline_plus_hidden,4,hidden_29,23.074596139692474,21.54434690031882
early_pre_response,RT_ms,baseline_plus_hidden,4,hidden_30,-107.81055534747118,21.54434690031882
early_pre_response,RT_ms,baseline_plus_hidden,4,hidden_31,-28.947504750123414,21.54434690031882
early_pre_response,RT_ms,baseline_plus_hidden,5,hidden_00,-178.21533188709708,0.46415888336127775
early_pre_response,RT_ms,baseline_plus_hidden,5,hidden_01,-0.2507097416001704,0.46415888336127775
early_pre_response,RT_ms,baseline_plus_hidden,5,hidden_02,229.7458883499167,0.46415888336127775
early_pre_response,RT_ms,baseline_plus_hidden,5,hidden_03,154.76936710246932,0.46415888336127775
early_pre_response,RT_ms,baseline_plus_hidden,5,hidden_04,258.69275843483223,0.46415888336127775
early_pre_response,RT_ms,baseline_plus_hidden,5,hidden_05,-14.045070217615246,0.46415888336127775
early_pre_response,RT_ms,baseline_plus_hidden,5,hidden_06,54.49380662792796,0.46415888336127775
early_pre_response,RT_ms,baseline_plus_hidden,5,hidden_07,106.08417879108552,0.46415888336127775
early_pre_response,RT_ms,baseline_plus_hidden,5,hidden_08,47.85697332163971,0.46415888336127775
early_pre_response,RT_ms,baseline_plus_hidden,5,hidden_09,11.451855662048125,0.46415888336127775
early_pre_response,RT_ms,baseline_plus_hidden,5,hidden_10,114.31808475403619,0.46415888336127775
early_pre_response,RT_ms,baseline_plus_hidden,5,hidden_11,57.29627087296549,0.46415888336127775
early_pre_response,RT_ms,baseline_plus_hidden,5,hidden_12,11.85596413391646,0.46415888336127775
early_pre_response,RT_ms,baseline_plus_hidden,5,hidden_13,-244.03198418444381,0.46415888336127775
early_pre_response,RT_ms,baseline_plus_hidden,5,hidden_14,-33.40608976022529,0.46415888336127775
early_pre_response,RT_ms,baseline_plus_hidden,5,hidden_15,-2.2697466593301363,0.46415888336127775
early_pre_response,RT_ms,baseline_plus_hidden,5,hidden_16,-14.940858299397995,0.46415888336127775
early_pre_response,RT_ms,baseline_plus_hidden,5,hidden_17,12.572244850487499,0.46415888336127775
early_pre_response,RT_ms,baseline_plus_hidden,5,hidden_18,105.42297187305658,0.46415888336127775
early_pre_response,RT_ms,baseline_plus_hidden,5,hidden_19,27.27322865112054,0.46415888336127775
early_pre_response,RT_ms,baseline_plus_hidden,5,hidden_20,80.63505503210965,0.46415888336127775
early_pre_response,RT_ms,baseline_plus_hidden,5,hidden_21,41.850730930422074,0.46415888336127775
early_pre_response,RT_ms,baseline_plus_hidden,5,hidden_22,13.736396094951557,0.46415888336127775
early_pre_response,RT_ms,baseline_plus_hidden,5,hidden_23,16.328046878619535,0.46415888336127775
early_pre_response,RT_ms,baseline_plus_hidden,5,hidden_24,-18.65950196064486,0.46415888336127775
early_pre_response,RT_ms,baseline_plus_hidden,5,hidden_25,51.72412882261654,0.46415888336127775
early_pre_response,RT_ms,baseline_plus_hidden,5,hidden_26,67.95043837313509,0.46415888336127775
early_pre_response,RT_ms,baseline_plus_hidden,5,hidden_27,-67.63064913632803,0.46415888336127775
early_pre_response,RT_ms,baseline_plus_hidden,5,hidden_28,4.054470054697506,0.46415888336127775
early_pre_response,RT_ms,baseline_plus_hidden,5,hidden_29,9.277630283365074,0.46415888336127775
early_pre_response,RT_ms,baseline_plus_hidden,5,hidden_30,-144.71917138634038,0.46415888336127775
early_pre_response,RT_ms,baseline_plus_hidden,5,hidden_31,-31.943204107322007,0.46415888336127775
early_pre_response,RT_ms,baseline_plus_shuffled_hidden,1,shuffled_hidden_00,1.3998109664318101,46.41588833612773
early_pre_response,RT_ms,baseline_plus_shuffled_hidden,1,shuffled_hidden_01,-12.051396417474203,46.41588833612773
early_pre_response,RT_ms,baseline_plus_shuffled_hidden,1,shuffled_hidden_02,-7.591273352220993,46.41588833612773
early_pre_response,RT_ms,baseline_plus_shuffled_hidden,1,shuffled_hidden_03,-0.35797675252379363,46.41588833612773
early_pre_response,RT_ms,baseline_plus_shuffled_hidden,1,shuffled_hidden_04,-5.460245122346697,46.41588833612773
early_pre_response,RT_ms,baseline_plus_shuffled_hidden,1,shuffled_hidden_05,-5.935326557864809,46.41588833612773
early_pre_response,RT_ms,baseline_plus_shuffled_hidden,1,shuffled_hidden_06,-0.8841736599076491,46.41588833612773
early_pre_response,RT_ms,baseline_plus_shuffled_hidden,1,shuffled_hidden_07,-21.49460670142373,46.41588833612773
early_pre_response,RT_ms,baseline_plus_shuffled_hidden,1,shuffled_hidden_08,-4.9305666949514295,46.41588833612773
early_pre_response,RT_ms,baseline_plus_shuffled_hidden,1,shuffled_hidden_09,-1.8822919809903687,46.41588833612773
early_pre_response,RT_ms,baseline_plus_shuffled_hidden,1,shuffled_hidden_10,21.25798887871443,46.41588833612773
early_pre_response,RT_ms,baseline_plus_shuffled_hidden,1,shuffled_hidden_11,-8.337523165235543,46.41588833612773
early_pre_response,RT_ms,baseline_plus_shuffled_hidden,1,shuffled_hidden_12,-2.1977885649045086,46.41588833612773
early_pre_response,RT_ms,baseline_plus_shuffled_hidden,1,shuffled_hidden_13,24.50824784222503,46.41588833612773
early_pre_response,RT_ms,baseline_plus_shuffled_hidden,1,shuffled_hidden_14,1.4090104125537886,46.41588833612773
early_pre_response,RT_ms,baseline_plus_shuffled_hidden,1,shuffled_hidden_15,-2.730625194663437,46.41588833612773
early_pre_response,RT_ms,baseline_plus_shuffled_hidden,1,shuffled_hidden_16,-0.5151128584348059,46.41588833612773
early_pre_response,RT_ms,baseline_plus_shuffled_hidden,1,shuffled_hidden_17,-16.222002219784596,46.41588833612773
early_pre_response,RT_ms,baseline_plus_shuffled_hidden,1,shuffled_hidden_18,0.8144342663308174,46.41588833612773
early_pre_response,RT_ms,baseline_plus_shuffled_hidden,1,shuffled_hidden_19,-6.286211629451391,46.41588833612773
early_pre_response,RT_ms,baseline_plus_shuffled_hidden,1,shuffled_hidden_20,10.846604674393758,46.41588833612773
early_pre_response,RT_ms,baseline_plus_shuffled_hidden,1,shuffled_hidden_21,13.745233971465375,46.41588833612773
early_pre_response,RT_ms,baseline_plus_shuffled_hidden,1,shuffled_hidden_22,2.490160054886741,46.41588833612773
early_pre_response,RT_ms,baseline_plus_shuffled_hidden,1,shuffled_hidden_23,2.9685782624147694,46.41588833612773
early_pre_response,RT_ms,baseline_plus_shuffled_hidden,1,shuffled_hidden_24,-14.121363234112378,46.41588833612773
early_pre_response,RT_ms,baseline_plus_shuffled_hidden,1,shuffled_hidden_25,13.225133132780137,46.41588833612773
early_pre_response,RT_ms,baseline_plus_shuffled_hidden,1,shuffled_hidden_26,-3.0033767834136316,46.41588833612773
early_pre_response,RT_ms,baseline_plus_shuffled_hidden,1,shuffled_hidden_27,-17.742267038442726,46.41588833612773
early_pre_response,RT_ms,baseline_plus_shuffled_hidden,1,shuffled_hidden_28,4.797251774065989,46.41588833612773
early_pre_response,RT_ms,baseline_plus_shuffled_hidden,1,shuffled_hidden_29,4.3290348093244635,46.41588833612773
early_pre_response,RT_ms,baseline_plus_shuffled_hidden,1,shuffled_hidden_30,15.521191858443276,46.41588833612773
early_pre_response,RT_ms,baseline_plus_shuffled_hidden,1,shuffled_hidden_31,3.314398802415863,46.41588833612773
early_pre_response,RT_ms,baseline_plus_shuffled_hidden,2,shuffled_hidden_00,2.001361886707045,215.44346900318823
early_pre_response,RT_ms,baseline_plus_shuffled_hidden,2,shuffled_hidden_01,-9.589800308602245,215.44346900318823
early_pre_response,RT_ms,baseline_plus_shuffled_hidden,2,shuffled_hidden_02,-0.7706857218999367,215.44346900318823
early_pre_response,RT_ms,baseline_plus_shuffled_hidden,2,shuffled_hidden_03,1.2726257872583313,215.44346900318823
early_pre_response,RT_ms,baseline_plus_shuffled_hidden,2,shuffled_hidden_04,-2.761498725223431,215.44346900318823
early_pre_response,RT_ms,baseline_plus_shuffled_hidden,2,shuffled_hidden_05,-10.294956687483468,215.44346900318823
early_pre_response,RT_ms,baseline_plus_shuffled_hidden,2,shuffled_hidden_06,3.488252691300117,215.44346900318823
early_pre_response,RT_ms,baseline_plus_shuffled_hidden,2,shuffled_hidden_07,-12.475652478227653,215.44346900318823
early_pre_response,RT_ms,baseline_plus_shuffled_hidden,2,shuffled_hidden_08,3.5530542086320933,215.44346900318823
early_pre_response,RT_ms,baseline_plus_shuffled_hidden,2,shuffled_hidden_09,-2.601725772735879,215.44346900318823
early_pre_response,RT_ms,baseline_plus_shuffled_hidden,2,shuffled_hidden_10,4.149335015589716,215.44346900318823
early_pre_response,RT_ms,baseline_plus_shuffled_hidden,2,shuffled_hidden_11,-0.5378530908107986,215.44346900318823
early_pre_response,RT_ms,baseline_plus_shuffled_hidden,2,shuffled_hidden_12,-1.655369235332684,215.44346900318823
early_pre_response,RT_ms,baseline_plus_shuffled_hidden,2,shuffled_hidden_13,4.615594222181201,215.44346900318823
early_pre_response,RT_ms,baseline_plus_shuffled_hidden,2,shuffled_hidden_14,-6.68378002742236,215.44346900318823
early_pre_response,RT_ms,baseline_plus_shuffled_hidden,2,shuffled_hidden_15,1.0013592259617945,215.44346900318823
early_pre_response,RT_ms,baseline_plus_shuffled_hidden,2,shuffled_hidden_16,3.755362175445683,215.44346900318823
early_pre_response,RT_ms,baseline_plus_shuffled_hidden,2,shuffled_hidden_17,-7.156806091192963,215.44346900318823
early_pre_response,RT_ms,baseline_plus_shuffled_hidden,2,shuffled_hidden_18,0.386006076521963,215.44346900318823
early_pre_response,RT_ms,baseline_plus_shuffled_hidden,2,shuffled_hidden_19,3.736950029859328,215.44346900318823
early_pre_response,RT_ms,baseline_plus_shuffled_hidden,2,shuffled_hidden_20,5.034856283287908,215.44346900318823
early_pre_response,RT_ms,baseline_plus_shuffled_hidden,2,shuffled_hidden_21,4.810822637142386,215.44346900318823
early_pre_response,RT_ms,baseline_plus_shuffled_hidden,2,shuffled_hidden_22,2.3589856908835163,215.44346900318823
early_pre_response,RT_ms,baseline_plus_shuffled_hidden,2,shuffled_hidden_23,0.4569222666130008,215.44346900318823
early_pre_response,RT_ms,baseline_plus_shuffled_hidden,2,shuffled_hidden_24,-4.447198714644752,215.44346900318823
early_pre_response,RT_ms,baseline_plus_shuffled_hidden,2,shuffled_hidden_25,4.743434584215786,215.44346900318823
early_pre_response,RT_ms,baseline_plus_shuffled_hidden,2,shuffled_hidden_26,-0.16760150079631242,215.44346900318823
early_pre_response,RT_ms,baseline_plus_shuffled_hidden,2,shuffled_hidden_27,-9.819306475815814,215.44346900318823
early_pre_response,RT_ms,baseline_plus_shuffled_hidden,2,shuffled_hidden_28,1.6761075055770147,215.44346900318823
early_pre_response,RT_ms,baseline_plus_shuffled_hidden,2,shuffled_hidden_29,1.656126849691098,215.44346900318823
early_pre_response,RT_ms,baseline_plus_shuffled_hidden,2,shuffled_hidden_30,-0.35685517157729446,215.44346900318823
early_pre_response,RT_ms,baseline_plus_shuffled_hidden,2,shuffled_hidden_31,1.9383203604167605,215.44346900318823
early_pre_response,RT_ms,baseline_plus_shuffled_hidden,3,shuffled_hidden_00,7.5695831125773125,215.44346900318823
early_pre_response,RT_ms,baseline_plus_shuffled_hidden,3,shuffled_hidden_01,-2.672760298793665,215.44346900318823
early_pre_response,RT_ms,baseline_plus_shuffled_hidden,3,shuffled_hidden_02,-5.489262290779934,215.44346900318823
early_pre_response,RT_ms,baseline_plus_shuffled_hidden,3,shuffled_hidden_03,6.1913304530398126,215.44346900318823
early_pre_response,RT_ms,baseline_plus_shuffled_hidden,3,shuffled_hidden_04,2.982303079674827,215.44346900318823
early_pre_response,RT_ms,baseline_plus_shuffled_hidden,3,shuffled_hidden_05,-11.11375206125112,215.44346900318823
early_pre_response,RT_ms,baseline_plus_shuffled_hidden,3,shuffled_hidden_06,1.8971923835158102,215.44346900318823
early_pre_response,RT_ms,baseline_plus_shuffled_hidden,3,shuffled_hidden_07,-9.387877824533273,215.44346900318823
early_pre_response,RT_ms,baseline_plus_shuffled_hidden,3,shuffled_hidden_08,4.102161693362318,215.44346900318823
early_pre_response,RT_ms,baseline_plus_shuffled_hidden,3,shuffled_hidden_09,-2.0554853304777256,215.44346900318823
early_pre_response,RT_ms,baseline_plus_shuffled_hidden,3,shuffled_hidden_10,2.562142257819753,215.44346900318823
early_pre_response,RT_ms,baseline_plus_shuffled_hidden,3,shuffled_hidden_11,-6.2336789101560335,215.44346900318823
early_pre_response,RT_ms,baseline_plus_shuffled_hidden,3,shuffled_hidden_12,1.1681967208522155,215.44346900318823
early_pre_response,RT_ms,baseline_plus_shuffled_hidden,3,shuffled_hidden_13,11.221210135346633,215.44346900318823
early_pre_response,RT_ms,baseline_plus_shuffled_hidden,3,shuffled_hidden_14,-2.0776719731635858,215.44346900318823
early_pre_response,RT_ms,baseline_plus_shuffled_hidden,3,shuffled_hidden_15,-0.34916010224826227,215.44346900318823
early_pre_response,RT_ms,baseline_plus_shuffled_hidden,3,shuffled_hidden_16,1.4886811748630182,215.44346900318823
early_pre_response,RT_ms,baseline_plus_shuffled_hidden,3,shuffled_hidden_17,-6.609032867878108,215.44346900318823
early_pre_response,RT_ms,baseline_plus_shuffled_hidden,3,shuffled_hidden_18,3.9380079919910087,215.44346900318823
early_pre_response,RT_ms,baseline_plus_shuffled_hidden,3,shuffled_hidden_19,-1.3806457501481744,215.44346900318823
early_pre_response,RT_ms,baseline_plus_shuffled_hidden,3,shuffled_hidden_20,4.824133550622462,215.44346900318823
early_pre_response,RT_ms,baseline_plus_shuffled_hidden,3,shuffled_hidden_21,8.967218184643631,215.44346900318823
early_pre_response,RT_ms,baseline_plus_shuffled_hidden,3,shuffled_hidden_22,5.216245707621531,215.44346900318823
early_pre_response,RT_ms,baseline_plus_shuffled_hidden,3,shuffled_hidden_23,0.761331265962586,215.44346900318823
early_pre_response,RT_ms,baseline_plus_shuffled_hidden,3,shuffled_hidden_24,-8.843692951682419,215.44346900318823
early_pre_response,RT_ms,baseline_plus_shuffled_hidden,3,shuffled_hidden_25,0.5095410344179087,215.44346900318823
early_pre_response,RT_ms,baseline_plus_shuffled_hidden,3,shuffled_hidden_26,-0.6099630931741238,215.44346900318823
early_pre_response,RT_ms,baseline_plus_shuffled_hidden,3,shuffled_hidden_27,-7.024230462068417,215.44346900318823
early_pre_response,RT_ms,baseline_plus_shuffled_hidden,3,shuffled_hidden_28,-3.1679558900972427,215.44346900318823
early_pre_response,RT_ms,baseline_plus_shuffled_hidden,3,shuffled_hidden_29,1.8561087766938527,215.44346900318823
early_pre_response,RT_ms,baseline_plus_shuffled_hidden,3,shuffled_hidden_30,-0.43797810688896127,215.44346900318823
early_pre_response,RT_ms,baseline_plus_shuffled_hidden,3,shuffled_hidden_31,2.1903988151017595,215.44346900318823
early_pre_response,RT_ms,baseline_plus_shuffled_hidden,4,shuffled_hidden_00,4.976786725036409,464.1588833612773
early_pre_response,RT_ms,baseline_plus_shuffled_hidden,4,shuffled_hidden_01,0.4912794894537614,464.1588833612773
early_pre_response,RT_ms,baseline_plus_shuffled_hidden,4,shuffled_hidden_02,-2.3475320179625454,464.1588833612773
early_pre_response,RT_ms,baseline_plus_shuffled_hidden,4,shuffled_hidden_03,0.4062470282517561,464.1588833612773
early_pre_response,RT_ms,baseline_plus_shuffled_hidden,4,shuffled_hidden_04,0.2990150119665556,464.1588833612773
early_pre_response,RT_ms,baseline_plus_shuffled_hidden,4,shuffled_hidden_05,-6.274730953557408,464.1588833612773
early_pre_response,RT_ms,baseline_plus_shuffled_hidden,4,shuffled_hidden_06,2.1313773645268403,464.1588833612773
early_pre_response,RT_ms,baseline_plus_shuffled_hidden,4,shuffled_hidden_07,-8.0774468545383,464.1588833612773
early_pre_response,RT_ms,baseline_plus_shuffled_hidden,4,shuffled_hidden_08,3.384745729733144,464.1588833612773
early_pre_response,RT_ms,baseline_plus_shuffled_hidden,4,shuffled_hidden_09,-0.3386719684048595,464.1588833612773
early_pre_response,RT_ms,baseline_plus_shuffled_hidden,4,shuffled_hidden_10,1.804814685868388,464.1588833612773
early_pre_response,RT_ms,baseline_plus_shuffled_hidden,4,shuffled_hidden_11,1.072639793949167,464.1588833612773
early_pre_response,RT_ms,baseline_plus_shuffled_hidden,4,shuffled_hidden_12,1.8966622861680487,464.1588833612773
early_pre_response,RT_ms,baseline_plus_shuffled_hidden,4,shuffled_hidden_13,4.802750789734644,464.1588833612773
early_pre_response,RT_ms,baseline_plus_shuffled_hidden,4,shuffled_hidden_14,-1.4329490925363386,464.1588833612773
early_pre_response,RT_ms,baseline_plus_shuffled_hidden,4,shuffled_hidden_15,4.160114164255531,464.1588833612773
early_pre_response,RT_ms,baseline_plus_shuffled_hidden,4,shuffled_hidden_16,2.0888862222438647,464.1588833612773
early_pre_response,RT_ms,baseline_plus_shuffled_hidden,4,shuffled_hidden_17,-2.9646652808646317,464.1588833612773
early_pre_response,RT_ms,baseline_plus_shuffled_hidden,4,shuffled_hidden_18,-2.4902056938259527,464.1588833612773
early_pre_response,RT_ms,baseline_plus_shuffled_hidden,4,shuffled_hidden_19,-0.12029105937213586,464.1588833612773
early_pre_response,RT_ms,baseline_plus_shuffled_hidden,4,shuffled_hidden_20,2.346159240232943,464.1588833612773
early_pre_response,RT_ms,baseline_plus_shuffled_hidden,4,shuffled_hidden_21,5.035238987164528,464.1588833612773
early_pre_response,RT_ms,baseline_plus_shuffled_hidden,4,shuffled_hidden_22,-2.3714912515179156,464.1588833612773
early_pre_response,RT_ms,baseline_plus_shuffled_hidden,4,shuffled_hidden_23,0.09148625102057058,464.1588833612773
early_pre_response,RT_ms,baseline_plus_shuffled_hidden,4,shuffled_hidden_24,-3.0977036888960026,464.1588833612773
early_pre_response,RT_ms,baseline_plus_shuffled_hidden,4,shuffled_hidden_25,3.3983378830209814,464.1588833612773
early_pre_response,RT_ms,baseline_plus_shuffled_hidden,4,shuffled_hidden_26,3.0718300250478703,464.1588833612773
early_pre_response,RT_ms,baseline_plus_shuffled_hidden,4,shuffled_hidden_27,-4.658609311233749,464.1588833612773
early_pre_response,RT_ms,baseline_plus_shuffled_hidden,4,shuffled_hidden_28,1.8920258920464177,464.1588833612773
early_pre_response,RT_ms,baseline_plus_shuffled_hidden,4,shuffled_hidden_29,1.0517197821733149,464.1588833612773
early_pre_response,RT_ms,baseline_plus_shuffled_hidden,4,shuffled_hidden_30,-2.3213514415480745,464.1588833612773
early_pre_response,RT_ms,baseline_plus_shuffled_hidden,4,shuffled_hidden_31,1.0232756797740752,464.1588833612773
early_pre_response,RT_ms,baseline_plus_shuffled_hidden,5,shuffled_hidden_00,4.412720784549574,215.44346900318823
early_pre_response,RT_ms,baseline_plus_shuffled_hidden,5,shuffled_hidden_01,1.7574858059614173,215.44346900318823
early_pre_response,RT_ms,baseline_plus_shuffled_hidden,5,shuffled_hidden_02,-2.8852907859672454,215.44346900318823
early_pre_response,RT_ms,baseline_plus_shuffled_hidden,5,shuffled_hidden_03,0.28482726123900126,215.44346900318823
early_pre_response,RT_ms,baseline_plus_shuffled_hidden,5,shuffled_hidden_04,4.1656072261597945,215.44346900318823
early_pre_response,RT_ms,baseline_plus_shuffled_hidden,5,shuffled_hidden_05,-4.768524622912988,215.44346900318823
early_pre_response,RT_ms,baseline_plus_shuffled_hidden,5,shuffled_hidden_06,4.286055334294693,215.44346900318823
early_pre_response,RT_ms,baseline_plus_shuffled_hidden,5,shuffled_hidden_07,-11.176226915051469,215.44346900318823
early_pre_response,RT_ms,baseline_plus_shuffled_hidden,5,shuffled_hidden_08,4.503284661869636,215.44346900318823
early_pre_response,RT_ms,baseline_plus_shuffled_hidden,5,shuffled_hidden_09,-2.312208501356665,215.44346900318823
early_pre_response,RT_ms,baseline_plus_shuffled_hidden,5,shuffled_hidden_10,2.338047939511797,215.44346900318823
early_pre_response,RT_ms,baseline_plus_shuffled_hidden,5,shuffled_hidden_11,-6.393643290818615,215.44346900318823
early_pre_response,RT_ms,baseline_plus_shuffled_hidden,5,shuffled_hidden_12,0.017138016468962368,215.44346900318823
early_pre_response,RT_ms,baseline_plus_shuffled_hidden,5,shuffled_hidden_13,5.962987163724568,215.44346900318823
early_pre_response,RT_ms,baseline_plus_shuffled_hidden,5,shuffled_hidden_14,-7.265556354613958,215.44346900318823
early_pre_response,RT_ms,baseline_plus_shuffled_hidden,5,shuffled_hidden_15,-3.5509863249766203,215.44346900318823
early_pre_response,RT_ms,baseline_plus_shuffled_hidden,5,shuffled_hidden_16,3.6518377689616615,215.44346900318823
early_pre_response,RT_ms,baseline_plus_shuffled_hidden,5,shuffled_hidden_17,-4.091628458947224,215.44346900318823
early_pre_response,RT_ms,baseline_plus_shuffled_hidden,5,shuffled_hidden_18,4.205735862123901,215.44346900318823
early_pre_response,RT_ms,baseline_plus_shuffled_hidden,5,shuffled_hidden_19,-3.887871007972745,215.44346900318823
early_pre_response,RT_ms,baseline_plus_shuffled_hidden,5,shuffled_hidden_20,3.0093001141536355,215.44346900318823
early_pre_response,RT_ms,baseline_plus_shuffled_hidden,5,shuffled_hidden_21,12.376050302043891,215.44346900318823
early_pre_response,RT_ms,baseline_plus_shuffled_hidden,5,shuffled_hidden_22,4.868112465593792,215.44346900318823
early_pre_response,RT_ms,baseline_plus_shuffled_hidden,5,shuffled_hidden_23,-0.5264779014811422,215.44346900318823
early_pre_response,RT_ms,baseline_plus_shuffled_hidden,5,shuffled_hidden_24,-5.625262814176417,215.44346900318823
early_pre_response,RT_ms,baseline_plus_shuffled_hidden,5,shuffled_hidden_25,6.804441501208825,215.44346900318823
early_pre_response,RT_ms,baseline_plus_shuffled_hidden,5,shuffled_hidden_26,-5.1894197401575575,215.44346900318823
early_pre_response,RT_ms,baseline_plus_shuffled_hidden,5,shuffled_hidden_27,-0.5484194860634153,215.44346900318823
early_pre_response,RT_ms,baseline_plus_shuffled_hidden,5,shuffled_hidden_28,1.7377541758350468,215.44346900318823
early_pre_response,RT_ms,baseline_plus_shuffled_hidden,5,shuffled_hidden_29,0.7174971198611941,215.44346900318823
early_pre_response,RT_ms,baseline_plus_shuffled_hidden,5,shuffled_hidden_30,1.0176477399546258,215.44346900318823
early_pre_response,RT_ms,baseline_plus_shuffled_hidden,5,shuffled_hidden_31,1.5638168660837453,215.44346900318823
mid_pre_response,log_RT_ms,hidden,1,hidden_00,0.02275293879210949,46.41588833612773
mid_pre_response,log_RT_ms,hidden,1,hidden_01,-0.004093120340257883,46.41588833612773
mid_pre_response,log_RT_ms,hidden,1,hidden_02,-0.00871499814093113,46.41588833612773
mid_pre_response,log_RT_ms,hidden,1,hidden_03,0.08472461998462677,46.41588833612773
mid_pre_response,log_RT_ms,hidden,1,hidden_04,-0.022839626297354698,46.41588833612773
mid_pre_response,log_RT_ms,hidden,1,hidden_05,0.003986068069934845,46.41588833612773
mid_pre_response,log_RT_ms,hidden,1,hidden_06,0.04068106785416603,46.41588833612773
mid_pre_response,log_RT_ms,hidden,1,hidden_07,0.0636567547917366,46.41588833612773
mid_pre_response,log_RT_ms,hidden,1,hidden_08,0.03153679147362709,46.41588833612773
mid_pre_response,log_RT_ms,hidden,1,hidden_09,0.015362795442342758,46.41588833612773
mid_pre_response,log_RT_ms,hidden,1,hidden_10,0.009485689923167229,46.41588833612773
mid_pre_response,log_RT_ms,hidden,1,hidden_11,-0.07116727530956268,46.41588833612773
mid_pre_response,log_RT_ms,hidden,1,hidden_12,0.044908300042152405,46.41588833612773
mid_pre_response,log_RT_ms,hidden,1,hidden_13,0.0752432644367218,46.41588833612773
mid_pre_response,log_RT_ms,hidden,1,hidden_14,0.007418575696647167,46.41588833612773
mid_pre_response,log_RT_ms,hidden,1,hidden_15,0.000579869607463479,46.41588833612773
mid_pre_response,log_RT_ms,hidden,1,hidden_16,-0.04026539623737335,46.41588833612773
mid_pre_response,log_RT_ms,hidden,1,hidden_17,0.04380718991160393,46.41588833612773
mid_pre_response,log_RT_ms,hidden,1,hidden_18,0.03366030007600784,46.41588833612773
mid_pre_response,log_RT_ms,hidden,1,hidden_19,0.027239924296736717,46.41588833612773
mid_pre_response,log_RT_ms,hidden,1,hidden_20,0.044319599866867065,46.41588833612773
mid_pre_response,log_RT_ms,hidden,1,hidden_21,0.004091146867722273,46.41588833612773
mid_pre_response,log_RT_ms,hidden,1,hidden_22,-0.01589876227080822,46.41588833612773
mid_pre_response,log_RT_ms,hidden,1,hidden_23,0.015534859150648117,46.41588833612773
mid_pre_response,log_RT_ms,hidden,1,hidden_24,-0.0089917266741395,46.41588833612773
mid_pre_response,log_RT_ms,hidden,1,hidden_25,0.023932814598083496,46.41588833612773
mid_pre_response,log_RT_ms,hidden,1,hidden_26,0.056735485792160034,46.41588833612773
mid_pre_response,log_RT_ms,hidden,1,hidden_27,-0.01823350228369236,46.41588833612773
mid_pre_response,log_RT_ms,hidden,1,hidden_28,0.010879436507821083,46.41588833612773
mid_pre_response,log_RT_ms,hidden,1,hidden_29,-0.00741361640393734,46.41588833612773
mid_pre_response,log_RT_ms,hidden,1,hidden_30,-0.036603428423404694,46.41588833612773
mid_pre_response,log_RT_ms,hidden,1,hidden_31,-0.02061246521770954,46.41588833612773
mid_pre_response,log_RT_ms,hidden,2,hidden_00,0.027818875387310982,46.41588833612773
mid_pre_response,log_RT_ms,hidden,2,hidden_01,-0.010895716957747936,46.41588833612773
mid_pre_response,log_RT_ms,hidden,2,hidden_02,-0.0006656988989561796,46.41588833612773
mid_pre_response,log_RT_ms,hidden,2,hidden_03,0.10560804605484009,46.41588833612773
mid_pre_response,log_RT_ms,hidden,2,hidden_04,-0.03700131177902222,46.41588833612773
mid_pre_response,log_RT_ms,hidden,2,hidden_05,-0.004082309082150459,46.41588833612773
mid_pre_response,log_RT_ms,hidden,2,hidden_06,0.04054391384124756,46.41588833612773
mid_pre_response,log_RT_ms,hidden,2,hidden_07,0.06040402129292488,46.41588833612773
mid_pre_response,log_RT_ms,hidden,2,hidden_08,0.022065699100494385,46.41588833612773
mid_pre_response,log_RT_ms,hidden,2,hidden_09,0.009065504185855389,46.41588833612773
mid_pre_response,log_RT_ms,hidden,2,hidden_10,0.004776838235557079,46.41588833612773
mid_pre_response,log_RT_ms,hidden,2,hidden_11,-0.07223514467477798,46.41588833612773
mid_pre_response,log_RT_ms,hidden,2,hidden_12,0.038413871079683304,46.41588833612773
mid_pre_response,log_RT_ms,hidden,2,hidden_13,0.07305020838975906,46.41588833612773
mid_pre_response,log_RT_ms,hidden,2,hidden_14,0.02033894695341587,46.41588833612773
mid_pre_response,log_RT_ms,hidden,2,hidden_15,-0.004715214017778635,46.41588833612773
mid_pre_response,log_RT_ms,hidden,2,hidden_16,-0.03810742124915123,46.41588833612773
mid_pre_response,log_RT_ms,hidden,2,hidden_17,0.04021233692765236,46.41588833612773
mid_pre_response,log_RT_ms,hidden,2,hidden_18,0.03646599501371384,46.41588833612773
mid_pre_response,log_RT_ms,hidden,2,hidden_19,0.026140494272112846,46.41588833612773
mid_pre_response,log_RT_ms,hidden,2,hidden_20,0.038830943405628204,46.41588833612773
mid_pre_response,log_RT_ms,hidden,2,hidden_21,-0.010046999901533127,46.41588833612773
mid_pre_response,log_RT_ms,hidden,2,hidden_22,-0.001156280399300158,46.41588833612773
mid_pre_response,log_RT_ms,hidden,2,hidden_23,0.0022800294682383537,46.41588833612773
mid_pre_response,log_RT_ms,hidden,2,hidden_24,0.01072685606777668,46.41588833612773
mid_pre_response,log_RT_ms,hidden,2,hidden_25,-0.0020515816286206245,46.41588833612773
mid_pre_response,log_RT_ms,hidden,2,hidden_26,0.04236305132508278,46.41588833612773
mid_pre_response,log_RT_ms,hidden,2,hidden_27,-0.03168240562081337,46.41588833612773
mid_pre_response,log_RT_ms,hidden,2,hidden_28,0.004160091280937195,46.41588833612773
mid_pre_response,log_RT_ms,hidden,2,hidden_29,-0.0019839720334857702,46.41588833612773
mid_pre_response,log_RT_ms,hidden,2,hidden_30,-0.03745221719145775,46.41588833612773
mid_pre_response,log_RT_ms,hidden,2,hidden_31,-0.008800603449344635,46.41588833612773
mid_pre_response,log_RT_ms,hidden,3,hidden_00,0.028417568653821945,46.41588833612773
mid_pre_response,log_RT_ms,hidden,3,hidden_01,0.0004359688318800181,46.41588833612773
mid_pre_response,log_RT_ms,hidden,3,hidden_02,0.007626911159604788,46.41588833612773
mid_pre_response,log_RT_ms,hidden,3,hidden_03,0.0767267644405365,46.41588833612773
mid_pre_response,log_RT_ms,hidden,3,hidden_04,-0.0028544047381728888,46.41588833612773
mid_pre_response,log_RT_ms,hidden,3,hidden_05,-0.006012595724314451,46.41588833612773
mid_pre_response,log_RT_ms,hidden,3,hidden_06,0.050112564116716385,46.41588833612773
mid_pre_response,log_RT_ms,hidden,3,hidden_07,0.08618960529565811,46.41588833612773
mid_pre_response,log_RT_ms,hidden,3,hidden_08,0.026905208826065063,46.41588833612773
mid_pre_response,log_RT_ms,hidden,3,hidden_09,0.02630298212170601,46.41588833612773
mid_pre_response,log_RT_ms,hidden,3,hidden_10,-0.010966305620968342,46.41588833612773
mid_pre_response,log_RT_ms,hidden,3,hidden_11,-0.05304040014743805,46.41588833612773
mid_pre_response,log_RT_ms,hidden,3,hidden_12,0.04150145873427391,46.41588833612773
mid_pre_response,log_RT_ms,hidden,3,hidden_13,0.0646619126200676,46.41588833612773
mid_pre_response,log_RT_ms,hidden,3,hidden_14,0.0002865754358936101,46.41588833612773
mid_pre_response,log_RT_ms,hidden,3,hidden_15,-0.0019477662863209844,46.41588833612773
mid_pre_response,log_RT_ms,hidden,3,hidden_16,-0.038563475012779236,46.41588833612773
mid_pre_response,log_RT_ms,hidden,3,hidden_17,0.029635658487677574,46.41588833612773
mid_pre_response,log_RT_ms,hidden,3,hidden_18,0.007848250679671764,46.41588833612773
mid_pre_response,log_RT_ms,hidden,3,hidden_19,0.023588920012116432,46.41588833612773
mid_pre_response,log_RT_ms,hidden,3,hidden_20,0.055520690977573395,46.41588833612773
mid_pre_response,log_RT_ms,hidden,3,hidden_21,-0.016748985275626183,46.41588833612773
mid_pre_response,log_RT_ms,hidden,3,hidden_22,-0.004459834657609463,46.41588833612773
mid_pre_response,log_RT_ms,hidden,3,hidden_23,0.017671234905719757,46.41588833612773
mid_pre_response,log_RT_ms,hidden,3,hidden_24,-0.02285640314221382,46.41588833612773
mid_pre_response,log_RT_ms,hidden,3,hidden_25,0.007328420411795378,46.41588833612773
mid_pre_response,log_RT_ms,hidden,3,hidden_26,0.06644413620233536,46.41588833612773
mid_pre_response,log_RT_ms,hidden,3,hidden_27,-0.0319027453660965,46.41588833612773
mid_pre_response,log_RT_ms,hidden,3,hidden_28,-0.010106428526341915,46.41588833612773
mid_pre_response,log_RT_ms,hidden,3,hidden_29,-0.022414805367588997,46.41588833612773
mid_pre_response,log_RT_ms,hidden,3,hidden_30,-0.026493938639760017,46.41588833612773
mid_pre_response,log_RT_ms,hidden,3,hidden_31,-0.027880895882844925,46.41588833612773
mid_pre_response,log_RT_ms,hidden,4,hidden_00,-0.019893430173397064,10.0
mid_pre_response,log_RT_ms,hidden,4,hidden_01,-0.005344896111637354,10.0
mid_pre_response,log_RT_ms,hidden,4,hidden_02,-0.0314214713871479,10.0
mid_pre_response,log_RT_ms,hidden,4,hidden_03,0.14352798461914062,10.0
mid_pre_response,log_RT_ms,hidden,4,hidden_04,0.004268019460141659,10.0
mid_pre_response,log_RT_ms,hidden,4,hidden_05,-0.006477375514805317,10.0
mid_pre_response,log_RT_ms,hidden,4,hidden_06,0.057439252734184265,10.0
mid_pre_response,log_RT_ms,hidden,4,hidden_07,0.09158369153738022,10.0
mid_pre_response,log_RT_ms,hidden,4,hidden_08,0.03617024049162865,10.0
mid_pre_response,log_RT_ms,hidden,4,hidden_09,0.010670066811144352,10.0
mid_pre_response,log_RT_ms,hidden,4,hidden_10,-0.004268069285899401,10.0
mid_pre_response,log_RT_ms,hidden,4,hidden_11,-0.0682530552148819,10.0
mid_pre_response,log_RT_ms,hidden,4,hidden_12,0.04680696502327919,10.0
mid_pre_response,log_RT_ms,hidden,4,hidden_13,0.1493113785982132,10.0
mid_pre_response,log_RT_ms,hidden,4,hidden_14,0.038282785564661026,10.0
mid_pre_response,log_RT_ms,hidden,4,hidden_15,-0.005428689531981945,10.0
mid_pre_response,log_RT_ms,hidden,4,hidden_16,-0.0533822625875473,10.0
mid_pre_response,log_RT_ms,hidden,4,hidden_17,0.06472210586071014,10.0
mid_pre_response,log_RT_ms,hidden,4,hidden_18,0.05895403400063515,10.0
mid_pre_response,log_RT_ms,hidden,4,hidden_19,-0.004260830115526915,10.0
mid_pre_response,log_RT_ms,hidden,4,hidden_20,0.03515808284282684,10.0
mid_pre_response,log_RT_ms,hidden,4,hidden_21,-0.008330806158483028,10.0
mid_pre_response,log_RT_ms,hidden,4,hidden_22,-0.0016266058664768934,10.0
mid_pre_response,log_RT_ms,hidden,4,hidden_23,0.009451111778616905,10.0
mid_pre_response,log_RT_ms,hidden,4,hidden_24,-0.0041854726150631905,10.0
mid_pre_response,log_RT_ms,hidden,4,hidden_25,0.015639862045645714,10.0
mid_pre_response,log_RT_ms,hidden,4,hidden_26,0.12392272800207138,10.0
mid_pre_response,log_RT_ms,hidden,4,hidden_27,-0.011713571846485138,10.0
mid_pre_response,log_RT_ms,hidden,4,hidden_28,0.01281055435538292,10.0
mid_pre_response,log_RT_ms,hidden,4,hidden_29,0.013546294532716274,10.0
mid_pre_response,log_RT_ms,hidden,4,hidden_30,-0.03330782428383827,10.0
mid_pre_response,log_RT_ms,hidden,4,hidden_31,-0.01450169924646616,10.0
mid_pre_response,log_RT_ms,hidden,5,hidden_00,0.011882558465003967,21.54434690031882
mid_pre_response,log_RT_ms,hidden,5,hidden_01,-0.010766910389065742,21.54434690031882
mid_pre_response,log_RT_ms,hidden,5,hidden_02,0.011675584129989147,21.54434690031882
mid_pre_response,log_RT_ms,hidden,5,hidden_03,0.1050674244761467,21.54434690031882
mid_pre_response,log_RT_ms,hidden,5,hidden_04,-0.018625713884830475,21.54434690031882
mid_pre_response,log_RT_ms,hidden,5,hidden_05,-0.014349866658449173,21.54434690031882
mid_pre_response,log_RT_ms,hidden,5,hidden_06,0.06674550473690033,21.54434690031882
mid_pre_response,log_RT_ms,hidden,5,hidden_07,0.07952531427145004,21.54434690031882
mid_pre_response,log_RT_ms,hidden,5,hidden_08,0.015179204754531384,21.54434690031882
mid_pre_response,log_RT_ms,hidden,5,hidden_09,0.012467953376471996,21.54434690031882
mid_pre_response,log_RT_ms,hidden,5,hidden_10,0.0067807468585669994,21.54434690031882
mid_pre_response,log_RT_ms,hidden,5,hidden_11,-0.05499212443828583,21.54434690031882
mid_pre_response,log_RT_ms,hidden,5,hidden_12,0.044707998633384705,21.54434690031882
mid_pre_response,log_RT_ms,hidden,5,hidden_13,0.12659651041030884,21.54434690031882
mid_pre_response,log_RT_ms,hidden,5,hidden_14,0.01226892787963152,21.54434690031882
mid_pre_response,log_RT_ms,hidden,5,hidden_15,-0.004200886469334364,21.54434690031882
mid_pre_response,log_RT_ms,hidden,5,hidden_16,-0.05027540773153305,21.54434690031882
mid_pre_response,log_RT_ms,hidden,5,hidden_17,0.0627799853682518,21.54434690031882
mid_pre_response,log_RT_ms,hidden,5,hidden_18,0.019079914316534996,21.54434690031882
mid_pre_response,log_RT_ms,hidden,5,hidden_19,0.017608145251870155,21.54434690031882
mid_pre_response,log_RT_ms,hidden,5,hidden_20,0.04639656841754913,21.54434690031882
mid_pre_response,log_RT_ms,hidden,5,hidden_21,-0.026033489033579826,21.54434690031882
mid_pre_response,log_RT_ms,hidden,5,hidden_22,-0.03231652081012726,21.54434690031882
mid_pre_response,log_RT_ms,hidden,5,hidden_23,0.03162660449743271,21.54434690031882
mid_pre_response,log_RT_ms,hidden,5,hidden_24,0.010231130756437778,21.54434690031882
mid_pre_response,log_RT_ms,hidden,5,hidden_25,0.007429203484207392,21.54434690031882
mid_pre_response,log_RT_ms,hidden,5,hidden_26,0.08276774734258652,21.54434690031882
mid_pre_response,log_RT_ms,hidden,5,hidden_27,-0.03092437982559204,21.54434690031882
mid_pre_response,log_RT_ms,hidden,5,hidden_28,0.0022205107379704714,21.54434690031882
mid_pre_response,log_RT_ms,hidden,5,hidden_29,0.004134245682507753,21.54434690031882
mid_pre_response,log_RT_ms,hidden,5,hidden_30,-0.02337854728102684,21.54434690031882
mid_pre_response,log_RT_ms,hidden,5,hidden_31,-0.015018284320831299,21.54434690031882
mid_pre_response,log_RT_ms,baseline_plus_hidden,1,hidden_00,0.006900718314320484,21.54434690031882
mid_pre_response,log_RT_ms,baseline_plus_hidden,1,hidden_01,-0.0414224860637483,21.54434690031882
mid_pre_response,log_RT_ms,baseline_plus_hidden,1,hidden_02,-0.010157920331084222,21.54434690031882
mid_pre_response,log_RT_ms,baseline_plus_hidden,1,hidden_03,0.08225251210196222,21.54434690031882
mid_pre_response,log_RT_ms,baseline_plus_hidden,1,hidden_04,-0.04440895201694142,21.54434690031882
mid_pre_response,log_RT_ms,baseline_plus_hidden,1,hidden_05,0.004847596480292165,21.54434690031882
mid_pre_response,log_RT_ms,baseline_plus_hidden,1,hidden_06,0.03773456978768857,21.54434690031882
mid_pre_response,log_RT_ms,baseline_plus_hidden,1,hidden_07,0.06128423316558779,21.54434690031882
mid_pre_response,log_RT_ms,baseline_plus_hidden,1,hidden_08,0.024938960356731734,21.54434690031882
mid_pre_response,log_RT_ms,baseline_plus_hidden,1,hidden_09,-0.004582374869100975,21.54434690031882
mid_pre_response,log_RT_ms,baseline_plus_hidden,1,hidden_10,-0.013777071632054763,21.54434690031882
mid_pre_response,log_RT_ms,baseline_plus_hidden,1,hidden_11,-0.05390422970949916,21.54434690031882
mid_pre_response,log_RT_ms,baseline_plus_hidden,1,hidden_12,0.030857761979013125,21.54434690031882
mid_pre_response,log_RT_ms,baseline_plus_hidden,1,hidden_13,0.10784603157532942,21.54434690031882
mid_pre_response,log_RT_ms,baseline_plus_hidden,1,hidden_14,0.010734736138452428,21.54434690031882
mid_pre_response,log_RT_ms,baseline_plus_hidden,1,hidden_15,-0.0022027183992312715,21.54434690031882
mid_pre_response,log_RT_ms,baseline_plus_hidden,1,hidden_16,-0.024355866047312744,21.54434690031882
mid_pre_response,log_RT_ms,baseline_plus_hidden,1,hidden_17,0.03877568536143533,21.54434690031882
mid_pre_response,log_RT_ms,baseline_plus_hidden,1,hidden_18,0.02088009522138756,21.54434690031882
mid_pre_response,log_RT_ms,baseline_plus_hidden,1,hidden_19,0.015437947196622788,21.54434690031882
mid_pre_response,log_RT_ms,baseline_plus_hidden,1,hidden_20,0.02111784054893111,21.54434690031882
mid_pre_response,log_RT_ms,baseline_plus_hidden,1,hidden_21,0.0073020187347048035,21.54434690031882
mid_pre_response,log_RT_ms,baseline_plus_hidden,1,hidden_22,-0.008903929230626393,21.54434690031882
mid_pre_response,log_RT_ms,baseline_plus_hidden,1,hidden_23,0.00724385818346648,21.54434690031882
mid_pre_response,log_RT_ms,baseline_plus_hidden,1,hidden_24,-0.0015460372841682097,21.54434690031882
mid_pre_response,log_RT_ms,baseline_plus_hidden,1,hidden_25,0.029678317246573716,21.54434690031882
mid_pre_response,log_RT_ms,baseline_plus_hidden,1,hidden_26,0.05937266687048285,21.54434690031882
mid_pre_response,log_RT_ms,baseline_plus_hidden,1,hidden_27,-0.02304290642020578,21.54434690031882
mid_pre_response,log_RT_ms,baseline_plus_hidden,1,hidden_28,0.011075836712845935,21.54434690031882
mid_pre_response,log_RT_ms,baseline_plus_hidden,1,hidden_29,0.000421109821187848,21.54434690031882
mid_pre_response,log_RT_ms,baseline_plus_hidden,1,hidden_30,-0.015332218885028897,21.54434690031882
mid_pre_response,log_RT_ms,baseline_plus_hidden,1,hidden_31,0.0003607558858725948,21.54434690031882
mid_pre_response,log_RT_ms,baseline_plus_hidden,2,hidden_00,-0.00928384107863978,4.6415888336127775
mid_pre_response,log_RT_ms,baseline_plus_hidden,2,hidden_01,-0.07852582343949832,4.6415888336127775
mid_pre_response,log_RT_ms,baseline_plus_hidden,2,hidden_02,-0.007584668406092818,4.6415888336127775
mid_pre_response,log_RT_ms,baseline_plus_hidden,2,hidden_03,0.14747724000944287,4.6415888336127775
mid_pre_response,log_RT_ms,baseline_plus_hidden,2,hidden_04,-0.09777862186692117,4.6415888336127775
mid_pre_response,log_RT_ms,baseline_plus_hidden,2,hidden_05,0.006363720395147072,4.6415888336127775
mid_pre_response,log_RT_ms,baseline_plus_hidden,2,hidden_06,0.04413100952906837,4.6415888336127775
mid_pre_response,log_RT_ms,baseline_plus_hidden,2,hidden_07,0.07581998142595889,4.6415888336127775
mid_pre_response,log_RT_ms,baseline_plus_hidden,2,hidden_08,0.01381095173820897,4.6415888336127775
mid_pre_response,log_RT_ms,baseline_plus_hidden,2,hidden_09,-0.07926188744107995,4.6415888336127775
mid_pre_response,log_RT_ms,baseline_plus_hidden,2,hidden_10,-0.06095229424757435,4.6415888336127775
mid_pre_response,log_RT_ms,baseline_plus_hidden,2,hidden_11,-0.04963701548859158,4.6415888336127775
mid_pre_response,log_RT_ms,baseline_plus_hidden,2,hidden_12,0.025892014528488966,4.6415888336127775
mid_pre_response,log_RT_ms,baseline_plus_hidden,2,hidden_13,0.1836988536321815,4.6415888336127775
mid_pre_response,log_RT_ms,baseline_plus_hidden,2,hidden_14,0.07589511895755184,4.6415888336127775
mid_pre_response,log_RT_ms,baseline_plus_hidden,2,hidden_15,-0.011022945356292656,4.6415888336127775
mid_pre_response,log_RT_ms,baseline_plus_hidden,2,hidden_16,-0.03173869605839318,4.6415888336127775
mid_pre_response,log_RT_ms,baseline_plus_hidden,2,hidden_17,0.039476435066525636,4.6415888336127775
mid_pre_response,log_RT_ms,baseline_plus_hidden,2,hidden_18,0.019184341689164053,4.6415888336127775
mid_pre_response,log_RT_ms,baseline_plus_hidden,2,hidden_19,0.003461339328311204,4.6415888336127775
mid_pre_response,log_RT_ms,baseline_plus_hidden,2,hidden_20,0.02196294760880556,4.6415888336127775
mid_pre_response,log_RT_ms,baseline_plus_hidden,2,hidden_21,0.033992712240643354,4.6415888336127775
mid_pre_response,log_RT_ms,baseline_plus_hidden,2,hidden_22,-0.006332491920326502,4.6415888336127775
mid_pre_response,log_RT_ms,baseline_plus_hidden,2,hidden_23,-0.004772814786645352,4.6415888336127775
mid_pre_response,log_RT_ms,baseline_plus_hidden,2,hidden_24,0.015331145141439738,4.6415888336127775
mid_pre_response,log_RT_ms,baseline_plus_hidden,2,hidden_25,0.00026131422364484544,4.6415888336127775
mid_pre_response,log_RT_ms,baseline_plus_hidden,2,hidden_26,0.08990704998182285,4.6415888336127775
mid_pre_response,log_RT_ms,baseline_plus_hidden,2,hidden_27,-0.010783584874402515,4.6415888336127775
mid_pre_response,log_RT_ms,baseline_plus_hidden,2,hidden_28,0.016525897378009205,4.6415888336127775
mid_pre_response,log_RT_ms,baseline_plus_hidden,2,hidden_29,0.012699759303329346,4.6415888336127775
mid_pre_response,log_RT_ms,baseline_plus_hidden,2,hidden_30,0.02484746254817022,4.6415888336127775
mid_pre_response,log_RT_ms,baseline_plus_hidden,2,hidden_31,0.014142813337216224,4.6415888336127775
mid_pre_response,log_RT_ms,baseline_plus_hidden,3,hidden_00,-0.012552122868956038,4.6415888336127775
mid_pre_response,log_RT_ms,baseline_plus_hidden,3,hidden_01,-0.04515687399954505,4.6415888336127775
mid_pre_response,log_RT_ms,baseline_plus_hidden,3,hidden_02,0.01827013403497009,4.6415888336127775
mid_pre_response,log_RT_ms,baseline_plus_hidden,3,hidden_03,0.09024324629581254,4.6415888336127775
mid_pre_response,log_RT_ms,baseline_plus_hidden,3,hidden_04,0.012773779557612722,4.6415888336127775
mid_pre_response,log_RT_ms,baseline_plus_hidden,3,hidden_05,-0.015016580407542127,4.6415888336127775
mid_pre_response,log_RT_ms,baseline_plus_hidden,3,hidden_06,0.08269347899133547,4.6415888336127775
mid_pre_response,log_RT_ms,baseline_plus_hidden,3,hidden_07,0.10787025243638018,4.6415888336127775
mid_pre_response,log_RT_ms,baseline_plus_hidden,3,hidden_08,0.013479481301277652,4.6415888336127775
mid_pre_response,log_RT_ms,baseline_plus_hidden,3,hidden_09,-0.022051439357647588,4.6415888336127775
mid_pre_response,log_RT_ms,baseline_plus_hidden,3,hidden_10,-0.05905372469967711,4.6415888336127775
mid_pre_response,log_RT_ms,baseline_plus_hidden,3,hidden_11,-0.03679446915094667,4.6415888336127775
mid_pre_response,log_RT_ms,baseline_plus_hidden,3,hidden_12,0.028977792775223905,4.6415888336127775
mid_pre_response,log_RT_ms,baseline_plus_hidden,3,hidden_13,0.11843397420010383,4.6415888336127775
mid_pre_response,log_RT_ms,baseline_plus_hidden,3,hidden_14,-0.03613698906377022,4.6415888336127775
mid_pre_response,log_RT_ms,baseline_plus_hidden,3,hidden_15,-0.005976280158943205,4.6415888336127775
mid_pre_response,log_RT_ms,baseline_plus_hidden,3,hidden_16,-0.02572880262178723,4.6415888336127775
mid_pre_response,log_RT_ms,baseline_plus_hidden,3,hidden_17,0.02581244559366712,4.6415888336127775
mid_pre_response,log_RT_ms,baseline_plus_hidden,3,hidden_18,-0.03534591956920116,4.6415888336127775
mid_pre_response,log_RT_ms,baseline_plus_hidden,3,hidden_19,0.019627693692869642,4.6415888336127775
mid_pre_response,log_RT_ms,baseline_plus_hidden,3,hidden_20,0.038329781284231826,4.6415888336127775
mid_pre_response,log_RT_ms,baseline_plus_hidden,3,hidden_21,-0.006679701047334391,4.6415888336127775
mid_pre_response,log_RT_ms,baseline_plus_hidden,3,hidden_22,0.03202368993386857,4.6415888336127775
mid_pre_response,log_RT_ms,baseline_plus_hidden,3,hidden_23,0.006283614914850972,4.6415888336127775
mid_pre_response,log_RT_ms,baseline_plus_hidden,3,hidden_24,-0.01843926486308093,4.6415888336127775
mid_pre_response,log_RT_ms,baseline_plus_hidden,3,hidden_25,0.01305757732535037,4.6415888336127775
mid_pre_response,log_RT_ms,baseline_plus_hidden,3,hidden_26,0.10891593746801868,4.6415888336127775
mid_pre_response,log_RT_ms,baseline_plus_hidden,3,hidden_27,-0.05155547048729016,4.6415888336127775
mid_pre_response,log_RT_ms,baseline_plus_hidden,3,hidden_28,-0.03055559930434742,4.6415888336127775
mid_pre_response,log_RT_ms,baseline_plus_hidden,3,hidden_29,-0.044658388593239645,4.6415888336127775
mid_pre_response,log_RT_ms,baseline_plus_hidden,3,hidden_30,0.03474345757036047,4.6415888336127775
mid_pre_response,log_RT_ms,baseline_plus_hidden,3,hidden_31,-0.00848074594019511,4.6415888336127775
mid_pre_response,log_RT_ms,baseline_plus_hidden,4,hidden_00,-0.027438476795638055,10.0
mid_pre_response,log_RT_ms,baseline_plus_hidden,4,hidden_01,-0.03868242085623476,10.0
mid_pre_response,log_RT_ms,baseline_plus_hidden,4,hidden_02,-0.022673777876736197,10.0
mid_pre_response,log_RT_ms,baseline_plus_hidden,4,hidden_03,0.10060804508970529,10.0
mid_pre_response,log_RT_ms,baseline_plus_hidden,4,hidden_04,-0.015480775960461405,10.0
mid_pre_response,log_RT_ms,baseline_plus_hidden,4,hidden_05,-0.00420116226511433,10.0
mid_pre_response,log_RT_ms,baseline_plus_hidden,4,hidden_06,0.05392696482971385,10.0
mid_pre_response,log_RT_ms,baseline_plus_hidden,4,hidden_07,0.07688291802077077,10.0
mid_pre_response,log_RT_ms,baseline_plus_hidden,4,hidden_08,0.025085051993163736,10.0
mid_pre_response,log_RT_ms,baseline_plus_hidden,4,hidden_09,-0.016577365109509787,10.0
mid_pre_response,log_RT_ms,baseline_plus_hidden,4,hidden_10,-0.026850424668529393,10.0
mid_pre_response,log_RT_ms,baseline_plus_hidden,4,hidden_11,-0.03952511928255126,10.0
mid_pre_response,log_RT_ms,baseline_plus_hidden,4,hidden_12,0.03184839484247495,10.0
mid_pre_response,log_RT_ms,baseline_plus_hidden,4,hidden_13,0.14091902614374488,10.0
mid_pre_response,log_RT_ms,baseline_plus_hidden,4,hidden_14,0.00585702495594713,10.0
mid_pre_response,log_RT_ms,baseline_plus_hidden,4,hidden_15,-0.0026164765619620697,10.0
mid_pre_response,log_RT_ms,baseline_plus_hidden,4,hidden_16,-0.0367487088487595,10.0
mid_pre_response,log_RT_ms,baseline_plus_hidden,4,hidden_17,0.04092338037015995,10.0
mid_pre_response,log_RT_ms,baseline_plus_hidden,4,hidden_18,0.039828488480049655,10.0
mid_pre_response,log_RT_ms,baseline_plus_hidden,4,hidden_19,0.0016864435753951668,10.0
mid_pre_response,log_RT_ms,baseline_plus_hidden,4,hidden_20,0.020558126014911478,10.0
mid_pre_response,log_RT_ms,baseline_plus_hidden,4,hidden_21,0.0003086612460374204,10.0
mid_pre_response,log_RT_ms,baseline_plus_hidden,4,hidden_22,0.004309725755298882,10.0
mid_pre_response,log_RT_ms,baseline_plus_hidden,4,hidden_23,0.00489014428336288,10.0
mid_pre_response,log_RT_ms,baseline_plus_hidden,4,hidden_24,-0.005723341854765192,10.0
mid_pre_response,log_RT_ms,baseline_plus_hidden,4,hidden_25,0.019691388682148973,10.0
mid_pre_response,log_RT_ms,baseline_plus_hidden,4,hidden_26,0.10307098591904719,10.0
mid_pre_response,log_RT_ms,baseline_plus_hidden,4,hidden_27,-0.018053981089646943,10.0
mid_pre_response,log_RT_ms,baseline_plus_hidden,4,hidden_28,0.014934393492516379,10.0
mid_pre_response,log_RT_ms,baseline_plus_hidden,4,hidden_29,0.007456118098843409,10.0
mid_pre_response,log_RT_ms,baseline_plus_hidden,4,hidden_30,-0.009998699135463193,10.0
mid_pre_response,log_RT_ms,baseline_plus_hidden,4,hidden_31,-0.00044352722479211156,10.0
mid_pre_response,log_RT_ms,baseline_plus_hidden,5,hidden_00,0.0015058779919075057,4641.588833612773
mid_pre_response,log_RT_ms,baseline_plus_hidden,5,hidden_01,-0.005132227456164709,4641.588833612773
mid_pre_response,log_RT_ms,baseline_plus_hidden,5,hidden_02,0.0014594872878818225,4641.588833612773
mid_pre_response,log_RT_ms,baseline_plus_hidden,5,hidden_03,0.004800469034725562,4641.588833612773
mid_pre_response,log_RT_ms,baseline_plus_hidden,5,hidden_04,-0.010175514859123989,4641.588833612773
mid_pre_response,log_RT_ms,baseline_plus_hidden,5,hidden_05,-0.003868380170626599,4641.588833612773
mid_pre_response,log_RT_ms,baseline_plus_hidden,5,hidden_06,0.004990519344945867,4641.588833612773
mid_pre_response,log_RT_ms,baseline_plus_hidden,5,hidden_07,0.012946901296757875,4641.588833612773
mid_pre_response,log_RT_ms,baseline_plus_hidden,5,hidden_08,0.004694687687727457,4641.588833612773
mid_pre_response,log_RT_ms,baseline_plus_hidden,5,hidden_09,0.003482957864466456,4641.588833612773
mid_pre_response,log_RT_ms,baseline_plus_hidden,5,hidden_10,0.008880356822638148,4641.588833612773
mid_pre_response,log_RT_ms,baseline_plus_hidden,5,hidden_11,-0.004009177996294658,4641.588833612773
mid_pre_response,log_RT_ms,baseline_plus_hidden,5,hidden_12,0.017560108730782887,4641.588833612773
mid_pre_response,log_RT_ms,baseline_plus_hidden,5,hidden_13,0.0007113506583616542,4641.588833612773
mid_pre_response,log_RT_ms,baseline_plus_hidden,5,hidden_14,-0.006535151451250036,4641.588833612773
mid_pre_response,log_RT_ms,baseline_plus_hidden,5,hidden_15,0.0007026132870107227,4641.588833612773
mid_pre_response,log_RT_ms,baseline_plus_hidden,5,hidden_16,-0.0026297817587547572,4641.588833612773
mid_pre_response,log_RT_ms,baseline_plus_hidden,5,hidden_17,-0.003035573419658154,4641.588833612773
mid_pre_response,log_RT_ms,baseline_plus_hidden,5,hidden_18,0.004353682742083326,4641.588833612773
mid_pre_response,log_RT_ms,baseline_plus_hidden,5,hidden_19,0.0017172546602990484,4641.588833612773
mid_pre_response,log_RT_ms,baseline_plus_hidden,5,hidden_20,0.0011869591182755268,4641.588833612773
mid_pre_response,log_RT_ms,baseline_plus_hidden,5,hidden_21,0.005370424555540889,4641.588833612773
mid_pre_response,log_RT_ms,baseline_plus_hidden,5,hidden_22,-0.004296695607632808,4641.588833612773
mid_pre_response,log_RT_ms,baseline_plus_hidden,5,hidden_23,0.0024042082712098485,4641.588833612773
mid_pre_response,log_RT_ms,baseline_plus_hidden,5,hidden_24,0.0002898263109275368,4641.588833612773
mid_pre_response,log_RT_ms,baseline_plus_hidden,5,hidden_25,0.0010087807144627705,4641.588833612773
mid_pre_response,log_RT_ms,baseline_plus_hidden,5,hidden_26,0.0031423439810374246,4641.588833612773
mid_pre_response,log_RT_ms,baseline_plus_hidden,5,hidden_27,-0.0011997743302667259,4641.588833612773
mid_pre_response,log_RT_ms,baseline_plus_hidden,5,hidden_28,-0.005451295100478121,4641.588833612773
mid_pre_response,log_RT_ms,baseline_plus_hidden,5,hidden_29,0.0031904977645940288,4641.588833612773
mid_pre_response,log_RT_ms,baseline_plus_hidden,5,hidden_30,-0.003774428231720494,4641.588833612773
mid_pre_response,log_RT_ms,baseline_plus_hidden,5,hidden_31,-0.004875311758010669,4641.588833612773
mid_pre_response,log_RT_ms,baseline_plus_shuffled_hidden,1,shuffled_hidden_00,0.004072193605375567,0.001
mid_pre_response,log_RT_ms,baseline_plus_shuffled_hidden,1,shuffled_hidden_01,-0.02881447177218138,0.001
mid_pre_response,log_RT_ms,baseline_plus_shuffled_hidden,1,shuffled_hidden_02,0.010611695701187095,0.001
mid_pre_response,log_RT_ms,baseline_plus_shuffled_hidden,1,shuffled_hidden_03,-0.005178057234487933,0.001
mid_pre_response,log_RT_ms,baseline_plus_shuffled_hidden,1,shuffled_hidden_04,0.08566714745017566,0.001
mid_pre_response,log_RT_ms,baseline_plus_shuffled_hidden,1,shuffled_hidden_05,0.005815997296434028,0.001
mid_pre_response,log_RT_ms,baseline_plus_shuffled_hidden,1,shuffled_hidden_06,0.07414449280285727,0.001
mid_pre_response,log_RT_ms,baseline_plus_shuffled_hidden,1,shuffled_hidden_07,0.0775659776570438,0.001
mid_pre_response,log_RT_ms,baseline_plus_shuffled_hidden,1,shuffled_hidden_08,-0.036543621150246675,0.001
mid_pre_response,log_RT_ms,baseline_plus_shuffled_hidden,1,shuffled_hidden_09,-0.24682625744075576,0.001
mid_pre_response,log_RT_ms,baseline_plus_shuffled_hidden,1,shuffled_hidden_10,-0.02884937266677539,0.001
mid_pre_response,log_RT_ms,baseline_plus_shuffled_hidden,1,shuffled_hidden_11,0.023370164792803325,0.001
mid_pre_response,log_RT_ms,baseline_plus_shuffled_hidden,1,shuffled_hidden_12,-0.007282808940757838,0.001
mid_pre_response,log_RT_ms,baseline_plus_shuffled_hidden,1,shuffled_hidden_13,-0.026870065496014128,0.001
mid_pre_response,log_RT_ms,baseline_plus_shuffled_hidden,1,shuffled_hidden_14,-0.047712951541124496,0.001
mid_pre_response,log_RT_ms,baseline_plus_shuffled_hidden,1,shuffled_hidden_15,0.016608266856234784,0.001
mid_pre_response,log_RT_ms,baseline_plus_shuffled_hidden,1,shuffled_hidden_16,0.0011131264669182292,0.001
mid_pre_response,log_RT_ms,baseline_plus_shuffled_hidden,1,shuffled_hidden_17,-0.025333124917934515,0.001
mid_pre_response,log_RT_ms,baseline_plus_shuffled_hidden,1,shuffled_hidden_18,0.03792260475159025,0.001
mid_pre_response,log_RT_ms,baseline_plus_shuffled_hidden,1,shuffled_hidden_19,0.024273241421468347,0.001
mid_pre_response,log_RT_ms,baseline_plus_shuffled_hidden,1,shuffled_hidden_20,-0.012490861738470704,0.001
mid_pre_response,log_RT_ms,baseline_plus_shuffled_hidden,1,shuffled_hidden_21,0.006142002670511537,0.001
mid_pre_response,log_RT_ms,baseline_plus_shuffled_hidden,1,shuffled_hidden_22,-0.0019659027114407703,0.001
mid_pre_response,log_RT_ms,baseline_plus_shuffled_hidden,1,shuffled_hidden_23,0.00834011536999439,0.001
mid_pre_response,log_RT_ms,baseline_plus_shuffled_hidden,1,shuffled_hidden_24,-0.0034432986291779246,0.001
mid_pre_response,log_RT_ms,baseline_plus_shuffled_hidden,1,shuffled_hidden_25,0.014550662507575664,0.001
mid_pre_response,log_RT_ms,baseline_plus_shuffled_hidden,1,shuffled_hidden_26,0.11496734251936866,0.001
mid_pre_response,log_RT_ms,baseline_plus_shuffled_hidden,1,shuffled_hidden_27,0.01855430966654928,0.001
mid_pre_response,log_RT_ms,baseline_plus_shuffled_hidden,1,shuffled_hidden_28,0.009169896158356911,0.001
mid_pre_response,log_RT_ms,baseline_plus_shuffled_hidden,1,shuffled_hidden_29,0.015657400502854652,0.001
mid_pre_response,log_RT_ms,baseline_plus_shuffled_hidden,1,shuffled_hidden_30,0.013760947777290427,0.001
mid_pre_response,log_RT_ms,baseline_plus_shuffled_hidden,1,shuffled_hidden_31,0.014655893582702391,0.001
mid_pre_response,log_RT_ms,baseline_plus_shuffled_hidden,2,shuffled_hidden_00,-0.00043065470259807107,215.44346900318823
mid_pre_response,log_RT_ms,baseline_plus_shuffled_hidden,2,shuffled_hidden_01,0.0003127718563426325,215.44346900318823
mid_pre_response,log_RT_ms,baseline_plus_shuffled_hidden,2,shuffled_hidden_02,0.0007567382882391697,215.44346900318823
mid_pre_response,log_RT_ms,baseline_plus_shuffled_hidden,2,shuffled_hidden_03,0.00019236515895028819,215.44346900318823
mid_pre_response,log_RT_ms,baseline_plus_shuffled_hidden,2,shuffled_hidden_04,-0.002954504156424728,215.44346900318823
mid_pre_response,log_RT_ms,baseline_plus_shuffled_hidden,2,shuffled_hidden_05,-0.0027343787047916204,215.44346900318823
mid_pre_response,log_RT_ms,baseline_plus_shuffled_hidden,2,shuffled_hidden_06,5.399819941570843e-06,215.44346900318823
mid_pre_response,log_RT_ms,baseline_plus_shuffled_hidden,2,shuffled_hidden_07,0.0007431503710884903,215.44346900318823
mid_pre_response,log_RT_ms,baseline_plus_shuffled_hidden,2,shuffled_hidden_08,-0.010720263102650982,215.44346900318823
mid_pre_response,log_RT_ms,baseline_plus_shuffled_hidden,2,shuffled_hidden_09,2.7839864853359446e-05,215.44346900318823
mid_pre_response,log_RT_ms,baseline_plus_shuffled_hidden,2,shuffled_hidden_10,-0.007401184797894153,215.44346900318823
mid_pre_response,log_RT_ms,baseline_plus_shuffled_hidden,2,shuffled_hidden_11,-0.004720914538572712,215.44346900318823
mid_pre_response,log_RT_ms,baseline_plus_shuffled_hidden,2,shuffled_hidden_12,-0.007199903569727455,215.44346900318823
mid_pre_response,log_RT_ms,baseline_plus_shuffled_hidden,2,shuffled_hidden_13,-0.003123155936052749,215.44346900318823
mid_pre_response,log_RT_ms,baseline_plus_shuffled_hidden,2,shuffled_hidden_14,-0.004836178762497651,215.44346900318823
mid_pre_response,log_RT_ms,baseline_plus_shuffled_hidden,2,shuffled_hidden_15,0.007716227361453993,215.44346900318823
mid_pre_response,log_RT_ms,baseline_plus_shuffled_hidden,2,shuffled_hidden_16,-0.0019064509704725741,215.44346900318823
mid_pre_response,log_RT_ms,baseline_plus_shuffled_hidden,2,shuffled_hidden_17,-0.008948003172641847,215.44346900318823
mid_pre_response,log_RT_ms,baseline_plus_shuffled_hidden,2,shuffled_hidden_18,0.00305716881695316,215.44346900318823
mid_pre_response,log_RT_ms,baseline_plus_shuffled_hidden,2,shuffled_hidden_19,0.005154272503288331,215.44346900318823
mid_pre_response,log_RT_ms,baseline_plus_shuffled_hidden,2,shuffled_hidden_20,-0.007193516315254879,215.44346900318823
mid_pre_response,log_RT_ms,baseline_plus_shuffled_hidden,2,shuffled_hidden_21,0.004463389516638652,215.44346900318823
mid_pre_response,log_RT_ms,baseline_plus_shuffled_hidden,2,shuffled_hidden_22,0.0004629230882588075,215.44346900318823
mid_pre_response,log_RT_ms,baseline_plus_shuffled_hidden,2,shuffled_hidden_23,0.006974523831961323,215.44346900318823
mid_pre_response,log_RT_ms,baseline_plus_shuffled_hidden,2,shuffled_hidden_24,-0.007841884153835068,215.44346900318823
mid_pre_response,log_RT_ms,baseline_plus_shuffled_hidden,2,shuffled_hidden_25,0.004838773507121285,215.44346900318823
mid_pre_response,log_RT_ms,baseline_plus_shuffled_hidden,2,shuffled_hidden_26,-0.003987288687013985,215.44346900318823
mid_pre_response,log_RT_ms,baseline_plus_shuffled_hidden,2,shuffled_hidden_27,0.007267712241421668,215.44346900318823
mid_pre_response,log_RT_ms,baseline_plus_shuffled_hidden,2,shuffled_hidden_28,0.004607837310387944,215.44346900318823
mid_pre_response,log_RT_ms,baseline_plus_shuffled_hidden,2,shuffled_hidden_29,-0.003009151170694463,215.44346900318823
mid_pre_response,log_RT_ms,baseline_plus_shuffled_hidden,2,shuffled_hidden_30,-0.008847575427091657,215.44346900318823
mid_pre_response,log_RT_ms,baseline_plus_shuffled_hidden,2,shuffled_hidden_31,0.006796262491517885,215.44346900318823
mid_pre_response,log_RT_ms,baseline_plus_shuffled_hidden,3,shuffled_hidden_00,-0.0464278807635931,4.6415888336127775
mid_pre_response,log_RT_ms,baseline_plus_shuffled_hidden,3,shuffled_hidden_01,-0.008983151868386668,4.6415888336127775
mid_pre_response,log_RT_ms,baseline_plus_shuffled_hidden,3,shuffled_hidden_02,-0.029572756159237656,4.6415888336127775
mid_pre_response,log_RT_ms,baseline_plus_shuffled_hidden,3,shuffled_hidden_03,0.005403267102736833,4.6415888336127775
mid_pre_response,log_RT_ms,baseline_plus_shuffled_hidden,3,shuffled_hidden_04,-0.008428158097025183,4.6415888336127775
mid_pre_response,log_RT_ms,baseline_plus_shuffled_hidden,3,shuffled_hidden_05,0.004284398161884154,4.6415888336127775
mid_pre_response,log_RT_ms,baseline_plus_shuffled_hidden,3,shuffled_hidden_06,-0.018027778147888224,4.6415888336127775
mid_pre_response,log_RT_ms,baseline_plus_shuffled_hidden,3,shuffled_hidden_07,-0.020385211793443218,4.6415888336127775
mid_pre_response,log_RT_ms,baseline_plus_shuffled_hidden,3,shuffled_hidden_08,-0.0026806109038478797,4.6415888336127775
mid_pre_response,log_RT_ms,baseline_plus_shuffled_hidden,3,shuffled_hidden_09,0.009320006676695,4.6415888336127775
mid_pre_response,log_RT_ms,baseline_plus_shuffled_hidden,3,shuffled_hidden_10,-0.002206883010733943,4.6415888336127775
mid_pre_response,log_RT_ms,baseline_plus_shuffled_hidden,3,shuffled_hidden_11,-0.01580256811953236,4.6415888336127775
mid_pre_response,log_RT_ms,baseline_plus_shuffled_hidden,3,shuffled_hidden_12,-0.010289999251082135,4.6415888336127775
mid_pre_response,log_RT_ms,baseline_plus_shuffled_hidden,3,shuffled_hidden_13,0.017952553715607795,4.6415888336127775
mid_pre_response,log_RT_ms,baseline_plus_shuffled_hidden,3,shuffled_hidden_14,-0.07466743706157894,4.6415888336127775
mid_pre_response,log_RT_ms,baseline_plus_shuffled_hidden,3,shuffled_hidden_15,0.005985545515564874,4.6415888336127775
mid_pre_response,log_RT_ms,baseline_plus_shuffled_hidden,3,shuffled_hidden_16,-0.0014885982598603208,4.6415888336127775
mid_pre_response,log_RT_ms,baseline_plus_shuffled_hidden,3,shuffled_hidden_17,-0.0034005555748697755,4.6415888336127775
mid_pre_response,log_RT_ms,baseline_plus_shuffled_hidden,3,shuffled_hidden_18,9.960908732572635e-05,4.6415888336127775
mid_pre_response,log_RT_ms,baseline_plus_shuffled_hidden,3,shuffled_hidden_19,0.03109822076753302,4.6415888336127775
mid_pre_response,log_RT_ms,baseline_plus_shuffled_hidden,3,shuffled_hidden_20,-0.008691569747209978,4.6415888336127775
mid_pre_response,log_RT_ms,baseline_plus_shuffled_hidden,3,shuffled_hidden_21,-0.0036234873307315406,4.6415888336127775
mid_pre_response,log_RT_ms,baseline_plus_shuffled_hidden,3,shuffled_hidden_22,0.008951536154553824,4.6415888336127775
mid_pre_response,log_RT_ms,baseline_plus_shuffled_hidden,3,shuffled_hidden_23,-0.003636587096098418,4.6415888336127775
mid_pre_response,log_RT_ms,baseline_plus_shuffled_hidden,3,shuffled_hidden_24,0.008782100706390886,4.6415888336127775
mid_pre_response,log_RT_ms,baseline_plus_shuffled_hidden,3,shuffled_hidden_25,-0.013007168364010913,4.6415888336127775
mid_pre_response,log_RT_ms,baseline_plus_shuffled_hidden,3,shuffled_hidden_26,0.01524620840707124,4.6415888336127775
mid_pre_response,log_RT_ms,baseline_plus_shuffled_hidden,3,shuffled_hidden_27,0.0062147708310886,4.6415888336127775
mid_pre_response,log_RT_ms,baseline_plus_shuffled_hidden,3,shuffled_hidden_28,-0.001413870217713869,4.6415888336127775
mid_pre_response,log_RT_ms,baseline_plus_shuffled_hidden,3,shuffled_hidden_29,-0.029541458063509985,4.6415888336127775
mid_pre_response,log_RT_ms,baseline_plus_shuffled_hidden,3,shuffled_hidden_30,0.01343617037565849,4.6415888336127775
mid_pre_response,log_RT_ms,baseline_plus_shuffled_hidden,3,shuffled_hidden_31,0.010592204458784836,4.6415888336127775
mid_pre_response,log_RT_ms,baseline_plus_shuffled_hidden,4,shuffled_hidden_00,-0.0034322137459015687,215.44346900318823
mid_pre_response,log_RT_ms,baseline_plus_shuffled_hidden,4,shuffled_hidden_01,-0.008802567721310784,215.44346900318823
mid_pre_response,log_RT_ms,baseline_plus_shuffled_hidden,4,shuffled_hidden_02,-0.0020992537107436377,215.44346900318823
mid_pre_response,log_RT_ms,baseline_plus_shuffled_hidden,4,shuffled_hidden_03,-0.00024339745405815272,215.44346900318823
mid_pre_response,log_RT_ms,baseline_plus_shuffled_hidden,4,shuffled_hidden_04,-0.005967623244903174,215.44346900318823
mid_pre_response,log_RT_ms,baseline_plus_shuffled_hidden,4,shuffled_hidden_05,0.0005046274188821942,215.44346900318823
mid_pre_response,log_RT_ms,baseline_plus_shuffled_hidden,4,shuffled_hidden_06,-0.0003153811162049194,215.44346900318823
mid_pre_response,log_RT_ms,baseline_plus_shuffled_hidden,4,shuffled_hidden_07,-0.0007079912740376456,215.44346900318823
mid_pre_response,log_RT_ms,baseline_plus_shuffled_hidden,4,shuffled_hidden_08,-0.010914161452840153,215.44346900318823
mid_pre_response,log_RT_ms,baseline_plus_shuffled_hidden,4,shuffled_hidden_09,0.00015038330189547647,215.44346900318823
mid_pre_response,log_RT_ms,baseline_plus_shuffled_hidden,4,shuffled_hidden_10,-0.004033347180533666,215.44346900318823
mid_pre_response,log_RT_ms,baseline_plus_shuffled_hidden,4,shuffled_hidden_11,-0.005282092042295839,215.44346900318823
mid_pre_response,log_RT_ms,baseline_plus_shuffled_hidden,4,shuffled_hidden_12,-0.0023280567970100376,215.44346900318823
mid_pre_response,log_RT_ms,baseline_plus_shuffled_hidden,4,shuffled_hidden_13,-0.003541877315703552,215.44346900318823
mid_pre_response,log_RT_ms,baseline_plus_shuffled_hidden,4,shuffled_hidden_14,-0.004947303486631232,215.44346900318823
mid_pre_response,log_RT_ms,baseline_plus_shuffled_hidden,4,shuffled_hidden_15,0.004564785607279065,215.44346900318823
mid_pre_response,log_RT_ms,baseline_plus_shuffled_hidden,4,shuffled_hidden_16,-0.0030128065081537207,215.44346900318823
mid_pre_response,log_RT_ms,baseline_plus_shuffled_hidden,4,shuffled_hidden_17,-0.004707926333808867,215.44346900318823
mid_pre_response,log_RT_ms,baseline_plus_shuffled_hidden,4,shuffled_hidden_18,0.002671326872861156,215.44346900318823
mid_pre_response,log_RT_ms,baseline_plus_shuffled_hidden,4,shuffled_hidden_19,0.003187657125078139,215.44346900318823
mid_pre_response,log_RT_ms,baseline_plus_shuffled_hidden,4,shuffled_hidden_20,-0.004475129643630984,215.44346900318823
mid_pre_response,log_RT_ms,baseline_plus_shuffled_hidden,4,shuffled_hidden_21,-0.00019815095719313055,215.44346900318823
mid_pre_response,log_RT_ms,baseline_plus_shuffled_hidden,4,shuffled_hidden_22,0.002859853332077324,215.44346900318823
mid_pre_response,log_RT_ms,baseline_plus_shuffled_hidden,4,shuffled_hidden_23,0.007400296466616994,215.44346900318823
mid_pre_response,log_RT_ms,baseline_plus_shuffled_hidden,4,shuffled_hidden_24,-0.009653304079500567,215.44346900318823
mid_pre_response,log_RT_ms,baseline_plus_shuffled_hidden,4,shuffled_hidden_25,0.006344565206608627,215.44346900318823
mid_pre_response,log_RT_ms,baseline_plus_shuffled_hidden,4,shuffled_hidden_26,0.0024296643783066796,215.44346900318823
mid_pre_response,log_RT_ms,baseline_plus_shuffled_hidden,4,shuffled_hidden_27,0.0009334278337559447,215.44346900318823
mid_pre_response,log_RT_ms,baseline_plus_shuffled_hidden,4,shuffled_hidden_28,0.004002892371903458,215.44346900318823
mid_pre_response,log_RT_ms,baseline_plus_shuffled_hidden,4,shuffled_hidden_29,-0.0037842996968098976,215.44346900318823
mid_pre_response,log_RT_ms,baseline_plus_shuffled_hidden,4,shuffled_hidden_30,-0.012589726769695555,215.44346900318823
mid_pre_response,log_RT_ms,baseline_plus_shuffled_hidden,4,shuffled_hidden_31,0.003194263658010088,215.44346900318823
mid_pre_response,log_RT_ms,baseline_plus_shuffled_hidden,5,shuffled_hidden_00,-0.0035358036438523756,1000.0
mid_pre_response,log_RT_ms,baseline_plus_shuffled_hidden,5,shuffled_hidden_01,-0.0034037771806066626,1000.0
mid_pre_response,log_RT_ms,baseline_plus_shuffled_hidden,5,shuffled_hidden_02,-0.00071384358913819,1000.0
mid_pre_response,log_RT_ms,baseline_plus_shuffled_hidden,5,shuffled_hidden_03,-0.0003721099118732988,1000.0
mid_pre_response,log_RT_ms,baseline_plus_shuffled_hidden,5,shuffled_hidden_04,-0.0017812795925957023,1000.0
mid_pre_response,log_RT_ms,baseline_plus_shuffled_hidden,5,shuffled_hidden_05,0.0015440201024815117,1000.0
mid_pre_response,log_RT_ms,baseline_plus_shuffled_hidden,5,shuffled_hidden_06,0.00010585306464269318,1000.0
mid_pre_response,log_RT_ms,baseline_plus_shuffled_hidden,5,shuffled_hidden_07,-0.0017725782682957692,1000.0
mid_pre_response,log_RT_ms,baseline_plus_shuffled_hidden,5,shuffled_hidden_08,-0.005203747779043122,1000.0
mid_pre_response,log_RT_ms,baseline_plus_shuffled_hidden,5,shuffled_hidden_09,-0.0002735615218983185,1000.0
mid_pre_response,log_RT_ms,baseline_plus_shuffled_hidden,5,shuffled_hidden_10,-0.0016373389932685509,1000.0
mid_pre_response,log_RT_ms,baseline_plus_shuffled_hidden,5,shuffled_hidden_11,-0.0003820682077727386,1000.0
mid_pre_response,log_RT_ms,baseline_plus_shuffled_hidden,5,shuffled_hidden_12,-0.004209253156311254,1000.0
mid_pre_response,log_RT_ms,baseline_plus_shuffled_hidden,5,shuffled_hidden_13,-0.002054559481505309,1000.0
mid_pre_response,log_RT_ms,baseline_plus_shuffled_hidden,5,shuffled_hidden_14,-0.0007863891279315057,1000.0
mid_pre_response,log_RT_ms,baseline_plus_shuffled_hidden,5,shuffled_hidden_15,0.00475412538907345,1000.0
mid_pre_response,log_RT_ms,baseline_plus_shuffled_hidden,5,shuffled_hidden_16,-0.003363070221303867,1000.0
mid_pre_response,log_RT_ms,baseline_plus_shuffled_hidden,5,shuffled_hidden_17,9.220593882415647e-05,1000.0
mid_pre_response,log_RT_ms,baseline_plus_shuffled_hidden,5,shuffled_hidden_18,0.0010062419851510586,1000.0
mid_pre_response,log_RT_ms,baseline_plus_shuffled_hidden,5,shuffled_hidden_19,0.0008119800820893721,1000.0
mid_pre_response,log_RT_ms,baseline_plus_shuffled_hidden,5,shuffled_hidden_20,-0.0024602481067758928,1000.0
mid_pre_response,log_RT_ms,baseline_plus_shuffled_hidden,5,shuffled_hidden_21,0.001082379150786189,1000.0
mid_pre_response,log_RT_ms,baseline_plus_shuffled_hidden,5,shuffled_hidden_22,0.0013372814489180094,1000.0
mid_pre_response,log_RT_ms,baseline_plus_shuffled_hidden,5,shuffled_hidden_23,0.005622958798855789,1000.0
mid_pre_response,log_RT_ms,baseline_plus_shuffled_hidden,5,shuffled_hidden_24,-0.0027161981673291475,1000.0
mid_pre_response,log_RT_ms,baseline_plus_shuffled_hidden,5,shuffled_hidden_25,0.002642912751228151,1000.0
mid_pre_response,log_RT_ms,baseline_plus_shuffled_hidden,5,shuffled_hidden_26,0.0007049929669802951,1000.0
mid_pre_response,log_RT_ms,baseline_plus_shuffled_hidden,5,shuffled_hidden_27,0.0015788269185496662,1000.0
mid_pre_response,log_RT_ms,baseline_plus_shuffled_hidden,5,shuffled_hidden_28,0.003596432997608602,1000.0
mid_pre_response,log_RT_ms,baseline_plus_shuffled_hidden,5,shuffled_hidden_29,-0.0053890683927237965,1000.0
mid_pre_response,log_RT_ms,baseline_plus_shuffled_hidden,5,shuffled_hidden_30,-0.00442151518643241,1000.0
mid_pre_response,log_RT_ms,baseline_plus_shuffled_hidden,5,shuffled_hidden_31,0.004587127413338932,1000.0
mid_pre_response,RT_ms,hidden,1,hidden_00,34.90342712402344,46.41588833612773
mid_pre_response,RT_ms,hidden,1,hidden_01,-4.706303119659424,46.41588833612773
mid_pre_response,RT_ms,hidden,1,hidden_02,-6.656161308288574,46.41588833612773
mid_pre_response,RT_ms,hidden,1,hidden_03,79.18074035644531,46.41588833612773
mid_pre_response,RT_ms,hidden,1,hidden_04,-13.95443058013916,46.41588833612773
mid_pre_response,RT_ms,hidden,1,hidden_05,2.6670308113098145,46.41588833612773
mid_pre_response,RT_ms,hidden,1,hidden_06,22.253780364990234,46.41588833612773
mid_pre_response,RT_ms,hidden,1,hidden_07,55.14085006713867,46.41588833612773
mid_pre_response,RT_ms,hidden,1,hidden_08,25.692766189575195,46.41588833612773
mid_pre_response,RT_ms,hidden,1,hidden_09,12.532377243041992,46.41588833612773
mid_pre_response,RT_ms,hidden,1,hidden_10,11.07175064086914,46.41588833612773
mid_pre_response,RT_ms,hidden,1,hidden_11,-61.531532287597656,46.41588833612773
mid_pre_response,RT_ms,hidden,1,hidden_12,41.92561721801758,46.41588833612773
mid_pre_response,RT_ms,hidden,1,hidden_13,62.27174377441406,46.41588833612773
mid_pre_response,RT_ms,hidden,1,hidden_14,7.810649871826172,46.41588833612773
mid_pre_response,RT_ms,hidden,1,hidden_15,-0.10399141162633896,46.41588833612773
mid_pre_response,RT_ms,hidden,1,hidden_16,-29.864004135131836,46.41588833612773
mid_pre_response,RT_ms,hidden,1,hidden_17,36.83470916748047,46.41588833612773
mid_pre_response,RT_ms,hidden,1,hidden_18,26.858434677124023,46.41588833612773
mid_pre_response,RT_ms,hidden,1,hidden_19,23.256000518798828,46.41588833612773
mid_pre_response,RT_ms,hidden,1,hidden_20,36.35400390625,46.41588833612773
mid_pre_response,RT_ms,hidden,1,hidden_21,4.1829423904418945,46.41588833612773
mid_pre_response,RT_ms,hidden,1,hidden_22,-11.62659740447998,46.41588833612773
mid_pre_response,RT_ms,hidden,1,hidden_23,13.859052658081055,46.41588833612773
mid_pre_response,RT_ms,hidden,1,hidden_24,-7.253170490264893,46.41588833612773
mid_pre_response,RT_ms,hidden,1,hidden_25,22.100006103515625,46.41588833612773
mid_pre_response,RT_ms,hidden,1,hidden_26,51.41022872924805,46.41588833612773
mid_pre_response,RT_ms,hidden,1,hidden_27,-18.07504653930664,46.41588833612773
mid_pre_response,RT_ms,hidden,1,hidden_28,7.6647772789001465,46.41588833612773
mid_pre_response,RT_ms,hidden,1,hidden_29,-5.773478984832764,46.41588833612773
mid_pre_response,RT_ms,hidden,1,hidden_30,-33.80522537231445,46.41588833612773
mid_pre_response,RT_ms,hidden,1,hidden_31,-15.527799606323242,46.41588833612773
mid_pre_response,RT_ms,hidden,2,hidden_00,38.63300704956055,46.41588833612773
mid_pre_response,RT_ms,hidden,2,hidden_01,-10.982588768005371,46.41588833612773
mid_pre_response,RT_ms,hidden,2,hidden_02,1.034736156463623,46.41588833612773
mid_pre_response,RT_ms,hidden,2,hidden_03,95.16896057128906,46.41588833612773
mid_pre_response,RT_ms,hidden,2,hidden_04,-26.543659210205078,46.41588833612773
mid_pre_response,RT_ms,hidden,2,hidden_05,-4.106065273284912,46.41588833612773
mid_pre_response,RT_ms,hidden,2,hidden_06,24.17447853088379,46.41588833612773
mid_pre_response,RT_ms,hidden,2,hidden_07,52.58176803588867,46.41588833612773
mid_pre_response,RT_ms,hidden,2,hidden_08,17.22732925415039,46.41588833612773
mid_pre_response,RT_ms,hidden,2,hidden_09,9.158740043640137,46.41588833612773
mid_pre_response,RT_ms,hidden,2,hidden_10,5.329652309417725,46.41588833612773
mid_pre_response,RT_ms,hidden,2,hidden_11,-61.56060791015625,46.41588833612773
mid_pre_response,RT_ms,hidden,2,hidden_12,36.29543685913086,46.41588833612773
mid_pre_response,RT_ms,hidden,2,hidden_13,62.27241134643555,46.41588833612773
mid_pre_response,RT_ms,hidden,2,hidden_14,14.963007926940918,46.41588833612773
mid_pre_response,RT_ms,hidden,2,hidden_15,-4.817763328552246,46.41588833612773
mid_pre_response,RT_ms,hidden,2,hidden_16,-28.81368064880371,46.41588833612773
mid_pre_response,RT_ms,hidden,2,hidden_17,33.611671447753906,46.41588833612773
mid_pre_response,RT_ms,hidden,2,hidden_18,29.80464744567871,46.41588833612773
mid_pre_response,RT_ms,hidden,2,hidden_19,21.907058715820312,46.41588833612773
mid_pre_response,RT_ms,hidden,2,hidden_20,31.046560287475586,46.41588833612773
mid_pre_response,RT_ms,hidden,2,hidden_21,-9.874001502990723,46.41588833612773
mid_pre_response,RT_ms,hidden,2,hidden_22,0.1370285600423813,46.41588833612773
mid_pre_response,RT_ms,hidden,2,hidden_23,2.3946406841278076,46.41588833612773
mid_pre_response,RT_ms,hidden,2,hidden_24,8.728559494018555,46.41588833612773
mid_pre_response,RT_ms,hidden,2,hidden_25,1.199615240097046,46.41588833612773
mid_pre_response,RT_ms,hidden,2,hidden_26,38.0506706237793,46.41588833612773
mid_pre_response,RT_ms,hidden,2,hidden_27,-31.009315490722656,46.41588833612773
mid_pre_response,RT_ms,hidden,2,hidden_28,2.732201337814331,46.41588833612773
mid_pre_response,RT_ms,hidden,2,hidden_29,-2.076099395751953,46.41588833612773
mid_pre_response,RT_ms,hidden,2,hidden_30,-33.142574310302734,46.41588833612773
mid_pre_response,RT_ms,hidden,2,hidden_31,-5.951047420501709,46.41588833612773
mid_pre_response,RT_ms,hidden,3,hidden_00,38.91597366333008,46.41588833612773
mid_pre_response,RT_ms,hidden,3,hidden_01,-0.636236310005188,46.41588833612773
mid_pre_response,RT_ms,hidden,3,hidden_02,5.442930698394775,46.41588833612773
mid_pre_response,RT_ms,hidden,3,hidden_03,71.87096405029297,46.41588833612773
mid_pre_response,RT_ms,hidden,3,hidden_04,1.902342677116394,46.41588833612773
mid_pre_response,RT_ms,hidden,3,hidden_05,-5.193066120147705,46.41588833612773
mid_pre_response,RT_ms,hidden,3,hidden_06,30.43108558654785,46.41588833612773
mid_pre_response,RT_ms,hidden,3,hidden_07,73.75431060791016,46.41588833612773
mid_pre_response,RT_ms,hidden,3,hidden_08,22.43750762939453,46.41588833612773
mid_pre_response,RT_ms,hidden,3,hidden_09,23.062284469604492,46.41588833612773
mid_pre_response,RT_ms,hidden,3,hidden_10,-5.641395568847656,46.41588833612773
mid_pre_response,RT_ms,hidden,3,hidden_11,-45.82300567626953,46.41588833612773
mid_pre_response,RT_ms,hidden,3,hidden_12,38.978675842285156,46.41588833612773
mid_pre_response,RT_ms,hidden,3,hidden_13,54.196136474609375,46.41588833612773
mid_pre_response,RT_ms,hidden,3,hidden_14,2.9350805282592773,46.41588833612773
mid_pre_response,RT_ms,hidden,3,hidden_15,-1.0860587358474731,46.41588833612773
mid_pre_response,RT_ms,hidden,3,hidden_16,-28.542417526245117,46.41588833612773
mid_pre_response,RT_ms,hidden,3,hidden_17,23.55353355407715,46.41588833612773
mid_pre_response,RT_ms,hidden,3,hidden_18,5.640005588531494,46.41588833612773
mid_pre_response,RT_ms,hidden,3,hidden_19,20.038137435913086,46.41588833612773
mid_pre_response,RT_ms,hidden,3,hidden_20,44.9476318359375,46.41588833612773
mid_pre_response,RT_ms,hidden,3,hidden_21,-13.738943099975586,46.41588833612773
mid_pre_response,RT_ms,hidden,3,hidden_22,-2.5672624111175537,46.41588833612773
mid_pre_response,RT_ms,hidden,3,hidden_23,15.565945625305176,46.41588833612773
mid_pre_response,RT_ms,hidden,3,hidden_24,-19.034950256347656,46.41588833612773
mid_pre_response,RT_ms,hidden,3,hidden_25,9.083662986755371,46.41588833612773
mid_pre_response,RT_ms,hidden,3,hidden_26,58.80939483642578,46.41588833612773
mid_pre_response,RT_ms,hidden,3,hidden_27,-28.347970962524414,46.41588833612773
mid_pre_response,RT_ms,hidden,3,hidden_28,-8.717689514160156,46.41588833612773
mid_pre_response,RT_ms,hidden,3,hidden_29,-18.94175910949707,46.41588833612773
mid_pre_response,RT_ms,hidden,3,hidden_30,-24.066898345947266,46.41588833612773
mid_pre_response,RT_ms,hidden,3,hidden_31,-22.147239685058594,46.41588833612773
mid_pre_response,RT_ms,hidden,4,hidden_00,6.865340709686279,10.0
mid_pre_response,RT_ms,hidden,4,hidden_01,-5.078031539916992,10.0
mid_pre_response,RT_ms,hidden,4,hidden_02,-18.358680725097656,10.0
mid_pre_response,RT_ms,hidden,4,hidden_03,131.47535705566406,10.0
mid_pre_response,RT_ms,hidden,4,hidden_04,15.516011238098145,10.0
mid_pre_response,RT_ms,hidden,4,hidden_05,-6.227077007293701,10.0
mid_pre_response,RT_ms,hidden,4,hidden_06,26.75838279724121,10.0
mid_pre_response,RT_ms,hidden,4,hidden_07,79.70355987548828,10.0
mid_pre_response,RT_ms,hidden,4,hidden_08,29.62636947631836,10.0
mid_pre_response,RT_ms,hidden,4,hidden_09,8.475317001342773,10.0
mid_pre_response,RT_ms,hidden,4,hidden_10,2.4274327754974365,10.0
mid_pre_response,RT_ms,hidden,4,hidden_11,-57.75640106201172,10.0
mid_pre_response,RT_ms,hidden,4,hidden_12,43.704620361328125,10.0
mid_pre_response,RT_ms,hidden,4,hidden_13,117.78388977050781,10.0
mid_pre_response,RT_ms,hidden,4,hidden_14,29.470359802246094,10.0
mid_pre_response,RT_ms,hidden,4,hidden_15,-5.146975040435791,10.0
mid_pre_response,RT_ms,hidden,4,hidden_16,-40.71714782714844,10.0
mid_pre_response,RT_ms,hidden,4,hidden_17,53.92885971069336,10.0
mid_pre_response,RT_ms,hidden,4,hidden_18,50.0936279296875,10.0
mid_pre_response,RT_ms,hidden,4,hidden_19,-3.9983880519866943,10.0
mid_pre_response,RT_ms,hidden,4,hidden_20,31.983806610107422,10.0
mid_pre_response,RT_ms,hidden,4,hidden_21,-4.954117774963379,10.0
mid_pre_response,RT_ms,hidden,4,hidden_22,2.005190372467041,10.0
mid_pre_response,RT_ms,hidden,4,hidden_23,9.15114688873291,10.0
mid_pre_response,RT_ms,hidden,4,hidden_24,-3.1787726879119873,10.0
mid_pre_response,RT_ms,hidden,4,hidden_25,17.419836044311523,10.0
mid_pre_response,RT_ms,hidden,4,hidden_26,107.66290283203125,10.0
mid_pre_response,RT_ms,hidden,4,hidden_27,-14.645150184631348,10.0
mid_pre_response,RT_ms,hidden,4,hidden_28,10.345979690551758,10.0
mid_pre_response,RT_ms,hidden,4,hidden_29,8.45290470123291,10.0
mid_pre_response,RT_ms,hidden,4,hidden_30,-32.62881851196289,10.0
mid_pre_response,RT_ms,hidden,4,hidden_31,-12.539913177490234,10.0
mid_pre_response,RT_ms,hidden,5,hidden_00,35.645912170410156,46.41588833612773
mid_pre_response,RT_ms,hidden,5,hidden_01,-7.405932426452637,46.41588833612773
mid_pre_response,RT_ms,hidden,5,hidden_02,10.526434898376465,46.41588833612773
mid_pre_response,RT_ms,hidden,5,hidden_03,72.58433532714844,46.41588833612773
mid_pre_response,RT_ms,hidden,5,hidden_04,-11.027466773986816,46.41588833612773
mid_pre_response,RT_ms,hidden,5,hidden_05,-11.276442527770996,46.41588833612773
mid_pre_response,RT_ms,hidden,5,hidden_06,32.14103698730469,46.41588833612773
mid_pre_response,RT_ms,hidden,5,hidden_07,59.00804901123047,46.41588833612773
mid_pre_response,RT_ms,hidden,5,hidden_08,15.169737815856934,46.41588833612773
mid_pre_response,RT_ms,hidden,5,hidden_09,13.92831039428711,46.41588833612773
mid_pre_response,RT_ms,hidden,5,hidden_10,16.389148712158203,46.41588833612773
mid_pre_response,RT_ms,hidden,5,hidden_11,-41.91705322265625,46.41588833612773
mid_pre_response,RT_ms,hidden,5,hidden_12,41.84078598022461,46.41588833612773
mid_pre_response,RT_ms,hidden,5,hidden_13,75.32223510742188,46.41588833612773
mid_pre_response,RT_ms,hidden,5,hidden_14,5.570926189422607,46.41588833612773
mid_pre_response,RT_ms,hidden,5,hidden_15,-1.7783986330032349,46.41588833612773
mid_pre_response,RT_ms,hidden,5,hidden_16,-34.41889953613281,46.41588833612773
mid_pre_response,RT_ms,hidden,5,hidden_17,38.346988677978516,46.41588833612773
mid_pre_response,RT_ms,hidden,5,hidden_18,18.001827239990234,46.41588833612773
mid_pre_response,RT_ms,hidden,5,hidden_19,22.514102935791016,46.41588833612773
mid_pre_response,RT_ms,hidden,5,hidden_20,38.52665710449219,46.41588833612773
mid_pre_response,RT_ms,hidden,5,hidden_21,-15.888897895812988,46.41588833612773
mid_pre_response,RT_ms,hidden,5,hidden_22,-24.19315528869629,46.41588833612773
mid_pre_response,RT_ms,hidden,5,hidden_23,24.22496223449707,46.41588833612773
mid_pre_response,RT_ms,hidden,5,hidden_24,0.7845978140830994,46.41588833612773
mid_pre_response,RT_ms,hidden,5,hidden_25,8.689848899841309,46.41588833612773
mid_pre_response,RT_ms,hidden,5,hidden_26,52.97795104980469,46.41588833612773
mid_pre_response,RT_ms,hidden,5,hidden_27,-26.592317581176758,46.41588833612773
mid_pre_response,RT_ms,hidden,5,hidden_28,1.279264211654663,46.41588833612773
mid_pre_response,RT_ms,hidden,5,hidden_29,4.155845642089844,46.41588833612773
mid_pre_response,RT_ms,hidden,5,hidden_30,-26.22626495361328,46.41588833612773
mid_pre_response,RT_ms,hidden,5,hidden_31,-14.822415351867676,46.41588833612773
mid_pre_response,RT_ms,baseline_plus_hidden,1,hidden_00,21.057967846005386,10.0
mid_pre_response,RT_ms,baseline_plus_hidden,1,hidden_01,-45.170536702666226,10.0
mid_pre_response,RT_ms,baseline_plus_hidden,1,hidden_02,-7.283438322725247,10.0
mid_pre_response,RT_ms,baseline_plus_hidden,1,hidden_03,92.0653264061861,10.0
mid_pre_response,RT_ms,baseline_plus_hidden,1,hidden_04,-47.53433864743436,10.0
mid_pre_response,RT_ms,baseline_plus_hidden,1,hidden_05,4.5260083831912326,10.0
mid_pre_response,RT_ms,baseline_plus_hidden,1,hidden_06,11.754532318780113,10.0
mid_pre_response,RT_ms,baseline_plus_hidden,1,hidden_07,59.94065241411108,10.0
mid_pre_response,RT_ms,baseline_plus_hidden,1,hidden_08,16.28943606093176,10.0
mid_pre_response,RT_ms,baseline_plus_hidden,1,hidden_09,-16.475855195754885,10.0
mid_pre_response,RT_ms,baseline_plus_hidden,1,hidden_10,-25.101890548380716,10.0
mid_pre_response,RT_ms,baseline_plus_hidden,1,hidden_11,-41.37150465687402,10.0
mid_pre_response,RT_ms,baseline_plus_hidden,1,hidden_12,29.976775765249215,10.0
mid_pre_response,RT_ms,baseline_plus_hidden,1,hidden_13,123.69460286213466,10.0
mid_pre_response,RT_ms,baseline_plus_hidden,1,hidden_14,17.528925681838032,10.0
mid_pre_response,RT_ms,baseline_plus_hidden,1,hidden_15,-2.6156941217769463,10.0
mid_pre_response,RT_ms,baseline_plus_hidden,1,hidden_16,-17.48726890767789,10.0
mid_pre_response,RT_ms,baseline_plus_hidden,1,hidden_17,39.0211494066892,10.0
mid_pre_response,RT_ms,baseline_plus_hidden,1,hidden_18,17.62965371280879,10.0
mid_pre_response,RT_ms,baseline_plus_hidden,1,hidden_19,8.72097342540355,10.0
mid_pre_response,RT_ms,baseline_plus_hidden,1,hidden_20,15.45876819364992,10.0
mid_pre_response,RT_ms,baseline_plus_hidden,1,hidden_21,8.574132324636471,10.0
mid_pre_response,RT_ms,baseline_plus_hidden,1,hidden_22,-7.115511121856235,10.0
mid_pre_response,RT_ms,baseline_plus_hidden,1,hidden_23,5.657897959033841,10.0
mid_pre_response,RT_ms,baseline_plus_hidden,1,hidden_24,4.736578704302779,10.0
mid_pre_response,RT_ms,baseline_plus_hidden,1,hidden_25,23.740239074342107,10.0
mid_pre_response,RT_ms,baseline_plus_hidden,1,hidden_26,69.11588163773764,10.0
mid_pre_response,RT_ms,baseline_plus_hidden,1,hidden_27,-15.505148414205278,10.0
mid_pre_response,RT_ms,baseline_plus_hidden,1,hidden_28,11.10252611086761,10.0
mid_pre_response,RT_ms,baseline_plus_hidden,1,hidden_29,4.664690736234937,10.0
mid_pre_response,RT_ms,baseline_plus_hidden,1,hidden_30,-8.729866531830668,10.0
mid_pre_response,RT_ms,baseline_plus_hidden,1,hidden_31,7.282299415920184,10.0
mid_pre_response,RT_ms,baseline_plus_hidden,2,hidden_00,20.271592524138736,4.6415888336127775
mid_pre_response,RT_ms,baseline_plus_hidden,2,hidden_01,-68.81460387919581,4.6415888336127775
mid_pre_response,RT_ms,baseline_plus_hidden,2,hidden_02,-2.079664507278258,4.6415888336127775
mid_pre_response,RT_ms,baseline_plus_hidden,2,hidden_03,123.54791547519092,4.6415888336127775
mid_pre_response,RT_ms,baseline_plus_hidden,2,hidden_04,-71.66206731834176,4.6415888336127775
mid_pre_response,RT_ms,baseline_plus_hidden,2,hidden_05,5.860139668918229,4.6415888336127775
mid_pre_response,RT_ms,baseline_plus_hidden,2,hidden_06,12.59273932780689,4.6415888336127775
mid_pre_response,RT_ms,baseline_plus_hidden,2,hidden_07,67.35573218601226,4.6415888336127775
mid_pre_response,RT_ms,baseline_plus_hidden,2,hidden_08,7.858910483116082,4.6415888336127775
mid_pre_response,RT_ms,baseline_plus_hidden,2,hidden_09,-57.24727709819688,4.6415888336127775
mid_pre_response,RT_ms,baseline_plus_hidden,2,hidden_10,-52.465443415211304,4.6415888336127775
mid_pre_response,RT_ms,baseline_plus_hidden,2,hidden_11,-40.36215231948728,4.6415888336127775
mid_pre_response,RT_ms,baseline_plus_hidden,2,hidden_12,25.518086976003303,4.6415888336127775
mid_pre_response,RT_ms,baseline_plus_hidden,2,hidden_13,149.44084619019247,4.6415888336127775
mid_pre_response,RT_ms,baseline_plus_hidden,2,hidden_14,46.122516510778915,4.6415888336127775
mid_pre_response,RT_ms,baseline_plus_hidden,2,hidden_15,-9.392724974180936,4.6415888336127775
mid_pre_response,RT_ms,baseline_plus_hidden,2,hidden_16,-22.10838315990627,4.6415888336127775
mid_pre_response,RT_ms,baseline_plus_hidden,2,hidden_17,33.43186706572277,4.6415888336127775
mid_pre_response,RT_ms,baseline_plus_hidden,2,hidden_18,16.77780039696956,4.6415888336127775
mid_pre_response,RT_ms,baseline_plus_hidden,2,hidden_19,4.7679008202268065,4.6415888336127775
mid_pre_response,RT_ms,baseline_plus_hidden,2,hidden_20,17.587495716757306,4.6415888336127775
mid_pre_response,RT_ms,baseline_plus_hidden,2,hidden_21,22.9124862565204,4.6415888336127775
mid_pre_response,RT_ms,baseline_plus_hidden,2,hidden_22,-4.802263992354536,4.6415888336127775
mid_pre_response,RT_ms,baseline_plus_hidden,2,hidden_23,-3.1095761241618414,4.6415888336127775
mid_pre_response,RT_ms,baseline_plus_hidden,2,hidden_24,13.254798823194566,4.6415888336127775
mid_pre_response,RT_ms,baseline_plus_hidden,2,hidden_25,1.1108801016621728,4.6415888336127775
mid_pre_response,RT_ms,baseline_plus_hidden,2,hidden_26,75.41413803179907,4.6415888336127775
mid_pre_response,RT_ms,baseline_plus_hidden,2,hidden_27,-20.36219437538465,4.6415888336127775
mid_pre_response,RT_ms,baseline_plus_hidden,2,hidden_28,13.271320179151958,4.6415888336127775
mid_pre_response,RT_ms,baseline_plus_hidden,2,hidden_29,5.711146833956641,4.6415888336127775
mid_pre_response,RT_ms,baseline_plus_hidden,2,hidden_30,14.02714853268421,4.6415888336127775
mid_pre_response,RT_ms,baseline_plus_hidden,2,hidden_31,14.081526958788766,4.6415888336127775
mid_pre_response,RT_ms,baseline_plus_hidden,3,hidden_00,30.08425980497837,21.54434690031882
mid_pre_response,RT_ms,baseline_plus_hidden,3,hidden_01,-28.394583580974015,21.54434690031882
mid_pre_response,RT_ms,baseline_plus_hidden,3,hidden_02,11.900742953883213,21.54434690031882
mid_pre_response,RT_ms,baseline_plus_hidden,3,hidden_03,60.560662936156,21.54434690031882
mid_pre_response,RT_ms,baseline_plus_hidden,3,hidden_04,-0.703253090275127,21.54434690031882
mid_pre_response,RT_ms,baseline_plus_hidden,3,hidden_05,-7.9289735213030905,21.54434690031882
mid_pre_response,RT_ms,baseline_plus_hidden,3,hidden_06,31.557311492539252,21.54434690031882
mid_pre_response,RT_ms,baseline_plus_hidden,3,hidden_07,69.79010696835032,21.54434690031882
mid_pre_response,RT_ms,baseline_plus_hidden,3,hidden_08,12.49988627013941,21.54434690031882
mid_pre_response,RT_ms,baseline_plus_hidden,3,hidden_09,5.263453846588069,21.54434690031882
mid_pre_response,RT_ms,baseline_plus_hidden,3,hidden_10,-21.768972073954874,21.54434690031882
mid_pre_response,RT_ms,baseline_plus_hidden,3,hidden_11,-31.80570635364262,21.54434690031882
mid_pre_response,RT_ms,baseline_plus_hidden,3,hidden_12,27.634362296953334,21.54434690031882
mid_pre_response,RT_ms,baseline_plus_hidden,3,hidden_13,67.52091633940454,21.54434690031882
mid_pre_response,RT_ms,baseline_plus_hidden,3,hidden_14,-16.301632662415848,21.54434690031882
mid_pre_response,RT_ms,baseline_plus_hidden,3,hidden_15,-2.0015364175143118,21.54434690031882
mid_pre_response,RT_ms,baseline_plus_hidden,3,hidden_16,-15.001369402360451,21.54434690031882
mid_pre_response,RT_ms,baseline_plus_hidden,3,hidden_17,17.018105907121534,21.54434690031882
mid_pre_response,RT_ms,baseline_plus_hidden,3,hidden_18,-14.565779034700986,21.54434690031882
mid_pre_response,RT_ms,baseline_plus_hidden,3,hidden_19,14.088751371867133,21.54434690031882
mid_pre_response,RT_ms,baseline_plus_hidden,3,hidden_20,27.471590009570708,21.54434690031882
mid_pre_response,RT_ms,baseline_plus_hidden,3,hidden_21,-9.453486324605423,21.54434690031882
mid_pre_response,RT_ms,baseline_plus_hidden,3,hidden_22,15.281765921939142,21.54434690031882
mid_pre_response,RT_ms,baseline_plus_hidden,3,hidden_23,7.058125553273341,21.54434690031882
mid_pre_response,RT_ms,baseline_plus_hidden,3,hidden_24,-14.681577331303316,21.54434690031882
mid_pre_response,RT_ms,baseline_plus_hidden,3,hidden_25,16.048258848272635,21.54434690031882
mid_pre_response,RT_ms,baseline_plus_hidden,3,hidden_26,54.07615237666958,21.54434690031882
mid_pre_response,RT_ms,baseline_plus_hidden,3,hidden_27,-38.7351939040853,21.54434690031882
mid_pre_response,RT_ms,baseline_plus_hidden,3,hidden_28,-15.803525500995839,21.54434690031882
mid_pre_response,RT_ms,baseline_plus_hidden,3,hidden_29,-26.492619766312995,21.54434690031882
mid_pre_response,RT_ms,baseline_plus_hidden,3,hidden_30,1.572020403130273,21.54434690031882
mid_pre_response,RT_ms,baseline_plus_hidden,3,hidden_31,-8.77342297684467,21.54434690031882
mid_pre_response,RT_ms,baseline_plus_hidden,4,hidden_00,0.9305649296984702,10.0
mid_pre_response,RT_ms,baseline_plus_hidden,4,hidden_01,-35.57220913732434,10.0
mid_pre_response,RT_ms,baseline_plus_hidden,4,hidden_02,-11.117131001857823,10.0
mid_pre_response,RT_ms,baseline_plus_hidden,4,hidden_03,88.28378368982894,10.0
mid_pre_response,RT_ms,baseline_plus_hidden,4,hidden_04,-4.874067270350493,10.0
mid_pre_response,RT_ms,baseline_plus_hidden,4,hidden_05,-3.8442891694927552,10.0
mid_pre_response,RT_ms,baseline_plus_hidden,4,hidden_06,22.311058819806632,10.0
mid_pre_response,RT_ms,baseline_plus_hidden,4,hidden_07,67.37669200766138,10.0
mid_pre_response,RT_ms,baseline_plus_hidden,4,hidden_08,18.215398141943137,10.0
mid_pre_response,RT_ms,baseline_plus_hidden,4,hidden_09,-11.837243068559149,10.0
mid_pre_response,RT_ms,baseline_plus_hidden,4,hidden_10,-22.533277842053494,10.0
mid_pre_response,RT_ms,baseline_plus_hidden,4,hidden_11,-28.98408484046981,10.0
mid_pre_response,RT_ms,baseline_plus_hidden,4,hidden_12,30.070450893618656,10.0
mid_pre_response,RT_ms,baseline_plus_hidden,4,hidden_13,114.7793640765549,10.0
mid_pre_response,RT_ms,baseline_plus_hidden,4,hidden_14,-2.0358915893635627,10.0
mid_pre_response,RT_ms,baseline_plus_hidden,4,hidden_15,-1.7537988851218498,10.0
mid_pre_response,RT_ms,baseline_plus_hidden,4,hidden_16,-26.790629925197166,10.0
mid_pre_response,RT_ms,baseline_plus_hidden,4,hidden_17,32.18587246197008,10.0
mid_pre_response,RT_ms,baseline_plus_hidden,4,hidden_18,34.448874423294285,10.0
mid_pre_response,RT_ms,baseline_plus_hidden,4,hidden_19,2.3270696564984874,10.0
mid_pre_response,RT_ms,baseline_plus_hidden,4,hidden_20,18.992196968851932,10.0
mid_pre_response,RT_ms,baseline_plus_hidden,4,hidden_21,0.33201863614556315,10.0
mid_pre_response,RT_ms,baseline_plus_hidden,4,hidden_22,6.459925824062708,10.0
mid_pre_response,RT_ms,baseline_plus_hidden,4,hidden_23,5.483906997614931,10.0
mid_pre_response,RT_ms,baseline_plus_hidden,4,hidden_24,-4.363347397692996,10.0
mid_pre_response,RT_ms,baseline_plus_hidden,4,hidden_25,17.50046392600392,10.0
mid_pre_response,RT_ms,baseline_plus_hidden,4,hidden_26,88.08373012551445,10.0
mid_pre_response,RT_ms,baseline_plus_hidden,4,hidden_27,-20.59800561214098,10.0
mid_pre_response,RT_ms,baseline_plus_hidden,4,hidden_28,12.42788317797365,10.0
mid_pre_response,RT_ms,baseline_plus_hidden,4,hidden_29,4.908714104024348,10.0
mid_pre_response,RT_ms,baseline_plus_hidden,4,hidden_30,-11.034619172460907,10.0
mid_pre_response,RT_ms,baseline_plus_hidden,4,hidden_31,0.3399834356450269,10.0
mid_pre_response,RT_ms,baseline_plus_hidden,5,hidden_00,2.436222600306919,4641.588833612773
mid_pre_response,RT_ms,baseline_plus_hidden,5,hidden_01,-4.503099119073704,4641.588833612773
mid_pre_response,RT_ms,baseline_plus_hidden,5,hidden_02,0.4613624124658106,4641.588833612773
mid_pre_response,RT_ms,baseline_plus_hidden,5,hidden_03,5.02052683969212,4641.588833612773
mid_pre_response,RT_ms,baseline_plus_hidden,5,hidden_04,-8.485818727792596,4641.588833612773
mid_pre_response,RT_ms,baseline_plus_hidden,5,hidden_05,-3.306954855320702,4641.588833612773
mid_pre_response,RT_ms,baseline_plus_hidden,5,hidden_06,4.683035792830676,4641.588833612773
mid_pre_response,RT_ms,baseline_plus_hidden,5,hidden_07,10.484662220053611,4641.588833612773
mid_pre_response,RT_ms,baseline_plus_hidden,5,hidden_08,3.7499300413353476,4641.588833612773
mid_pre_response,RT_ms,baseline_plus_hidden,5,hidden_09,3.389583815351146,4641.588833612773
mid_pre_response,RT_ms,baseline_plus_hidden,5,hidden_10,7.3271287852145335,4641.588833612773
mid_pre_response,RT_ms,baseline_plus_hidden,5,hidden_11,-2.7452918293591777,4641.588833612773
mid_pre_response,RT_ms,baseline_plus_hidden,5,hidden_12,15.928401274186804,4641.588833612773
mid_pre_response,RT_ms,baseline_plus_hidden,5,hidden_13,0.46870409802192187,4641.588833612773
mid_pre_response,RT_ms,baseline_plus_hidden,5,hidden_14,-5.848825205924863,4641.588833612773
mid_pre_response,RT_ms,baseline_plus_hidden,5,hidden_15,0.6750200347685317,4641.588833612773
mid_pre_response,RT_ms,baseline_plus_hidden,5,hidden_16,-1.1840875511909883,4641.588833612773
mid_pre_response,RT_ms,baseline_plus_hidden,5,hidden_17,-2.785735408725466,4641.588833612773
mid_pre_response,RT_ms,baseline_plus_hidden,5,hidden_18,3.6605226298430327,4641.588833612773
mid_pre_response,RT_ms,baseline_plus_hidden,5,hidden_19,1.6749893410882022,4641.588833612773
mid_pre_response,RT_ms,baseline_plus_hidden,5,hidden_20,1.225302325273956,4641.588833612773
mid_pre_response,RT_ms,baseline_plus_hidden,5,hidden_21,4.730145668434511,4641.588833612773
mid_pre_response,RT_ms,baseline_plus_hidden,5,hidden_22,-3.5988011860572797,4641.588833612773
mid_pre_response,RT_ms,baseline_plus_hidden,5,hidden_23,1.9058007344970194,4641.588833612773
mid_pre_response,RT_ms,baseline_plus_hidden,5,hidden_24,0.3750296192811858,4641.588833612773
mid_pre_response,RT_ms,baseline_plus_hidden,5,hidden_25,1.2171255646477113,4641.588833612773
mid_pre_response,RT_ms,baseline_plus_hidden,5,hidden_26,2.8670403940849156,4641.588833612773
mid_pre_response,RT_ms,baseline_plus_hidden,5,hidden_27,-0.9541580220627096,4641.588833612773
mid_pre_response,RT_ms,baseline_plus_hidden,5,hidden_28,-4.420167147646563,4641.588833612773
mid_pre_response,RT_ms,baseline_plus_hidden,5,hidden_29,3.1819203702757832,4641.588833612773
mid_pre_response,RT_ms,baseline_plus_hidden,5,hidden_30,-2.991641743752142,4641.588833612773
mid_pre_response,RT_ms,baseline_plus_hidden,5,hidden_31,-4.216596014418328,4641.588833612773
mid_pre_response,RT_ms,baseline_plus_shuffled_hidden,1,shuffled_hidden_00,-20.857509159574054,0.001
mid_pre_response,RT_ms,baseline_plus_shuffled_hidden,1,shuffled_hidden_01,-12.156036339808843,0.001
mid_pre_response,RT_ms,baseline_plus_shuffled_hidden,1,shuffled_hidden_02,15.01035173363345,0.001
mid_pre_response,RT_ms,baseline_plus_shuffled_hidden,1,shuffled_hidden_03,9.271103360728569,0.001
mid_pre_response,RT_ms,baseline_plus_shuffled_hidden,1,shuffled_hidden_04,85.06312548667515,0.001
mid_pre_response,RT_ms,baseline_plus_shuffled_hidden,1,shuffled_hidden_05,9.583836713494918,0.001
mid_pre_response,RT_ms,baseline_plus_shuffled_hidden,1,shuffled_hidden_06,51.424933329243025,0.001
mid_pre_response,RT_ms,baseline_plus_shuffled_hidden,1,shuffled_hidden_07,50.12651676582991,0.001
mid_pre_response,RT_ms,baseline_plus_shuffled_hidden,1,shuffled_hidden_08,-26.38657576836323,0.001
mid_pre_response,RT_ms,baseline_plus_shuffled_hidden,1,shuffled_hidden_09,-145.85126244178468,0.001
mid_pre_response,RT_ms,baseline_plus_shuffled_hidden,1,shuffled_hidden_10,-6.450042369045666,0.001
mid_pre_response,RT_ms,baseline_plus_shuffled_hidden,1,shuffled_hidden_11,17.367096271209245,0.001
mid_pre_response,RT_ms,baseline_plus_shuffled_hidden,1,shuffled_hidden_12,-6.492211182825822,0.001
mid_pre_response,RT_ms,baseline_plus_shuffled_hidden,1,shuffled_hidden_13,-10.978763423474945,0.001
mid_pre_response,RT_ms,baseline_plus_shuffled_hidden,1,shuffled_hidden_14,-54.15879677504842,0.001
mid_pre_response,RT_ms,baseline_plus_shuffled_hidden,1,shuffled_hidden_15,13.665391895882866,0.001
mid_pre_response,RT_ms,baseline_plus_shuffled_hidden,1,shuffled_hidden_16,0.76384641988534,0.001
mid_pre_response,RT_ms,baseline_plus_shuffled_hidden,1,shuffled_hidden_17,-22.091239032657175,0.001
mid_pre_response,RT_ms,baseline_plus_shuffled_hidden,1,shuffled_hidden_18,17.09545586336129,0.001
mid_pre_response,RT_ms,baseline_plus_shuffled_hidden,1,shuffled_hidden_19,17.397541378385448,0.001
mid_pre_response,RT_ms,baseline_plus_shuffled_hidden,1,shuffled_hidden_20,-8.779518893260217,0.001
mid_pre_response,RT_ms,baseline_plus_shuffled_hidden,1,shuffled_hidden_21,3.8174410718192617,0.001
mid_pre_response,RT_ms,baseline_plus_shuffled_hidden,1,shuffled_hidden_22,-8.182183811308564,0.001
mid_pre_response,RT_ms,baseline_plus_shuffled_hidden,1,shuffled_hidden_23,8.902133268173205,0.001
mid_pre_response,RT_ms,baseline_plus_shuffled_hidden,1,shuffled_hidden_24,-3.974663340788135,0.001
mid_pre_response,RT_ms,baseline_plus_shuffled_hidden,1,shuffled_hidden_25,16.70306379496021,0.001
mid_pre_response,RT_ms,baseline_plus_shuffled_hidden,1,shuffled_hidden_26,87.47290729128335,0.001
mid_pre_response,RT_ms,baseline_plus_shuffled_hidden,1,shuffled_hidden_27,9.162562830580715,0.001
mid_pre_response,RT_ms,baseline_plus_shuffled_hidden,1,shuffled_hidden_28,4.616543195049509,0.001
mid_pre_response,RT_ms,baseline_plus_shuffled_hidden,1,shuffled_hidden_29,-0.9621517285447706,0.001
mid_pre_response,RT_ms,baseline_plus_shuffled_hidden,1,shuffled_hidden_30,22.402741930419463,0.001
mid_pre_response,RT_ms,baseline_plus_shuffled_hidden,1,shuffled_hidden_31,10.004429674040805,0.001
mid_pre_response,RT_ms,baseline_plus_shuffled_hidden,2,shuffled_hidden_00,-0.24031796647665987,464.1588833612773
mid_pre_response,RT_ms,baseline_plus_shuffled_hidden,2,shuffled_hidden_01,0.7311010525832264,464.1588833612773
mid_pre_response,RT_ms,baseline_plus_shuffled_hidden,2,shuffled_hidden_02,0.8845294701682338,464.1588833612773
mid_pre_response,RT_ms,baseline_plus_shuffled_hidden,2,shuffled_hidden_03,0.41810209981027985,464.1588833612773
mid_pre_response,RT_ms,baseline_plus_shuffled_hidden,2,shuffled_hidden_04,-0.9055210867926732,464.1588833612773
mid_pre_response,RT_ms,baseline_plus_shuffled_hidden,2,shuffled_hidden_05,-1.7815385721516375,464.1588833612773
mid_pre_response,RT_ms,baseline_plus_shuffled_hidden,2,shuffled_hidden_06,0.34494875553500104,464.1588833612773
mid_pre_response,RT_ms,baseline_plus_shuffled_hidden,2,shuffled_hidden_07,0.26355175193318947,464.1588833612773
mid_pre_response,RT_ms,baseline_plus_shuffled_hidden,2,shuffled_hidden_08,-7.669520872088473,464.1588833612773
mid_pre_response,RT_ms,baseline_plus_shuffled_hidden,2,shuffled_hidden_09,0.6992039300239902,464.1588833612773
mid_pre_response,RT_ms,baseline_plus_shuffled_hidden,2,shuffled_hidden_10,-3.7744722297910114,464.1588833612773
mid_pre_response,RT_ms,baseline_plus_shuffled_hidden,2,shuffled_hidden_11,-2.7366686101031648,464.1588833612773
mid_pre_response,RT_ms,baseline_plus_shuffled_hidden,2,shuffled_hidden_12,-5.620510695089165,464.1588833612773
mid_pre_response,RT_ms,baseline_plus_shuffled_hidden,2,shuffled_hidden_13,-0.9612122467054101,464.1588833612773
mid_pre_response,RT_ms,baseline_plus_shuffled_hidden,2,shuffled_hidden_14,-2.1836374309276856,464.1588833612773
mid_pre_response,RT_ms,baseline_plus_shuffled_hidden,2,shuffled_hidden_15,5.491982189289471,464.1588833612773
mid_pre_response,RT_ms,baseline_plus_shuffled_hidden,2,shuffled_hidden_16,-0.9378653182569211,464.1588833612773
mid_pre_response,RT_ms,baseline_plus_shuffled_hidden,2,shuffled_hidden_17,-5.108317612365295,464.1588833612773
mid_pre_response,RT_ms,baseline_plus_shuffled_hidden,2,shuffled_hidden_18,1.6927187510718569,464.1588833612773
mid_pre_response,RT_ms,baseline_plus_shuffled_hidden,2,shuffled_hidden_19,2.501507019038121,464.1588833612773
mid_pre_response,RT_ms,baseline_plus_shuffled_hidden,2,shuffled_hidden_20,-4.3279462755162506,464.1588833612773
mid_pre_response,RT_ms,baseline_plus_shuffled_hidden,2,shuffled_hidden_21,0.8273651339299578,464.1588833612773
mid_pre_response,RT_ms,baseline_plus_shuffled_hidden,2,shuffled_hidden_22,-0.04656240359116235,464.1588833612773
mid_pre_response,RT_ms,baseline_plus_shuffled_hidden,2,shuffled_hidden_23,6.5626230405307195,464.1588833612773
mid_pre_response,RT_ms,baseline_plus_shuffled_hidden,2,shuffled_hidden_24,-5.684867111232217,464.1588833612773
mid_pre_response,RT_ms,baseline_plus_shuffled_hidden,2,shuffled_hidden_25,2.898778660587418,464.1588833612773
mid_pre_response,RT_ms,baseline_plus_shuffled_hidden,2,shuffled_hidden_26,-0.9928300284554299,464.1588833612773
mid_pre_response,RT_ms,baseline_plus_shuffled_hidden,2,shuffled_hidden_27,3.633056024550451,464.1588833612773
mid_pre_response,RT_ms,baseline_plus_shuffled_hidden,2,shuffled_hidden_28,3.0472004596808806,464.1588833612773
mid_pre_response,RT_ms,baseline_plus_shuffled_hidden,2,shuffled_hidden_29,-1.9362861772297044,464.1588833612773
mid_pre_response,RT_ms,baseline_plus_shuffled_hidden,2,shuffled_hidden_30,-5.163214844859046,464.1588833612773
mid_pre_response,RT_ms,baseline_plus_shuffled_hidden,2,shuffled_hidden_31,5.605365523083518,464.1588833612773
mid_pre_response,RT_ms,baseline_plus_shuffled_hidden,3,shuffled_hidden_00,-51.8191127342831,4.6415888336127775
mid_pre_response,RT_ms,baseline_plus_shuffled_hidden,3,shuffled_hidden_01,-3.1822811877470794,4.6415888336127775
mid_pre_response,RT_ms,baseline_plus_shuffled_hidden,3,shuffled_hidden_02,-27.447381381801133,4.6415888336127775
mid_pre_response,RT_ms,baseline_plus_shuffled_hidden,3,shuffled_hidden_03,10.713378369577915,4.6415888336127775
mid_pre_response,RT_ms,baseline_plus_shuffled_hidden,3,shuffled_hidden_04,-2.89753743875681,4.6415888336127775
mid_pre_response,RT_ms,baseline_plus_shuffled_hidden,3,shuffled_hidden_05,3.593988170906161,4.6415888336127775
mid_pre_response,RT_ms,baseline_plus_shuffled_hidden,3,shuffled_hidden_06,-18.671782170149466,4.6415888336127775
mid_pre_response,RT_ms,baseline_plus_shuffled_hidden,3,shuffled_hidden_07,-23.61420274791239,4.6415888336127775
mid_pre_response,RT_ms,baseline_plus_shuffled_hidden,3,shuffled_hidden_08,-0.8773730909733408,4.6415888336127775
mid_pre_response,RT_ms,baseline_plus_shuffled_hidden,3,shuffled_hidden_09,18.74094444456634,4.6415888336127775
mid_pre_response,RT_ms,baseline_plus_shuffled_hidden,3,shuffled_hidden_10,8.370273321658944,4.6415888336127775
mid_pre_response,RT_ms,baseline_plus_shuffled_hidden,3,shuffled_hidden_11,-15.539539839460145,4.6415888336127775
mid_pre_response,RT_ms,baseline_plus_shuffled_hidden,3,shuffled_hidden_12,-8.946014490737939,4.6415888336127775
mid_pre_response,RT_ms,baseline_plus_shuffled_hidden,3,shuffled_hidden_13,22.944882654485404,4.6415888336127775
mid_pre_response,RT_ms,baseline_plus_shuffled_hidden,3,shuffled_hidden_14,-69.85948558346391,4.6415888336127775
mid_pre_response,RT_ms,baseline_plus_shuffled_hidden,3,shuffled_hidden_15,5.175561758513132,4.6415888336127775
mid_pre_response,RT_ms,baseline_plus_shuffled_hidden,3,shuffled_hidden_16,-1.322993510418467,4.6415888336127775
mid_pre_response,RT_ms,baseline_plus_shuffled_hidden,3,shuffled_hidden_17,-2.8547788560693856,4.6415888336127775
mid_pre_response,RT_ms,baseline_plus_shuffled_hidden,3,shuffled_hidden_18,-3.092115885412019,4.6415888336127775
mid_pre_response,RT_ms,baseline_plus_shuffled_hidden,3,shuffled_hidden_19,23.359952844578004,4.6415888336127775
mid_pre_response,RT_ms,baseline_plus_shuffled_hidden,3,shuffled_hidden_20,-5.934627936468316,4.6415888336127775
mid_pre_response,RT_ms,baseline_plus_shuffled_hidden,3,shuffled_hidden_21,-7.403652474063238,4.6415888336127775
mid_pre_response,RT_ms,baseline_plus_shuffled_hidden,3,shuffled_hidden_22,7.1127301778518826,4.6415888336127775
mid_pre_response,RT_ms,baseline_plus_shuffled_hidden,3,shuffled_hidden_23,-2.7885077277099177,4.6415888336127775
mid_pre_response,RT_ms,baseline_plus_shuffled_hidden,3,shuffled_hidden_24,9.688858625093683,4.6415888336127775
mid_pre_response,RT_ms,baseline_plus_shuffled_hidden,3,shuffled_hidden_25,-7.729183553491258,4.6415888336127775
mid_pre_response,RT_ms,baseline_plus_shuffled_hidden,3,shuffled_hidden_26,18.3326218976567,4.6415888336127775
mid_pre_response,RT_ms,baseline_plus_shuffled_hidden,3,shuffled_hidden_27,4.502805209570112,4.6415888336127775
mid_pre_response,RT_ms,baseline_plus_shuffled_hidden,3,shuffled_hidden_28,-1.2794547104570875,4.6415888336127775
mid_pre_response,RT_ms,baseline_plus_shuffled_hidden,3,shuffled_hidden_29,-26.863176248746704,4.6415888336127775
mid_pre_response,RT_ms,baseline_plus_shuffled_hidden,3,shuffled_hidden_30,19.056118906922816,4.6415888336127775
mid_pre_response,RT_ms,baseline_plus_shuffled_hidden,3,shuffled_hidden_31,9.428058102671212,4.6415888336127775
mid_pre_response,RT_ms,baseline_plus_shuffled_hidden,4,shuffled_hidden_00,-2.2677669098044144,215.44346900318823
mid_pre_response,RT_ms,baseline_plus_shuffled_hidden,4,shuffled_hidden_01,-6.156898103233472,215.44346900318823
mid_pre_response,RT_ms,baseline_plus_shuffled_hidden,4,shuffled_hidden_02,-1.3454452586975636,215.44346900318823
mid_pre_response,RT_ms,baseline_plus_shuffled_hidden,4,shuffled_hidden_03,-1.2705741644052662,215.44346900318823
mid_pre_response,RT_ms,baseline_plus_shuffled_hidden,4,shuffled_hidden_04,-4.232083015083467,215.44346900318823
mid_pre_response,RT_ms,baseline_plus_shuffled_hidden,4,shuffled_hidden_05,0.32912844698634863,215.44346900318823
mid_pre_response,RT_ms,baseline_plus_shuffled_hidden,4,shuffled_hidden_06,-0.3107765232935227,215.44346900318823
mid_pre_response,RT_ms,baseline_plus_shuffled_hidden,4,shuffled_hidden_07,-0.023180214599111255,215.44346900318823
mid_pre_response,RT_ms,baseline_plus_shuffled_hidden,4,shuffled_hidden_08,-8.886560214112642,215.44346900318823
mid_pre_response,RT_ms,baseline_plus_shuffled_hidden,4,shuffled_hidden_09,0.868146406822442,215.44346900318823
mid_pre_response,RT_ms,baseline_plus_shuffled_hidden,4,shuffled_hidden_10,-4.075592854868553,215.44346900318823
mid_pre_response,RT_ms,baseline_plus_shuffled_hidden,4,shuffled_hidden_11,-3.5039673779471525,215.44346900318823
mid_pre_response,RT_ms,baseline_plus_shuffled_hidden,4,shuffled_hidden_12,-1.8943825938253998,215.44346900318823
mid_pre_response,RT_ms,baseline_plus_shuffled_hidden,4,shuffled_hidden_13,-2.6742984038269073,215.44346900318823
mid_pre_response,RT_ms,baseline_plus_shuffled_hidden,4,shuffled_hidden_14,-4.5172269267215714,215.44346900318823
mid_pre_response,RT_ms,baseline_plus_shuffled_hidden,4,shuffled_hidden_15,4.828071021713967,215.44346900318823
mid_pre_response,RT_ms,baseline_plus_shuffled_hidden,4,shuffled_hidden_16,-1.3669033467868696,215.44346900318823
mid_pre_response,RT_ms,baseline_plus_shuffled_hidden,4,shuffled_hidden_17,-3.9510931220573546,215.44346900318823
mid_pre_response,RT_ms,baseline_plus_shuffled_hidden,4,shuffled_hidden_18,2.369616099689398,215.44346900318823
mid_pre_response,RT_ms,baseline_plus_shuffled_hidden,4,shuffled_hidden_19,2.6256091182965293,215.44346900318823
mid_pre_response,RT_ms,baseline_plus_shuffled_hidden,4,shuffled_hidden_20,-2.655140277449198,215.44346900318823
mid_pre_response,RT_ms,baseline_plus_shuffled_hidden,4,shuffled_hidden_21,-1.7625567021931112,215.44346900318823
mid_pre_response,RT_ms,baseline_plus_shuffled_hidden,4,shuffled_hidden_22,2.886555126270388,215.44346900318823
mid_pre_response,RT_ms,baseline_plus_shuffled_hidden,4,shuffled_hidden_23,7.840155130932739,215.44346900318823
mid_pre_response,RT_ms,baseline_plus_shuffled_hidden,4,shuffled_hidden_24,-10.17524642340773,215.44346900318823
mid_pre_response,RT_ms,baseline_plus_shuffled_hidden,4,shuffled_hidden_25,5.551644260363977,215.44346900318823
mid_pre_response,RT_ms,baseline_plus_shuffled_hidden,4,shuffled_hidden_26,3.4636794791328414,215.44346900318823
mid_pre_response,RT_ms,baseline_plus_shuffled_hidden,4,shuffled_hidden_27,0.8675826161475474,215.44346900318823
mid_pre_response,RT_ms,baseline_plus_shuffled_hidden,4,shuffled_hidden_28,3.1754116367902903,215.44346900318823
mid_pre_response,RT_ms,baseline_plus_shuffled_hidden,4,shuffled_hidden_29,-3.1581871269052417,215.44346900318823
mid_pre_response,RT_ms,baseline_plus_shuffled_hidden,4,shuffled_hidden_30,-11.156308390736873,215.44346900318823
mid_pre_response,RT_ms,baseline_plus_shuffled_hidden,4,shuffled_hidden_31,1.9430210018728102,215.44346900318823
mid_pre_response,RT_ms,baseline_plus_shuffled_hidden,5,shuffled_hidden_00,-2.863131509522511,1000.0
mid_pre_response,RT_ms,baseline_plus_shuffled_hidden,5,shuffled_hidden_01,-2.3202259226686666,1000.0
mid_pre_response,RT_ms,baseline_plus_shuffled_hidden,5,shuffled_hidden_02,-0.4858290176785736,1000.0
mid_pre_response,RT_ms,baseline_plus_shuffled_hidden,5,shuffled_hidden_03,-0.7703160332399186,1000.0
mid_pre_response,RT_ms,baseline_plus_shuffled_hidden,5,shuffled_hidden_04,-1.436868180011258,1000.0
mid_pre_response,RT_ms,baseline_plus_shuffled_hidden,5,shuffled_hidden_05,1.4518789409842696,1000.0
mid_pre_response,RT_ms,baseline_plus_shuffled_hidden,5,shuffled_hidden_06,0.31780460803910765,1000.0
mid_pre_response,RT_ms,baseline_plus_shuffled_hidden,5,shuffled_hidden_07,-1.5311700849191865,1000.0
mid_pre_response,RT_ms,baseline_plus_shuffled_hidden,5,shuffled_hidden_08,-3.815085061788372,1000.0
mid_pre_response,RT_ms,baseline_plus_shuffled_hidden,5,shuffled_hidden_09,-0.013772366570740538,1000.0
mid_pre_response,RT_ms,baseline_plus_shuffled_hidden,5,shuffled_hidden_10,-1.1328190923716583,1000.0
mid_pre_response,RT_ms,baseline_plus_shuffled_hidden,5,shuffled_hidden_11,0.5073640176707289,1000.0
mid_pre_response,RT_ms,baseline_plus_shuffled_hidden,5,shuffled_hidden_12,-3.371583219942992,1000.0
mid_pre_response,RT_ms,baseline_plus_shuffled_hidden,5,shuffled_hidden_13,-1.5241434954700261,1000.0
mid_pre_response,RT_ms,baseline_plus_shuffled_hidden,5,shuffled_hidden_14,-0.18707354751369332,1000.0
mid_pre_response,RT_ms,baseline_plus_shuffled_hidden,5,shuffled_hidden_15,4.04596067284879,1000.0
mid_pre_response,RT_ms,baseline_plus_shuffled_hidden,5,shuffled_hidden_16,-2.3171885981579794,1000.0
mid_pre_response,RT_ms,baseline_plus_shuffled_hidden,5,shuffled_hidden_17,1.313117656092286,1000.0
mid_pre_response,RT_ms,baseline_plus_shuffled_hidden,5,shuffled_hidden_18,0.5598143950566521,1000.0
mid_pre_response,RT_ms,baseline_plus_shuffled_hidden,5,shuffled_hidden_19,1.0188163422954024,1000.0
mid_pre_response,RT_ms,baseline_plus_shuffled_hidden,5,shuffled_hidden_20,-1.5233926739274872,1000.0
mid_pre_response,RT_ms,baseline_plus_shuffled_hidden,5,shuffled_hidden_21,0.03980692064971309,1000.0
mid_pre_response,RT_ms,baseline_plus_shuffled_hidden,5,shuffled_hidden_22,1.5336346098361089,1000.0
mid_pre_response,RT_ms,baseline_plus_shuffled_hidden,5,shuffled_hidden_23,5.783249166855496,1000.0
mid_pre_response,RT_ms,baseline_plus_shuffled_hidden,5,shuffled_hidden_24,-3.1049759850744096,1000.0
mid_pre_response,RT_ms,baseline_plus_shuffled_hidden,5,shuffled_hidden_25,2.0843430858293153,1000.0
mid_pre_response,RT_ms,baseline_plus_shuffled_hidden,5,shuffled_hidden_26,1.6287191945894623,1000.0
mid_pre_response,RT_ms,baseline_plus_shuffled_hidden,5,shuffled_hidden_27,1.0774578574835758,1000.0
mid_pre_response,RT_ms,baseline_plus_shuffled_hidden,5,shuffled_hidden_28,2.5492753162163027,1000.0
mid_pre_response,RT_ms,baseline_plus_shuffled_hidden,5,shuffled_hidden_29,-4.991162196405892,1000.0
mid_pre_response,RT_ms,baseline_plus_shuffled_hidden,5,shuffled_hidden_30,-3.7568476547423493,1000.0
mid_pre_response,RT_ms,baseline_plus_shuffled_hidden,5,shuffled_hidden_31,4.0551111025703825,1000.0
late_pre_response,log_RT_ms,hidden,1,hidden_00,0.05184212699532509,46.41588833612773
late_pre_response,log_RT_ms,hidden,1,hidden_01,-0.016174420714378357,46.41588833612773
late_pre_response,log_RT_ms,hidden,1,hidden_02,-0.027337299659848213,46.41588833612773
late_pre_response,log_RT_ms,hidden,1,hidden_03,0.05278073251247406,46.41588833612773
late_pre_response,log_RT_ms,hidden,1,hidden_04,0.0005060650873929262,46.41588833612773
late_pre_response,log_RT_ms,hidden,1,hidden_05,-0.002713122870773077,46.41588833612773
late_pre_response,log_RT_ms,hidden,1,hidden_06,-0.0022593478206545115,46.41588833612773
late_pre_response,log_RT_ms,hidden,1,hidden_07,0.05326629430055618,46.41588833612773
late_pre_response,log_RT_ms,hidden,1,hidden_08,-0.0011866285931318998,46.41588833612773
late_pre_response,log_RT_ms,hidden,1,hidden_09,0.004891150631010532,46.41588833612773
late_pre_response,log_RT_ms,hidden,1,hidden_10,-0.007049249485135078,46.41588833612773
late_pre_response,log_RT_ms,hidden,1,hidden_11,-0.05140792578458786,46.41588833612773
late_pre_response,log_RT_ms,hidden,1,hidden_12,0.028838293626904488,46.41588833612773
late_pre_response,log_RT_ms,hidden,1,hidden_13,0.07429827004671097,46.41588833612773
late_pre_response,log_RT_ms,hidden,1,hidden_14,-0.026819467544555664,46.41588833612773
late_pre_response,log_RT_ms,hidden,1,hidden_15,0.0018419221742078662,46.41588833612773
late_pre_response,log_RT_ms,hidden,1,hidden_16,-0.010191022418439388,46.41588833612773
late_pre_response,log_RT_ms,hidden,1,hidden_17,0.03306102380156517,46.41588833612773
late_pre_response,log_RT_ms,hidden,1,hidden_18,0.05274079367518425,46.41588833612773
late_pre_response,log_RT_ms,hidden,1,hidden_19,0.00264568324200809,46.41588833612773
late_pre_response,log_RT_ms,hidden,1,hidden_20,0.034829169511795044,46.41588833612773
late_pre_response,log_RT_ms,hidden,1,hidden_21,-0.009370275773108006,46.41588833612773
late_pre_response,log_RT_ms,hidden,1,hidden_22,0.004854291677474976,46.41588833612773
late_pre_response,log_RT_ms,hidden,1,hidden_23,0.0058272662572562695,46.41588833612773
late_pre_response,log_RT_ms,hidden,1,hidden_24,0.012925050221383572,46.41588833612773
late_pre_response,log_RT_ms,hidden,1,hidden_25,0.01952693797647953,46.41588833612773
late_pre_response,log_RT_ms,hidden,1,hidden_26,0.05564543977379799,46.41588833612773
late_pre_response,log_RT_ms,hidden,1,hidden_27,-0.029776958748698235,46.41588833612773
late_pre_response,log_RT_ms,hidden,1,hidden_28,0.021659404039382935,46.41588833612773
late_pre_response,log_RT_ms,hidden,1,hidden_29,0.0063378955237567425,46.41588833612773
late_pre_response,log_RT_ms,hidden,1,hidden_30,-0.04086105525493622,46.41588833612773
late_pre_response,log_RT_ms,hidden,1,hidden_31,-0.013620277866721153,46.41588833612773
late_pre_response,log_RT_ms,hidden,2,hidden_00,0.046433016657829285,46.41588833612773
late_pre_response,log_RT_ms,hidden,2,hidden_01,-0.0068528736010193825,46.41588833612773
late_pre_response,log_RT_ms,hidden,2,hidden_02,-0.026444634422659874,46.41588833612773
late_pre_response,log_RT_ms,hidden,2,hidden_03,0.07548365741968155,46.41588833612773
late_pre_response,log_RT_ms,hidden,2,hidden_04,-0.020317470654845238,46.41588833612773
late_pre_response,log_RT_ms,hidden,2,hidden_05,-0.016109945252537727,46.41588833612773
late_pre_response,log_RT_ms,hidden,2,hidden_06,0.016201213002204895,46.41588833612773
late_pre_response,log_RT_ms,hidden,2,hidden_07,0.0448312908411026,46.41588833612773
late_pre_response,log_RT_ms,hidden,2,hidden_08,-0.0038403032813221216,46.41588833612773
late_pre_response,log_RT_ms,hidden,2,hidden_09,-0.0025606330018490553,46.41588833612773
late_pre_response,log_RT_ms,hidden,2,hidden_10,-0.01020138245075941,46.41588833612773
late_pre_response,log_RT_ms,hidden,2,hidden_11,-0.056836314499378204,46.41588833612773
late_pre_response,log_RT_ms,hidden,2,hidden_12,0.0234726183116436,46.41588833612773
late_pre_response,log_RT_ms,hidden,2,hidden_13,0.09052806347608566,46.41588833612773
late_pre_response,log_RT_ms,hidden,2,hidden_14,-0.014735691249370575,46.41588833612773
late_pre_response,log_RT_ms,hidden,2,hidden_15,0.003268755739554763,46.41588833612773
late_pre_response,log_RT_ms,hidden,2,hidden_16,-0.010196028277277946,46.41588833612773
late_pre_response,log_RT_ms,hidden,2,hidden_17,0.030359560623764992,46.41588833612773
late_pre_response,log_RT_ms,hidden,2,hidden_18,0.041146885603666306,46.41588833612773
late_pre_response,log_RT_ms,hidden,2,hidden_19,0.007683976087719202,46.41588833612773
late_pre_response,log_RT_ms,hidden,2,hidden_20,0.021871576085686684,46.41588833612773
late_pre_response,log_RT_ms,hidden,2,hidden_21,-0.019366296008229256,46.41588833612773
late_pre_response,log_RT_ms,hidden,2,hidden_22,0.014776384457945824,46.41588833612773
late_pre_response,log_RT_ms,hidden,2,hidden_23,-0.00043894932605326176,46.41588833612773
late_pre_response,log_RT_ms,hidden,2,hidden_24,0.011210557073354721,46.41588833612773
late_pre_response,log_RT_ms,hidden,2,hidden_25,0.005556380841881037,46.41588833612773
late_pre_response,log_RT_ms,hidden,2,hidden_26,0.051360275596380234,46.41588833612773
late_pre_response,log_RT_ms,hidden,2,hidden_27,-0.018345437943935394,46.41588833612773
late_pre_response,log_RT_ms,hidden,2,hidden_28,0.008666007779538631,46.41588833612773
late_pre_response,log_RT_ms,hidden,2,hidden_29,0.004354026634246111,46.41588833612773
late_pre_response,log_RT_ms,hidden,2,hidden_30,-0.03808680176734924,46.41588833612773
late_pre_response,log_RT_ms,hidden,2,hidden_31,-0.003870430402457714,46.41588833612773
late_pre_response,log_RT_ms,hidden,3,hidden_00,0.0438004806637764,100.0
late_pre_response,log_RT_ms,hidden,3,hidden_01,-0.008491979911923409,100.0
late_pre_response,log_RT_ms,hidden,3,hidden_02,-0.013811652548611164,100.0
late_pre_response,log_RT_ms,hidden,3,hidden_03,0.04576968774199486,100.0
late_pre_response,log_RT_ms,hidden,3,hidden_04,0.006240761838853359,100.0
late_pre_response,log_RT_ms,hidden,3,hidden_05,-0.006946549750864506,100.0
late_pre_response,log_RT_ms,hidden,3,hidden_06,0.0032455811742693186,100.0
late_pre_response,log_RT_ms,hidden,3,hidden_07,0.04364372044801712,100.0
late_pre_response,log_RT_ms,hidden,3,hidden_08,-0.009194630198180676,100.0
late_pre_response,log_RT_ms,hidden,3,hidden_09,0.008518545888364315,100.0
late_pre_response,log_RT_ms,hidden,3,hidden_10,-0.005425924900919199,100.0
late_pre_response,log_RT_ms,hidden,3,hidden_11,-0.03050127997994423,100.0
late_pre_response,log_RT_ms,hidden,3,hidden_12,0.024504730477929115,100.0
late_pre_response,log_RT_ms,hidden,3,hidden_13,0.061932072043418884,100.0
late_pre_response,log_RT_ms,hidden,3,hidden_14,-0.021111777052283287,100.0
late_pre_response,log_RT_ms,hidden,3,hidden_15,0.009240210056304932,100.0
late_pre_response,log_RT_ms,hidden,3,hidden_16,-0.0069362022913992405,100.0
late_pre_response,log_RT_ms,hidden,3,hidden_17,0.014920135028660297,100.0
late_pre_response,log_RT_ms,hidden,3,hidden_18,0.03501037508249283,100.0
late_pre_response,log_RT_ms,hidden,3,hidden_19,0.012343738228082657,100.0
late_pre_response,log_RT_ms,hidden,3,hidden_20,0.027175506576895714,100.0
late_pre_response,log_RT_ms,hidden,3,hidden_21,0.003137575462460518,100.0
late_pre_response,log_RT_ms,hidden,3,hidden_22,0.014258937910199165,100.0
late_pre_response,log_RT_ms,hidden,3,hidden_23,0.007722844835370779,100.0
late_pre_response,log_RT_ms,hidden,3,hidden_24,-0.0024999487213790417,100.0
late_pre_response,log_RT_ms,hidden,3,hidden_25,0.004951127804815769,100.0
late_pre_response,log_RT_ms,hidden,3,hidden_26,0.03427986428141594,100.0
late_pre_response,log_RT_ms,hidden,3,hidden_27,-0.01895647495985031,100.0
late_pre_response,log_RT_ms,hidden,3,hidden_28,0.00047313576214946806,100.0
late_pre_response,log_RT_ms,hidden,3,hidden_29,-0.004301019478589296,100.0
late_pre_response,log_RT_ms,hidden,3,hidden_30,-0.028625914826989174,100.0
late_pre_response,log_RT_ms,hidden,3,hidden_31,-0.012725497595965862,100.0
late_pre_response,log_RT_ms,hidden,4,hidden_00,0.05839090421795845,46.41588833612773
late_pre_response,log_RT_ms,hidden,4,hidden_01,-0.007862831465899944,46.41588833612773
late_pre_response,log_RT_ms,hidden,4,hidden_02,-0.01825464889407158,46.41588833612773
late_pre_response,log_RT_ms,hidden,4,hidden_03,0.06507712602615356,46.41588833612773
late_pre_response,log_RT_ms,hidden,4,hidden_04,-0.006915568374097347,46.41588833612773
late_pre_response,log_RT_ms,hidden,4,hidden_05,-0.010564135387539864,46.41588833612773
late_pre_response,log_RT_ms,hidden,4,hidden_06,-0.007610258646309376,46.41588833612773
late_pre_response,log_RT_ms,hidden,4,hidden_07,0.05463642254471779,46.41588833612773
late_pre_response,log_RT_ms,hidden,4,hidden_08,-0.01039727870374918,46.41588833612773
late_pre_response,log_RT_ms,hidden,4,hidden_09,0.002835153369233012,46.41588833612773
late_pre_response,log_RT_ms,hidden,4,hidden_10,-0.01347437035292387,46.41588833612773
late_pre_response,log_RT_ms,hidden,4,hidden_11,-0.043394967913627625,46.41588833612773
late_pre_response,log_RT_ms,hidden,4,hidden_12,0.028173021972179413,46.41588833612773
late_pre_response,log_RT_ms,hidden,4,hidden_13,0.08154900372028351,46.41588833612773
late_pre_response,log_RT_ms,hidden,4,hidden_14,-0.017161929979920387,46.41588833612773
late_pre_response,log_RT_ms,hidden,4,hidden_15,0.004914829041808844,46.41588833612773
late_pre_response,log_RT_ms,hidden,4,hidden_16,-0.008494621142745018,46.41588833612773
late_pre_response,log_RT_ms,hidden,4,hidden_17,0.02761848457157612,46.41588833612773
late_pre_response,log_RT_ms,hidden,4,hidden_18,0.044247303158044815,46.41588833612773
late_pre_response,log_RT_ms,hidden,4,hidden_19,-0.0007808285299688578,46.41588833612773
late_pre_response,log_RT_ms,hidden,4,hidden_20,0.029787927865982056,46.41588833612773
late_pre_response,log_RT_ms,hidden,4,hidden_21,-0.004899452906101942,46.41588833612773
late_pre_response,log_RT_ms,hidden,4,hidden_22,0.020184379070997238,46.41588833612773
late_pre_response,log_RT_ms,hidden,4,hidden_23,0.012270462699234486,46.41588833612773
late_pre_response,log_RT_ms,hidden,4,hidden_24,-0.005365398712456226,46.41588833612773
late_pre_response,log_RT_ms,hidden,4,hidden_25,0.016013722866773605,46.41588833612773
late_pre_response,log_RT_ms,hidden,4,hidden_26,0.04810922220349312,46.41588833612773
late_pre_response,log_RT_ms,hidden,4,hidden_27,-0.013769236393272877,46.41588833612773
late_pre_response,log_RT_ms,hidden,4,hidden_28,0.013174262829124928,46.41588833612773
late_pre_response,log_RT_ms,hidden,4,hidden_29,-0.005527465604245663,46.41588833612773
late_pre_response,log_RT_ms,hidden,4,hidden_30,-0.04282412305474281,46.41588833612773
late_pre_response,log_RT_ms,hidden,4,hidden_31,-0.01621955819427967,46.41588833612773
late_pre_response,log_RT_ms,hidden,5,hidden_00,0.05521034821867943,21.54434690031882
late_pre_response,log_RT_ms,hidden,5,hidden_01,-0.01097416877746582,21.54434690031882
late_pre_response,log_RT_ms,hidden,5,hidden_02,-0.023710891604423523,21.54434690031882
late_pre_response,log_RT_ms,hidden,5,hidden_03,0.06893415749073029,21.54434690031882
late_pre_response,log_RT_ms,hidden,5,hidden_04,0.006322724279016256,21.54434690031882
late_pre_response,log_RT_ms,hidden,5,hidden_05,-0.004508288577198982,21.54434690031882
late_pre_response,log_RT_ms,hidden,5,hidden_06,-0.02065393701195717,21.54434690031882
late_pre_response,log_RT_ms,hidden,5,hidden_07,0.06414245069026947,21.54434690031882
late_pre_response,log_RT_ms,hidden,5,hidden_08,0.00016108276031445712,21.54434690031882
late_pre_response,log_RT_ms,hidden,5,hidden_09,0.0019868332892656326,21.54434690031882
late_pre_response,log_RT_ms,hidden,5,hidden_10,-0.005364798009395599,21.54434690031882
late_pre_response,log_RT_ms,hidden,5,hidden_11,-0.0432329960167408,21.54434690031882
late_pre_response,log_RT_ms,hidden,5,hidden_12,0.03071454167366028,21.54434690031882
late_pre_response,log_RT_ms,hidden,5,hidden_13,0.08664534986019135,21.54434690031882
late_pre_response,log_RT_ms,hidden,5,hidden_14,-0.03754543140530586,21.54434690031882
late_pre_response,log_RT_ms,hidden,5,hidden_15,0.0021253437735140324,21.54434690031882
late_pre_response,log_RT_ms,hidden,5,hidden_16,-0.009213228709995747,21.54434690031882
late_pre_response,log_RT_ms,hidden,5,hidden_17,0.024488886818289757,21.54434690031882
late_pre_response,log_RT_ms,hidden,5,hidden_18,0.041216980665922165,21.54434690031882
late_pre_response,log_RT_ms,hidden,5,hidden_19,0.00013213058991823345,21.54434690031882
late_pre_response,log_RT_ms,hidden,5,hidden_20,0.028428610414266586,21.54434690031882
late_pre_response,log_RT_ms,hidden,5,hidden_21,-0.02622099407017231,21.54434690031882
late_pre_response,log_RT_ms,hidden,5,hidden_22,-0.004915769211947918,21.54434690031882
late_pre_response,log_RT_ms,hidden,5,hidden_23,0.022922005504369736,21.54434690031882
late_pre_response,log_RT_ms,hidden,5,hidden_24,0.004731182940304279,21.54434690031882
late_pre_response,log_RT_ms,hidden,5,hidden_25,0.012973745353519917,21.54434690031882
late_pre_response,log_RT_ms,hidden,5,hidden_26,0.0765196904540062,21.54434690031882
late_pre_response,log_RT_ms,hidden,5,hidden_27,-0.030570315197110176,21.54434690031882
late_pre_response,log_RT_ms,hidden,5,hidden_28,0.010513674467802048,21.54434690031882
late_pre_response,log_RT_ms,hidden,5,hidden_29,0.0019195666536688805,21.54434690031882
late_pre_response,log_RT_ms,hidden,5,hidden_30,-0.027005376294255257,21.54434690031882
late_pre_response,log_RT_ms,hidden,5,hidden_31,-0.005727751646190882,21.54434690031882
late_pre_response,log_RT_ms,baseline_plus_hidden,1,hidden_00,0.03846925638441202,46.41588833612773
late_pre_response,log_RT_ms,baseline_plus_hidden,1,hidden_01,-0.04105069005045763,46.41588833612773
late_pre_response,log_RT_ms,baseline_plus_hidden,1,hidden_02,-0.014262189425489642,46.41588833612773
late_pre_response,log_RT_ms,baseline_plus_hidden,1,hidden_03,0.03256995313329781,46.41588833612773
late_pre_response,log_RT_ms,baseline_plus_hidden,1,hidden_04,-0.003314386689559829,46.41588833612773
late_pre_response,log_RT_ms,baseline_plus_hidden,1,hidden_05,-0.0039978947082024196,46.41588833612773
late_pre_response,log_RT_ms,baseline_plus_hidden,1,hidden_06,0.003718913471274463,46.41588833612773
late_pre_response,log_RT_ms,baseline_plus_hidden,1,hidden_07,0.03608001718350851,46.41588833612773
late_pre_response,log_RT_ms,baseline_plus_hidden,1,hidden_08,-0.005963689741602021,46.41588833612773
late_pre_response,log_RT_ms,baseline_plus_hidden,1,hidden_09,-0.007709758771439358,46.41588833612773
late_pre_response,log_RT_ms,baseline_plus_hidden,1,hidden_10,-0.009598790680970772,46.41588833612773
late_pre_response,log_RT_ms,baseline_plus_hidden,1,hidden_11,-0.03616096502091652,46.41588833612773
late_pre_response,log_RT_ms,baseline_plus_hidden,1,hidden_12,0.019951868287157597,46.41588833612773
late_pre_response,log_RT_ms,baseline_plus_hidden,1,hidden_13,0.05656564021767456,46.41588833612773
late_pre_response,log_RT_ms,baseline_plus_hidden,1,hidden_14,-0.025743909394336188,46.41588833612773
late_pre_response,log_RT_ms,baseline_plus_hidden,1,hidden_15,-0.0026341858203656776,46.41588833612773
late_pre_response,log_RT_ms,baseline_plus_hidden,1,hidden_16,-0.0003949927963782093,46.41588833612773
late_pre_response,log_RT_ms,baseline_plus_hidden,1,hidden_17,0.018542321347449434,46.41588833612773
late_pre_response,log_RT_ms,baseline_plus_hidden,1,hidden_18,0.030771336740551915,46.41588833612773
late_pre_response,log_RT_ms,baseline_plus_hidden,1,hidden_19,0.0001453460060366821,46.41588833612773
late_pre_response,log_RT_ms,baseline_plus_hidden,1,hidden_20,0.016367086224626043,46.41588833612773
late_pre_response,log_RT_ms,baseline_plus_hidden,1,hidden_21,-0.0020866544089465796,46.41588833612773
late_pre_response,log_RT_ms,baseline_plus_hidden,1,hidden_22,0.014494350598009896,46.41588833612773
late_pre_response,log_RT_ms,baseline_plus_hidden,1,hidden_23,-0.0007416279968164953,46.41588833612773
late_pre_response,log_RT_ms,baseline_plus_hidden,1,hidden_24,0.006275223945572078,46.41588833612773
late_pre_response,log_RT_ms,baseline_plus_hidden,1,hidden_25,0.023475112351346708,46.41588833612773
late_pre_response,log_RT_ms,baseline_plus_hidden,1,hidden_26,0.03515509243156812,46.41588833612773
late_pre_response,log_RT_ms,baseline_plus_hidden,1,hidden_27,-0.03194716806156602,46.41588833612773
late_pre_response,log_RT_ms,baseline_plus_hidden,1,hidden_28,0.015099242070629463,46.41588833612773
late_pre_response,log_RT_ms,baseline_plus_hidden,1,hidden_29,0.006898299653081963,46.41588833612773
late_pre_response,log_RT_ms,baseline_plus_hidden,1,hidden_30,-0.017114479186197108,46.41588833612773
late_pre_response,log_RT_ms,baseline_plus_hidden,1,hidden_31,-0.007492500166400611,46.41588833612773
late_pre_response,log_RT_ms,baseline_plus_hidden,2,hidden_00,0.032643678893058706,46.41588833612773
late_pre_response,log_RT_ms,baseline_plus_hidden,2,hidden_01,-0.02597253546763198,46.41588833612773
late_pre_response,log_RT_ms,baseline_plus_hidden,2,hidden_02,-0.013575727880818844,46.41588833612773
late_pre_response,log_RT_ms,baseline_plus_hidden,2,hidden_03,0.046728401931522764,46.41588833612773
late_pre_response,log_RT_ms,baseline_plus_hidden,2,hidden_04,-0.0124515401071079,46.41588833612773
late_pre_response,log_RT_ms,baseline_plus_hidden,2,hidden_05,-0.009210346668679955,46.41588833612773
late_pre_response,log_RT_ms,baseline_plus_hidden,2,hidden_06,0.018816214641533317,46.41588833612773
late_pre_response,log_RT_ms,baseline_plus_hidden,2,hidden_07,0.030753536716577337,46.41588833612773
late_pre_response,log_RT_ms,baseline_plus_hidden,2,hidden_08,-0.007228636275023854,46.41588833612773
late_pre_response,log_RT_ms,baseline_plus_hidden,2,hidden_09,-0.015764979840532052,46.41588833612773
late_pre_response,log_RT_ms,baseline_plus_hidden,2,hidden_10,-0.012103939328715518,46.41588833612773
late_pre_response,log_RT_ms,baseline_plus_hidden,2,hidden_11,-0.03665891254461267,46.41588833612773
late_pre_response,log_RT_ms,baseline_plus_hidden,2,hidden_12,0.015306726602156817,46.41588833612773
late_pre_response,log_RT_ms,baseline_plus_hidden,2,hidden_13,0.06161094422798475,46.41588833612773
late_pre_response,log_RT_ms,baseline_plus_hidden,2,hidden_14,-0.01862327306866265,46.41588833612773
late_pre_response,log_RT_ms,baseline_plus_hidden,2,hidden_15,0.0029389050164465615,46.41588833612773
late_pre_response,log_RT_ms,baseline_plus_hidden,2,hidden_16,-0.0023657742520262134,46.41588833612773
late_pre_response,log_RT_ms,baseline_plus_hidden,2,hidden_17,0.011091841201756191,46.41588833612773
late_pre_response,log_RT_ms,baseline_plus_hidden,2,hidden_18,0.02006539944661039,46.41588833612773
late_pre_response,log_RT_ms,baseline_plus_hidden,2,hidden_19,0.005573129381155786,46.41588833612773
late_pre_response,log_RT_ms,baseline_plus_hidden,2,hidden_20,0.003465675039969039,46.41588833612773
late_pre_response,log_RT_ms,baseline_plus_hidden,2,hidden_21,-0.005449753549701467,46.41588833612773
late_pre_response,log_RT_ms,baseline_plus_hidden,2,hidden_22,0.011694778401226085,46.41588833612773
late_pre_response,log_RT_ms,baseline_plus_hidden,2,hidden_23,-0.0021898578054478732,46.41588833612773
late_pre_response,log_RT_ms,baseline_plus_hidden,2,hidden_24,0.0005164429440224249,46.41588833612773
late_pre_response,log_RT_ms,baseline_plus_hidden,2,hidden_25,0.010854690766880911,46.41588833612773
late_pre_response,log_RT_ms,baseline_plus_hidden,2,hidden_26,0.029881584528457038,46.41588833612773
late_pre_response,log_RT_ms,baseline_plus_hidden,2,hidden_27,-0.019498401447923048,46.41588833612773
late_pre_response,log_RT_ms,baseline_plus_hidden,2,hidden_28,0.00488506072425229,46.41588833612773
late_pre_response,log_RT_ms,baseline_plus_hidden,2,hidden_29,0.001605600867260317,46.41588833612773
late_pre_response,log_RT_ms,baseline_plus_hidden,2,hidden_30,-0.011961044254237017,46.41588833612773
late_pre_response,log_RT_ms,baseline_plus_hidden,2,hidden_31,-7.09963718474622e-05,46.41588833612773
late_pre_response,log_RT_ms,baseline_plus_hidden,3,hidden_00,0.033727750697003504,100.0
late_pre_response,log_RT_ms,baseline_plus_hidden,3,hidden_01,-0.02371955162796233,100.0
late_pre_response,log_RT_ms,baseline_plus_hidden,3,hidden_02,-0.0030901707841559218,100.0
late_pre_response,log_RT_ms,baseline_plus_hidden,3,hidden_03,0.028911572562609966,100.0
late_pre_response,log_RT_ms,baseline_plus_hidden,3,hidden_04,0.003195639170259413,100.0
late_pre_response,log_RT_ms,baseline_plus_hidden,3,hidden_05,-0.010474110364298312,100.0
late_pre_response,log_RT_ms,baseline_plus_hidden,3,hidden_06,0.0017510617523000037,100.0
late_pre_response,log_RT_ms,baseline_plus_hidden,3,hidden_07,0.02494931717259279,100.0
late_pre_response,log_RT_ms,baseline_plus_hidden,3,hidden_08,-0.014222107982655968,100.0
late_pre_response,log_RT_ms,baseline_plus_hidden,3,hidden_09,-0.0010190845677589323,100.0
late_pre_response,log_RT_ms,baseline_plus_hidden,3,hidden_10,-0.006058576913204544,100.0
late_pre_response,log_RT_ms,baseline_plus_hidden,3,hidden_11,-0.016610830489080963,100.0
late_pre_response,log_RT_ms,baseline_plus_hidden,3,hidden_12,0.01629334607218092,100.0
late_pre_response,log_RT_ms,baseline_plus_hidden,3,hidden_13,0.04280523281387597,100.0
late_pre_response,log_RT_ms,baseline_plus_hidden,3,hidden_14,-0.021141022703435267,100.0
late_pre_response,log_RT_ms,baseline_plus_hidden,3,hidden_15,0.008521163132891653,100.0
late_pre_response,log_RT_ms,baseline_plus_hidden,3,hidden_16,-0.0005892085863542187,100.0
late_pre_response,log_RT_ms,baseline_plus_hidden,3,hidden_17,0.0059409971703311675,100.0
late_pre_response,log_RT_ms,baseline_plus_hidden,3,hidden_18,0.018077831488228734,100.0
late_pre_response,log_RT_ms,baseline_plus_hidden,3,hidden_19,0.007890321700270183,100.0
late_pre_response,log_RT_ms,baseline_plus_hidden,3,hidden_20,0.00967187009911353,100.0
late_pre_response,log_RT_ms,baseline_plus_hidden,3,hidden_21,0.003384075327836249,100.0
late_pre_response,log_RT_ms,baseline_plus_hidden,3,hidden_22,0.023506162251196578,100.0
late_pre_response,log_RT_ms,baseline_plus_hidden,3,hidden_23,-0.00028604114970277666,100.0
late_pre_response,log_RT_ms,baseline_plus_hidden,3,hidden_24,-0.00663086903590814,100.0
late_pre_response,log_RT_ms,baseline_plus_hidden,3,hidden_25,0.004949730348591455,100.0
late_pre_response,log_RT_ms,baseline_plus_hidden,3,hidden_26,0.019879339350159404,100.0
late_pre_response,log_RT_ms,baseline_plus_hidden,3,hidden_27,-0.01804140530674376,100.0
late_pre_response,log_RT_ms,baseline_plus_hidden,3,hidden_28,-0.0037285710126396675,100.0
late_pre_response,log_RT_ms,baseline_plus_hidden,3,hidden_29,-0.0020216258901973104,100.0
late_pre_response,log_RT_ms,baseline_plus_hidden,3,hidden_30,-0.014433195204378971,100.0
late_pre_response,log_RT_ms,baseline_plus_hidden,3,hidden_31,-0.008418247008792632,100.0
late_pre_response,log_RT_ms,baseline_plus_hidden,4,hidden_00,0.041917764027326235,46.41588833612773
late_pre_response,log_RT_ms,baseline_plus_hidden,4,hidden_01,-0.02698120716424302,46.41588833612773
late_pre_response,log_RT_ms,baseline_plus_hidden,4,hidden_02,-0.004294988359382712,46.41588833612773
late_pre_response,log_RT_ms,baseline_plus_hidden,4,hidden_03,0.040752392501373975,46.41588833612773
late_pre_response,log_RT_ms,baseline_plus_hidden,4,hidden_04,-0.005809602491571785,46.41588833612773
late_pre_response,log_RT_ms,baseline_plus_hidden,4,hidden_05,-0.012372674936542614,46.41588833612773
late_pre_response,log_RT_ms,baseline_plus_hidden,4,hidden_06,0.005131254463630668,46.41588833612773
late_pre_response,log_RT_ms,baseline_plus_hidden,4,hidden_07,0.035071247825247315,46.41588833612773
late_pre_response,log_RT_ms,baseline_plus_hidden,4,hidden_08,-0.01850257704069163,46.41588833612773
late_pre_response,log_RT_ms,baseline_plus_hidden,4,hidden_09,-0.006645922101863794,46.41588833612773
late_pre_response,log_RT_ms,baseline_plus_hidden,4,hidden_10,-0.015217628006514609,46.41588833612773
late_pre_response,log_RT_ms,baseline_plus_hidden,4,hidden_11,-0.029797533434801637,46.41588833612773
late_pre_response,log_RT_ms,baseline_plus_hidden,4,hidden_12,0.02009204118072561,46.41588833612773
late_pre_response,log_RT_ms,baseline_plus_hidden,4,hidden_13,0.06486804241339016,46.41588833612773
late_pre_response,log_RT_ms,baseline_plus_hidden,4,hidden_14,-0.024472133822485604,46.41588833612773
late_pre_response,log_RT_ms,baseline_plus_hidden,4,hidden_15,0.0017244830264823109,46.41588833612773
late_pre_response,log_RT_ms,baseline_plus_hidden,4,hidden_16,-0.0056091756054672025,46.41588833612773
late_pre_response,log_RT_ms,baseline_plus_hidden,4,hidden_17,0.01639794010960569,46.41588833612773
late_pre_response,log_RT_ms,baseline_plus_hidden,4,hidden_18,0.020974165419994126,46.41588833612773
late_pre_response,log_RT_ms,baseline_plus_hidden,4,hidden_19,-0.0035773702115564727,46.41588833612773
late_pre_response,log_RT_ms,baseline_plus_hidden,4,hidden_20,0.01511504578321064,46.41588833612773
late_pre_response,log_RT_ms,baseline_plus_hidden,4,hidden_21,-9.236507172360579e-05,46.41588833612773
late_pre_response,log_RT_ms,baseline_plus_hidden,4,hidden_22,0.028167564007050918,46.41588833612773
late_pre_response,log_RT_ms,baseline_plus_hidden,4,hidden_23,0.005722047912547612,46.41588833612773
late_pre_response,log_RT_ms,baseline_plus_hidden,4,hidden_24,-0.009604409121886549,46.41588833612773
late_pre_response,log_RT_ms,baseline_plus_hidden,4,hidden_25,0.022334205489225045,46.41588833612773
late_pre_response,log_RT_ms,baseline_plus_hidden,4,hidden_26,0.03152274584560619,46.41588833612773
late_pre_response,log_RT_ms,baseline_plus_hidden,4,hidden_27,-0.01921401708867634,46.41588833612773
late_pre_response,log_RT_ms,baseline_plus_hidden,4,hidden_28,0.01075790594338648,46.41588833612773
late_pre_response,log_RT_ms,baseline_plus_hidden,4,hidden_29,-0.008901185785896434,46.41588833612773
late_pre_response,log_RT_ms,baseline_plus_hidden,4,hidden_30,-0.018457841450763002,46.41588833612773
late_pre_response,log_RT_ms,baseline_plus_hidden,4,hidden_31,-0.01137645979476668,46.41588833612773
late_pre_response,log_RT_ms,baseline_plus_hidden,5,hidden_00,0.0023068443428488883,46415.888336127726
late_pre_response,log_RT_ms,baseline_plus_hidden,5,hidden_01,-0.0014570410161472713,46415.888336127726
late_pre_response,log_RT_ms,baseline_plus_hidden,5,hidden_02,-0.0015140130999425799,46415.888336127726
late_pre_response,log_RT_ms,baseline_plus_hidden,5,hidden_03,0.002498208355859916,46415.888336127726
late_pre_response,log_RT_ms,baseline_plus_hidden,5,hidden_04,-0.0027234231783849648,46415.888336127726
late_pre_response,log_RT_ms,baseline_plus_hidden,5,hidden_05,-0.0003098682902171366,46415.888336127726
late_pre_response,log_RT_ms,baseline_plus_hidden,5,hidden_06,0.0024911192873418833,46415.888336127726
late_pre_response,log_RT_ms,baseline_plus_hidden,5,hidden_07,0.0023509984202113284,46415.888336127726
late_pre_response,log_RT_ms,baseline_plus_hidden,5,hidden_08,-0.0007068883343274284,46415.888336127726
late_pre_response,log_RT_ms,baseline_plus_hidden,5,hidden_09,0.002244015273827535,46415.888336127726
late_pre_response,log_RT_ms,baseline_plus_hidden,5,hidden_10,0.0024158816417208626,46415.888336127726
late_pre_response,log_RT_ms,baseline_plus_hidden,5,hidden_11,0.00107631973420025,46415.888336127726
late_pre_response,log_RT_ms,baseline_plus_hidden,5,hidden_12,0.0017209550863451644,46415.888336127726
late_pre_response,log_RT_ms,baseline_plus_hidden,5,hidden_13,-0.0016372340619690466,46415.888336127726
late_pre_response,log_RT_ms,baseline_plus_hidden,5,hidden_14,-0.0028261221243353254,46415.888336127726
late_pre_response,log_RT_ms,baseline_plus_hidden,5,hidden_15,0.000741256456378568,46415.888336127726
late_pre_response,log_RT_ms,baseline_plus_hidden,5,hidden_16,0.0011313565008062238,46415.888336127726
late_pre_response,log_RT_ms,baseline_plus_hidden,5,hidden_17,-0.0002947226281222588,46415.888336127726
late_pre_response,log_RT_ms,baseline_plus_hidden,5,hidden_18,0.0005462846608741042,46415.888336127726
late_pre_response,log_RT_ms,baseline_plus_hidden,5,hidden_19,-0.0014205261687342849,46415.888336127726
late_pre_response,log_RT_ms,baseline_plus_hidden,5,hidden_20,0.00075924137170097,46415.888336127726
late_pre_response,log_RT_ms,baseline_plus_hidden,5,hidden_21,0.0026447410169437363,46415.888336127726
late_pre_response,log_RT_ms,baseline_plus_hidden,5,hidden_22,0.0005083878937824761,46415.888336127726
late_pre_response,log_RT_ms,baseline_plus_hidden,5,hidden_23,0.0007146915608000376,46415.888336127726
late_pre_response,log_RT_ms,baseline_plus_hidden,5,hidden_24,0.000613073639012751,46415.888336127726
late_pre_response,log_RT_ms,baseline_plus_hidden,5,hidden_25,-0.0009346227846392532,46415.888336127726
late_pre_response,log_RT_ms,baseline_plus_hidden,5,hidden_26,0.0014776241026177618,46415.888336127726
late_pre_response,log_RT_ms,baseline_plus_hidden,5,hidden_27,0.0008787068400789365,46415.888336127726
late_pre_response,log_RT_ms,baseline_plus_hidden,5,hidden_28,-0.00010614610572821742,46415.888336127726
late_pre_response,log_RT_ms,baseline_plus_hidden,5,hidden_29,0.002146090964722597,46415.888336127726
late_pre_response,log_RT_ms,baseline_plus_hidden,5,hidden_30,0.0008510013751745493,46415.888336127726
late_pre_response,log_RT_ms,baseline_plus_hidden,5,hidden_31,-0.0005889755060094219,46415.888336127726
late_pre_response,log_RT_ms,baseline_plus_shuffled_hidden,1,shuffled_hidden_00,-0.04617782051264036,10.0
late_pre_response,log_RT_ms,baseline_plus_shuffled_hidden,1,shuffled_hidden_01,0.0034870421084242926,10.0
late_pre_response,log_RT_ms,baseline_plus_shuffled_hidden,1,shuffled_hidden_02,0.053204983899706786,10.0
late_pre_response,log_RT_ms,baseline_plus_shuffled_hidden,1,shuffled_hidden_03,0.06320010718308723,10.0
late_pre_response,log_RT_ms,baseline_plus_shuffled_hidden,1,shuffled_hidden_04,0.02512629062537177,10.0
late_pre_response,log_RT_ms,baseline_plus_shuffled_hidden,1,shuffled_hidden_05,0.0020985035515880346,10.0
late_pre_response,log_RT_ms,baseline_plus_shuffled_hidden,1,shuffled_hidden_06,0.04694582375443106,10.0
late_pre_response,log_RT_ms,baseline_plus_shuffled_hidden,1,shuffled_hidden_07,-0.009928867269620325,10.0
late_pre_response,log_RT_ms,baseline_plus_shuffled_hidden,1,shuffled_hidden_08,-0.005783284350985783,10.0
late_pre_response,log_RT_ms,baseline_plus_shuffled_hidden,1,shuffled_hidden_09,0.010295885180628926,10.0
late_pre_response,log_RT_ms,baseline_plus_shuffled_hidden,1,shuffled_hidden_10,0.009616296680253225,10.0
late_pre_response,log_RT_ms,baseline_plus_shuffled_hidden,1,shuffled_hidden_11,0.0020069264408959964,10.0
late_pre_response,log_RT_ms,baseline_plus_shuffled_hidden,1,shuffled_hidden_12,-0.0026573171337316926,10.0
late_pre_response,log_RT_ms,baseline_plus_shuffled_hidden,1,shuffled_hidden_13,0.010407367770986076,10.0
late_pre_response,log_RT_ms,baseline_plus_shuffled_hidden,1,shuffled_hidden_14,0.00680989744118637,10.0
late_pre_response,log_RT_ms,baseline_plus_shuffled_hidden,1,shuffled_hidden_15,0.007736922098165946,10.0
late_pre_response,log_RT_ms,baseline_plus_shuffled_hidden,1,shuffled_hidden_16,0.012507848457128346,10.0
late_pre_response,log_RT_ms,baseline_plus_shuffled_hidden,1,shuffled_hidden_17,0.006543630952340202,10.0
late_pre_response,log_RT_ms,baseline_plus_shuffled_hidden,1,shuffled_hidden_18,-0.02386145177684015,10.0
late_pre_response,log_RT_ms,baseline_plus_shuffled_hidden,1,shuffled_hidden_19,0.00895770936005631,10.0
late_pre_response,log_RT_ms,baseline_plus_shuffled_hidden,1,shuffled_hidden_20,0.008581931224707766,10.0
late_pre_response,log_RT_ms,baseline_plus_shuffled_hidden,1,shuffled_hidden_21,0.026742450074950075,10.0
late_pre_response,log_RT_ms,baseline_plus_shuffled_hidden,1,shuffled_hidden_22,0.010709171724737536,10.0
late_pre_response,log_RT_ms,baseline_plus_shuffled_hidden,1,shuffled_hidden_23,0.006265396158557319,10.0
late_pre_response,log_RT_ms,baseline_plus_shuffled_hidden,1,shuffled_hidden_24,0.006235940080172728,10.0
late_pre_response,log_RT_ms,baseline_plus_shuffled_hidden,1,shuffled_hidden_25,0.0075173101083497,10.0
late_pre_response,log_RT_ms,baseline_plus_shuffled_hidden,1,shuffled_hidden_26,-0.02041920881564823,10.0
late_pre_response,log_RT_ms,baseline_plus_shuffled_hidden,1,shuffled_hidden_27,-0.006761110958000276,10.0
late_pre_response,log_RT_ms,baseline_plus_shuffled_hidden,1,shuffled_hidden_28,-0.008977662003062256,10.0
late_pre_response,log_RT_ms,baseline_plus_shuffled_hidden,1,shuffled_hidden_29,-0.03438425519821439,10.0
late_pre_response,log_RT_ms,baseline_plus_shuffled_hidden,1,shuffled_hidden_30,0.03009680590342404,10.0
late_pre_response,log_RT_ms,baseline_plus_shuffled_hidden,1,shuffled_hidden_31,0.003833797437823515,10.0
late_pre_response,log_RT_ms,baseline_plus_shuffled_hidden,2,shuffled_hidden_00,-0.013226806781021162,100.0
late_pre_response,log_RT_ms,baseline_plus_shuffled_hidden,2,shuffled_hidden_01,-0.004481769372133,100.0
late_pre_response,log_RT_ms,baseline_plus_shuffled_hidden,2,shuffled_hidden_02,0.0019288571164869568,100.0
late_pre_response,log_RT_ms,baseline_plus_shuffled_hidden,2,shuffled_hidden_03,0.011288023890117892,100.0
late_pre_response,log_RT_ms,baseline_plus_shuffled_hidden,2,shuffled_hidden_04,-0.0036238613683032056,100.0
late_pre_response,log_RT_ms,baseline_plus_shuffled_hidden,2,shuffled_hidden_05,0.0005241889362146908,100.0
late_pre_response,log_RT_ms,baseline_plus_shuffled_hidden,2,shuffled_hidden_06,0.005858714112553862,100.0
late_pre_response,log_RT_ms,baseline_plus_shuffled_hidden,2,shuffled_hidden_07,-0.011948344117099627,100.0
late_pre_response,log_RT_ms,baseline_plus_shuffled_hidden,2,shuffled_hidden_08,-0.00283708882074808,100.0
late_pre_response,log_RT_ms,baseline_plus_shuffled_hidden,2,shuffled_hidden_09,-0.0011751278557235896,100.0
late_pre_response,log_RT_ms,baseline_plus_shuffled_hidden,2,shuffled_hidden_10,0.008552502168807206,100.0
late_pre_response,log_RT_ms,baseline_plus_shuffled_hidden,2,shuffled_hidden_11,-0.0007926565982039496,100.0
late_pre_response,log_RT_ms,baseline_plus_shuffled_hidden,2,shuffled_hidden_12,-0.0014124766092807898,100.0
late_pre_response,log_RT_ms,baseline_plus_shuffled_hidden,2,shuffled_hidden_13,-0.0013082476056751173,100.0
late_pre_response,log_RT_ms,baseline_plus_shuffled_hidden,2,shuffled_hidden_14,0.0031903282523106868,100.0
late_pre_response,log_RT_ms,baseline_plus_shuffled_hidden,2,shuffled_hidden_15,0.0014475840683788837,100.0
late_pre_response,log_RT_ms,baseline_plus_shuffled_hidden,2,shuffled_hidden_16,0.008679031425140645,100.0
late_pre_response,log_RT_ms,baseline_plus_shuffled_hidden,2,shuffled_hidden_17,0.0023866309726362517,100.0
late_pre_response,log_RT_ms,baseline_plus_shuffled_hidden,2,shuffled_hidden_18,0.002529011587773688,100.0
late_pre_response,log_RT_ms,baseline_plus_shuffled_hidden,2,shuffled_hidden_19,0.00936867739561526,100.0
late_pre_response,log_RT_ms,baseline_plus_shuffled_hidden,2,shuffled_hidden_20,-0.007456229896026164,100.0
late_pre_response,log_RT_ms,baseline_plus_shuffled_hidden,2,shuffled_hidden_21,-0.0026833677907807654,100.0
late_pre_response,log_RT_ms,baseline_plus_shuffled_hidden,2,shuffled_hidden_22,0.00916618174127231,100.0
late_pre_response,log_RT_ms,baseline_plus_shuffled_hidden,2,shuffled_hidden_23,-0.009204695512438115,100.0
late_pre_response,log_RT_ms,baseline_plus_shuffled_hidden,2,shuffled_hidden_24,0.010259685890559837,100.0
late_pre_response,log_RT_ms,baseline_plus_shuffled_hidden,2,shuffled_hidden_25,-0.0032795992723211567,100.0
late_pre_response,log_RT_ms,baseline_plus_shuffled_hidden,2,shuffled_hidden_26,-0.009573098215097376,100.0
late_pre_response,log_RT_ms,baseline_plus_shuffled_hidden,2,shuffled_hidden_27,-0.004349324684707111,100.0
late_pre_response,log_RT_ms,baseline_plus_shuffled_hidden,2,shuffled_hidden_28,0.0020102391947148515,100.0
late_pre_response,log_RT_ms,baseline_plus_shuffled_hidden,2,shuffled_hidden_29,0.005485739329869408,100.0
late_pre_response,log_RT_ms,baseline_plus_shuffled_hidden,2,shuffled_hidden_30,0.009455799884310006,100.0
late_pre_response,log_RT_ms,baseline_plus_shuffled_hidden,2,shuffled_hidden_31,0.012112045590400602,100.0
late_pre_response,log_RT_ms,baseline_plus_shuffled_hidden,3,shuffled_hidden_00,-0.0014313588496449427,1000.0
late_pre_response,log_RT_ms,baseline_plus_shuffled_hidden,3,shuffled_hidden_01,-0.003064913997817442,1000.0
late_pre_response,log_RT_ms,baseline_plus_shuffled_hidden,3,shuffled_hidden_02,-0.0003632364672907435,1000.0
late_pre_response,log_RT_ms,baseline_plus_shuffled_hidden,3,shuffled_hidden_03,0.0038669319456195723,1000.0
late_pre_response,log_RT_ms,baseline_plus_shuffled_hidden,3,shuffled_hidden_04,0.00028203150865801525,1000.0
late_pre_response,log_RT_ms,baseline_plus_shuffled_hidden,3,shuffled_hidden_05,0.0017525653772644868,1000.0
late_pre_response,log_RT_ms,baseline_plus_shuffled_hidden,3,shuffled_hidden_06,0.0017830985892748317,1000.0
late_pre_response,log_RT_ms,baseline_plus_shuffled_hidden,3,shuffled_hidden_07,-0.0022559364253509472,1000.0
late_pre_response,log_RT_ms,baseline_plus_shuffled_hidden,3,shuffled_hidden_08,0.0023959524782969305,1000.0
late_pre_response,log_RT_ms,baseline_plus_shuffled_hidden,3,shuffled_hidden_09,0.0005238868288532839,1000.0
late_pre_response,log_RT_ms,baseline_plus_shuffled_hidden,3,shuffled_hidden_10,-0.0023530990893367025,1000.0
late_pre_response,log_RT_ms,baseline_plus_shuffled_hidden,3,shuffled_hidden_11,-0.0025111273892874644,1000.0
late_pre_response,log_RT_ms,baseline_plus_shuffled_hidden,3,shuffled_hidden_12,0.00034233157496492655,1000.0
late_pre_response,log_RT_ms,baseline_plus_shuffled_hidden,3,shuffled_hidden_13,-0.004108042932412855,1000.0
late_pre_response,log_RT_ms,baseline_plus_shuffled_hidden,3,shuffled_hidden_14,0.0007495285942132871,1000.0
late_pre_response,log_RT_ms,baseline_plus_shuffled_hidden,3,shuffled_hidden_15,0.005403629175323827,1000.0
late_pre_response,log_RT_ms,baseline_plus_shuffled_hidden,3,shuffled_hidden_16,0.0050597458267093096,1000.0
late_pre_response,log_RT_ms,baseline_plus_shuffled_hidden,3,shuffled_hidden_17,0.0018137582523800337,1000.0
late_pre_response,log_RT_ms,baseline_plus_shuffled_hidden,3,shuffled_hidden_18,-0.0010584801033089455,1000.0
late_pre_response,log_RT_ms,baseline_plus_shuffled_hidden,3,shuffled_hidden_19,0.004834184105807655,1000.0
late_pre_response,log_RT_ms,baseline_plus_shuffled_hidden,3,shuffled_hidden_20,-0.0007180826442115282,1000.0
late_pre_response,log_RT_ms,baseline_plus_shuffled_hidden,3,shuffled_hidden_21,-0.003610827553128111,1000.0
late_pre_response,log_RT_ms,baseline_plus_shuffled_hidden,3,shuffled_hidden_22,0.003079018986371099,1000.0
late_pre_response,log_RT_ms,baseline_plus_shuffled_hidden,3,shuffled_hidden_23,-0.0003523352780884077,1000.0
late_pre_response,log_RT_ms,baseline_plus_shuffled_hidden,3,shuffled_hidden_24,-0.0005232194679672502,1000.0
late_pre_response,log_RT_ms,baseline_plus_shuffled_hidden,3,shuffled_hidden_25,0.0019513895475711544,1000.0
late_pre_response,log_RT_ms,baseline_plus_shuffled_hidden,3,shuffled_hidden_26,-0.0036625699140187293,1000.0
late_pre_response,log_RT_ms,baseline_plus_shuffled_hidden,3,shuffled_hidden_27,0.0035606583966465567,1000.0
late_pre_response,log_RT_ms,baseline_plus_shuffled_hidden,3,shuffled_hidden_28,0.003857769850402451,1000.0
late_pre_response,log_RT_ms,baseline_plus_shuffled_hidden,3,shuffled_hidden_29,0.0015899059827036539,1000.0
late_pre_response,log_RT_ms,baseline_plus_shuffled_hidden,3,shuffled_hidden_30,0.003157131244494033,1000.0
late_pre_response,log_RT_ms,baseline_plus_shuffled_hidden,3,shuffled_hidden_31,0.0014886012056711418,1000.0
late_pre_response,log_RT_ms,baseline_plus_shuffled_hidden,4,shuffled_hidden_00,-0.008242510329706803,215.44346900318823
late_pre_response,log_RT_ms,baseline_plus_shuffled_hidden,4,shuffled_hidden_01,-0.0050374975575547655,215.44346900318823
late_pre_response,log_RT_ms,baseline_plus_shuffled_hidden,4,shuffled_hidden_02,-0.002053686097832246,215.44346900318823
late_pre_response,log_RT_ms,baseline_plus_shuffled_hidden,4,shuffled_hidden_03,0.013804004252069074,215.44346900318823
late_pre_response,log_RT_ms,baseline_plus_shuffled_hidden,4,shuffled_hidden_04,0.001625751829863657,215.44346900318823
late_pre_response,log_RT_ms,baseline_plus_shuffled_hidden,4,shuffled_hidden_05,0.005598314427738331,215.44346900318823
late_pre_response,log_RT_ms,baseline_plus_shuffled_hidden,4,shuffled_hidden_06,0.006278917260479213,215.44346900318823
late_pre_response,log_RT_ms,baseline_plus_shuffled_hidden,4,shuffled_hidden_07,-0.0018506887211660412,215.44346900318823
late_pre_response,log_RT_ms,baseline_plus_shuffled_hidden,4,shuffled_hidden_08,0.007560435518620988,215.44346900318823
late_pre_response,log_RT_ms,baseline_plus_shuffled_hidden,4,shuffled_hidden_09,3.4095259235134205e-05,215.44346900318823
late_pre_response,log_RT_ms,baseline_plus_shuffled_hidden,4,shuffled_hidden_10,-0.0016582163151181437,215.44346900318823
late_pre_response,log_RT_ms,baseline_plus_shuffled_hidden,4,shuffled_hidden_11,-0.004115879860621424,215.44346900318823
late_pre_response,log_RT_ms,baseline_plus_shuffled_hidden,4,shuffled_hidden_12,-0.0005453087655075176,215.44346900318823
late_pre_response,log_RT_ms,baseline_plus_shuffled_hidden,4,shuffled_hidden_13,-0.00435996993190045,215.44346900318823
late_pre_response,log_RT_ms,baseline_plus_shuffled_hidden,4,shuffled_hidden_14,0.0015288280425381968,215.44346900318823
late_pre_response,log_RT_ms,baseline_plus_shuffled_hidden,4,shuffled_hidden_15,0.005723970709046324,215.44346900318823
late_pre_response,log_RT_ms,baseline_plus_shuffled_hidden,4,shuffled_hidden_16,0.006628477923754615,215.44346900318823
late_pre_response,log_RT_ms,baseline_plus_shuffled_hidden,4,shuffled_hidden_17,-0.0010842480179069848,215.44346900318823
late_pre_response,log_RT_ms,baseline_plus_shuffled_hidden,4,shuffled_hidden_18,0.005801419476699656,215.44346900318823
late_pre_response,log_RT_ms,baseline_plus_shuffled_hidden,4,shuffled_hidden_19,0.010155439709731942,215.44346900318823
late_pre_response,log_RT_ms,baseline_plus_shuffled_hidden,4,shuffled_hidden_20,-0.003679603776752818,215.44346900318823
late_pre_response,log_RT_ms,baseline_plus_shuffled_hidden,4,shuffled_hidden_21,-0.008449753789643357,215.44346900318823
late_pre_response,log_RT_ms,baseline_plus_shuffled_hidden,4,shuffled_hidden_22,0.0032142169620189916,215.44346900318823
late_pre_response,log_RT_ms,baseline_plus_shuffled_hidden,4,shuffled_hidden_23,-0.00741859886096997,215.44346900318823
late_pre_response,log_RT_ms,baseline_plus_shuffled_hidden,4,shuffled_hidden_24,0.008217497835608479,215.44346900318823
late_pre_response,log_RT_ms,baseline_plus_shuffled_hidden,4,shuffled_hidden_25,-0.009369295330912583,215.44346900318823
late_pre_response,log_RT_ms,baseline_plus_shuffled_hidden,4,shuffled_hidden_26,-0.009176265926959748,215.44346900318823
late_pre_response,log_RT_ms,baseline_plus_shuffled_hidden,4,shuffled_hidden_27,0.00021293011561750348,215.44346900318823
late_pre_response,log_RT_ms,baseline_plus_shuffled_hidden,4,shuffled_hidden_28,0.0026443096836019646,215.44346900318823
late_pre_response,log_RT_ms,baseline_plus_shuffled_hidden,4,shuffled_hidden_29,-0.001973321856382257,215.44346900318823
late_pre_response,log_RT_ms,baseline_plus_shuffled_hidden,4,shuffled_hidden_30,0.012922322233015121,215.44346900318823
late_pre_response,log_RT_ms,baseline_plus_shuffled_hidden,4,shuffled_hidden_31,0.005654426752969931,215.44346900318823
late_pre_response,log_RT_ms,baseline_plus_shuffled_hidden,5,shuffled_hidden_00,-0.00461961020567204,464.1588833612773
late_pre_response,log_RT_ms,baseline_plus_shuffled_hidden,5,shuffled_hidden_01,0.0007268865441230296,464.1588833612773
late_pre_response,log_RT_ms,baseline_plus_shuffled_hidden,5,shuffled_hidden_02,0.0018807401401170268,464.1588833612773
late_pre_response,log_RT_ms,baseline_plus_shuffled_hidden,5,shuffled_hidden_03,0.0032761696796841655,464.1588833612773
late_pre_response,log_RT_ms,baseline_plus_shuffled_hidden,5,shuffled_hidden_04,-0.001143731865961249,464.1588833612773
late_pre_response,log_RT_ms,baseline_plus_shuffled_hidden,5,shuffled_hidden_05,0.00011200416271869477,464.1588833612773
late_pre_response,log_RT_ms,baseline_plus_shuffled_hidden,5,shuffled_hidden_06,0.004051157183478998,464.1588833612773
late_pre_response,log_RT_ms,baseline_plus_shuffled_hidden,5,shuffled_hidden_07,0.0001055397516769292,464.1588833612773
late_pre_response,log_RT_ms,baseline_plus_shuffled_hidden,5,shuffled_hidden_08,0.0016420252439223319,464.1588833612773
late_pre_response,log_RT_ms,baseline_plus_shuffled_hidden,5,shuffled_hidden_09,-0.00021460463869252315,464.1588833612773
late_pre_response,log_RT_ms,baseline_plus_shuffled_hidden,5,shuffled_hidden_10,0.0007838165945997466,464.1588833612773
late_pre_response,log_RT_ms,baseline_plus_shuffled_hidden,5,shuffled_hidden_11,-0.0013148839845272978,464.1588833612773
late_pre_response,log_RT_ms,baseline_plus_shuffled_hidden,5,shuffled_hidden_12,-0.004894501849501525,464.1588833612773
late_pre_response,log_RT_ms,baseline_plus_shuffled_hidden,5,shuffled_hidden_13,-0.00379958848193205,464.1588833612773
late_pre_response,log_RT_ms,baseline_plus_shuffled_hidden,5,shuffled_hidden_14,0.0002528858341821234,464.1588833612773
late_pre_response,log_RT_ms,baseline_plus_shuffled_hidden,5,shuffled_hidden_15,0.007274738864772524,464.1588833612773
late_pre_response,log_RT_ms,baseline_plus_shuffled_hidden,5,shuffled_hidden_16,0.005338273687251945,464.1588833612773
late_pre_response,log_RT_ms,baseline_plus_shuffled_hidden,5,shuffled_hidden_17,-0.0031466737938698956,464.1588833612773
late_pre_response,log_RT_ms,baseline_plus_shuffled_hidden,5,shuffled_hidden_18,0.00039950928280670783,464.1588833612773
late_pre_response,log_RT_ms,baseline_plus_shuffled_hidden,5,shuffled_hidden_19,0.0046768825191912285,464.1588833612773
late_pre_response,log_RT_ms,baseline_plus_shuffled_hidden,5,shuffled_hidden_20,-0.0006161813257753744,464.1588833612773
late_pre_response,log_RT_ms,baseline_plus_shuffled_hidden,5,shuffled_hidden_21,-0.0035376406828692966,464.1588833612773
late_pre_response,log_RT_ms,baseline_plus_shuffled_hidden,5,shuffled_hidden_22,0.0050274978522895294,464.1588833612773
late_pre_response,log_RT_ms,baseline_plus_shuffled_hidden,5,shuffled_hidden_23,-0.0036218049579669004,464.1588833612773
late_pre_response,log_RT_ms,baseline_plus_shuffled_hidden,5,shuffled_hidden_24,0.00042874262936822146,464.1588833612773
late_pre_response,log_RT_ms,baseline_plus_shuffled_hidden,5,shuffled_hidden_25,-0.0014008951526467194,464.1588833612773
late_pre_response,log_RT_ms,baseline_plus_shuffled_hidden,5,shuffled_hidden_26,-0.006069496559578543,464.1588833612773
late_pre_response,log_RT_ms,baseline_plus_shuffled_hidden,5,shuffled_hidden_27,0.000975869509484821,464.1588833612773
late_pre_response,log_RT_ms,baseline_plus_shuffled_hidden,5,shuffled_hidden_28,0.004819897864093521,464.1588833612773
late_pre_response,log_RT_ms,baseline_plus_shuffled_hidden,5,shuffled_hidden_29,0.00017881734520957182,464.1588833612773
late_pre_response,log_RT_ms,baseline_plus_shuffled_hidden,5,shuffled_hidden_30,0.0056364441771442585,464.1588833612773
late_pre_response,log_RT_ms,baseline_plus_shuffled_hidden,5,shuffled_hidden_31,0.0026708863382598654,464.1588833612773
late_pre_response,RT_ms,hidden,1,hidden_00,57.10322952270508,46.41588833612773
late_pre_response,RT_ms,hidden,1,hidden_01,-12.764925956726074,46.41588833612773
late_pre_response,RT_ms,hidden,1,hidden_02,-23.730518341064453,46.41588833612773
late_pre_response,RT_ms,hidden,1,hidden_03,46.74588394165039,46.41588833612773
late_pre_response,RT_ms,hidden,1,hidden_04,-0.03672624006867409,46.41588833612773
late_pre_response,RT_ms,hidden,1,hidden_05,-0.4066227078437805,46.41588833612773
late_pre_response,RT_ms,hidden,1,hidden_06,-9.345076560974121,46.41588833612773
late_pre_response,RT_ms,hidden,1,hidden_07,46.289554595947266,46.41588833612773
late_pre_response,RT_ms,hidden,1,hidden_08,0.3004073202610016,46.41588833612773
late_pre_response,RT_ms,hidden,1,hidden_09,3.3867475986480713,46.41588833612773
late_pre_response,RT_ms,hidden,1,hidden_10,-6.985309600830078,46.41588833612773
late_pre_response,RT_ms,hidden,1,hidden_11,-46.00044250488281,46.41588833612773
late_pre_response,RT_ms,hidden,1,hidden_12,25.476558685302734,46.41588833612773
late_pre_response,RT_ms,hidden,1,hidden_13,58.31331253051758,46.41588833612773
late_pre_response,RT_ms,hidden,1,hidden_14,-18.553064346313477,46.41588833612773
late_pre_response,RT_ms,hidden,1,hidden_15,1.6047840118408203,46.41588833612773
late_pre_response,RT_ms,hidden,1,hidden_16,-4.79370641708374,46.41588833612773
late_pre_response,RT_ms,hidden,1,hidden_17,26.93564224243164,46.41588833612773
late_pre_response,RT_ms,hidden,1,hidden_18,42.409019470214844,46.41588833612773
late_pre_response,RT_ms,hidden,1,hidden_19,3.296668767929077,46.41588833612773
late_pre_response,RT_ms,hidden,1,hidden_20,31.405719757080078,46.41588833612773
late_pre_response,RT_ms,hidden,1,hidden_21,-7.26486873626709,46.41588833612773
late_pre_response,RT_ms,hidden,1,hidden_22,2.373265027999878,46.41588833612773
late_pre_response,RT_ms,hidden,1,hidden_23,6.192389011383057,46.41588833612773
late_pre_response,RT_ms,hidden,1,hidden_24,10.42945384979248,46.41588833612773
late_pre_response,RT_ms,hidden,1,hidden_25,14.41338062286377,46.41588833612773
late_pre_response,RT_ms,hidden,1,hidden_26,45.91374969482422,46.41588833612773
late_pre_response,RT_ms,hidden,1,hidden_27,-25.665042877197266,46.41588833612773
late_pre_response,RT_ms,hidden,1,hidden_28,16.91817855834961,46.41588833612773
late_pre_response,RT_ms,hidden,1,hidden_29,3.894488573074341,46.41588833612773
late_pre_response,RT_ms,hidden,1,hidden_30,-36.02279281616211,46.41588833612773
late_pre_response,RT_ms,hidden,1,hidden_31,-12.861027717590332,46.41588833612773
late_pre_response,RT_ms,hidden,2,hidden_00,52.34402084350586,46.41588833612773
late_pre_response,RT_ms,hidden,2,hidden_01,-5.592277526855469,46.41588833612773
late_pre_response,RT_ms,hidden,2,hidden_02,-19.87464714050293,46.41588833612773
late_pre_response,RT_ms,hidden,2,hidden_03,64.43797302246094,46.41588833612773
late_pre_response,RT_ms,hidden,2,hidden_04,-16.634382247924805,46.41588833612773
late_pre_response,RT_ms,hidden,2,hidden_05,-11.556269645690918,46.41588833612773
late_pre_response,RT_ms,hidden,2,hidden_06,6.024750232696533,46.41588833612773
late_pre_response,RT_ms,hidden,2,hidden_07,38.38273620605469,46.41588833612773
late_pre_response,RT_ms,hidden,2,hidden_08,-3.0621697902679443,46.41588833612773
late_pre_response,RT_ms,hidden,2,hidden_09,-2.0130906105041504,46.41588833612773
late_pre_response,RT_ms,hidden,2,hidden_10,-9.466136932373047,46.41588833612773
late_pre_response,RT_ms,hidden,2,hidden_11,-48.058406829833984,46.41588833612773
late_pre_response,RT_ms,hidden,2,hidden_12,20.7283878326416,46.41588833612773
late_pre_response,RT_ms,hidden,2,hidden_13,72.25432586669922,46.41588833612773
late_pre_response,RT_ms,hidden,2,hidden_14,-10.521537780761719,46.41588833612773
late_pre_response,RT_ms,hidden,2,hidden_15,3.126708507537842,46.41588833612773
late_pre_response,RT_ms,hidden,2,hidden_16,-4.667782783508301,46.41588833612773
late_pre_response,RT_ms,hidden,2,hidden_17,25.112689971923828,46.41588833612773
late_pre_response,RT_ms,hidden,2,hidden_18,32.128440856933594,46.41588833612773
late_pre_response,RT_ms,hidden,2,hidden_19,7.500884532928467,46.41588833612773
late_pre_response,RT_ms,hidden,2,hidden_20,20.009082794189453,46.41588833612773
late_pre_response,RT_ms,hidden,2,hidden_21,-14.129363059997559,46.41588833612773
late_pre_response,RT_ms,hidden,2,hidden_22,12.115609169006348,46.41588833612773
late_pre_response,RT_ms,hidden,2,hidden_23,0.575630784034729,46.41588833612773
late_pre_response,RT_ms,hidden,2,hidden_24,9.223841667175293,46.41588833612773
late_pre_response,RT_ms,hidden,2,hidden_25,5.088562965393066,46.41588833612773
late_pre_response,RT_ms,hidden,2,hidden_26,39.89793395996094,46.41588833612773
late_pre_response,RT_ms,hidden,2,hidden_27,-16.56584358215332,46.41588833612773
late_pre_response,RT_ms,hidden,2,hidden_28,6.574041366577148,46.41588833612773
late_pre_response,RT_ms,hidden,2,hidden_29,1.1831742525100708,46.41588833612773
late_pre_response,RT_ms,hidden,2,hidden_30,-32.421363830566406,46.41588833612773
late_pre_response,RT_ms,hidden,2,hidden_31,-4.292719841003418,46.41588833612773
late_pre_response,RT_ms,hidden,3,hidden_00,44.14019775390625,100.0
late_pre_response,RT_ms,hidden,3,hidden_01,-7.997859954833984,100.0
late_pre_response,RT_ms,hidden,3,hidden_02,-12.38363265991211,100.0
late_pre_response,RT_ms,hidden,3,hidden_03,39.139869689941406,100.0
late_pre_response,RT_ms,hidden,3,hidden_04,6.010280609130859,100.0
late_pre_response,RT_ms,hidden,3,hidden_05,-3.588230848312378,100.0
late_pre_response,RT_ms,hidden,3,hidden_06,-1.0281435251235962,100.0
late_pre_response,RT_ms,hidden,3,hidden_07,37.04497528076172,100.0
late_pre_response,RT_ms,hidden,3,hidden_08,-6.073323726654053,100.0
late_pre_response,RT_ms,hidden,3,hidden_09,6.884073257446289,100.0
late_pre_response,RT_ms,hidden,3,hidden_10,-3.902867555618286,100.0
late_pre_response,RT_ms,hidden,3,hidden_11,-25.287504196166992,100.0
late_pre_response,RT_ms,hidden,3,hidden_12,21.299911499023438,100.0
late_pre_response,RT_ms,hidden,3,hidden_13,50.74620056152344,100.0
late_pre_response,RT_ms,hidden,3,hidden_14,-15.591941833496094,100.0
late_pre_response,RT_ms,hidden,3,hidden_15,7.528404235839844,100.0
late_pre_response,RT_ms,hidden,3,hidden_16,-2.9422121047973633,100.0
late_pre_response,RT_ms,hidden,3,hidden_17,11.659370422363281,100.0
late_pre_response,RT_ms,hidden,3,hidden_18,29.7437744140625,100.0
late_pre_response,RT_ms,hidden,3,hidden_19,11.817870140075684,100.0
late_pre_response,RT_ms,hidden,3,hidden_20,23.597970962524414,100.0
late_pre_response,RT_ms,hidden,3,hidden_21,4.406563758850098,100.0
late_pre_response,RT_ms,hidden,3,hidden_22,10.466012954711914,100.0
late_pre_response,RT_ms,hidden,3,hidden_23,7.065990924835205,100.0
late_pre_response,RT_ms,hidden,3,hidden_24,-1.4771525859832764,100.0
late_pre_response,RT_ms,hidden,3,hidden_25,3.840496778488159,100.0
late_pre_response,RT_ms,hidden,3,hidden_26,26.591039657592773,100.0
late_pre_response,RT_ms,hidden,3,hidden_27,-14.343854904174805,100.0
late_pre_response,RT_ms,hidden,3,hidden_28,1.0310028791427612,100.0
late_pre_response,RT_ms,hidden,3,hidden_29,-4.816690444946289,100.0
late_pre_response,RT_ms,hidden,3,hidden_30,-23.64903450012207,100.0
late_pre_response,RT_ms,hidden,3,hidden_31,-12.81608772277832,100.0
late_pre_response,RT_ms,hidden,4,hidden_00,60.479087829589844,46.41588833612773
late_pre_response,RT_ms,hidden,4,hidden_01,-6.415359973907471,46.41588833612773
late_pre_response,RT_ms,hidden,4,hidden_02,-15.30423355102539,46.41588833612773
late_pre_response,RT_ms,hidden,4,hidden_03,53.42892074584961,46.41588833612773
late_pre_response,RT_ms,hidden,4,hidden_04,-5.489996910095215,46.41588833612773
late_pre_response,RT_ms,hidden,4,hidden_05,-6.761228561401367,46.41588833612773
late_pre_response,RT_ms,hidden,4,hidden_06,-11.752954483032227,46.41588833612773
late_pre_response,RT_ms,hidden,4,hidden_07,47.18321990966797,46.41588833612773
late_pre_response,RT_ms,hidden,4,hidden_08,-8.519499778747559,46.41588833612773
late_pre_response,RT_ms,hidden,4,hidden_09,2.452317476272583,46.41588833612773
late_pre_response,RT_ms,hidden,4,hidden_10,-12.770084381103516,46.41588833612773
late_pre_response,RT_ms,hidden,4,hidden_11,-37.93333435058594,46.41588833612773
late_pre_response,RT_ms,hidden,4,hidden_12,24.26641273498535,46.41588833612773
late_pre_response,RT_ms,hidden,4,hidden_13,65.946533203125,46.41588833612773
late_pre_response,RT_ms,hidden,4,hidden_14,-13.44168758392334,46.41588833612773
late_pre_response,RT_ms,hidden,4,hidden_15,4.395817756652832,46.41588833612773
late_pre_response,RT_ms,hidden,4,hidden_16,-4.049824237823486,46.41588833612773
late_pre_response,RT_ms,hidden,4,hidden_17,23.313867568969727,46.41588833612773
late_pre_response,RT_ms,hidden,4,hidden_18,36.59578323364258,46.41588833612773
late_pre_response,RT_ms,hidden,4,hidden_19,0.8670752048492432,46.41588833612773
late_pre_response,RT_ms,hidden,4,hidden_20,27.800195693969727,46.41588833612773
late_pre_response,RT_ms,hidden,4,hidden_21,-2.2566120624542236,46.41588833612773
late_pre_response,RT_ms,hidden,4,hidden_22,14.619552612304688,46.41588833612773
late_pre_response,RT_ms,hidden,4,hidden_23,11.031442642211914,46.41588833612773
late_pre_response,RT_ms,hidden,4,hidden_24,-2.9003937244415283,46.41588833612773
late_pre_response,RT_ms,hidden,4,hidden_25,12.533292770385742,46.41588833612773
late_pre_response,RT_ms,hidden,4,hidden_26,37.83254623413086,46.41588833612773
late_pre_response,RT_ms,hidden,4,hidden_27,-10.965986251831055,46.41588833612773
late_pre_response,RT_ms,hidden,4,hidden_28,11.125707626342773,46.41588833612773
late_pre_response,RT_ms,hidden,4,hidden_29,-5.85551643371582,46.41588833612773
late_pre_response,RT_ms,hidden,4,hidden_30,-37.23814010620117,46.41588833612773
late_pre_response,RT_ms,hidden,4,hidden_31,-16.08507537841797,46.41588833612773
late_pre_response,RT_ms,hidden,5,hidden_00,57.96249771118164,46.41588833612773
late_pre_response,RT_ms,hidden,5,hidden_01,-10.18057632446289,46.41588833612773
late_pre_response,RT_ms,hidden,5,hidden_02,-13.563559532165527,46.41588833612773
late_pre_response,RT_ms,hidden,5,hidden_03,50.01861572265625,46.41588833612773
late_pre_response,RT_ms,hidden,5,hidden_04,3.0126850605010986,46.41588833612773
late_pre_response,RT_ms,hidden,5,hidden_05,-2.8331284523010254,46.41588833612773
late_pre_response,RT_ms,hidden,5,hidden_06,-16.98225212097168,46.41588833612773
late_pre_response,RT_ms,hidden,5,hidden_07,46.22865295410156,46.41588833612773
late_pre_response,RT_ms,hidden,5,hidden_08,-1.5228166580200195,46.41588833612773
late_pre_response,RT_ms,hidden,5,hidden_09,7.722728252410889,46.41588833612773
late_pre_response,RT_ms,hidden,5,hidden_10,1.374746322631836,46.41588833612773
late_pre_response,RT_ms,hidden,5,hidden_11,-33.476280212402344,46.41588833612773
late_pre_response,RT_ms,hidden,5,hidden_12,26.897878646850586,46.41588833612773
late_pre_response,RT_ms,hidden,5,hidden_13,61.68357849121094,46.41588833612773
late_pre_response,RT_ms,hidden,5,hidden_14,-15.172607421875,46.41588833612773
late_pre_response,RT_ms,hidden,5,hidden_15,2.607689142227173,46.41588833612773
late_pre_response,RT_ms,hidden,5,hidden_16,-2.6102139949798584,46.41588833612773
late_pre_response,RT_ms,hidden,5,hidden_17,15.689390182495117,46.41588833612773
late_pre_response,RT_ms,hidden,5,hidden_18,30.393653869628906,46.41588833612773
late_pre_response,RT_ms,hidden,5,hidden_19,4.537776947021484,46.41588833612773
late_pre_response,RT_ms,hidden,5,hidden_20,26.300935745239258,46.41588833612773
late_pre_response,RT_ms,hidden,5,hidden_21,-10.123021125793457,46.41588833612773
late_pre_response,RT_ms,hidden,5,hidden_22,-4.8354926109313965,46.41588833612773
late_pre_response,RT_ms,hidden,5,hidden_23,18.977828979492188,46.41588833612773
late_pre_response,RT_ms,hidden,5,hidden_24,1.0909277200698853,46.41588833612773
late_pre_response,RT_ms,hidden,5,hidden_25,9.953532218933105,46.41588833612773
late_pre_response,RT_ms,hidden,5,hidden_26,44.561500549316406,46.41588833612773
late_pre_response,RT_ms,hidden,5,hidden_27,-25.876237869262695,46.41588833612773
late_pre_response,RT_ms,hidden,5,hidden_28,6.88400411605835,46.41588833612773
late_pre_response,RT_ms,hidden,5,hidden_29,3.213777542114258,46.41588833612773
late_pre_response,RT_ms,hidden,5,hidden_30,-22.76673126220703,46.41588833612773
late_pre_response,RT_ms,hidden,5,hidden_31,-8.528014183044434,46.41588833612773
late_pre_response,RT_ms,baseline_plus_hidden,1,hidden_00,44.87678323148342,46.41588833612773
late_pre_response,RT_ms,baseline_plus_hidden,1,hidden_01,-34.58535646247561,46.41588833612773
late_pre_response,RT_ms,baseline_plus_hidden,1,hidden_02,-11.587107017085224,46.41588833612773
late_pre_response,RT_ms,baseline_plus_hidden,1,hidden_03,27.246972549565523,46.41588833612773
late_pre_response,RT_ms,baseline_plus_hidden,1,hidden_04,-3.661521014166714,46.41588833612773
late_pre_response,RT_ms,baseline_plus_hidden,1,hidden_05,-0.7582736867708219,46.41588833612773
late_pre_response,RT_ms,baseline_plus_hidden,1,hidden_06,-2.724483160088901,46.41588833612773
late_pre_response,RT_ms,baseline_plus_hidden,1,hidden_07,31.6412220680583,46.41588833612773
late_pre_response,RT_ms,baseline_plus_hidden,1,hidden_08,-4.585921428977231,46.41588833612773
late_pre_response,RT_ms,baseline_plus_hidden,1,hidden_09,-6.367752265905571,46.41588833612773
late_pre_response,RT_ms,baseline_plus_hidden,1,hidden_10,-10.607410495388375,46.41588833612773
late_pre_response,RT_ms,baseline_plus_hidden,1,hidden_11,-31.10536117114381,46.41588833612773
late_pre_response,RT_ms,baseline_plus_hidden,1,hidden_12,17.694189229415212,46.41588833612773
late_pre_response,RT_ms,baseline_plus_hidden,1,hidden_13,43.81395329167418,46.41588833612773
late_pre_response,RT_ms,baseline_plus_hidden,1,hidden_14,-19.168185176618714,46.41588833612773
late_pre_response,RT_ms,baseline_plus_hidden,1,hidden_15,-1.8687699843521455,46.41588833612773
late_pre_response,RT_ms,baseline_plus_hidden,1,hidden_16,4.117138096610571,46.41588833612773
late_pre_response,RT_ms,baseline_plus_hidden,1,hidden_17,13.863146463131908,46.41588833612773
late_pre_response,RT_ms,baseline_plus_hidden,1,hidden_18,24.641092024490703,46.41588833612773
late_pre_response,RT_ms,baseline_plus_hidden,1,hidden_19,1.615538862571994,46.41588833612773
late_pre_response,RT_ms,baseline_plus_hidden,1,hidden_20,16.452340600949046,46.41588833612773
late_pre_response,RT_ms,baseline_plus_hidden,1,hidden_21,-2.6396038057804185,46.41588833612773
late_pre_response,RT_ms,baseline_plus_hidden,1,hidden_22,10.629329820689774,46.41588833612773
late_pre_response,RT_ms,baseline_plus_hidden,1,hidden_23,0.7186851548719763,46.41588833612773
late_pre_response,RT_ms,baseline_plus_hidden,1,hidden_24,5.086330888214163,46.41588833612773
late_pre_response,RT_ms,baseline_plus_hidden,1,hidden_25,16.75300074646605,46.41588833612773
late_pre_response,RT_ms,baseline_plus_hidden,1,hidden_26,26.783155072124792,46.41588833612773
late_pre_response,RT_ms,baseline_plus_hidden,1,hidden_27,-27.761696840809154,46.41588833612773
late_pre_response,RT_ms,baseline_plus_hidden,1,hidden_28,11.907998371496522,46.41588833612773
late_pre_response,RT_ms,baseline_plus_hidden,1,hidden_29,4.189621008185386,46.41588833612773
late_pre_response,RT_ms,baseline_plus_hidden,1,hidden_30,-14.643287187097494,46.41588833612773
late_pre_response,RT_ms,baseline_plus_hidden,1,hidden_31,-8.121820532776782,46.41588833612773
late_pre_response,RT_ms,baseline_plus_hidden,2,hidden_00,39.492498568289115,46.41588833612773
late_pre_response,RT_ms,baseline_plus_hidden,2,hidden_01,-22.566558114710265,46.41588833612773
late_pre_response,RT_ms,baseline_plus_hidden,2,hidden_02,-8.363657437078096,46.41588833612773
late_pre_response,RT_ms,baseline_plus_hidden,2,hidden_03,37.27775784910351,46.41588833612773
late_pre_response,RT_ms,baseline_plus_hidden,2,hidden_04,-10.052800017990155,46.41588833612773
late_pre_response,RT_ms,baseline_plus_hidden,2,hidden_05,-4.657637262420515,46.41588833612773
late_pre_response,RT_ms,baseline_plus_hidden,2,hidden_06,9.828431589648623,46.41588833612773
late_pre_response,RT_ms,baseline_plus_hidden,2,hidden_07,26.20296062382902,46.41588833612773
late_pre_response,RT_ms,baseline_plus_hidden,2,hidden_08,-6.735236301069986,46.41588833612773
late_pre_response,RT_ms,baseline_plus_hidden,2,hidden_09,-12.615028513951772,46.41588833612773
late_pre_response,RT_ms,baseline_plus_hidden,2,hidden_10,-12.078713675811098,46.41588833612773
late_pre_response,RT_ms,baseline_plus_hidden,2,hidden_11,-28.94907157383012,46.41588833612773
late_pre_response,RT_ms,baseline_plus_hidden,2,hidden_12,13.341293398122458,46.41588833612773
late_pre_response,RT_ms,baseline_plus_hidden,2,hidden_13,48.078321793224454,46.41588833612773
late_pre_response,RT_ms,baseline_plus_hidden,2,hidden_14,-15.058134112750922,46.41588833612773
late_pre_response,RT_ms,baseline_plus_hidden,2,hidden_15,3.2816729227772767,46.41588833612773
late_pre_response,RT_ms,baseline_plus_hidden,2,hidden_16,2.6837118790297168,46.41588833612773
late_pre_response,RT_ms,baseline_plus_hidden,2,hidden_17,8.389247328282053,46.41588833612773
late_pre_response,RT_ms,baseline_plus_hidden,2,hidden_18,15.008985577062607,46.41588833612773
late_pre_response,RT_ms,baseline_plus_hidden,2,hidden_19,6.4581561018835,46.41588833612773
late_pre_response,RT_ms,baseline_plus_hidden,2,hidden_20,4.5368025896069515,46.41588833612773
late_pre_response,RT_ms,baseline_plus_hidden,2,hidden_21,-3.3403180898740024,46.41588833612773
late_pre_response,RT_ms,baseline_plus_hidden,2,hidden_22,8.982543542724386,46.41588833612773
late_pre_response,RT_ms,baseline_plus_hidden,2,hidden_23,-1.0143859961186172,46.41588833612773
late_pre_response,RT_ms,baseline_plus_hidden,2,hidden_24,0.26204393725978914,46.41588833612773
late_pre_response,RT_ms,baseline_plus_hidden,2,hidden_25,8.89143518898948,46.41588833612773
late_pre_response,RT_ms,baseline_plus_hidden,2,hidden_26,20.301154154029074,46.41588833612773
late_pre_response,RT_ms,baseline_plus_hidden,2,hidden_27,-17.40153348885043,46.41588833612773
late_pre_response,RT_ms,baseline_plus_hidden,2,hidden_28,3.9306232386725304,46.41588833612773
late_pre_response,RT_ms,baseline_plus_hidden,2,hidden_29,-0.7586408717562874,46.41588833612773
late_pre_response,RT_ms,baseline_plus_hidden,2,hidden_30,-9.64120778928522,46.41588833612773
late_pre_response,RT_ms,baseline_plus_hidden,2,hidden_31,-1.3213285457312463,46.41588833612773
late_pre_response,RT_ms,baseline_plus_hidden,3,hidden_00,35.00439068616262,100.0
late_pre_response,RT_ms,baseline_plus_hidden,3,hidden_01,-21.256053647833166,100.0
late_pre_response,RT_ms,baseline_plus_hidden,3,hidden_02,-2.591055857778962,100.0
late_pre_response,RT_ms,baseline_plus_hidden,3,hidden_03,23.178516562134583,100.0
late_pre_response,RT_ms,baseline_plus_hidden,3,hidden_04,2.832999059076241,100.0
late_pre_response,RT_ms,baseline_plus_hidden,3,hidden_05,-5.9341907558279035,100.0
late_pre_response,RT_ms,baseline_plus_hidden,3,hidden_06,-1.6248761442925352,100.0
late_pre_response,RT_ms,baseline_plus_hidden,3,hidden_07,20.659734815136503,100.0
late_pre_response,RT_ms,baseline_plus_hidden,3,hidden_08,-11.130120452125627,100.0
late_pre_response,RT_ms,baseline_plus_hidden,3,hidden_09,-0.6595261409289772,100.0
late_pre_response,RT_ms,baseline_plus_hidden,3,hidden_10,-5.212513245543718,100.0
late_pre_response,RT_ms,baseline_plus_hidden,3,hidden_11,-11.735586162443829,100.0
late_pre_response,RT_ms,baseline_plus_hidden,3,hidden_12,14.105595152790334,100.0
late_pre_response,RT_ms,baseline_plus_hidden,3,hidden_13,34.99917116834563,100.0
late_pre_response,RT_ms,baseline_plus_hidden,3,hidden_14,-16.57354307870529,100.0
late_pre_response,RT_ms,baseline_plus_hidden,3,hidden_15,7.423128124135021,100.0
late_pre_response,RT_ms,baseline_plus_hidden,3,hidden_16,3.039689302788118,100.0
late_pre_response,RT_ms,baseline_plus_hidden,3,hidden_17,3.398644249432609,100.0
late_pre_response,RT_ms,baseline_plus_hidden,3,hidden_18,16.790143278777567,100.0
late_pre_response,RT_ms,baseline_plus_hidden,3,hidden_19,8.311269020289958,100.0
late_pre_response,RT_ms,baseline_plus_hidden,3,hidden_20,9.439202142830512,100.0
late_pre_response,RT_ms,baseline_plus_hidden,3,hidden_21,3.1265864654524496,100.0
late_pre_response,RT_ms,baseline_plus_hidden,3,hidden_22,18.214869224166268,100.0
late_pre_response,RT_ms,baseline_plus_hidden,3,hidden_23,0.5686214197017035,100.0
late_pre_response,RT_ms,baseline_plus_hidden,3,hidden_24,-4.845041203631796,100.0
late_pre_response,RT_ms,baseline_plus_hidden,3,hidden_25,3.0221599866161157,100.0
late_pre_response,RT_ms,baseline_plus_hidden,3,hidden_26,13.566615369285946,100.0
late_pre_response,RT_ms,baseline_plus_hidden,3,hidden_27,-13.779862028077158,100.0
late_pre_response,RT_ms,baseline_plus_hidden,3,hidden_28,-1.8308669590540394,100.0
late_pre_response,RT_ms,baseline_plus_hidden,3,hidden_29,-2.4968342494773075,100.0
late_pre_response,RT_ms,baseline_plus_hidden,3,hidden_30,-11.558281962207285,100.0
late_pre_response,RT_ms,baseline_plus_hidden,3,hidden_31,-9.140992888087371,100.0
late_pre_response,RT_ms,baseline_plus_hidden,4,hidden_00,45.13155750353107,46.41588833612773
late_pre_response,RT_ms,baseline_plus_hidden,4,hidden_01,-23.25199905758304,46.41588833612773
late_pre_response,RT_ms,baseline_plus_hidden,4,hidden_02,-2.6244903482023236,46.41588833612773
late_pre_response,RT_ms,baseline_plus_hidden,4,hidden_03,29.34040424573309,46.41588833612773
late_pre_response,RT_ms,baseline_plus_hidden,4,hidden_04,-4.618262944047365,46.41588833612773
late_pre_response,RT_ms,baseline_plus_hidden,4,hidden_05,-7.454386204607932,46.41588833612773
late_pre_response,RT_ms,baseline_plus_hidden,4,hidden_06,0.4089054922170324,46.41588833612773
late_pre_response,RT_ms,baseline_plus_hidden,4,hidden_07,30.28053058751918,46.41588833612773
late_pre_response,RT_ms,baseline_plus_hidden,4,hidden_08,-16.01274142947512,46.41588833612773
late_pre_response,RT_ms,baseline_plus_hidden,4,hidden_09,-4.402561889683419,46.41588833612773
late_pre_response,RT_ms,baseline_plus_hidden,4,hidden_10,-15.140457113903418,46.41588833612773
late_pre_response,RT_ms,baseline_plus_hidden,4,hidden_11,-23.90955834519014,46.41588833612773
late_pre_response,RT_ms,baseline_plus_hidden,4,hidden_12,16.886587257560077,46.41588833612773
late_pre_response,RT_ms,baseline_plus_hidden,4,hidden_13,51.999293812537005,46.41588833612773
late_pre_response,RT_ms,baseline_plus_hidden,4,hidden_14,-20.873376475462,46.41588833612773
late_pre_response,RT_ms,baseline_plus_hidden,4,hidden_15,2.064910975836501,46.41588833612773
late_pre_response,RT_ms,baseline_plus_hidden,4,hidden_16,-0.8861551981527714,46.41588833612773
late_pre_response,RT_ms,baseline_plus_hidden,4,hidden_17,12.834344332684347,46.41588833612773
late_pre_response,RT_ms,baseline_plus_hidden,4,hidden_18,17.994267038496258,46.41588833612773
late_pre_response,RT_ms,baseline_plus_hidden,4,hidden_19,-0.9727950639427485,46.41588833612773
late_pre_response,RT_ms,baseline_plus_hidden,4,hidden_20,16.529670763865496,46.41588833612773
late_pre_response,RT_ms,baseline_plus_hidden,4,hidden_21,0.3730298177318048,46.41588833612773
late_pre_response,RT_ms,baseline_plus_hidden,4,hidden_22,20.796443521082278,46.41588833612773
late_pre_response,RT_ms,baseline_plus_hidden,4,hidden_23,5.632011950360271,46.41588833612773
late_pre_response,RT_ms,baseline_plus_hidden,4,hidden_24,-5.935705864666675,46.41588833612773
late_pre_response,RT_ms,baseline_plus_hidden,4,hidden_25,16.895071055757306,46.41588833612773
late_pre_response,RT_ms,baseline_plus_hidden,4,hidden_26,22.63605013379671,46.41588833612773
late_pre_response,RT_ms,baseline_plus_hidden,4,hidden_27,-16.203962743206304,46.41588833612773
late_pre_response,RT_ms,baseline_plus_hidden,4,hidden_28,9.784575735865857,46.41588833612773
late_pre_response,RT_ms,baseline_plus_hidden,4,hidden_29,-7.813828375593083,46.41588833612773
late_pre_response,RT_ms,baseline_plus_hidden,4,hidden_30,-15.769381881585415,46.41588833612773
late_pre_response,RT_ms,baseline_plus_hidden,4,hidden_31,-12.022354715494414,46.41588833612773
late_pre_response,RT_ms,baseline_plus_hidden,5,hidden_00,73.04433541709206,0.046415888336127774
late_pre_response,RT_ms,baseline_plus_hidden,5,hidden_01,-42.308861796878716,0.046415888336127774
late_pre_response,RT_ms,baseline_plus_hidden,5,hidden_02,-32.69636459573254,0.046415888336127774
late_pre_response,RT_ms,baseline_plus_hidden,5,hidden_03,5.015398603874828,0.046415888336127774
late_pre_response,RT_ms,baseline_plus_hidden,5,hidden_04,43.787757689995594,0.046415888336127774
late_pre_response,RT_ms,baseline_plus_hidden,5,hidden_05,-1.1174241001454615,0.046415888336127774
late_pre_response,RT_ms,baseline_plus_hidden,5,hidden_06,24.617616137307927,0.046415888336127774
late_pre_response,RT_ms,baseline_plus_hidden,5,hidden_07,89.95144346014403,0.046415888336127774
late_pre_response,RT_ms,baseline_plus_hidden,5,hidden_08,-19.229113778599032,0.046415888336127774
late_pre_response,RT_ms,baseline_plus_hidden,5,hidden_09,-164.20760483304127,0.046415888336127774
late_pre_response,RT_ms,baseline_plus_hidden,5,hidden_10,-33.445332977969834,0.046415888336127774
late_pre_response,RT_ms,baseline_plus_hidden,5,hidden_11,-31.375660563225928,0.046415888336127774
late_pre_response,RT_ms,baseline_plus_hidden,5,hidden_12,20.929601936655224,0.046415888336127774
late_pre_response,RT_ms,baseline_plus_hidden,5,hidden_13,17.91911762375897,0.046415888336127774
late_pre_response,RT_ms,baseline_plus_hidden,5,hidden_14,-91.97551283305573,0.046415888336127774
late_pre_response,RT_ms,baseline_plus_hidden,5,hidden_15,0.9868525835482389,0.046415888336127774
late_pre_response,RT_ms,baseline_plus_hidden,5,hidden_16,4.8577498924326,0.046415888336127774
late_pre_response,RT_ms,baseline_plus_hidden,5,hidden_17,-1.7968932033263205,0.046415888336127774
late_pre_response,RT_ms,baseline_plus_hidden,5,hidden_18,27.375322119351065,0.046415888336127774
late_pre_response,RT_ms,baseline_plus_hidden,5,hidden_19,7.582426904422781,0.046415888336127774
late_pre_response,RT_ms,baseline_plus_hidden,5,hidden_20,11.474624040182368,0.046415888336127774
late_pre_response,RT_ms,baseline_plus_hidden,5,hidden_21,-36.48927660221001,0.046415888336127774
late_pre_response,RT_ms,baseline_plus_hidden,5,hidden_22,6.099821815295807,0.046415888336127774
late_pre_response,RT_ms,baseline_plus_hidden,5,hidden_23,29.747843406206236,0.046415888336127774
late_pre_response,RT_ms,baseline_plus_hidden,5,hidden_24,-3.0785594317796035,0.046415888336127774
late_pre_response,RT_ms,baseline_plus_hidden,5,hidden_25,19.047043654796564,0.046415888336127774
late_pre_response,RT_ms,baseline_plus_hidden,5,hidden_26,113.2700983254345,0.046415888336127774
late_pre_response,RT_ms,baseline_plus_hidden,5,hidden_27,-37.24347573836107,0.046415888336127774
late_pre_response,RT_ms,baseline_plus_hidden,5,hidden_28,2.3844700185655547,0.046415888336127774
late_pre_response,RT_ms,baseline_plus_hidden,5,hidden_29,-9.545423372920885,0.046415888336127774
late_pre_response,RT_ms,baseline_plus_hidden,5,hidden_30,9.529926124857255,0.046415888336127774
late_pre_response,RT_ms,baseline_plus_hidden,5,hidden_31,2.784501809816155,0.046415888336127774
late_pre_response,RT_ms,baseline_plus_shuffled_hidden,1,shuffled_hidden_00,-14.17114830362518,100.0
late_pre_response,RT_ms,baseline_plus_shuffled_hidden,1,shuffled_hidden_01,1.9679944965926444,100.0
late_pre_response,RT_ms,baseline_plus_shuffled_hidden,1,shuffled_hidden_02,4.527785733910234,100.0
late_pre_response,RT_ms,baseline_plus_shuffled_hidden,1,shuffled_hidden_03,18.04437170303578,100.0
late_pre_response,RT_ms,baseline_plus_shuffled_hidden,1,shuffled_hidden_04,1.2266569197381476,100.0
late_pre_response,RT_ms,baseline_plus_shuffled_hidden,1,shuffled_hidden_05,-0.468039583677915,100.0
late_pre_response,RT_ms,baseline_plus_shuffled_hidden,1,shuffled_hidden_06,18.10458712978544,100.0
late_pre_response,RT_ms,baseline_plus_shuffled_hidden,1,shuffled_hidden_07,-7.955931145137141,100.0
late_pre_response,RT_ms,baseline_plus_shuffled_hidden,1,shuffled_hidden_08,0.017155652728082203,100.0
late_pre_response,RT_ms,baseline_plus_shuffled_hidden,1,shuffled_hidden_09,-4.376620403497654,100.0
late_pre_response,RT_ms,baseline_plus_shuffled_hidden,1,shuffled_hidden_10,0.39119892767885045,100.0
late_pre_response,RT_ms,baseline_plus_shuffled_hidden,1,shuffled_hidden_11,-7.0529077393685835,100.0
late_pre_response,RT_ms,baseline_plus_shuffled_hidden,1,shuffled_hidden_12,-2.5219540110068412,100.0
late_pre_response,RT_ms,baseline_plus_shuffled_hidden,1,shuffled_hidden_13,-2.5319670952184117,100.0
late_pre_response,RT_ms,baseline_plus_shuffled_hidden,1,shuffled_hidden_14,-0.23193289775096307,100.0
late_pre_response,RT_ms,baseline_plus_shuffled_hidden,1,shuffled_hidden_15,6.908749885937564,100.0
late_pre_response,RT_ms,baseline_plus_shuffled_hidden,1,shuffled_hidden_16,10.228218018910997,100.0
late_pre_response,RT_ms,baseline_plus_shuffled_hidden,1,shuffled_hidden_17,4.226194246298716,100.0
late_pre_response,RT_ms,baseline_plus_shuffled_hidden,1,shuffled_hidden_18,-5.226786494784911,100.0
late_pre_response,RT_ms,baseline_plus_shuffled_hidden,1,shuffled_hidden_19,8.274874249834388,100.0
late_pre_response,RT_ms,baseline_plus_shuffled_hidden,1,shuffled_hidden_20,1.9659201953657706,100.0
late_pre_response,RT_ms,baseline_plus_shuffled_hidden,1,shuffled_hidden_21,5.438359743747463,100.0
late_pre_response,RT_ms,baseline_plus_shuffled_hidden,1,shuffled_hidden_22,9.527244840823881,100.0
late_pre_response,RT_ms,baseline_plus_shuffled_hidden,1,shuffled_hidden_23,4.781326238682427,100.0
late_pre_response,RT_ms,baseline_plus_shuffled_hidden,1,shuffled_hidden_24,4.815272081105878,100.0
late_pre_response,RT_ms,baseline_plus_shuffled_hidden,1,shuffled_hidden_25,0.1735448205419511,100.0
late_pre_response,RT_ms,baseline_plus_shuffled_hidden,1,shuffled_hidden_26,-10.296000832880704,100.0
late_pre_response,RT_ms,baseline_plus_shuffled_hidden,1,shuffled_hidden_27,-0.46079109473950197,100.0
late_pre_response,RT_ms,baseline_plus_shuffled_hidden,1,shuffled_hidden_28,-3.6411577670679134,100.0
late_pre_response,RT_ms,baseline_plus_shuffled_hidden,1,shuffled_hidden_29,-14.073342852105473,100.0
late_pre_response,RT_ms,baseline_plus_shuffled_hidden,1,shuffled_hidden_30,9.070927677485855,100.0
late_pre_response,RT_ms,baseline_plus_shuffled_hidden,1,shuffled_hidden_31,4.152273677530907,100.0
late_pre_response,RT_ms,baseline_plus_shuffled_hidden,2,shuffled_hidden_00,-11.629755955794066,100.0
late_pre_response,RT_ms,baseline_plus_shuffled_hidden,2,shuffled_hidden_01,-4.529118139763306,100.0
late_pre_response,RT_ms,baseline_plus_shuffled_hidden,2,shuffled_hidden_02,0.9546326434266261,100.0
late_pre_response,RT_ms,baseline_plus_shuffled_hidden,2,shuffled_hidden_03,10.75648059323836,100.0
late_pre_response,RT_ms,baseline_plus_shuffled_hidden,2,shuffled_hidden_04,-2.026604164637602,100.0
late_pre_response,RT_ms,baseline_plus_shuffled_hidden,2,shuffled_hidden_05,1.1458530844864936,100.0
late_pre_response,RT_ms,baseline_plus_shuffled_hidden,2,shuffled_hidden_06,6.178275391781624,100.0
late_pre_response,RT_ms,baseline_plus_shuffled_hidden,2,shuffled_hidden_07,-12.298523161835462,100.0
late_pre_response,RT_ms,baseline_plus_shuffled_hidden,2,shuffled_hidden_08,-3.245768350865175,100.0
late_pre_response,RT_ms,baseline_plus_shuffled_hidden,2,shuffled_hidden_09,-1.819153572866743,100.0
late_pre_response,RT_ms,baseline_plus_shuffled_hidden,2,shuffled_hidden_10,9.207259686023079,100.0
late_pre_response,RT_ms,baseline_plus_shuffled_hidden,2,shuffled_hidden_11,-0.6323154074674326,100.0
late_pre_response,RT_ms,baseline_plus_shuffled_hidden,2,shuffled_hidden_12,-0.797295037009223,100.0
late_pre_response,RT_ms,baseline_plus_shuffled_hidden,2,shuffled_hidden_13,-0.26200251632997323,100.0
late_pre_response,RT_ms,baseline_plus_shuffled_hidden,2,shuffled_hidden_14,2.6076558060421804,100.0
late_pre_response,RT_ms,baseline_plus_shuffled_hidden,2,shuffled_hidden_15,1.390797365849175,100.0
late_pre_response,RT_ms,baseline_plus_shuffled_hidden,2,shuffled_hidden_16,8.373576620382817,100.0
late_pre_response,RT_ms,baseline_plus_shuffled_hidden,2,shuffled_hidden_17,2.580192039644208,100.0
late_pre_response,RT_ms,baseline_plus_shuffled_hidden,2,shuffled_hidden_18,0.5486015236946842,100.0
late_pre_response,RT_ms,baseline_plus_shuffled_hidden,2,shuffled_hidden_19,9.105418572412889,100.0
late_pre_response,RT_ms,baseline_plus_shuffled_hidden,2,shuffled_hidden_20,-6.2565991800095,100.0
late_pre_response,RT_ms,baseline_plus_shuffled_hidden,2,shuffled_hidden_21,-2.388584038877805,100.0
late_pre_response,RT_ms,baseline_plus_shuffled_hidden,2,shuffled_hidden_22,8.855108108038097,100.0
late_pre_response,RT_ms,baseline_plus_shuffled_hidden,2,shuffled_hidden_23,-7.955744629392286,100.0
late_pre_response,RT_ms,baseline_plus_shuffled_hidden,2,shuffled_hidden_24,10.231244717142845,100.0
late_pre_response,RT_ms,baseline_plus_shuffled_hidden,2,shuffled_hidden_25,-3.337485672246973,100.0
late_pre_response,RT_ms,baseline_plus_shuffled_hidden,2,shuffled_hidden_26,-8.903305938167158,100.0
late_pre_response,RT_ms,baseline_plus_shuffled_hidden,2,shuffled_hidden_27,-3.4549994639039396,100.0
late_pre_response,RT_ms,baseline_plus_shuffled_hidden,2,shuffled_hidden_28,0.7316882591158865,100.0
late_pre_response,RT_ms,baseline_plus_shuffled_hidden,2,shuffled_hidden_29,2.1405679327513614,100.0
late_pre_response,RT_ms,baseline_plus_shuffled_hidden,2,shuffled_hidden_30,9.424268616262221,100.0
late_pre_response,RT_ms,baseline_plus_shuffled_hidden,2,shuffled_hidden_31,10.01401022750282,100.0
late_pre_response,RT_ms,baseline_plus_shuffled_hidden,3,shuffled_hidden_00,-1.0260351000014027,1000.0
late_pre_response,RT_ms,baseline_plus_shuffled_hidden,3,shuffled_hidden_01,-2.7487000311632435,1000.0
late_pre_response,RT_ms,baseline_plus_shuffled_hidden,3,shuffled_hidden_02,-0.8126822048898409,1000.0
late_pre_response,RT_ms,baseline_plus_shuffled_hidden,3,shuffled_hidden_03,3.4154396097720414,1000.0
late_pre_response,RT_ms,baseline_plus_shuffled_hidden,3,shuffled_hidden_04,0.572192916557458,1000.0
late_pre_response,RT_ms,baseline_plus_shuffled_hidden,3,shuffled_hidden_05,1.7645522507145668,1000.0
late_pre_response,RT_ms,baseline_plus_shuffled_hidden,3,shuffled_hidden_06,1.83790366026352,1000.0
late_pre_response,RT_ms,baseline_plus_shuffled_hidden,3,shuffled_hidden_07,-2.7190289198991815,1000.0
late_pre_response,RT_ms,baseline_plus_shuffled_hidden,3,shuffled_hidden_08,1.9515174436096019,1000.0
late_pre_response,RT_ms,baseline_plus_shuffled_hidden,3,shuffled_hidden_09,0.19465107236540505,1000.0
late_pre_response,RT_ms,baseline_plus_shuffled_hidden,3,shuffled_hidden_10,-1.9401904539876371,1000.0
late_pre_response,RT_ms,baseline_plus_shuffled_hidden,3,shuffled_hidden_11,-1.6505799056572412,1000.0
late_pre_response,RT_ms,baseline_plus_shuffled_hidden,3,shuffled_hidden_12,-0.29260789526503106,1000.0
late_pre_response,RT_ms,baseline_plus_shuffled_hidden,3,shuffled_hidden_13,-3.3910729439600513,1000.0
late_pre_response,RT_ms,baseline_plus_shuffled_hidden,3,shuffled_hidden_14,0.701685607478693,1000.0
late_pre_response,RT_ms,baseline_plus_shuffled_hidden,3,shuffled_hidden_15,5.0698343247238045,1000.0
late_pre_response,RT_ms,baseline_plus_shuffled_hidden,3,shuffled_hidden_16,4.455605869469581,1000.0
late_pre_response,RT_ms,baseline_plus_shuffled_hidden,3,shuffled_hidden_17,1.4957202366273816,1000.0
late_pre_response,RT_ms,baseline_plus_shuffled_hidden,3,shuffled_hidden_18,-1.3639048648852161,1000.0
late_pre_response,RT_ms,baseline_plus_shuffled_hidden,3,shuffled_hidden_19,4.2734871745500635,1000.0
late_pre_response,RT_ms,baseline_plus_shuffled_hidden,3,shuffled_hidden_20,-0.18452595308846062,1000.0
late_pre_response,RT_ms,baseline_plus_shuffled_hidden,3,shuffled_hidden_21,-3.1593915364199803,1000.0
late_pre_response,RT_ms,baseline_plus_shuffled_hidden,3,shuffled_hidden_22,2.823986659696817,1000.0
late_pre_response,RT_ms,baseline_plus_shuffled_hidden,3,shuffled_hidden_23,-0.24228060958071013,1000.0
late_pre_response,RT_ms,baseline_plus_shuffled_hidden,3,shuffled_hidden_24,0.21826605691714882,1000.0
late_pre_response,RT_ms,baseline_plus_shuffled_hidden,3,shuffled_hidden_25,1.4470498534623728,1000.0
late_pre_response,RT_ms,baseline_plus_shuffled_hidden,3,shuffled_hidden_26,-3.2180060756988027,1000.0
late_pre_response,RT_ms,baseline_plus_shuffled_hidden,3,shuffled_hidden_27,3.089321897573739,1000.0
late_pre_response,RT_ms,baseline_plus_shuffled_hidden,3,shuffled_hidden_28,3.1849755712703143,1000.0
late_pre_response,RT_ms,baseline_plus_shuffled_hidden,3,shuffled_hidden_29,0.11604525527692199,1000.0
late_pre_response,RT_ms,baseline_plus_shuffled_hidden,3,shuffled_hidden_30,2.781989436889156,1000.0
late_pre_response,RT_ms,baseline_plus_shuffled_hidden,3,shuffled_hidden_31,0.9860238794687965,1000.0
late_pre_response,RT_ms,baseline_plus_shuffled_hidden,4,shuffled_hidden_00,-6.7732854896360015,215.44346900318823
late_pre_response,RT_ms,baseline_plus_shuffled_hidden,4,shuffled_hidden_01,-4.0645220784138205,215.44346900318823
late_pre_response,RT_ms,baseline_plus_shuffled_hidden,4,shuffled_hidden_02,-2.774134285064009,215.44346900318823
late_pre_response,RT_ms,baseline_plus_shuffled_hidden,4,shuffled_hidden_03,12.096794257104559,215.44346900318823
late_pre_response,RT_ms,baseline_plus_shuffled_hidden,4,shuffled_hidden_04,2.331543317316274,215.44346900318823
late_pre_response,RT_ms,baseline_plus_shuffled_hidden,4,shuffled_hidden_05,5.4738117187196265,215.44346900318823
late_pre_response,RT_ms,baseline_plus_shuffled_hidden,4,shuffled_hidden_06,6.164551855429662,215.44346900318823
late_pre_response,RT_ms,baseline_plus_shuffled_hidden,4,shuffled_hidden_07,-2.3995482722193398,215.44346900318823
late_pre_response,RT_ms,baseline_plus_shuffled_hidden,4,shuffled_hidden_08,6.834294381339658,215.44346900318823
late_pre_response,RT_ms,baseline_plus_shuffled_hidden,4,shuffled_hidden_09,-1.2039011231160803,215.44346900318823
late_pre_response,RT_ms,baseline_plus_shuffled_hidden,4,shuffled_hidden_10,-1.0641385654969344,215.44346900318823
late_pre_response,RT_ms,baseline_plus_shuffled_hidden,4,shuffled_hidden_11,-3.9666497719870297,215.44346900318823
late_pre_response,RT_ms,baseline_plus_shuffled_hidden,4,shuffled_hidden_12,-0.8435405125223315,215.44346900318823
late_pre_response,RT_ms,baseline_plus_shuffled_hidden,4,shuffled_hidden_13,-4.053092106910873,215.44346900318823
late_pre_response,RT_ms,baseline_plus_shuffled_hidden,4,shuffled_hidden_14,1.46525910388744,215.44346900318823
late_pre_response,RT_ms,baseline_plus_shuffled_hidden,4,shuffled_hidden_15,4.897639453984087,215.44346900318823
late_pre_response,RT_ms,baseline_plus_shuffled_hidden,4,shuffled_hidden_16,6.402730302540622,215.44346900318823
late_pre_response,RT_ms,baseline_plus_shuffled_hidden,4,shuffled_hidden_17,-0.6809421426557917,215.44346900318823
late_pre_response,RT_ms,baseline_plus_shuffled_hidden,4,shuffled_hidden_18,4.28042828701706,215.44346900318823
late_pre_response,RT_ms,baseline_plus_shuffled_hidden,4,shuffled_hidden_19,9.180363885669351,215.44346900318823
late_pre_response,RT_ms,baseline_plus_shuffled_hidden,4,shuffled_hidden_20,-2.202615169282196,215.44346900318823
late_pre_response,RT_ms,baseline_plus_shuffled_hidden,4,shuffled_hidden_21,-5.579338515380509,215.44346900318823
late_pre_response,RT_ms,baseline_plus_shuffled_hidden,4,shuffled_hidden_22,3.437958732606443,215.44346900318823
late_pre_response,RT_ms,baseline_plus_shuffled_hidden,4,shuffled_hidden_23,-6.490590764796923,215.44346900318823
late_pre_response,RT_ms,baseline_plus_shuffled_hidden,4,shuffled_hidden_24,7.758314349425605,215.44346900318823
late_pre_response,RT_ms,baseline_plus_shuffled_hidden,4,shuffled_hidden_25,-7.900497233194931,215.44346900318823
late_pre_response,RT_ms,baseline_plus_shuffled_hidden,4,shuffled_hidden_26,-8.678485684312317,215.44346900318823
late_pre_response,RT_ms,baseline_plus_shuffled_hidden,4,shuffled_hidden_27,1.4609782170507954,215.44346900318823
late_pre_response,RT_ms,baseline_plus_shuffled_hidden,4,shuffled_hidden_28,1.9739731153348603,215.44346900318823
late_pre_response,RT_ms,baseline_plus_shuffled_hidden,4,shuffled_hidden_29,-3.861783038381039,215.44346900318823
late_pre_response,RT_ms,baseline_plus_shuffled_hidden,4,shuffled_hidden_30,11.585732458663418,215.44346900318823
late_pre_response,RT_ms,baseline_plus_shuffled_hidden,4,shuffled_hidden_31,3.2172982567849027,215.44346900318823
late_pre_response,RT_ms,baseline_plus_shuffled_hidden,5,shuffled_hidden_00,-3.9002125224405413,464.1588833612773
late_pre_response,RT_ms,baseline_plus_shuffled_hidden,5,shuffled_hidden_01,1.0539154241560416,464.1588833612773
late_pre_response,RT_ms,baseline_plus_shuffled_hidden,5,shuffled_hidden_02,0.7353607187960461,464.1588833612773
late_pre_response,RT_ms,baseline_plus_shuffled_hidden,5,shuffled_hidden_03,2.466887252661685,464.1588833612773
late_pre_response,RT_ms,baseline_plus_shuffled_hidden,5,shuffled_hidden_04,-0.08672737333761917,464.1588833612773
late_pre_response,RT_ms,baseline_plus_shuffled_hidden,5,shuffled_hidden_05,0.6924943944902369,464.1588833612773
late_pre_response,RT_ms,baseline_plus_shuffled_hidden,5,shuffled_hidden_06,4.364876837882826,464.1588833612773
late_pre_response,RT_ms,baseline_plus_shuffled_hidden,5,shuffled_hidden_07,-0.23171727958425334,464.1588833612773
late_pre_response,RT_ms,baseline_plus_shuffled_hidden,5,shuffled_hidden_08,0.6137419708134215,464.1588833612773
late_pre_response,RT_ms,baseline_plus_shuffled_hidden,5,shuffled_hidden_09,-0.48345101926415757,464.1588833612773
late_pre_response,RT_ms,baseline_plus_shuffled_hidden,5,shuffled_hidden_10,0.16382691869556804,464.1588833612773
late_pre_response,RT_ms,baseline_plus_shuffled_hidden,5,shuffled_hidden_11,-0.9180037213040176,464.1588833612773
late_pre_response,RT_ms,baseline_plus_shuffled_hidden,5,shuffled_hidden_12,-4.317059439508383,464.1588833612773
late_pre_response,RT_ms,baseline_plus_shuffled_hidden,5,shuffled_hidden_13,-3.0499368162023837,464.1588833612773
late_pre_response,RT_ms,baseline_plus_shuffled_hidden,5,shuffled_hidden_14,0.9171758355877305,464.1588833612773
late_pre_response,RT_ms,baseline_plus_shuffled_hidden,5,shuffled_hidden_15,6.058899552416618,464.1588833612773
late_pre_response,RT_ms,baseline_plus_shuffled_hidden,5,shuffled_hidden_16,4.572596207974221,464.1588833612773
late_pre_response,RT_ms,baseline_plus_shuffled_hidden,5,shuffled_hidden_17,-2.6104522382887168,464.1588833612773
late_pre_response,RT_ms,baseline_plus_shuffled_hidden,5,shuffled_hidden_18,-0.045228586728432274,464.1588833612773
late_pre_response,RT_ms,baseline_plus_shuffled_hidden,5,shuffled_hidden_19,2.981881551838138,464.1588833612773
late_pre_response,RT_ms,baseline_plus_shuffled_hidden,5,shuffled_hidden_20,0.6037576565415569,464.1588833612773
late_pre_response,RT_ms,baseline_plus_shuffled_hidden,5,shuffled_hidden_21,-2.6953347056063994,464.1588833612773
late_pre_response,RT_ms,baseline_plus_shuffled_hidden,5,shuffled_hidden_22,4.539939910970929,464.1588833612773
late_pre_response,RT_ms,baseline_plus_shuffled_hidden,5,shuffled_hidden_23,-3.0944258476704523,464.1588833612773
late_pre_response,RT_ms,baseline_plus_shuffled_hidden,5,shuffled_hidden_24,1.2274935174617363,464.1588833612773
late_pre_response,RT_ms,baseline_plus_shuffled_hidden,5,shuffled_hidden_25,-2.028110549796321,464.1588833612773
late_pre_response,RT_ms,baseline_plus_shuffled_hidden,5,shuffled_hidden_26,-5.450706723829791,464.1588833612773
late_pre_response,RT_ms,baseline_plus_shuffled_hidden,5,shuffled_hidden_27,1.5635995579176856,464.1588833612773
late_pre_response,RT_ms,baseline_plus_shuffled_hidden,5,shuffled_hidden_28,4.049074778689226,464.1588833612773
late_pre_response,RT_ms,baseline_plus_shuffled_hidden,5,shuffled_hidden_29,-1.3425545858750338,464.1588833612773
late_pre_response,RT_ms,baseline_plus_shuffled_hidden,5,shuffled_hidden_30,5.274809921670556,464.1588833612773
late_pre_response,RT_ms,baseline_plus_shuffled_hidden,5,shuffled_hidden_31,1.0025625063882797,464.1588833612773
